{"type":"FeatureCollection","metadata":{"title":"Master Plan for Delhi 2047 -- ZONE BOUNDARY","agency":"Delhi Development Authority","service_url":"https://gis.dda.org.in/server/rest/services/Hosted/MASTER_PLAN_OF_DELHI_2047/FeatureServer/1","retrieved_at":"2026-09-29T08:07:54.049Z","stored_spatial_reference":"EPSG:32643 (WGS 1984 UTM Zone 43N)","delivered_spatial_reference":"EPSG:4326 (requested via outSR)","feature_count":18,"service_reported_count":18,"pagination":"ordered by objectid ASC, page size 150, objectid-deduplicated","plan_status":"MPD-2047 approved by DDA 2026-08-12 and notified by MoHUA as an extensive modification of MPD-2021.","coverage_caveat":"Planned land use as published by DDA. It is a statutory plan, not a survey of what exists on the ground, and must not be read as current land use.","geography_caveat":"Organised by DDA planning zones (for example P-I, L, N), which are not the 15 Delhi Police districts this dashboard is built on. Any attribution to a police district or MCD ward has to come from an explicit areal intersection, never a name match.","attribution":"Delhi Development Authority, Master Plan for Delhi 2047 GIS portal (gis.dda.org.in)","legend_field":null,"legend":null,"legend_note":"This layer publishes no uniqueValue renderer, so no codebook was captured."},"features":[{"geometry":{"type":"Polygon","coordinates":[[[77.23975239241572,28.6401431507188],[77.23974250857957,28.64014613377035],[77.23973671984494,28.640148203670137],[77.23971504591371,28.640156486744647],[77.23964074440619,28.640184882845467],[77.23956060738995,28.64021550837234],[77.23955676426624,28.64021701736074],[77.23937925560648,28.640290054486826],[77.23937450457973,28.640292107212776],[77.23903670554904,28.640443817711542],[77.23902709655029,28.640448523113243],[77.23902417401334,28.640450086342],[77.23886273048944,28.64054033959714],[77.23885358007557,28.640545882832914],[77.23882717978643,28.640563166451862],[77.23878025128752,28.640586393418104],[77.23870022641647,28.64061259908745],[77.23861482019653,28.640630011717793],[77.23780481378088,28.640724286165806],[77.23734373354115,28.640756660695825],[77.23722266462462,28.64076516161346],[77.23647294498096,28.640817799383232],[77.23568462010162,28.640883435956923],[77.23567127092566,28.64088506657707],[77.23551301057624,28.640910799762594],[77.23550548837214,28.640912157335702],[77.23531156193859,28.64095349281193],[77.23530146779109,28.640956021566208],[77.23354150352746,28.641446838104716],[77.2335336430223,28.641449223423663],[77.2333982388341,28.641494068098627],[77.23338496418354,28.641499221541324],[77.23316193679281,28.641596439719333],[77.23315307659382,28.641600638826954],[77.23278007967774,28.641790732403802],[77.23277679936997,28.641792407869],[77.23263636012679,28.641869301411695],[77.23237538308639,28.64201208163502],[77.2322202489969,28.642096935935104],[77.23206776772473,28.642144653037533],[77.23190812527054,28.64219461013919],[77.23182161389167,28.642221682070474],[77.23062738215265,28.642518560414388],[77.23061705515659,28.64252140845934],[77.23052665217278,28.642550107322396],[77.23052359837287,28.642551179895374],[77.23051507521919,28.642554351010716],[77.22962331349132,28.642912928200488],[77.22935078790793,28.64302250886843],[77.22923029240606,28.64305466263634],[77.22905843533903,28.64308572273958],[77.22891348862274,28.643108374447518],[77.22891042284671,28.643108882359506],[77.22870619902744,28.643145374084675],[77.22869359275975,28.643148154834222],[77.2285449808085,28.643186409029415],[77.22853509231945,28.64318925060583],[77.22837113376418,28.643242419099195],[77.22836340109225,28.643245154812046],[77.22822486480409,28.64329896227258],[77.22821805323626,28.643301823576166],[77.22799492172601,28.6434001982848],[77.22798428235441,28.643405307859066],[77.22731367550732,28.64376171231484],[77.22671241583248,28.644081256839446],[77.22593555259128,28.644495191312206],[77.22571803639119,28.644611088828338],[77.22474197784075,28.64510649607534],[77.22462876111142,28.645142932102456],[77.22451048617557,28.645161228800333],[77.22438610043868,28.645160698767636],[77.22408445829053,28.64512677790086],[77.22398294222933,28.645112767247866],[77.22379735475005,28.64508715523279],[77.22342753216267,28.64503704599086],[77.22343411076925,28.645005146331094],[77.22349418776766,28.64471384674399],[77.22353577694518,28.64452819757385],[77.22353851399072,28.64451782609949],[77.22356371854616,28.644434199067593],[77.22356805189503,28.644421827204702],[77.22359730090332,28.64435004558676],[77.22360549436195,28.64433317024589],[77.22363756212211,28.644275687599556],[77.22364164957074,28.644268676576605],[77.22364420885141,28.64426500470136],[77.22363712161528,28.644175555887394],[77.22363256058289,28.644117997991085],[77.22354169271406,28.642971175858726],[77.2235287552011,28.64280788346067],[77.22327710766048,28.639631682267918],[77.22324225518163,28.63919259100511],[77.22321008272942,28.63878725133008],[77.22319657760946,28.63861709997186],[77.22312590650633,28.6377266972969],[77.22301783773266,28.63757688251484],[77.22142888813481,28.635395540845064],[77.22128889539243,28.635464486123833],[77.2211454054502,28.635527588628715],[77.22099873244203,28.635584709660012],[77.2208491948789,28.635635723981466],[77.22069711977616,28.63568052155713],[77.22054283952924,28.63571900489604],[77.22038668986858,28.63575108908563],[77.22022901194218,28.63577670356244],[77.2200701513309,28.63579579393274],[77.21991045181908,28.63580831756337],[77.21975026467136,28.635814247038915],[77.21958856214036,28.6358135360392],[77.21942707711293,28.63580610563461],[77.21926616792017,28.63579197251041],[77.21910619115205,28.635771167818543],[77.2189475037207,28.63574373804598],[77.21879045670687,28.63570974421334],[77.21863539944917,28.635669261807898],[77.21848267545424,28.635622380850343],[77.21845061682419,28.63561102024134],[77.21813711539288,28.63548779941757],[77.2180418647315,28.635444454718485],[77.21790180318534,28.635373157616762],[77.21776570265473,28.63529611837495],[77.21763386744568,28.635213508868446],[77.21750658881727,28.63512551291678],[77.21738415007414,28.635032325297676],[77.21726682249606,28.634934152716177],[77.21715486634122,28.63483121288541],[77.21704853084617,28.634723734526684],[77.21694805218115,28.63461195740275],[77.21411566424851,28.636264167876302],[77.21390774209767,28.63638545026191],[77.21354005245539,28.636599923281793],[77.2131810523342,28.636809326920893],[77.21174426825014,28.637647378331287],[77.21159069222078,28.637736951599912],[77.20818641055477,28.639722511940928],[77.20793047382092,28.639871781232156],[77.20479434375552,28.641700790448496],[77.20455968503498,28.641854544407387],[77.2044410885715,28.641956818527316],[77.20436071866911,28.64205490993553],[77.20411983849644,28.6423659237986],[77.20391904362295,28.642710084386223],[77.20391541302507,28.64271606514306],[77.20389060600851,28.642748718190326],[77.20369639097662,28.642832484896125],[77.20356360579466,28.64289201714079],[77.20312943459886,28.643086673529236],[77.20085726553572,28.644105327328212],[77.19801488844476,28.64537953590972],[77.19799100813388,28.645390241124673],[77.19793440408392,28.64541561534508],[77.19791288702343,28.645424141071782],[77.19787433508041,28.64543389609021],[77.19783437965495,28.64543761053498],[77.19779762453737,28.64543538743556],[77.19779324672777,28.645434937869382],[77.19763343600839,28.64541854202426],[77.19697575984118,28.645351066853923],[77.19683714230489,28.645336844495894],[77.19673577509185,28.645322351571128],[77.19662265453019,28.645306178788722],[77.19660283267031,28.6453033441326],[77.1965544136923,28.64529642131932],[77.19653407892906,28.64529351466932],[77.19652349493188,28.64529199636927],[77.1965070018833,28.645289631028678],[77.19614348935364,28.64523765343639],[77.19609090748017,28.645230136592744],[77.19595322670916,28.645210448332655],[77.19584764748555,28.645195352637987],[77.19444766256939,28.644995175239966],[77.1942164656184,28.644962115593735],[77.19361085141429,28.644875516233864],[77.19355693105119,28.644867805328403],[77.19334053365542,28.644836861201053],[77.19325380422947,28.644824459144097],[77.19304185818372,28.644794150730803],[77.19286014024341,28.644768164381126],[77.19258529067686,28.644728859372513],[77.19247500251628,28.644713087449677],[77.19184814510626,28.64462344134404],[77.19169935257675,28.64460216276679],[77.19163196908957,28.644592526048147],[77.19158796740838,28.644586254475858],[77.19153335790325,28.644578443825633],[77.191527665418,28.644577187032013],[77.1915076297188,28.644572763447563],[77.19150697486548,28.644572505164085],[77.19144493875004,28.644363667322345],[77.19144782885178,28.644289968816377],[77.1914653823277,28.644107786763552],[77.19146760415659,28.644077157925736],[77.19146670939185,28.644048638537203],[77.19146042684086,28.64401659358635],[77.19145192134962,28.643996973886157],[77.19143351555442,28.64396522436767],[77.19005595013166,28.641997370160084],[77.18987918602018,28.64174485455772],[77.18901806476009,28.640514685648153],[77.1883274789828,28.639528112630902],[77.18799964339117,28.639059757404105],[77.18762770616549,28.6385283904639],[77.18730741194906,28.63807079754904],[77.18655003239797,28.636967784953676],[77.1857054733773,28.63573777229426],[77.18570359520044,28.63573503708942],[77.18566619322054,28.635688025994014],[77.18556457419069,28.635540012239332],[77.1856560767962,28.635461168139482],[77.18576381012227,28.635405769682944],[77.1858937552097,28.635338949734297],[77.18586648684332,28.635298964582425],[77.18582996755146,28.63522728877142],[77.18506122191997,28.634111963618775],[77.18507786937522,28.633983702742082],[77.18515510598259,28.63338863364638],[77.18485936346062,28.63299094473031],[77.18472739939341,28.63281348888433],[77.18432400502917,28.632271030220977],[77.18432007266593,28.632265742156743],[77.1843094733693,28.63227126455063],[77.1841856974271,28.632335752061625],[77.18280060662732,28.633057382018208],[77.18225943514507,28.632304306728013],[77.18204169675931,28.63200130657555],[77.1819155365859,28.6318257437917],[77.18175802149489,28.631606545868305],[77.18166677666817,28.631479569981757],[77.18165401325045,28.631461809147556],[77.18128280256286,28.63094522680256],[77.18127103588628,28.630931198891208],[77.18105788151605,28.630677079531516],[77.18002390382595,28.62920173455025],[77.18001521148975,28.62918933168998],[77.17999857813301,28.629165597528004],[77.17985480876014,28.629204455629175],[77.17971099352815,28.62924332695134],[77.1794721666534,28.62930787747693],[77.17913157482512,28.62999720206573],[77.17908135630623,28.630098837283956],[77.17900671209885,28.6302499085054],[77.1788564989406,28.630398192633493],[77.17879668568604,28.6304341689844],[77.17872343673223,28.63047822486924],[77.1786303135762,28.630534235392947],[77.17862938005257,28.63053563000951],[77.17847604327702,28.63062785591824],[77.17835985196338,28.630936468182917],[77.17830797102657,28.630989616399404],[77.17809787804694,28.630950661865285],[77.17744785464448,28.630684408175163],[77.17736884109145,28.630652042608702],[77.1770855226216,28.630538948261854],[77.17671773938102,28.630392135775544],[77.17662115679147,28.63035358082746],[77.17613338091572,28.63015886740852],[77.17565655810533,28.629972012958927],[77.17562746625981,28.630350564894417],[77.17555009120355,28.630839634416223],[77.17552410287264,28.6310039052991],[77.17551476838943,28.63102370983591],[77.17538182392194,28.631305771910156],[77.17534407619874,28.631385858289455],[77.17521839307122,28.631609872862708],[77.17519543616982,28.631650790503134],[77.17517866044793,28.631666824729002],[77.17507465731991,28.631766232814574],[77.17501944214003,28.631803257089334],[77.1750135188488,28.631807229345785],[77.17466080723146,28.631883270098356],[77.17412732700842,28.63199827964664],[77.17417441681206,28.632607782869293],[77.17417520084228,28.63261793189962],[77.17419047333726,28.632815600942674],[77.17421607348713,28.633146945708113],[77.17418248370026,28.63315586534723],[77.17416651879415,28.633160105216906],[77.17415319954269,28.633168953936124],[77.17410998110827,28.63319766829661],[77.17403946937438,28.63324451645404],[77.17395320888882,28.633301826769227],[77.17390673063512,28.63333270655431],[77.17377176337334,28.633418623329195],[77.1732841814969,28.63298472357645],[77.17275764358972,28.632533481206057],[77.17195998388122,28.631830107269668],[77.17159061251022,28.631519539119655],[77.17126513361562,28.631228526430064],[77.17094763057908,28.630981235613717],[77.17087600144801,28.63092910401224],[77.17080069208272,28.630879472049738],[77.17072273743074,28.630833084671348],[77.17063034916058,28.630783687488755],[77.17053209789638,28.630739752829424],[77.17047471441158,28.63071874202954],[77.17043036197566,28.630702503078716],[77.17032572256832,28.630672151784793],[77.17021878045318,28.630648871580153],[77.17011014791419,28.630632797920676],[77.17000044959605,28.630624020951558],[77.1698903124115,28.630622591984988],[77.1697897963826,28.630628011524355],[77.16964910527383,28.630629945562085],[77.1695086353406,28.63062597851832],[77.1693685381731,28.630616120597328],[77.16920923084267,28.6305981508426],[77.16919967485794,28.63059884343618],[77.16910081217587,28.63058167773481],[77.16898645443682,28.630558970039594],[77.16836591427305,28.63039668983503],[77.16807431388357,28.630323112879108],[77.16778617701515,28.63024567307248],[77.16750695927149,28.630165992992264],[77.16745675254248,28.630145717809903],[77.16740115746677,28.63011907921785],[77.16728140748431,28.630059874586102],[77.16716729372492,28.62999694432949],[77.1670567232859,28.62992926806209],[77.16694994892613,28.629857002357525],[77.16684721639403,28.629780311120307],[77.16674701178688,28.629697932803623],[77.1665523706501,28.629532317628684],[77.16619504875379,28.629228279372104],[77.16533201576233,28.628477502402767],[77.1644592684993,28.627753670978578],[77.16394428648562,28.627308135026738],[77.16373796303455,28.627086479040887],[77.1634762851635,28.62677451431467],[77.16320417362331,28.626462987201077],[77.16278986231856,28.625984974011875],[77.16244925332909,28.625595015647725],[77.16234412454516,28.62546956450668],[77.16221271185796,28.62531785003303],[77.1621845153174,28.625285297625013],[77.16177161680032,28.624814831327754],[77.16133611999369,28.624307830076656],[77.1609348953758,28.623855537304845],[77.16060714953353,28.6234747118068],[77.16036362089795,28.62323822395807],[77.16026388025226,28.623161964057925],[77.16007475233235,28.623026924291633],[77.15989601990475,28.622932746005716],[77.15971215264254,28.622848275938495],[77.15960747554054,28.622815563316898],[77.15958845270792,28.62281050417276],[77.15949674711644,28.622792460892615],[77.15940378855879,28.62278039719773],[77.15931007836956,28.62277437637784],[77.15922368957166,28.622774426775074],[77.15905196618081,28.6227709257741],[77.1588746828731,28.622774769429583],[77.15869796287272,28.622786052350733],[77.15857330068152,28.62279908354157],[77.1584500592479,28.622815832011476],[77.15831866811892,28.6228378541987],[77.15821267446188,28.62287077389166],[77.1581154731443,28.622907443264175],[77.15802120341297,28.622949652907923],[77.15793296601309,28.622995813219614],[77.15784806157656,28.623042840738222],[77.15776431281951,28.623095627218685],[77.15768609274987,28.623151439436022],[77.1574619861149,28.6233213605382],[77.15735966713814,28.623398288439667],[77.15725609298308,28.623469702456024],[77.15714918216749,28.623537179557687],[77.15703912547251,28.62360059759588],[77.15693307291956,28.623656200153974],[77.15684756128954,28.623687234474563],[77.15675408249903,28.623714772840348],[77.15665790329221,28.623736827548097],[77.15649550481064,28.623765402333813],[77.15632998660936,28.623790344298005],[77.15631934496888,28.623791681240903],[77.15616374842217,28.623811235370486],[77.15599048038906,28.623828710118755],[77.15595190546257,28.623834527520255],[77.15584988141825,28.62384991464645],[77.15579579284423,28.62385735847333],[77.1557328048649,28.62387323059524],[77.15567125441004,28.623896295502824],[77.1555908415348,28.62393906714099],[77.15551816804619,28.623987856650878],[77.15545187499973,28.62404327035462],[77.15539878087414,28.62409838472135],[77.1553131759428,28.62418514919643],[77.15528798682813,28.62421067804128],[77.15523293766691,28.624165917263664],[77.15525163566073,28.62413445620848],[77.15553374871328,28.623659790825034],[77.1556652528138,28.623482339424815],[77.15568197169205,28.623459779407103],[77.15575865651637,28.623356302607885],[77.15576752198174,28.62334756714696],[77.15593105289933,28.623186445529637],[77.15587625658245,28.623144484418372],[77.15576744425289,28.623061158760166],[77.15560597916205,28.622937512339718],[77.15558746761013,28.62292333758513],[77.15546701848528,28.622854826686122],[77.15560270183005,28.622699024513274],[77.15594595254791,28.622304875046545],[77.15602097198344,28.62221873072461],[77.15626561784241,28.621937803682872],[77.15647499471771,28.621697376049674],[77.15656379844364,28.621595401384624],[77.15733698798459,28.621020237669565],[77.15748048340788,28.62078135653262],[77.15751966930247,28.620716122549922],[77.15803493996418,28.619858327513626],[77.15842276681104,28.6193004692945],[77.15845824391731,28.619249436780905],[77.15963024097051,28.617563569784743],[77.15968020532763,28.617491695783404],[77.16094602202742,28.61567080018322],[77.160996075062,28.615598797108298],[77.16103043431677,28.615549368959783],[77.16197762922596,28.614186766446135],[77.16219395181166,28.61387556642902],[77.16229070331038,28.613736379802567],[77.1623979381569,28.613582110844696],[77.16294236653265,28.612798887056343],[77.16496529408347,28.609888550597358],[77.1651256318531,28.609657869379035],[77.16528529556649,28.609428156097614],[77.16588436990803,28.608566239895623],[77.16716480218136,28.606723967407202],[77.16936969485253,28.603551422358414],[77.16937047936726,28.60355029366103],[77.1693123191398,28.603454164389806],[77.16931140899368,28.603452662194627],[77.16930389786043,28.60344025040017],[77.16930249554359,28.60343793318676],[77.16929396311185,28.60342383419979],[77.16929304871114,28.603422323951897],[77.16928588892334,28.60341049122178],[77.16928445592906,28.60340812397046],[77.16927648228804,28.603394947209853],[77.16927575946401,28.60339375421129],[77.1692677223505,28.603380473799415],[77.16926696137882,28.603379215543605],[77.1692584098923,28.603365084376154],[77.16925775901662,28.603364009329262],[77.16925008911703,28.6033513338944],[77.16924944567413,28.603350272262947],[77.16924571495848,28.603344106118236],[77.16924149749882,28.603337140207167],[77.1692400284956,28.60333471217539],[77.16923883154506,28.603332736352016],[77.16923580982659,28.603327786886812],[77.16923180096198,28.603321220061645],[77.16923011026118,28.603318451802412],[77.16922649179625,28.60331252387169],[77.16921637604322,28.603295955366043],[77.16920620845096,28.603279301970858],[77.1691694358352,28.603219071113376],[77.16916423038371,28.60321054559948],[77.16916111134239,28.60320543708084],[77.16915790234825,28.603200180220274],[77.16912223650475,28.603141763298847],[77.16911231544573,28.603125512885953],[77.16908692828467,28.6030839307456],[77.16906424333735,28.603046775338335],[77.16904360669749,28.60301297347072],[77.1690114588624,28.602960317328687],[77.16882910935881,28.602661643161277],[77.16871733929908,28.60247856969644],[77.16863223344063,28.602339171119002],[77.16860556863935,28.6022954970322],[77.1685210322661,28.602157029453398],[77.16849790444313,28.602119148351186],[77.1683148924663,28.601819382241185],[77.16811896038381,28.601498450664046],[77.16800583022443,28.601313145207794],[77.16793096227805,28.601190513069653],[77.16789270047843,28.601127839630873],[77.16767238909118,28.600766969869863],[77.16755491549618,28.600574546612727],[77.16753728342883,28.60054566447699],[77.16752460585751,28.600524899591168],[77.1674560804737,28.600412653128167],[77.1674141280422,28.600343933588913],[77.16736010754705,28.600255447251225],[77.16731832663154,28.60018700825545],[77.1672154351173,28.60001846902454],[77.16720436363428,28.600000333888666],[77.16700210253083,28.599669021353524],[77.16699973818831,28.599664757893652],[77.16691261664415,28.59950616947611],[77.16690844708754,28.599497636321676],[77.16690673053036,28.59949375139545],[77.16687251376378,28.599405334439627],[77.16685810498912,28.59936810043035],[77.16685434103228,28.599355966033663],[77.16683615318527,28.599282594924745],[77.1668130642595,28.599189453392203],[77.16681245531751,28.59918703143152],[77.16681090137335,28.5991774693498],[77.16680991595094,28.599169206513306],[77.16678698179511,28.598976989231012],[77.16678581491122,28.59896720711707],[77.16677183282494,28.598850023533863],[77.16676253160097,28.598786666633675],[77.16668288274313,28.59824409100361],[77.16667592755662,28.59819670697734],[77.16667320476942,28.598178161340716],[77.16667430228308,28.598177439104152],[77.16660008235978,28.597671839398295],[77.16659797224249,28.597665662601013],[77.16659713322481,28.597659949120917],[77.16654727105379,28.59751402232896],[77.16646193476704,28.597264274587694],[77.16642540228759,28.59715735673186],[77.16642432051877,28.597157450714647],[77.16631121373365,28.596826426329873],[77.16620215257794,28.596517052792912],[77.1661988401323,28.59650543899712],[77.16619830514958,28.596502733430427],[77.1661978838262,28.59650053494416],[77.16619589108365,28.596493548704924],[77.16619535611957,28.59649084404021],[77.16616619175484,28.596338447076658],[77.16616485818483,28.59632990376367],[77.16615811884473,28.596263168240775],[77.16615137845703,28.596196430928813],[77.16615095016029,28.59619115120277],[77.16614330948892,28.596025052676108],[77.16614325890315,28.596022586599002],[77.16614317651164,28.596018569978177],[77.16615033740271,28.595673248600598],[77.1661527694097,28.59555596771519],[77.16615695215928,28.595354281262892],[77.16615708717613,28.595347755483555],[77.16615758312285,28.595323837537013],[77.166163928524,28.595171961329093],[77.16616558562829,28.59509201190786],[77.16617854491412,28.594467114305008],[77.16618442856279,28.59418337353671],[77.1662056851879,28.594152142786008],[77.16623262539835,28.594112562474955],[77.16624065110523,28.594100772021964],[77.16633560954861,28.593961258896186],[77.16633839027227,28.593957172163183],[77.16633506267384,28.59395553081668],[77.16611470593436,28.593846832736972],[77.1662948591018,28.59353460099714],[77.16629745649112,28.59353009942998],[77.16637976899256,28.593389124507077],[77.1664364048982,28.593290966997664],[77.16650906419687,28.59316503599845],[77.16676565322129,28.592817159533254],[77.16710440445866,28.592321147268432],[77.16742098084342,28.59181372366053],[77.16743346436091,28.591795698277238],[77.16770619432624,28.591401889609777],[77.16793970400566,28.591064710564588],[77.16796252111612,28.591031762807084],[77.1685584113445,28.59017130688727],[77.1688952243652,28.589667725163654],[77.16938687642639,28.58893262770473],[77.17001487906558,28.587993648542195],[77.17144931960868,28.58588366116688],[77.17170545769821,28.585468102132037],[77.17182346823358,28.585253585482896],[77.17182601665198,28.585249059341617],[77.172189744311,28.584617137543432],[77.17226076708012,28.584493745629924],[77.1734936900045,28.582348361307137],[77.17461270272277,28.580346674637223],[77.17529121005902,28.579163051237682],[77.17628116136093,28.57745170936481],[77.17719882408214,28.575788565540275],[77.17720700694231,28.5757747012138],[77.1778877737725,28.574693755759963],[77.17821427673518,28.574130663596563],[77.1782192303693,28.574122449831698],[77.17849735956855,28.573678652499268],[77.17875175755734,28.573263890118827],[77.17876924351799,28.573238578605622],[77.17911798385343,28.57278762755404],[77.17913324555593,28.57276965492772],[77.17958159017167,28.572282597787716],[77.1795999731349,28.57226427268873],[77.17960608039296,28.57225882753743],[77.1800683577634,28.571857488843353],[77.18008411101077,28.571844680186302],[77.18065122755749,28.57141300574323],[77.18066777340266,28.571401217410713],[77.18067280991319,28.571397927872614],[77.18136142633934,28.57095713574466],[77.18139502889736,28.570938270613546],[77.18273635016021,28.57028285698384],[77.1827415371611,28.570280377018044],[77.18318004160508,28.570076108827354],[77.18322639462943,28.570058408636548],[77.18369043597264,28.56991831510826],[77.18373921553054,28.569907208463697],[77.18375050134613,28.56990562280354],[77.1842718376424,28.569840591805704],[77.18487123693454,28.56976582171068],[77.18487872133635,28.569764965788174],[77.18553223218221,28.56969698982354],[77.18704721212268,28.56955464136297],[77.18758436890755,28.569489215455686],[77.18759117954936,28.569488450554715],[77.18825066790079,28.569420542953768],[77.18893598154197,28.56934885529194],[77.18950863311747,28.569281091388],[77.18954454869247,28.56927200122819],[77.18958447549277,28.569268220376763],[77.18960602523637,28.569269566134384],[77.19047710457664,28.5691664831608],[77.1913775150014,28.5690693929679],[77.19140469099945,28.569067473279624],[77.19242618113958,28.569033063101024],[77.19243266590922,28.569032901446434],[77.19243977345093,28.569032854242437],[77.19299958689373,28.569034547763042],[77.19301898329766,28.569035114823848],[77.19416825751293,28.569098892906403],[77.1941816497854,28.56909987993966],[77.19464490344116,28.56914251358345],[77.19504122617434,28.56917886149014],[77.19592127441322,28.569250398773445],[77.19834668736,28.569450598055038],[77.20000474460045,28.56954495594078],[77.2004038181773,28.569562639072203],[77.20080606907767,28.569552761337643],[77.20147949032786,28.569482253700752],[77.20149520818134,28.569480947439462],[77.20291311371838,28.56939347025253],[77.20291910659589,28.569393149160195],[77.20352980963209,28.56936540430863],[77.20426859643588,28.56933183632973],[77.20427579464351,28.569331579503984],[77.20463776064784,28.569322183548774],[77.20568935793617,28.569255229494615],[77.20586045977448,28.569245485135376],[77.20676965007046,28.56913030035744],[77.20678960861447,28.569128321768115],[77.21059685602987,28.568855054092648],[77.21061410943739,28.568854219819208],[77.21088339012925,28.56884749155414],[77.21184571572357,28.568823442978427],[77.21255059277495,28.568787030980545],[77.21501090034667,28.56866934541909],[77.21527894828301,28.568656520997674],[77.2175065521645,28.56855570149558],[77.22012219009777,28.568412717872466],[77.22012852378043,28.568412425633866],[77.22181740336568,28.568349076722935],[77.22272836115197,28.568288634585105],[77.2230278010267,28.56824344614897],[77.22361746132933,28.568138458899217],[77.22399395243409,28.568063468781165],[77.22426151957342,28.56799167036761],[77.22553128433498,28.567491982836508],[77.22860996759678,28.56621376235078],[77.2299789728034,28.565660677370445],[77.2300082237573,28.5656503336925],[77.23003632576194,28.565642985521887],[77.23054909109764,28.565530708173767],[77.23057062372746,28.565526667400768],[77.2313104680357,28.565410651443976],[77.231329679507,28.565408156442306],[77.23256870244623,28.56528029771677],[77.23440683942309,28.565096008955393],[77.23441428089113,28.565095338704207],[77.2367274115703,28.564910596635233],[77.23971570279471,28.564621616493188],[77.23973504115799,28.564620257794587],[77.24051714430574,28.564585857107208],[77.24052729967485,28.564585550432874],[77.2405452777685,28.56458568930953],[77.24098769560484,28.564599867590648],[77.24099908410876,28.56460040850175],[77.24239625354119,28.564688329157622],[77.24240602956453,28.564689074351993],[77.24486872327074,28.564909751963807],[77.24487667516097,28.564910551525415],[77.2457949611281,28.56501292821851],[77.24631080365542,28.565057245589795],[77.24770029387741,28.56514851441768],[77.2477084250092,28.565149138506946],[77.24959558054249,28.565314979804437],[77.25092625469415,28.56544347737952],[77.2509357745364,28.56544452214965],[77.25094817795033,28.565446260741435],[77.25135922789212,28.56551105757773],[77.25139964608283,28.565519815553888],[77.2516512978781,28.56559163465388],[77.25168508864448,28.56560314259991],[77.25191826531363,28.565695956988115],[77.25192681311762,28.565699490956217],[77.2519591188487,28.565715408534622],[77.25222595467726,28.5658649570929],[77.25223789323833,28.5658719779743],[77.25225417848458,28.565882694583028],[77.25253830068881,28.566082089421734],[77.25254808441316,28.56608923267305],[77.25274186022416,28.56623641306506],[77.25275542794543,28.566247318198936],[77.25277319756448,28.566263660127298],[77.25294310279277,28.56643272155306],[77.25295938549188,28.56645026561608],[77.2529645858653,28.566456515011712],[77.25311039268568,28.566636719801213],[77.25313187391495,28.566667089029075],[77.25325841375377,28.56687346378025],[77.25326262575602,28.56688061922157],[77.25354497658181,28.567377255385047],[77.25354955841978,28.567385648906164],[77.25384162112297,28.56794358490701],[77.25407319596285,28.568391157722104],[77.2541211412894,28.568483823840175],[77.25412822398341,28.56849858372088],[77.25438332013071,28.56907418638845],[77.25454110043626,28.569359486465313],[77.2547130489933,28.569621000588874],[77.25489739540487,28.569831792822942],[77.25510660757512,28.570042505211045],[77.25526822154202,28.570182957406885],[77.2554325942705,28.570291496164067],[77.25565718901265,28.570432782742447],[77.2558519331902,28.570535384207723],[77.25591774436175,28.57056399789021],[77.25608784479395,28.570637952992957],[77.25631065278318,28.57072480880816],[77.2563215007093,28.570729248891812],[77.25636574900625,28.570752184835964],[77.25637107709316,28.57075553927287],[77.256642520852,28.570930068541973],[77.25666396084794,28.570945105500158],[77.2579199016453,28.57190435784316],[77.25882571752963,28.57253222864872],[77.25995766299653,28.57324132904651],[77.26127319435179,28.574063818204365],[77.26127929608323,28.574067727063046],[77.26301629593755,28.575207653733166],[77.26359878156634,28.57558219699252],[77.26478362232889,28.57634404277622],[77.26550337777473,28.576806454874557],[77.26551353413323,28.576813251627573],[77.26608663195266,28.57721249454168],[77.26610615049145,28.577227225448517],[77.2663085098916,28.57739252297939],[77.26640456456626,28.57753537446427],[77.26649420403001,28.577681438686604],[77.26657728955948,28.577830491509012],[77.26665369359064,28.577982304998006],[77.2667232996609,28.578136644718178],[77.26678599942129,28.57829327339094],[77.26684169672374,28.578451950826306],[77.2668903065996,28.5786124339397],[77.26692992969673,28.578736644518678],[77.26693085768187,28.57873964077515],[77.26693175921709,28.578742642887324],[77.26693263430232,28.578745650855254],[77.26693348395942,28.578748664661862],[77.26693430818834,28.57875168430713],[77.26693510494552,28.57875470982516],[77.26696912639486,28.57888842918344],[77.26696987123735,28.57889146459165],[77.26697058961051,28.57889450495365],[77.2669712825361,28.578897550252382],[77.26697194797059,28.578900600521997],[77.26697258689703,28.57890365394151],[77.26697319935413,28.578906712314822],[77.26699906394836,28.579041848329236],[77.2669996234298,28.57904491480605],[77.26700015640311,28.579047984432748],[77.26700066186594,28.579051058128442],[77.26700114184243,28.579054134956884],[77.26700159531087,28.579057214935364],[77.26700202124943,28.579060298080783],[77.26701965315843,28.57919646224603],[77.26702002606268,28.579199550789227],[77.26702037243948,28.57920264158041],[77.26702069126702,28.579205734636616],[77.26702098356708,28.57920882994082],[77.2670212493203,28.57921192659107],[77.267021488546,28.579215025489308],[77.26703083744377,28.57935182706776],[77.2670310225548,28.57935492867509],[77.267031181119,28.579358031628416],[77.26703131209516,28.579361135042983],[77.26703141652443,28.579364239803574],[77.2670314933657,28.579367345025354],[77.26703154364074,28.579370450691233],[77.26703258370343,28.579507497631603],[77.26703258084628,28.579510604185636],[77.26703255036236,28.57951370939698],[77.26703249331219,28.579516815052415],[77.26703240865459,28.579519920267074],[77.26703229841378,28.579523024104923],[77.26703216056555,28.57952612750196],[77.2670248874455,28.579663028294668],[77.26702469536535,28.579666128989203],[77.26702447669952,28.579669229225914],[77.26702423140927,28.579672327200903],[77.26702395951403,28.579675423816116],[77.26702365999193,28.57967851908863],[77.26702333484792,28.579681611180334],[77.26700776968379,28.579817971181168],[77.26700739026853,28.57982105876651],[77.26700698422884,28.57982414409011],[77.26700655154538,28.579827226250075],[77.26700609121569,28.57983030616537],[77.26700560524465,28.579833381997986],[77.26700509262982,28.579836454666925],[77.26698128119953,28.579971884231576],[77.26698071425484,28.579974949688225],[77.26698012166878,28.579978011062202],[77.26697950241952,28.579981068370557],[77.26697885650707,28.57998412161328],[77.26697818493388,28.57998716987139],[77.2669774856757,28.57999021408094],[77.26694549625662,28.5801243240897],[77.26694474465359,28.580127358346914],[77.26694396738974,28.580130387619498],[77.26694316342395,28.580133411022548],[77.2669423327756,28.580136429458072],[77.26694147746886,28.58013944198992],[77.26694059443842,28.580142448669285],[77.26690051788526,28.58027485413467],[77.26689958349247,28.58027784904067],[77.26689862340015,28.58028083715816],[77.26689763760828,28.58028381848711],[77.2668966250951,28.580286793044564],[77.26689558790413,28.580289760796408],[77.26689452399187,28.580292721776797],[77.26684647479769,28.580423043630443],[77.26684536048631,28.58042599011439],[77.26684422043665,28.58042892800596],[77.2668430546874,28.580431859108938],[77.26684186422165,28.58043478160238],[77.2668406480176,28.580437695503427],[77.26683940711642,28.58044060169687],[77.26678352239139,28.58056846680673],[77.26678223103258,28.580571355797773],[77.26678091495722,28.58057423617933],[77.26677957314358,28.580577107968416],[77.26677820659403,28.58057997024602],[77.2667768153086,28.58058282301217],[77.26677540030904,28.580585666249736],[77.26671184182429,28.580710707386114],[77.26671037630865,28.580713530715297],[77.26670888707888,28.580716344515942],[77.26670737413501,28.580719148787995],[77.2667058353947,28.58072194176177],[77.26670427396205,28.580724725189913],[77.26670268775479,28.580727497302632],[77.26663163689199,28.58084935592934],[77.26663000319493,28.580852106278417],[77.26662834576435,28.58085484619696],[77.2666266635591,28.58085757480011],[77.26662495860346,28.580860291151748],[77.26662322989495,28.58086299617093],[77.26662147845536,28.580865689840536],[77.26654313927261,28.580984016063965],[77.26654134132599,28.58098668614878],[77.26653951958775,28.580989343097205],[77.26653767509913,28.58099198779409],[77.26653580683823,28.58099462025657],[77.26653391682935,28.580997239548466],[77.26653200407,28.5809998465889],[77.26649774681995,28.581045758086432],[77.26643948057846,28.58110985363153],[77.2663872092736,28.58117785773534],[77.26634126907106,28.58124933530701],[77.26630195476444,28.581323828487733],[77.26626951777004,28.581400858488404],[77.2662441662813,28.58147993280523],[77.266226063186,28.581560543449744],[77.26621532317455,28.581642175117327],[77.26621201676852,28.581724302413274],[77.26621616442156,28.58180640077818],[77.26622774052858,28.581887942812305],[77.2662089608205,28.581906986822926],[77.26617661987213,28.58193307950441],[77.26609123998296,28.581995797328773],[77.26590984555497,28.582141076348087],[77.26590211045722,28.582147162368006],[77.26574462432987,28.58226780587683],[77.26559092544208,28.582383941370566],[77.26543840183086,28.582502036641824],[77.26543199718695,28.582506866107828],[77.26524339508924,28.58264754224095],[77.26504721933759,28.582790705870185],[77.2650404549796,28.582795541327375],[77.26486993116055,28.582915332474236],[77.26486316403773,28.582919992027154],[77.26485765351686,28.582923713887748],[77.26449929271736,28.583158753931965],[77.2644029226093,28.58322196016205],[77.26425064078651,28.58332183696798],[77.26414241205184,28.583392820086427],[77.26300136053617,28.58414118803924],[77.2629933663839,28.584146361522844],[77.26117077051042,28.58528916532759],[77.26115144899585,28.585300589042472],[77.26089440506634,28.585445397229172],[77.26074603839128,28.585533692093275],[77.2606111254321,28.585642416340512],[77.26047097704772,28.585777061502654],[77.26034825421019,28.585916209802793],[77.26024183170475,28.586057624370305],[77.26011162668345,28.58623714651145],[77.26001561978475,28.586411904793387],[77.25994753902445,28.58653512824297],[77.25987169212284,28.58671716376735],[77.25975575526105,28.58707838220925],[77.25838041601804,28.591335692718072],[77.25675785857003,28.596357847910397],[77.25624819912629,28.597935261701846],[77.25599577258821,28.59871651314645],[77.25486580385595,28.602213596533275],[77.25460360692024,28.603030769738567],[77.25446008965417,28.60347805759281],[77.25144104853851,28.612886407978927],[77.25135738532333,28.613147108216147],[77.25098622033181,28.614303673292973],[77.24982182771218,28.617931806846652],[77.24971715866826,28.618258630401453],[77.24781478133654,28.624198339828116],[77.24768109454888,28.624615719693175],[77.24741858077488,28.62567886554359],[77.24740187339808,28.625822730654455],[77.24738594340232,28.625982442945674],[77.24737672935974,28.626118041669844],[77.24737473462542,28.626238030480852],[77.2473700183204,28.626521783794303],[77.24736361982187,28.626906646158137],[77.24736244951168,28.626977071396826],[77.24735558337208,28.62739013287972],[77.24734501900875,28.6280158960202],[77.2473381660298,28.62842184194661],[77.24733209919448,28.628781178964793],[77.24733712356579,28.629241603468667],[77.24733831305664,28.629350584067495],[77.24734051749674,28.62955262853383],[77.24734227551777,28.629713763435824],[77.24735544445258,28.630920447815015],[77.24739978090646,28.634982199693727],[77.24740576560585,28.635530393107327],[77.24741008120365,28.635925634709785],[77.24743472375854,28.63818243459022],[77.2474301427165,28.63854012425159],[77.24742571721562,28.638885679431674],[77.24741555582139,28.639679083477844],[77.2473900076408,28.63968003435871],[77.24728894917152,28.639683791944805],[77.2471376108077,28.63968941953426],[77.24680977410732,28.63970160951525],[77.24656488010059,28.639710714865323],[77.2464840557686,28.639714633351407],[77.24642628366486,28.639717434071382],[77.24474384720597,28.639798992922376],[77.24402785021724,28.639851601359215],[77.24350896754572,28.639905945720077],[77.24338645046525,28.63992344824892],[77.24292693796136,28.64002118050313],[77.24268471373459,28.640075556509295],[77.24225032439868,28.640189963961213],[77.24208808610163,28.64023702354751],[77.24207954630151,28.64023938541017],[77.24177271505842,28.640314143359404],[77.24159749324758,28.640359407934913],[77.24157963654268,28.64036322865852],[77.24136408029477,28.64039795254565],[77.24134323486071,28.64040027079924],[77.2411405440835,28.640412507093828],[77.24113132330925,28.64041290690423],[77.24110496978749,28.64041168644198],[77.24099705332259,28.640399939078],[77.2410000040159,28.640392341867557],[77.24102749656579,28.640321537907152],[77.241120947421,28.64008086038009],[77.24000928556623,28.640095888070704],[77.2399528523867,28.640096650929696],[77.23992104597917,28.64009708134721],[77.23975239241572,28.6401431507188]]],"crs":null},"id":1,"type":"Feature","properties":{"area":66.5729986,"zone":"D","id":4,"SHAPE__Length":35903.76098278902,"objectid":1,"SHAPE__Area":66572998.59913365}},{"geometry":{"type":"Polygon","coordinates":[[[77.1760068304141,28.507634864823466],[77.1755326712126,28.50769544213477],[77.17501605504623,28.507769098025182],[77.17492502065276,28.50777574659685],[77.1748057342154,28.507792613998582],[77.174688247818,28.507817457739915],[77.17457324595154,28.507850134229567],[77.17446139478778,28.5078904532517],[77.17435334528054,28.507938179720707],[77.1742497250893,28.507993038321516],[77.17415113642645,28.508054708130306],[77.1740530015562,28.508126604567565],[77.17377276318106,28.508383280529095],[77.17367389569097,28.508467097977988],[77.1735717680595,28.5085462141766],[77.17346572401337,28.508621203559958],[77.17335597697128,28.508691912921226],[77.17324274876377,28.508758200649282],[77.17312626545613,28.50881993228413],[77.1730067635677,28.508876984928847],[77.17288448385244,28.508929242837926],[77.17275055796094,28.508980059168408],[77.17249599930744,28.509078488594437],[77.17224363599789,28.509172213915843],[77.17197720829816,28.50926714177558],[77.1713004770396,28.509548118141353],[77.17113819410302,28.50963825400874],[77.17099922882453,28.509708093161187],[77.17087540169034,28.50976409788237],[77.17064811938494,28.50985393297767],[77.17056336117712,28.50988428217201],[77.17049962777185,28.50990426349976],[77.16998227516068,28.51003408836891],[77.16962193491904,28.510066417515237],[77.16932061420206,28.510101086634847],[77.16886574500165,28.51017665609893],[77.16834395590061,28.51025458176121],[77.16780286681697,28.510399743079333],[77.16728956405336,28.510669809414864],[77.1668623149827,28.510976763502455],[77.166518279287,28.511265150448544],[77.16623065724268,28.511586601578458],[77.1647679199903,28.51342149961183],[77.16466371178042,28.51355055115823],[77.164557900584,28.513673155015077],[77.1644477347024,28.513792728762986],[77.16433332403084,28.51390915153572],[77.1642147846674,28.51402230597726],[77.16408568297203,28.51413794935888],[77.16365045521344,28.514541272326053],[77.16213759975717,28.515745899402418],[77.16035926885212,28.517102706461486],[77.16024627227212,28.517186764764844],[77.16012922761836,28.517284283060015],[77.16001857576038,28.517387459931456],[77.1599146676128,28.51749596949352],[77.1598178322623,28.517609467259106],[77.15972837501712,28.517727594682107],[77.15964657944924,28.517849979124467],[77.15957766892302,28.517967747234362],[77.15904409010828,28.518879222420757],[77.15877211736505,28.519353684795096],[77.15802284879585,28.520750485343765],[77.15792363482758,28.520950666744397],[77.15782280191252,28.521139396420928],[77.1577159648639,28.521325532548765],[77.1576032094773,28.521508924870353],[77.15748462674868,28.521689427556716],[77.15736031179796,28.521866896517285],[77.15722927387797,28.52204264860758],[77.1567913976844,28.522607589132456],[77.15547199417645,28.524067417533825],[77.15535611204598,28.52420421737734],[77.15524285360212,28.52432868421119],[77.15512477929785,28.524449610029038],[77.15500203229524,28.524566850883872],[77.15487475885931,28.524680264583807],[77.15474311357471,28.524789716023633],[77.15460425788118,28.5248973959271],[77.15359290588103,28.52566001844701],[77.1533765523491,28.52583328003163],[77.15316339723698,28.525996252952982],[77.15294605573054,28.526154856177687],[77.15279062644021,28.526263066019283],[77.15272464258173,28.52630900485364],[77.15249927566403,28.52645861678642],[77.15227007294492,28.526603614292025],[77.15204194574613,28.526741035721958],[77.15004209729886,28.527812624784964],[77.14977569838614,28.527950765919638],[77.14950686570748,28.52809704153078],[77.14924161288108,28.528248330059885],[77.14898006109718,28.528404562839285],[77.14872232742641,28.52856566946245],[77.14846852890541,28.528731577719217],[77.14829107024912,28.5288528213919],[77.14793267498952,28.529109167580838],[77.14774779686856,28.52925516470127],[77.14756757679784,28.529403508812873],[77.14732077636336,28.529627468331466],[77.14713560011641,28.52979477569809],[77.1468423036496,28.530062571377986],[77.14681489437272,28.53009186254414],[77.14668027721284,28.5302045920424],[77.14649002545222,28.530378115470707],[77.14635355883289,28.530499088563133],[77.14626901690096,28.530564674232238],[77.14616634831884,28.530642447896938],[77.14602376411513,28.530745380893837],[77.1458904462446,28.530843706255787],[77.14582907621116,28.530882712328253],[77.14366982692563,28.532370527044527],[77.1435706031766,28.53243331840028],[77.14346186635294,28.53250864864719],[77.14335693552187,28.5325880756838],[77.14325600691697,28.532671451148627],[77.14315425130674,28.532763142688577],[77.14284161092667,28.533094628618212],[77.1419446818053,28.53406179216835],[77.14179537654374,28.534222787177704],[77.14128789983862,28.53476998914579],[77.1400461688149,28.53616285014939],[77.13959821413695,28.53659892459248],[77.139536406124,28.53665749076296],[77.13947739545743,28.536706844404133],[77.13941501472203,28.536752852115022],[77.13934950657135,28.53679533592016],[77.13931107960438,28.53681713686612],[77.13919315071341,28.536887978112187],[77.13915233093961,28.536909438652078],[77.13887269302066,28.53700463488039],[77.13886564767391,28.537007105438864],[77.1383427187544,28.53717855613606],[77.13831406546107,28.537188299519546],[77.137944051403,28.537307191996867],[77.13757159482444,28.53741998260414],[77.13721363366405,28.53752184796022],[77.13720974151829,28.537522548979094],[77.13678771879258,28.537610609394893],[77.1365997446357,28.53763923448373],[77.13611321276359,28.537701604135787],[77.1360998719696,28.537703564555734],[77.13572049967307,28.53775311286683],[77.13534017498979,28.53779659891712],[77.13495902132593,28.53783400812307],[77.1345812486921,28.537864993654328],[77.13450971530804,28.53786835350708],[77.1340815473427,28.537922443438397],[77.13402383547125,28.5379338004333],[77.1338837746197,28.537968650693045],[77.13385774779941,28.537976523777708],[77.13374611282367,28.538010292732086],[77.13361127257468,28.538058599909885],[77.13347966673737,28.538113424083143],[77.13335169854967,28.538174595605465],[77.13322776071077,28.53824192875552],[77.13311240074768,28.538312661378257],[77.13148869900803,28.539370896751652],[77.13124083382473,28.539532437755046],[77.13117827890716,28.539573206641847],[77.13104261121903,28.53966203567875],[77.13102035613971,28.539677971682483],[77.13085390292339,28.539784409811485],[77.13070285018577,28.539905062930885],[77.13059842905895,28.53999319534825],[77.13039286708053,28.540220063643368],[77.13029789934998,28.540325310606317],[77.13025290812328,28.540379862448553],[77.12995227588907,28.540700286391576],[77.12990648267649,28.540748006638985],[77.12985798328933,28.540794998755675],[77.12982375485566,28.54082768086676],[77.12973683214996,28.540908869986698],[77.12961214259312,28.54100544417319],[77.12947391194983,28.54112575589769],[77.129305321738,28.5412603537058],[77.12921877790767,28.541349899249017],[77.12910691820521,28.541455451020774],[77.12898485988667,28.541593539614226],[77.12888437805057,28.541705555617614],[77.12881974634324,28.541821347642067],[77.1287351772141,28.54193986962617],[77.12867770794857,28.54214374355143],[77.12854928309693,28.542458841755003],[77.12834910415154,28.542984936774065],[77.12808239374533,28.543745149536345],[77.12788662907207,28.54430550431428],[77.12778575861043,28.54455546654109],[77.12772735011751,28.544704791719603],[77.12766937116298,28.5448311687274],[77.1276484217401,28.544860586936437],[77.12757919475466,28.544929365763245],[77.12749788584213,28.544983184034216],[77.12734843197308,28.545071937043254],[77.12667759294949,28.54540481555958],[77.12593966920204,28.545745191475547],[77.12509850967618,28.546131671490294],[77.12436164362677,28.546474605034337],[77.12359487367681,28.545899033805483],[77.12338741151692,28.545765497233216],[77.12318527706246,28.545637927926766],[77.12297859191332,28.545516177249198],[77.12276757212157,28.54540036993079],[77.12259821172256,28.545313978734182],[77.12255243470327,28.54529062798082],[77.12157313711478,28.544836353399187],[77.12140678173031,28.544760764956276],[77.12131134510994,28.544712916868114],[77.12077710725396,28.544466162664417],[77.12068515097528,28.5444271547976],[77.12051570828328,28.544347257949862],[77.12035002598783,28.54426142983914],[77.12018837156168,28.544169809768963],[77.12003100441063,28.544072542583972],[77.1198910667334,28.54398401806108],[77.11975565366859,28.5438901676104],[77.1196250232926,28.54379117219029],[77.11949942771197,28.543687220973883],[77.11940440048281,28.5436071684925],[77.1193139794062,28.543523059372422],[77.11922838321335,28.543435100448214],[77.1191478246664,28.543343506768643],[77.11907250039722,28.54324850446223],[77.11900259388179,28.543150326179042],[77.11893827852293,28.543049211944794],[77.1188797104997,28.542945409272424],[77.11881072960448,28.542835360836623],[77.11874659009865,28.542723053171752],[77.11868738621015,28.542608650841082],[77.11863320614472,28.5424923239156],[77.11809285847583,28.541308124588983],[77.11715268407735,28.539293447535215],[77.11707304519445,28.539100950407867],[77.11698626459027,28.53891087544023],[77.11689243737511,28.538723429570513],[77.11679166370998,28.538538816950588],[77.11668405593889,28.53835723793233],[77.11656972837375,28.53817888922709],[77.11644880650579,28.538003964664508],[77.11634955994208,28.53787460315677],[77.11624408005964,28.537749147438664],[77.11613256362952,28.53762783083631],[77.11601522055427,28.537510879252626],[77.1158922677392,28.53739851126282],[77.1157639341636,28.537290936230914],[77.11563046193837,28.53718835609804],[77.11549209700448,28.537090960113595],[77.11534909947413,28.53699893099059],[77.11520173538679,28.536912441424686],[77.11455347793063,28.53654880323027],[77.1133133342194,28.535919838131523],[77.11256104321458,28.535530021399964],[77.1122789864369,28.535383864907587],[77.11101831727133,28.534730598812367],[77.1099656882181,28.534199127663406],[77.10877443680276,28.53358079950108],[77.10742276154286,28.53288929606072],[77.10670926219633,28.532517723194044],[77.10644178610275,28.53236837253064],[77.10628811315875,28.532268691972046],[77.1061278680586,28.532157579655056],[77.10599676414353,28.5320500430862],[77.1058710838258,28.531937569547264],[77.10575106834904,28.531820370064985],[77.10563694182223,28.531698667662308],[77.105528923423,28.531572694462106],[77.10542721709383,28.531442687335193],[77.10525766983683,28.531212896263423],[77.10481086656206,28.53055311479175],[77.10381703975331,28.529090029813116],[77.10298876214304,28.527858749956334],[77.10213459620637,28.526624527212327],[77.10202202588047,28.52646186585109],[77.10197873655213,28.526399312606127],[77.10195885046201,28.526369617153563],[77.10140949126573,28.525549244605017],[77.10109018107872,28.525072404039918],[77.10019194614314,28.5237362811576],[77.09904732968823,28.522025438286274],[77.09899852231773,28.52195248415191],[77.09898034828447,28.52192531892112],[77.09798914666544,28.520445846966922],[77.09657386640104,28.518369664780664],[77.09620926139725,28.51782184141324],[77.09614397870021,28.517723753294003],[77.09578941664226,28.517191011239962],[77.09495051041976,28.51593216481542],[77.09491603542241,28.515880430864755],[77.09485065255384,28.515782317387295],[77.09415315545513,28.514704957926778],[77.09412853981182,28.514666935140898],[77.09412302237567,28.514658412871487],[77.09378772000666,28.514154627573927],[77.09367509936166,28.513932312008972],[77.09370501906109,28.513924389422936],[77.09390395282641,28.513871715251604],[77.09512602627916,28.513396579012788],[77.09513600255724,28.51327539544511],[77.09667374125634,28.51238065410465],[77.09719732985658,28.51214088121257],[77.09777444328317,28.51183818947699],[77.09819204069933,28.5116842823591],[77.09866430013751,28.511417870585404],[77.09861219470291,28.511342800483938],[77.09844879432627,28.511086320940628],[77.09800506598965,28.510403061170315],[77.09766879693363,28.50987758842831],[77.09705768950833,28.508950293619737],[77.09685165328003,28.50864584246484],[77.09640531808779,28.50793263496014],[77.09573941556613,28.507098387139504],[77.09587632398444,28.506931910685857],[77.0961221069125,28.506647746827138],[77.09637451315172,28.50635233114201],[77.09675943873948,28.505881622047994],[77.09708241168711,28.505508458399458],[77.09750428372247,28.50500094752728],[77.09771233948231,28.504770512657394],[77.09824474390098,28.504553478550317],[77.09898640886561,28.504257148322157],[77.09983356925274,28.50390230881037],[77.10044316919172,28.50365797055837],[77.1007185173162,28.503593090048884],[77.1014590828205,28.503361557405075],[77.10231777141998,28.503075667436857],[77.10267835235369,28.502945496999978],[77.10321630514757,28.502700834405832],[77.1035450237098,28.502529559408718],[77.10423554741868,28.502130021477793],[77.10458219379112,28.501903257378174],[77.10497861500008,28.501660022526632],[77.10513234840015,28.501570124517265],[77.1052013533738,28.501518976002238],[77.10527819759159,28.50146091775521],[77.10531740937782,28.50143464698162],[77.10535498567953,28.501369740339396],[77.10545697558499,28.501324068408863],[77.10588023441363,28.50116693047615],[77.10629285931782,28.500960774680248],[77.10695073522972,28.50065720065794],[77.10780761682658,28.500320602477103],[77.10865388084964,28.499974593763515],[77.10909009741697,28.49979599612951],[77.10959794020197,28.499575701006304],[77.10993056847792,28.499424838767524],[77.11058850378852,28.49911532488653],[77.1111674057164,28.49883983292009],[77.11140898200128,28.498704270597965],[77.11177786323756,28.4985739217155],[77.11202108571304,28.498482514329858],[77.11290585814379,28.49816027228556],[77.11373542588936,28.49793985117256],[77.11374630781621,28.49787773803323],[77.1141699313927,28.497690862153338],[77.11710371474439,28.496374805769257],[77.1205162479751,28.495971253094375],[77.12012368268674,28.494469143993115],[77.11996388021333,28.493410173094187],[77.11967588115556,28.492677680562185],[77.11956574838237,28.49218580999208],[77.1193862672501,28.491578593741664],[77.11910049928882,28.490938624398563],[77.11913389262412,28.490485464375602],[77.11909080469829,28.49014342737314],[77.11909723479917,28.48978888071909],[77.11899725129499,28.48939664742463],[77.11892242632003,28.489113744632355],[77.1188122070701,28.488824671281723],[77.11875413736583,28.48876386382365],[77.1187327879428,28.488698584000993],[77.11871125057647,28.488530675580954],[77.11870392374321,28.488393846414],[77.11865057033276,28.48824153261601],[77.11857248134503,28.488107913505136],[77.11850510957838,28.48803025830938],[77.1183881716975,28.48793712389852],[77.11824645981278,28.487840913294654],[77.11800556578645,28.487685752697747],[77.11792760315984,28.487620552835367],[77.11799951509948,28.487387611719143],[77.11799570544744,28.487238337791954],[77.11798130921498,28.487104628860887],[77.11794572694406,28.486995828575107],[77.11789953064026,28.48688704479806],[77.11786032029417,28.486728490763568],[77.11782103137335,28.48652639704488],[77.11779602039672,28.486392702790052],[77.1175898599896,28.485876735073813],[77.11756201583246,28.485854655848424],[77.11745579087962,28.485761587273196],[77.1172646755941,28.48564377918465],[77.1171158879603,28.485473089260907],[77.11710879541626,28.485460670025958],[77.11694233226775,28.48529000437763],[77.11692107604217,28.485265176769694],[77.1167970404937,28.48509755862933],[77.11668719710832,28.484957886386525],[77.11648199406277,28.484868062024724],[77.11627668881368,28.484722307241793],[77.11626605502002,28.48470678585185],[77.11622346485397,28.48461362767664],[77.11621986843579,28.484579452967804],[77.11621629902908,28.48456081502032],[77.11618437552505,28.484501821608465],[77.11615943918919,28.484396208909207],[77.11614878905299,28.484371365813157],[77.11613437828217,28.48422223778331],[77.11613081572003,28.484206706440016],[77.11583320212026,28.48373352111545],[77.11574034055086,28.48349532911606],[77.1157047116202,28.483359110645797],[77.11568973501011,28.48320409822402],[77.11566016400097,28.483107243340008],[77.11559377136568,28.482968451107876],[77.11555314835681,28.48285546224622],[77.1155088964262,28.48276831748881],[77.11544259085953,28.482677973419758],[77.1153909139737,28.482548849661296],[77.1153724140963,28.48247781846006],[77.11519834024703,28.481686357645454],[77.1150950531643,28.48146363977682],[77.11492690217504,28.48113770492189],[77.11492898363429,28.48024626025767],[77.1143713921848,28.479075498077368],[77.11428070715502,28.478923901614888],[77.1140723880074,28.477334714710572],[77.11382328798551,28.475653648828267],[77.11351704885689,28.47445473862978],[77.11312989043566,28.47239607268475],[77.11287300048626,28.47120431530487],[77.11080193045076,28.471257703780072],[77.11077691868499,28.471055439379178],[77.1127496277109,28.468410828671384],[77.11442217919924,28.46678774680209],[77.11469741260866,28.46654597843499],[77.11576929033421,28.464975751692883],[77.11697963001498,28.463159896897338],[77.11762645520969,28.461881836995687],[77.11817997204325,28.461164797790303],[77.11961635645015,28.45917081347876],[77.12041370640924,28.45797582362701],[77.12176666610294,28.456142354590206],[77.1218542953214,28.455988920587753],[77.12195495651171,28.455767974854897],[77.12201588198963,28.455590169518814],[77.12205665751334,28.455283812409203],[77.1221317503027,28.454489362410023],[77.12213698189004,28.454007362902924],[77.12229726582545,28.44914652062257],[77.12241540827065,28.44584690449468],[77.12689272303432,28.443882566592155],[77.12786650127958,28.443053042601402],[77.12884937610396,28.442817751637673],[77.12937849845268,28.442459810152],[77.12996030892481,28.441954267295785],[77.13109800902849,28.441246019369917],[77.13152140989513,28.441020218942995],[77.1316885911253,28.440717159509568],[77.13154663426403,28.44036797754618],[77.13183530579349,28.440131636468884],[77.13239075258105,28.439703766115613],[77.13280526872252,28.439454684028398],[77.13488749533235,28.438628504069673],[77.13566770210514,28.438564959105804],[77.13637380152274,28.438424118799393],[77.13761792570611,28.43798740203111],[77.13787388057314,28.43793265608462],[77.13848302835255,28.437877360285746],[77.1399656772224,28.437486830545414],[77.13978238796119,28.437158943292665],[77.14037688617941,28.436969693799796],[77.14088211070677,28.43675965745902],[77.1415189632401,28.436892540772664],[77.1422689361404,28.43710059834352],[77.1425843847775,28.437178565577398],[77.14336502521566,28.437317426484924],[77.14377908665084,28.437347972200183],[77.14413010440971,28.43739941905861],[77.14451665210784,28.437471610651382],[77.14466662372696,28.437540712569625],[77.14498615180838,28.437616477607303],[77.14558153183623,28.437618989628653],[77.14579438370468,28.437587444202496],[77.14627767506107,28.437502332264593],[77.14647886794633,28.437554015039556],[77.14681793005904,28.4375430664687],[77.14697541200019,28.437431865043298],[77.14759030151464,28.43733725921214],[77.14800397749319,28.437180567872247],[77.14840683602337,28.43696378810672],[77.1489464016446,28.436678608551908],[77.14926553535487,28.43656714140671],[77.14938760996932,28.43649413251284],[77.14950568156117,28.436393394318927],[77.14962770399201,28.436296115374187],[77.14984412807826,28.436091201833843],[77.15001305847818,28.435933685841363],[77.15042647201328,28.435659107684764],[77.15049058341636,28.435621156926842],[77.15092600402387,28.435435836416673],[77.15123677176496,28.435212040689397],[77.15135354089472,28.435139409070256],[77.15157100178136,28.434931077525547],[77.15177788845773,28.434748467548467],[77.15181233971448,28.43470401121269],[77.15178525804556,28.434465704037407],[77.15179297277676,28.43437313643103],[77.1518326076634,28.434267916055695],[77.1518908950562,28.43418603339626],[77.1519916888375,28.43409940626601],[77.15212169938687,28.434005720077604],[77.15227033605369,28.433923686793527],[77.15291462627764,28.433633974543607],[77.1530364465894,28.433439819970918],[77.15336251895133,28.433077078072092],[77.15357761699879,28.433008953024657],[77.15389094142898,28.43289626546283],[77.15411000765936,28.432799681629046],[77.15434608366058,28.432602998913456],[77.15464335165635,28.43244126467256],[77.15492783869769,28.432048101835615],[77.15497022317422,28.431987274641152],[77.15545123773242,28.432007499776535],[77.15575424570406,28.43204204262158],[77.15593074898929,28.431954234929382],[77.15642928331357,28.431479031349163],[77.15658005695084,28.43138020542719],[77.1569679236755,28.431310617345236],[77.15759837352482,28.43104760262192],[77.15826816971715,28.43078245505028],[77.15860080631492,28.43055096434652],[77.1592236105852,28.430381017073444],[77.15977988844944,28.430255985599825],[77.1599524300617,28.43019436696647],[77.16067664774026,28.429807100291526],[77.16120121819549,28.4295270166595],[77.16173884355938,28.429238822099972],[77.16214601051317,28.4290416598579],[77.16257667912402,28.428837563105635],[77.16259812471367,28.428436280372054],[77.16298988906784,28.42833375123322],[77.16607134589985,28.425541117059844],[77.166227241879,28.425298249940845],[77.16622688808313,28.42514251722328],[77.16528956329931,28.42372630831614],[77.16556338369433,28.422460483655215],[77.16561631617039,28.421399454526437],[77.16561439873215,28.42055265588075],[77.16542717479656,28.41930387067172],[77.16502655864666,28.418331232378772],[77.16475701320601,28.41707106731019],[77.16474346134883,28.415971217767996],[77.16471889264844,28.414890853809307],[77.16506299632415,28.414118594229578],[77.1652612673853,28.413892460209517],[77.16667609104393,28.413150241164768],[77.16782542491525,28.41245713825419],[77.16846634784375,28.412047193953875],[77.169179614393,28.411301090115234],[77.16998432571698,28.40994671223846],[77.17042853049662,28.409712339726898],[77.17100231934761,28.40900077634607],[77.17119628572354,28.408444494102824],[77.17127209836742,28.40773381712169],[77.17136622206746,28.406093061732705],[77.17349895132006,28.404823863608105],[77.17449396189897,28.404432705694084],[77.17509267863416,28.40492802268162],[77.1759919222268,28.405790490077546],[77.17672848389962,28.406379829072254],[77.17722425818347,28.406776857145456],[77.17769176485062,28.407173938374914],[77.1778617509649,28.407310418794584],[77.17848694365456,28.407599570463134],[77.17895403135138,28.40782254727367],[77.17919799504487,28.40795654346427],[77.17970744958727,28.408192812664808],[77.18091991076489,28.40854870263383],[77.18184467268283,28.40902305114783],[77.18251565936687,28.409349702218837],[77.18377168829116,28.40922941172544],[77.18529097210173,28.4090470161907],[77.18550381858527,28.408771451680515],[77.18561579544343,28.40859693493302],[77.18586012385977,28.4077725653656],[77.18669308625354,28.40762709955664],[77.18749012306478,28.40748933784583],[77.18847738494836,28.407338136392983],[77.18862848839804,28.407286266956795],[77.18893993402277,28.40717436381218],[77.18973370826113,28.406800577682798],[77.18997006413393,28.406692935188442],[77.19027824711212,28.40665091244367],[77.19131508018349,28.406908773170752],[77.19177383501027,28.407148919895413],[77.1923786099072,28.407460001236267],[77.19307314453067,28.407808905177426],[77.1935146785826,28.408007653452355],[77.19395699791188,28.408228823535353],[77.19462422093956,28.4083669436018],[77.19484200295881,28.408503097849614],[77.19497593722654,28.408512384343467],[77.1949796378346,28.40854421053811],[77.19585192259495,28.40856477658572],[77.19655399354029,28.408541106438264],[77.19659404139534,28.4086333450056],[77.1994715077562,28.408512880230663],[77.20107462296532,28.40845516663988],[77.20232539351952,28.407882813801088],[77.20422258121151,28.40875716141752],[77.20645771510993,28.40920871992272],[77.20675597954941,28.409268974306865],[77.20703233391616,28.409326735543317],[77.20730388779714,28.40936756104856],[77.20769840124517,28.4093731159132],[77.20821584913433,28.409333848576676],[77.2086069958801,28.409252030069972],[77.2089981419485,28.40917021047133],[77.21028968322797,28.408973345035232],[77.21038974741363,28.40895594539875],[77.21116439463218,28.40878227367012],[77.21269903700698,28.40929168269525],[77.2141064867194,28.4097818264433],[77.21525948317206,28.41027006941552],[77.21591869510239,28.410549211225263],[77.21782237362117,28.41036789350651],[77.2178793667838,28.41040145823287],[77.21776698237797,28.411380441673643],[77.21772441391805,28.41175125618224],[77.2192731065138,28.412077363920346],[77.21982181978018,28.412169226107824],[77.2222423376969,28.41251849658089],[77.22391017503341,28.412485106645963],[77.22453733916598,28.412472544856122],[77.22469727362021,28.412506169373824],[77.22604797050714,28.412790124357773],[77.22624930334884,28.412965392482352],[77.22698632840478,28.41360699069526],[77.2276115623188,28.413630368386368],[77.22909940205535,28.414123025949237],[77.23047035239637,28.414576960572607],[77.23088633180913,28.414714691864067],[77.23288899650682,28.415811672315222],[77.23397259464633,28.415864005411358],[77.23491319759061,28.417478823243847],[77.23808115668446,28.419749897968476],[77.23848898949514,28.420042255753163],[77.24224285842472,28.421128584924325],[77.24444852483609,28.42185444499211],[77.24645484090038,28.422718409832356],[77.2484309546345,28.42356932360149],[77.24961292756318,28.424078261349614],[77.25006156458802,28.424830521639677],[77.25010680145705,28.42490631949675],[77.25095462497336,28.426326896561317],[77.252408597089,28.428454333990697],[77.25254293278746,28.428752455319852],[77.25269016908362,28.42907920457792],[77.2533765159737,28.431107283641552],[77.25281198068912,28.431095674068125],[77.25244058672122,28.431076827327463],[77.25159221154306,28.43103377340157],[77.25086247676671,28.430996735999344],[77.24999333322504,28.430972129051128],[77.24999327080829,28.431037673312716],[77.24998753859224,28.431159859630263],[77.24995754709786,28.431799136066473],[77.2499559763099,28.43192648052586],[77.24994249375261,28.43301956836236],[77.24993849227002,28.433344022050722],[77.24983724607411,28.434581469186583],[77.24988550390064,28.4354721366614],[77.24990968064829,28.435932487254064],[77.24991695475131,28.436563563361698],[77.25013322910507,28.436568054881263],[77.25015243297314,28.437263618661976],[77.25025706802388,28.437978999298487],[77.25039198724276,28.439050035612254],[77.2505695484459,28.4394199384384],[77.25073531418518,28.439654751487094],[77.25086121248454,28.439879650910466],[77.25102960096741,28.440036569793854],[77.25090602563559,28.440567328433186],[77.25098694747395,28.440972490211657],[77.25038973662406,28.441094012758697],[77.25038495058355,28.4413892819187],[77.25024271411047,28.441404632253747],[77.25020414395792,28.44224641784466],[77.25026779185293,28.442586564446263],[77.25028546387112,28.442781692428436],[77.25037227614237,28.44325189864914],[77.25044541265706,28.443591349440695],[77.25036824811548,28.444412251040976],[77.2503578320607,28.44472755108694],[77.25026856483892,28.44531327472393],[77.25022361646369,28.445503548418547],[77.24976380233221,28.44589498044146],[77.24948143347264,28.44630056865471],[77.24923626980329,28.446161024589546],[77.24801045455578,28.447329934856015],[77.2471137753236,28.448627556292415],[77.24690429363667,28.448993368063462],[77.2466351580663,28.4496358899451],[77.24659055580268,28.449724860596955],[77.24641256276345,28.449964294930872],[77.24618389302621,28.45009319015035],[77.24594745060398,28.450149069301],[77.24559253808789,28.450149894771243],[77.24556814577879,28.450408889039167],[77.2454162824694,28.450450420283996],[77.24472982954913,28.45053404824832],[77.2440335578038,28.45070402329076],[77.24354145790028,28.45088563844459],[77.24284386153104,28.450988971825463],[77.24236674141235,28.451186952395258],[77.24210640636001,28.451428949957393],[77.24164429323275,28.452066041022288],[77.24141323710452,28.452352573665372],[77.24129738035312,28.45267112824044],[77.24115984090851,28.45301709792169],[77.241140942797,28.45316446912127],[77.2409416792141,28.45334341951301],[77.24053976665692,28.4536474958909],[77.24031872226833,28.45382513231959],[77.24021368278208,28.453945586885283],[77.23976011805111,28.45400344220293],[77.23960281036916,28.453788417438275],[77.23942609570227,28.453753757835273],[77.23916395572401,28.453729311771248],[77.2386066707463,28.45370302962416],[77.2383132045413,28.453681157473646],[77.23813108141796,28.453744183308718],[77.23772364587761,28.453712550372313],[77.23755697859761,28.454188773612845],[77.2373605686395,28.454236803744593],[77.23711959730196,28.45425289465096],[77.23668718622865,28.454298727921405],[77.23609473765258,28.454290475925436],[77.23559554627194,28.454368410099807],[77.2348376904046,28.45450672673499],[77.23456148060632,28.454633027943544],[77.23448487006873,28.45500477786296],[77.23439574996084,28.455344916645416],[77.23433778348972,28.45571662544009],[77.23431632369518,28.455817764966877],[77.23430836404641,28.456287719315117],[77.23428560848494,28.456425888542277],[77.23397906882202,28.456811815486304],[77.23356328382461,28.45703405393296],[77.2332778211283,28.45718769536912],[77.23325636242703,28.457289964413903],[77.23319487327271,28.457519606086393],[77.23312374458452,28.457639982317296],[77.2330592329302,28.457899684721735],[77.23314042839259,28.458036112482155],[77.23304732418904,28.45808003559743],[77.23306989862185,28.458670282048136],[77.23309226097278,28.458880610915287],[77.23307464869103,28.45923856791494],[77.23316342576526,28.459847649667893],[77.23319334735905,28.459867462554985],[77.23367931737343,28.460397490328603],[77.23374500153716,28.460510134416023],[77.23367014588675,28.460574145534732],[77.23353400117746,28.46081797866446],[77.23357095720486,28.461041349365914],[77.23338763321995,28.461265211836277],[77.23344313529779,28.461481608206263],[77.23336774189283,28.462196826527688],[77.23336562936697,28.462303237828312],[77.2332603663081,28.462711608029508],[77.23314808153117,28.463226865285957],[77.23311332803438,28.46328534425283],[77.23297083126471,28.46348218251468],[77.23295042169107,28.46363944338902],[77.23317140467645,28.463785683886115],[77.23316044489029,28.46411848111172],[77.23321223925036,28.464386301308938],[77.23324354439818,28.464905042434555],[77.23319960908265,28.465172406579473],[77.2332058092808,28.46566466269334],[77.2331748862094,28.466309314711783],[77.23309230038356,28.46661082925891],[77.23320757511344,28.467062860629138],[77.23335524141089,28.467620647856172],[77.23354501741669,28.468309351213293],[77.23364763345688,28.46882328498216],[77.23380440671522,28.469436076120722],[77.23407922992101,28.470320634266187],[77.23470472293846,28.471186539335733],[77.23590650129897,28.471757980116063],[77.23654528489566,28.472063109567262],[77.23716296679302,28.47253592893838],[77.23767392701373,28.47295925378682],[77.23800979250011,28.47335486717311],[77.23841950439919,28.473809861358166],[77.23861436773052,28.474055944964864],[77.23897035169398,28.474484857133557],[77.23940068964383,28.474855953608024],[77.2401070136576,28.47542274917037],[77.24040994602646,28.47558541529133],[77.24093240639424,28.47585410960853],[77.24158968026286,28.476350452681633],[77.24213170737619,28.476842867268502],[77.24243959480106,28.477127768975322],[77.24273242812282,28.477362918061033],[77.24304593337047,28.477532511643336],[77.2437829992418,28.47775832831006],[77.24443931448454,28.47792450856708],[77.24494350193969,28.4780595934687],[77.2450330476763,28.478098689394784],[77.24576362830094,28.47865313518258],[77.24602969469734,28.478904063170184],[77.24646019723674,28.47931444250628],[77.24686065764256,28.479777144218804],[77.24704581292228,28.479886763399684],[77.2472192263237,28.48005667585912],[77.2474403839438,28.480242197644163],[77.24810563823287,28.48040309640864],[77.2486753204551,28.48050395062742],[77.24895854552666,28.48053836500428],[77.24940339612513,28.480760042066763],[77.24955263850161,28.480822577096735],[77.25010769850269,28.481015168697283],[77.25042723323611,28.481171646121915],[77.25120342923928,28.48153665025191],[77.2521137817779,28.48198393370381],[77.2523167837055,28.482066616867804],[77.25265494760316,28.48214897779816],[77.25299320771532,28.48226301813088],[77.25327762103488,28.482448466446108],[77.25381908621885,28.482712502818078],[77.25433764584977,28.48285382838372],[77.25474552282675,28.48303276820426],[77.2558464051672,28.483533064752873],[77.25659089563337,28.483883722952722],[77.25744355316041,28.484125522711775],[77.25866611819134,28.484377875476195],[77.25913597428271,28.48447107436669],[77.25970054710272,28.48462285268671],[77.26003628419232,28.484728166439456],[77.26058514864604,28.484880127304052],[77.26144925013186,28.485115713355203],[77.26169092338245,28.485172609024435],[77.26259101312242,28.48540194040073],[77.26296529900465,28.485498308421267],[77.26325065450992,28.48558015361673],[77.26339157594259,28.485596021875832],[77.26401697889222,28.48565668326788],[77.26427537837311,28.485698794148316],[77.26478195196808,28.485732922484875],[77.26567918079667,28.485754605893572],[77.2658284985029,28.485773399361612],[77.26583688346908,28.485773378660692],[77.2660784703725,28.48580226108026],[77.26635861382367,28.4858266256884],[77.26666061101331,28.485867149533185],[77.26697934334501,28.48593638732645],[77.26713373036338,28.48596695792204],[77.26729483846215,28.486001933909968],[77.26744922958054,28.486033978391934],[77.26764556057053,28.48607034134488],[77.26795429568126,28.486119689593636],[77.26816234272309,28.486148651574283],[77.26840934823369,28.486185300885314],[77.26894231419709,28.4863292231296],[77.26958851632749,28.486488470277926],[77.27005705489915,28.486580097934066],[77.27070551511476,28.486706245205358],[77.27197904610887,28.48693527805652],[77.27202204156998,28.487287005350048],[77.27216669162458,28.48816742765863],[77.27226642995012,28.48836965170869],[77.2723879126176,28.488944327830826],[77.27247867152758,28.489230035083843],[77.27249877111743,28.4893349466877],[77.27250781459702,28.489420608167848],[77.27253687585822,28.489597680954663],[77.27254514753216,28.489799273370565],[77.2725465052214,28.489879178735716],[77.27255772178503,28.489959058170864],[77.27258317405008,28.49003793980722],[77.27260076264736,28.490196807031474],[77.27262594372563,28.490476221182483],[77.27262762146572,28.490598558803036],[77.27267788691326,28.490787955647075],[77.27271314402999,28.491024693230244],[77.27289603556856,28.491107288030324],[77.27304947737477,28.49116638642388],[77.27314369731037,28.49119177476282],[77.27324214922137,28.491227441330427],[77.27328432625302,28.491237436703823],[77.27338402834053,28.491265243284122],[77.27344284758453,28.49128754239649],[77.27350679221487,28.49131544005918],[77.27354391921766,28.491343405640094],[77.27358224906588,28.491348920529155],[77.2736142351465,28.49136679715351],[77.2736629481476,28.49142279380168],[77.27373485365284,28.491518563502016],[77.27392577450306,28.49171225401705],[77.27409472389449,28.491826309055572],[77.27423673258691,28.491903393841586],[77.27436865491934,28.49197375301678],[77.27452227382899,28.492080967697014],[77.27491509707987,28.492311182630765],[77.27497521200033,28.492339089538604],[77.2750812601467,28.492354532063107],[77.27517702970444,28.49235092095066],[77.27521881887448,28.49235475785242],[77.27537812803999,28.492348262755907],[77.27557504538296,28.49239197538242],[77.27573119294328,28.492574919241694],[77.27598556392898,28.49275495808225],[77.27628985524876,28.492913398798315],[77.27645846797087,28.49299177231076],[77.27668392452101,28.493105382457614],[77.27692834541598,28.493213722738492],[77.27708235194102,28.49330178248846],[77.27729324016153,28.493436336568344],[77.27734923782398,28.493767495983903],[77.27781118006637,28.493689619002005],[77.27805443012619,28.493650394663927],[77.27812210570606,28.493640571114703],[77.2782446827618,28.493632214408432],[77.27832710382518,28.493654517974495],[77.27839118586593,28.493678610538513],[77.27846266015774,28.493710592197484],[77.27853598040693,28.4937473934806],[77.27853964059766,28.49374738443285],[77.2786257219927,28.49376967876072],[77.27867695944937,28.49376954672279],[77.27876652371181,28.493738758679438],[77.27883415562367,28.493716068194434],[77.27890913360291,28.493701400186396],[77.27898049502014,28.493699607778172],[77.27905369148024,28.49369941947106],[77.27912329817559,28.493720147373445],[77.27925520815579,28.493766446271767],[77.27939558515723,28.493817697227097],[77.27945588484597,28.493851922990757],[77.27953125730436,28.49389404427661],[77.27965170742578,28.493917535202957],[77.27973600167509,28.49392789646572],[77.2798052497459,28.493938296296232],[77.27986849625083,28.493954001101166],[77.27993484101269,28.493996145508966],[77.2800373053503,28.494040840827605],[77.28012756481812,28.49403531829016],[77.28027787500386,28.493989968544557],[77.28041610418003,28.493931427166196],[77.28051531941493,28.49390472300244],[77.28071372410736,28.493843380313884],[77.28083395029714,28.493800752730074],[77.28096317764495,28.493750168381705],[77.28107444680688,28.49372872111494],[77.28120692359683,28.493749535619937],[77.28131845059407,28.493804785066732],[77.28143921124158,28.493920839575136],[77.2815116815799,28.493994703463123],[77.28165638222873,28.49407102483404],[77.28176794643699,28.49413685330018],[77.28190042485058,28.494157667073267],[77.28202696420611,28.494202298480083],[77.28210534782225,28.494277076861234],[77.28222234577285,28.49428362645217],[77.2824452597934,28.494313019742826],[77.2825863988303,28.49436460548275],[77.28268201754466,28.494402321891222],[77.2829069961372,28.49436976405485],[77.28301620285254,28.494391459462022],[77.28307061997172,28.494347356974732],[77.28325719657002,28.494388832774792],[77.2835028597859,28.494422160284604],[77.28356208072239,28.49445397697733],[77.2835986883038,28.494521819734498],[77.2838341158853,28.494613600855875],[77.28392520315361,28.494655325527273],[77.28401851582606,28.494683056397452],[77.2841549809531,28.494696686497235],[77.2842823841744,28.494720331531994],[77.2843801496184,28.49472007553761],[77.28454153572778,28.49470766446428],[77.2847302581154,28.494711166134845],[77.28505780594219,28.494754267691032],[77.28508292343813,28.494786172717742],[77.28514831359128,28.49490267220098],[77.28540766858815,28.494949948697062],[77.28566039878702,28.49505518880658],[77.28574038054165,28.495229453067687],[77.2860101632008,28.495465137338222],[77.28619380975533,28.49545120113321],[77.28657105023485,28.495531972533414],[77.28712222613866,28.49565108756409],[77.28758086432731,28.49571318754946],[77.28766420411196,28.495826160547207],[77.28797881103176,28.496044259484652],[77.28843392048921,28.496143694976286],[77.28880966385316,28.496221359728928],[77.28923783719874,28.496310394636012],[77.28952620017506,28.4963710213858],[77.28985174832468,28.49645265269273],[77.29027252800634,28.496381966570002],[77.29052343264664,28.496341010007182],[77.29125365320171,28.496235520158287],[77.2917577528573,28.49618429201271],[77.2919934616192,28.49616831394304],[77.29230115369928,28.49613679388309],[77.29288384054695,28.496087270889312],[77.29328990896504,28.496044485529197],[77.29379400209358,28.49599324999959],[77.29372037587723,28.495536839457763],[77.29439573614937,28.495416030090283],[77.29452881719551,28.495392649784993],[77.2946247817478,28.495367450157257],[77.29480560626492,28.49526336298437],[77.294875670932,28.495215415973835],[77.29517268178427,28.495144524488353],[77.29547338222693,28.494746533437393],[77.29561726183731,28.494425429086018],[77.29590728548713,28.494431017506223],[77.29668899144625,28.494414443448107],[77.2976532916208,28.49442457187852],[77.29792582651464,28.494619260845482],[77.29822449527565,28.4944061611054],[77.29830246299728,28.49439710353856],[77.29861670835031,28.494321063480786],[77.29876204164582,28.49432637772506],[77.29907576018458,28.49423468671457],[77.2992426445228,28.49421326977053],[77.2995105542945,28.494161318205954],[77.29949531920207,28.49431607280218],[77.29938776785926,28.495003532769672],[77.29920940677474,28.495778446639598],[77.29915365597677,28.4960206604098],[77.29914852693732,28.49604294293822],[77.29895794179839,28.49665723544435],[77.29855014545022,28.49787965575046],[77.29816067839415,28.49854778380106],[77.29799871256692,28.49873825702599],[77.2978345816162,28.498691250654797],[77.29768985745322,28.49864980224536],[77.29751549373086,28.49859972759822],[77.29733092658995,28.498554259895137],[77.29714434580808,28.49851573643692],[77.29695608478896,28.498484226468054],[77.29676648380837,28.498459786486865],[77.29656189142088,28.498441189193052],[77.29640051051943,28.49844306264826],[77.29624971382236,28.498453186894345],[77.29609993188058,28.498471638885526],[77.29595175345717,28.498498347322563],[77.29580576042962,28.498533205836605],[77.29566252788814,28.498576077498637],[77.29552261698935,28.49862679494027],[77.29538657900176,28.498685158480512],[77.29525494921936,28.498750938032913],[77.2951282439576,28.49882387586281],[77.29500696151631,28.49890368386413],[77.29489157925336,28.498990049924213],[77.29477377083234,28.499090089222022],[77.2942773275952,28.49963353252997],[77.294227623302,28.499684665171404],[77.29333714408874,28.500659402859785],[77.29322505491947,28.50078209594585],[77.29321496813036,28.500789901198775],[77.29317758118316,28.50081764091323],[77.29313001417339,28.500847364207402],[77.29307982331049,28.50087350285637],[77.29302735303318,28.500895878710352],[77.29297296460521,28.50091433589248],[77.29291703118571,28.500928749002867],[77.2928599387329,28.500939017689426],[77.29278784664807,28.500946562023614],[77.29225120094513,28.500998805991735],[77.29208926531423,28.501008759130368],[77.29191249933594,28.501026039664204],[77.29173667733619,28.501049665031992],[77.29156209059057,28.501079597843674],[77.29138902806086,28.501115788117833],[77.29123309180119,28.501154384401374],[77.29110304307723,28.501181390989167],[77.29082573364494,28.501232970998636],[77.29078248184457,28.501240088398667],[77.29066625257644,28.501258369397846],[77.29046913108917,28.501289374644614],[77.28891895944882,28.50150008009984],[77.28794945047522,28.501634093857298],[77.2869781589903,28.501770880001498],[77.28653035683855,28.501839755966824],[77.28651584820685,28.50184184801508],[77.28608645695996,28.50190376292986],[77.28564181524634,28.501963615163387],[77.28519122444607,28.502019964171453],[77.28495149903473,28.50205365414929],[77.28471980543958,28.502079798286026],[77.28448731205752,28.50209964320019],[77.28425423913922,28.502113169844012],[77.2840208050495,28.502120366421074],[77.28378723027345,28.502121224709832],[77.28353976395547,28.502115417348616],[77.28324424012055,28.502119520268774],[77.28310826510376,28.502115338106314],[77.2829509885535,28.502118915109982],[77.28279424625114,28.50213089121349],[77.28263861025466,28.502151224326138],[77.2824756384191,28.50218151346301],[77.2823212992657,28.502226081073395],[77.28217905016575,28.50227553331085],[77.28204034960983,28.50233230907568],[77.28191191878933,28.502393249413156],[77.28108476928868,28.502806718123495],[77.28055185350209,28.50310797625783],[77.28040224964833,28.503190398265243],[77.27986030129178,28.50351020547311],[77.2791530183503,28.503875962000155],[77.27808905760568,28.504391898133857],[77.27738259857992,28.50474242515715],[77.27719688319002,28.504834571186944],[77.27651937207446,28.50517747257414],[77.2762481343506,28.50530148876263],[77.27597044387055,28.50542066448568],[77.27568941914132,28.50553357600455],[77.27540524153633,28.505640153490795],[77.27511411210172,28.50574171561278],[77.2747749240124,28.505858995615],[77.27443576692768,28.5059721878837],[77.27408403331614,28.50608538596631],[77.27315730059267,28.506430626158924],[77.27275447322407,28.506594821585605],[77.27236861441503,28.50676190619549],[77.27198663829876,28.506921958354486],[77.27170793719246,28.507034879908037],[77.27165277309119,28.507057230573388],[77.27160236133359,28.507077655689468],[77.27120516583068,28.507233154742043],[77.27101302539404,28.507318373184788],[77.27083157364147,28.507393082539142],[77.27063634056812,28.507467425632665],[77.27058544885232,28.50748873361441],[77.27055516449002,28.507498581993975],[77.2705240004486,28.507505989081128],[77.27049220980102,28.507510895606213],[77.27046004908945,28.507513261189626],[77.27040662555483,28.507512940604354],[77.27028809366544,28.50751437591201],[77.27018042101687,28.507512245193947],[77.27005994960348,28.507506012708603],[77.26992769875855,28.507502875972758],[77.26979109398411,28.507506201770337],[77.26964540944674,28.507516773730377],[77.26950921615004,28.507539412773703],[77.2693836627784,28.50756675341953],[77.26926633479053,28.507598517533285],[77.26828784395573,28.50788365328835],[77.26718327098116,28.50822378530537],[77.26703250774712,28.508276443799932],[77.26692811677012,28.50831564763543],[77.26683493493672,28.50834605210894],[77.26674020482055,28.50837245911247],[77.26663352639359,28.50839727802976],[77.26598862499603,28.508552916564366],[77.26534162045014,28.508706502020903],[77.26469289655697,28.508870735624317],[77.26449086725216,28.508936275279495],[77.26436757850693,28.508980928919105],[77.26416128908566,28.509066063472478],[77.26396080716978,28.509156160890523],[77.26376386042494,28.50925215052035],[77.2635706712388,28.50935392400777],[77.26338145778259,28.509461366753975],[77.26320328250732,28.509570174535735],[77.26307802598501,28.50964505361833],[77.26270230251221,28.50989639502404],[77.2624742925541,28.510069100317487],[77.26206641075639,28.51037651628169],[77.26184532278134,28.510559053811566],[77.26153340665965,28.510738999826106],[77.26148360142683,28.510773044623335],[77.26099805384239,28.51110494374214],[77.26080463757856,28.511237153798376],[77.26076187627554,28.511270251002713],[77.26074244055918,28.511282180501233],[77.26070377523915,28.511300618788038],[77.26019729245085,28.51153841329174],[77.26005463067003,28.511593049866857],[77.259903027029,28.5116442584533],[77.2597199518758,28.511698093698396],[77.25963909062864,28.51173149061175],[77.25959113380571,28.511747167918696],[77.25954187113351,28.511759283087727],[77.2594916420012,28.51176775197312],[77.25944079148115,28.511772517403227],[77.25938966924996,28.511773546491977],[77.25933862552274,28.511770831608516],[77.25928801107251,28.511764391279236],[77.2592381752067,28.51175427112386],[77.25919436255462,28.5117419213863],[77.25829062417411,28.511386740899948],[77.25767206296767,28.511145410485497],[77.25755754248806,28.511110104078444],[77.25744206951784,28.511082492692413],[77.25732465912853,28.511062231783946],[77.25720591207791,28.51104942414986],[77.25708301847804,28.511043985651817],[77.25694130369145,28.51104889403056],[77.25680343298716,28.51106263936592],[77.25666706989779,28.511085255979538],[77.25655695019664,28.511111008572122],[77.25644597798319,28.511131123367385],[77.2562792640006,28.511149459940164],[77.25610156119149,28.511165321632365],[77.25592298581788,28.51117757764419],[77.25577402349906,28.51118508826026],[77.25561637363836,28.511196738279832],[77.2554663399994,28.511211365481557],[77.2553107679239,28.511224943101453],[77.25522098694657,28.511230312775435],[77.25333367645446,28.511371945255686],[77.25277222672305,28.51142285477513],[77.25221563576089,28.51146781299258],[77.25165705692736,28.511507412579196],[77.25148655154383,28.511518973200033],[77.25104869437496,28.51154582921769],[77.25065569926781,28.51158082790226],[77.25027158852905,28.51160854934333],[77.24988695266985,28.5116298325091],[77.249492545542,28.511645031737828],[77.2494207805303,28.5116497112301],[77.24895278918322,28.51165579192314],[77.24847128397225,28.511667248551326],[77.24798997255631,28.5116839010157],[77.24750892838709,28.511705748105626],[77.24703417309648,28.511732451099686],[77.24642228856273,28.51175660870528],[77.24580485795481,28.51178756553692],[77.24519488304452,28.51182465816295],[77.24463194435421,28.511846644286067],[77.2441552466214,28.511869983988642],[77.2438569939616,28.51188668104984],[77.24383732172659,28.51188778291403],[77.24349845857041,28.511907734232878],[77.24253447724226,28.511951502038198],[77.24230974026585,28.511953611840884],[77.24207136342324,28.51196249430398],[77.2420501933725,28.511963874177102],[77.24181417970537,28.51198026478049],[77.2415739255374,28.512003505621518],[77.24133458882643,28.51203323095169],[77.24109639468863,28.512069412701408],[77.24085956508247,28.512112018343064],[77.24063343132345,28.51215911103333],[77.23990535566223,28.512298395500437],[77.23916864240522,28.512433151919733],[77.23871883092386,28.51252388569514],[77.23827212296007,28.51261747221826],[77.23783701446871,28.512712028321797],[77.23761795016644,28.512749658246783],[77.23738551118173,28.512795955341385],[77.23715473156446,28.512848331376738],[77.23692581561754,28.512906739688177],[77.23670532007374,28.512969325483564],[77.23617215912189,28.513117987849533],[77.23560787796576,28.513245002107553],[77.2344696699651,28.51352721463745],[77.2337175927832,28.513698085925327],[77.23322559137071,28.51378807734271],[77.23280504883807,28.513875938522137],[77.2319685269361,28.51404245813502],[77.23066601306101,28.51433152794838],[77.23041296852614,28.514414205352764],[77.22800479347391,28.514956130843945],[77.22769939518706,28.51502485292495],[77.22767813744618,28.51502963635509],[77.2246573672897,28.51564760424471],[77.22435851468698,28.515708738075617],[77.22422246615648,28.515736567818372],[77.21839923858951,28.516927615050335],[77.21787420692125,28.517047709964398],[77.21735469708493,28.51716007032769],[77.21683354455413,28.517266335315064],[77.21630987845805,28.517366672506213],[77.21615087544004,28.517395948059246],[77.2159919239023,28.517430717544162],[77.21572995605558,28.517487738091944],[77.21547075365862,28.517538425861456],[77.2152102612662,28.517583666298975],[77.2149486264646,28.5176234317244],[77.21469062944894,28.51765709828805],[77.21450079962642,28.51767366690738],[77.2142365839589,28.517702882860554],[77.21397332037705,28.51773816784084],[77.21371064030473,28.517779582903334],[77.21244946467394,28.51801186531632],[77.210170977087,28.518521316791993],[77.20798049211137,28.518986286735426],[77.20660019826354,28.519306242591735],[77.20650823389467,28.51933169460054],[77.2057202667048,28.519522881739082],[77.20570347657365,28.51952644872922],[77.20545891333958,28.519572192527303],[77.20521302620223,28.519612013072404],[77.20494850763887,28.51964827748223],[77.20454835411189,28.519726951406067],[77.20345697091192,28.51999109123316],[77.20343155382658,28.51999615949164],[77.20209673964813,28.52026871904021],[77.2011767533615,28.520499091933033],[77.20079326805423,28.520583625842892],[77.20072805447084,28.520598739586745],[77.20060422118398,28.52063435240483],[77.2004829418784,28.52067626326097],[77.20035030478275,28.520730149254756],[77.20011841817747,28.52086182314584],[77.19990999055463,28.52097354581318],[77.19969835701016,28.52108046304529],[77.19948365805608,28.521182502171555],[77.19926603840379,28.521279595867778],[77.19905759517064,28.52136668574181],[77.19712021662208,28.521985457665636],[77.19699383000322,28.522011101223175],[77.19690197006021,28.52202773877612],[77.19681509458403,28.522039156144903],[77.19672764365224,28.522046373550744],[77.19663987734464,28.52204936964138],[77.19654822278852,28.522048081301993],[77.19446846110283,28.52195531143955],[77.19436328034774,28.521971923446085],[77.19417335978392,28.521997133860054],[77.19397171694611,28.522031561802656],[77.19377187734308,28.52207339976806],[77.19357419187604,28.522122574424955],[77.1933790040193,28.52217899902925],[77.19320732392949,28.522235743866375],[77.19220393284398,28.52249508501231],[77.19047342443896,28.522942340371998],[77.1902779293809,28.522992865447407],[77.19023605138362,28.522876740077002],[77.19001720041197,28.52210566558386],[77.18991506058984,28.521729353949187],[77.1898946270738,28.52163901318705],[77.18988910867938,28.521573060160616],[77.18985510176384,28.520973502566275],[77.18982209487855,28.52056625127557],[77.18977151047719,28.52002293234202],[77.18968939316116,28.519199076089553],[77.18961998019093,28.518602153528423],[77.18960061326848,28.5181598848714],[77.18955477389488,28.51800769308318],[77.18949018763288,28.517874827612342],[77.1893557833944,28.517634965027458],[77.18879645328666,28.51667521784854],[77.18851205076055,28.516157219289912],[77.18833610823518,28.515885795544317],[77.18820277693995,28.515730912817656],[77.18800843781159,28.51552098263832],[77.18776522050068,28.515259124376968],[77.18767195250632,28.51515710214352],[77.18760114523585,28.515081435195174],[77.18732732948443,28.514778754337012],[77.1869597716388,28.514364744146064],[77.18660255539437,28.513953091873525],[77.18616551021178,28.51347902549856],[77.18564041048121,28.512904407197418],[77.18541595424027,28.512647540591033],[77.18504591467605,28.512229749522852],[77.18471736465881,28.511851967562613],[77.18447158676469,28.511592031435068],[77.1843048140955,28.51146559673214],[77.18407975558337,28.511363031079554],[77.18375836761149,28.51128005987322],[77.18368924683165,28.511267083497657],[77.18307749530044,28.511148863355274],[77.1824876024378,28.511017997093695],[77.18175710865435,28.5108642115415],[77.18165176405444,28.510830277967486],[77.18154582940292,28.510767677673865],[77.18144473163954,28.510692070500646],[77.18135920348396,28.510619221484248],[77.18127567820056,28.51053935370649],[77.1809347224231,28.510181831848815],[77.18048170100731,28.509729446926002],[77.18012183074818,28.509371694955174],[77.17991768503828,28.509244670497047],[77.17975780026086,28.50916974281315],[77.17955762333635,28.509109549139314],[77.17936484229266,28.509075138052694],[77.1791857979616,28.50906335627022],[77.17894607057015,28.509050930770776],[77.17867652198446,28.5090450340169],[77.17816882567764,28.509033687301706],[77.17806913259084,28.509023003728565],[77.17801032165964,28.50900331012354],[77.17794254057182,28.508965503079253],[77.177896123644,28.508929212205654],[77.17776998621595,28.50874274845732],[77.17756208584026,28.508365817579435],[77.17750330186351,28.508264630702435],[77.17745094387442,28.508144086493502],[77.17733091632702,28.507877546671956],[77.17729151896594,28.507796066573707],[77.17724572038365,28.50771723987925],[77.17719374728725,28.50764146086478],[77.17713585764778,28.507569104356552],[77.17707234081118,28.507500531143293],[77.17700351226287,28.507436081743872],[77.1760068304141,28.507634864823466]]],"crs":null},"id":2,"type":"Feature","properties":{"area":155.19666638,"zone":"J","id":0,"SHAPE__Length":67087.06523070196,"objectid":2,"SHAPE__Area":155196666.37804267}},{"geometry":{"type":"Polygon","coordinates":[[[77.16935296859552,28.67349182156169],[77.16908173072589,28.67412286397067],[77.16867084015048,28.674964673766066],[77.16846363320774,28.675309147853064],[77.16831957000377,28.675548647276305],[77.16820468283603,28.67573964213549],[77.16816194787262,28.67581571489276],[77.16815561573702,28.675826986684115],[77.16810653392265,28.675802465635897],[77.168093305976,28.675795858061115],[77.16795732966995,28.675727924999546],[77.16788292817603,28.67569075516557],[77.16782392993697,28.675655232448705],[77.1675842680043,28.675510932620657],[77.16729003534606,28.675325520063453],[77.16700036398684,28.67513460380368],[77.16671538769036,28.67493826924999],[77.16643523625586,28.674736608191246],[77.16616003739661,28.674529710645917],[77.16588991690674,28.674317672979754],[77.16572747636575,28.67419967703616],[77.16556057587796,28.674086624616148],[77.16538941047679,28.673978647024413],[77.16521417710851,28.673875869219682],[77.1650350797646,28.67377841063485],[77.16485232537232,28.673686384340872],[77.16466612479901,28.673599896128085],[77.16447669595762,28.67351904626146],[77.16379566370745,28.673279624039406],[77.16311229184006,28.67304544367955],[77.16299314540142,28.67300566483383],[77.1627396836832,28.67292104284776],[77.16242663387357,28.67281652504785],[77.16218493153292,28.672780820403208],[77.16194459149557,28.672738560966696],[77.16170584379235,28.672689786379657],[77.16146891452851,28.672634544468323],[77.16123402884075,28.67257288578282],[77.16100141104516,28.67250487081315],[77.16077128142068,28.67243056282212],[77.1605438583654,28.672350033224618],[77.16036398247468,28.67229018452339],[77.1602800732234,28.672259989707264],[77.16018597867694,28.672226130787475],[77.16000997276635,28.672157918739487],[77.15986713089576,28.672098505993883],[77.15983609053602,28.672085595102892],[77.15981539102079,28.672072659035113],[77.1598142893641,28.672071971023357],[77.1597373987027,28.672023919368655],[77.16049327891898,28.67171680721901],[77.16177273449829,28.671196954537752],[77.16469005021155,28.670043331023603],[77.16487023212194,28.6699720779975],[77.16515044552332,28.669861264269308],[77.16558617025804,28.6696889520097],[77.16572617578981,28.669633584917023],[77.16657984965377,28.669295982824185],[77.16883264770911,28.668377334633256],[77.17101612407954,28.667544967157],[77.17266134779952,28.66698323119235],[77.17254993174122,28.666524383986566],[77.17231514012884,28.666557225921927],[77.17201022583109,28.6665756823695],[77.17166834388335,28.666594070781528],[77.17123705980228,28.666617047775734],[77.17052874239965,28.66658077895138],[77.17042682988703,28.666564628137024],[77.17037940389254,28.666557112808732],[77.17012897411368,28.666517425752463],[77.16973091411973,28.66645434172393],[77.16963712889934,28.666425885428353],[77.1694340723846,28.666364273587114],[77.16935587441132,28.666340546999933],[77.16913402848041,28.666273233799515],[77.16804764348562,28.66576707440422],[77.16801453806036,28.66575165035766],[77.16787553355692,28.665686885258097],[77.1646329905345,28.664176058359697],[77.16364774520525,28.663718400145513],[77.16347107854766,28.663636335315015],[77.16337854675342,28.663593352834337],[77.1630538783158,28.66344253673649],[77.16262073947756,28.66325268633359],[77.1613817072905,28.6627361248112],[77.16102933982452,28.662579890004967],[77.1600897012647,28.662176628308263],[77.15966951222508,28.661959878752835],[77.15948645578882,28.661863248137124],[77.15923828873254,28.661719670047805],[77.15892426507224,28.661538635497106],[77.1582891174517,28.66110019702536],[77.15801378722624,28.660894596418817],[77.15768674133204,28.66062622218729],[77.15728629317164,28.660280612851793],[77.15723727351964,28.660245810215557],[77.15694636214252,28.659913111990157],[77.15688927535574,28.659847824695504],[77.15641888877549,28.659309863971295],[77.15587382155356,28.658702814521458],[77.15558542385659,28.658365052579004],[77.1553891583081,28.658138277119],[77.15519960597291,28.6579221380972],[77.15496335513444,28.657645865132157],[77.154750637646,28.657408608666383],[77.15459581051823,28.657222712249],[77.15423554410889,28.65679801047925],[77.1538793989321,28.656376105939685],[77.15353630119459,28.655956857584897],[77.1532901424086,28.65567214452277],[77.15304974070224,28.655390920614046],[77.1528606452874,28.655166268264125],[77.15173174524924,28.654050198549363],[77.15159260545894,28.653887324572462],[77.15152015435524,28.653802514955036],[77.15047649226445,28.652580806780037],[77.1498164799687,28.651793366967446],[77.14976267004955,28.65172916744721],[77.14915996994577,28.651010089747178],[77.14833057410887,28.650070099601354],[77.1482993807929,28.650034747086792],[77.14825138134833,28.649982773778017],[77.14802668617776,28.6497394731262],[77.1479714981052,28.64967971501956],[77.14653321870188,28.648122302738468],[77.14615245473874,28.647709988669966],[77.14610020436177,28.647652889141316],[77.14473601402685,28.64604579688701],[77.14438957976596,28.645651667050878],[77.14433168077885,28.64558579650902],[77.14302728516698,28.64410178068501],[77.14261355885913,28.64358641447287],[77.14254976122162,28.643506943068356],[77.14157814987816,28.64229660680134],[77.14086839125115,28.64136273584163],[77.14081263060305,28.641289367747095],[77.14064681509646,28.64107119180485],[77.1393990822993,28.639596487955256],[77.13863314987614,28.638691198756863],[77.13831890745922,28.638338674163773],[77.13603789733509,28.635779688460936],[77.1351088036416,28.634737321622833],[77.13402778030681,28.633512917290126],[77.13395236657136,28.633427499413354],[77.13255387301065,28.631843456686745],[77.13249634214772,28.63177829103679],[77.13250442334846,28.631757041745036],[77.13258266072602,28.63155601162461],[77.13288675196098,28.630774642906125],[77.13328434401883,28.62970394134315],[77.13369909478028,28.628647115766668],[77.13411467711441,28.627588149252468],[77.1344814235619,28.626653608440346],[77.13458099180498,28.626393014801565],[77.13487592822844,28.625600865839782],[77.13524361528282,28.624679715772984],[77.1355943330698,28.62377139331351],[77.13593206504576,28.622862809192718],[77.13599955251645,28.622684183245678],[77.136290075665,28.62193233770169],[77.13642849733748,28.62156574008044],[77.13658709007213,28.621124626769813],[77.13666093626638,28.620890019577377],[77.13669020009164,28.620783246650998],[77.13671492120558,28.620674894136656],[77.13673634509696,28.620557790720788],[77.13674388870405,28.620450048351714],[77.13675412393891,28.620364579358515],[77.13676392341046,28.620262291942424],[77.13676468212932,28.620113050348927],[77.13687432111627,28.620102147579217],[77.1372371933828,28.619970425533154],[77.13725327282224,28.61996266562769],[77.13736430177644,28.619922361476444],[77.13743971531,28.619872686485284],[77.13744077558292,28.619872174394104],[77.13744893864062,28.619866610135777],[77.13751721062472,28.619820077701725],[77.13784756720669,28.61967282583219],[77.13810063924774,28.619437384184703],[77.13836241842941,28.61919094273866],[77.13867546794012,28.618930050558784],[77.13874914897984,28.61880637981461],[77.13897017345725,28.618627773410058],[77.13908545227737,28.618534618687438],[77.13938433150004,28.61829309649623],[77.1396652649633,28.618308404022084],[77.14046123735874,28.618313415127535],[77.14172719885568,28.61838127518622],[77.1422380875123,28.61903974115723],[77.14234361741815,28.6191757543715],[77.14273145688901,28.619590625062813],[77.14282621690118,28.619691989157502],[77.14311767821293,28.62000376150972],[77.14332207982014,28.620222404851017],[77.14415989151827,28.621014484960632],[77.14459484863596,28.621198702651437],[77.14524965325323,28.621476028846768],[77.14546011831975,28.62156516528629],[77.14572332674595,28.62167663905946],[77.14700926841527,28.62222124733299],[77.14734884575721,28.622572814768628],[77.14781706263847,28.623057558304538],[77.14788187706873,28.62312466001744],[77.14794862821769,28.623197928902513],[77.1481522157757,28.623421391834654],[77.14847701903071,28.623858763713354],[77.14853426900457,28.623935854400376],[77.14869887368421,28.624157504682262],[77.14877157735587,28.624465277051865],[77.14879555715261,28.62456678549661],[77.14904907411952,28.62563996223339],[77.14924775766637,28.62632217395205],[77.14947295947776,28.62676875811758],[77.14951921182364,28.62686047852239],[77.14959414501662,28.627009071511633],[77.14964893404908,28.627117718916253],[77.14969975172295,28.627212694488456],[77.14973654435549,28.627281458788175],[77.1500347390129,28.62783876788115],[77.15008152766829,28.627922484248767],[77.15036997977546,28.628438598229177],[77.15037441369029,28.628431508853925],[77.15039058151392,28.62840565485769],[77.15039279599698,28.628402114269445],[77.1508324677621,28.62747518700744],[77.15087034631671,28.627395328472396],[77.15143297001644,28.62620916548852],[77.15151261691975,28.626041246691724],[77.15155614891158,28.625949468148793],[77.15170498702554,28.625635671813946],[77.1518413283278,28.62534822068022],[77.15203990439493,28.625408157179166],[77.15297991178683,28.625844020384264],[77.15302934180635,28.62588498606893],[77.15340103350724,28.62619302748866],[77.15347319963857,28.62611671342726],[77.15409856227,28.6254590839238],[77.15426564767965,28.62528405552683],[77.15434390026563,28.62520208158279],[77.15490379459985,28.62461556046154],[77.15525884042161,28.624241074577547],[77.15525932602154,28.62424056697888],[77.15526434019687,28.624235274631026],[77.15526489378273,28.62423469105998],[77.15527011628096,28.624229184259914],[77.15527101222811,28.624228239736677],[77.15527796255708,28.624220911679096],[77.15527835396003,28.62422049851569],[77.15527892555991,28.624219895709768],[77.15527965832024,28.62421912251244],[77.15527968827014,28.624219086846313],[77.15528279009773,28.624215944420435],[77.15528343330328,28.62421529265353],[77.15528798684656,28.624210678943268],[77.1553131759428,28.62418514919643],[77.15539878087414,28.62409838472135],[77.15545187499973,28.62404327035462],[77.15551816804619,28.623987856650878],[77.1555908415348,28.62393906714099],[77.15567125441004,28.623896295502824],[77.1557328048649,28.62387323059524],[77.15579579284423,28.62385735847333],[77.15584988141825,28.62384991464645],[77.15595190546257,28.623834527520255],[77.15599048038906,28.623828710118755],[77.15616374842217,28.623811235370486],[77.15631934496888,28.623791681240903],[77.15632998660936,28.623790344298005],[77.15649550481064,28.623765402333813],[77.15665790329221,28.623736827548097],[77.15675408249903,28.623714772840348],[77.15684756128954,28.623687234474563],[77.15693307291956,28.623656200153974],[77.15703912547251,28.62360059759588],[77.15714918216749,28.623537179557687],[77.15725609298308,28.623469702456024],[77.15735966713814,28.623398288439667],[77.1574619861149,28.6233213605382],[77.15768609274987,28.623151439436022],[77.15776431281951,28.623095627218685],[77.15784806157656,28.623042840738222],[77.15793296601309,28.622995813219614],[77.15802120341297,28.622949652907923],[77.1581154731443,28.622907443264175],[77.15821267446188,28.62287077389166],[77.15831866811892,28.6228378541987],[77.1584500592479,28.622815832011476],[77.15857330068152,28.62279908354157],[77.15869796287272,28.622786052350733],[77.1588746828731,28.622774769429583],[77.15905196618081,28.6227709257741],[77.15922368957166,28.622774426775074],[77.15931007836956,28.62277437637784],[77.15940378855879,28.62278039719773],[77.15949674711644,28.622792460892615],[77.15958845270792,28.62281050417276],[77.15960747554054,28.622815563316898],[77.15971215264254,28.622848275938495],[77.15989601990475,28.622932746005716],[77.16007475233235,28.623026924291633],[77.16026388025226,28.623161964057925],[77.16036362089795,28.62323822395807],[77.16060714953353,28.6234747118068],[77.1609348953758,28.623855537304845],[77.16133611999369,28.624307830076656],[77.16177161680032,28.624814831327754],[77.1621845153174,28.625285297625013],[77.16221271185796,28.62531785003303],[77.16234412454516,28.62546956450668],[77.16244925332909,28.625595015647725],[77.16278986231856,28.625984974011875],[77.16320417362331,28.626462987201077],[77.1634762851635,28.62677451431467],[77.16373796303455,28.627086479040887],[77.16394428648562,28.627308135026738],[77.1644592684993,28.627753670978578],[77.16533201576233,28.628477502402767],[77.16619504875379,28.629228279372104],[77.1665523706501,28.629532317628684],[77.16674701178688,28.629697932803623],[77.16684721639403,28.629780311120307],[77.16694994892613,28.629857002357525],[77.1670567232859,28.62992926806209],[77.16716729372492,28.62999694432949],[77.16728140748431,28.630059874586102],[77.16740115746677,28.63011907921785],[77.16745675254248,28.630145717809903],[77.16750695927149,28.630165992992264],[77.16778617701515,28.63024567307248],[77.16807431388357,28.630323112879108],[77.16836591427305,28.63039668983503],[77.16898645443682,28.630558970039594],[77.16910081217587,28.63058167773481],[77.16919967485794,28.63059884343618],[77.16920923084267,28.6305981508426],[77.1693685381731,28.630616120597328],[77.1695086353406,28.63062597851832],[77.16964910527383,28.630629945562085],[77.1697897963826,28.630628011524355],[77.1698903124115,28.630622591984988],[77.17000044959605,28.630624020951558],[77.17011014791419,28.630632797920676],[77.17021878045318,28.630648871580153],[77.17032572256832,28.630672151784793],[77.17043036197566,28.630702503078716],[77.17047471441158,28.63071874202954],[77.17053209789638,28.630739752829424],[77.17063034916058,28.630783687488755],[77.17072273743074,28.630833084671348],[77.17080069208272,28.630879472049738],[77.17087600144801,28.63092910401224],[77.17094763057908,28.630981235613717],[77.17126513361562,28.631228526430064],[77.17159061251022,28.631519539119655],[77.17195998388122,28.631830107269668],[77.17275764358972,28.632533481206057],[77.1732841814969,28.63298472357645],[77.17377176337334,28.633418623329195],[77.17390673063512,28.63333270655431],[77.17395320888882,28.633301826769227],[77.17403946937438,28.63324451645404],[77.17410998110827,28.63319766829661],[77.17415319954269,28.633168953936124],[77.17416651879415,28.633160105216906],[77.17418248370026,28.63315586534723],[77.17421607348713,28.633146945708113],[77.17419047333726,28.632815600942674],[77.17417520084228,28.63261793189962],[77.17417441681206,28.632607782869293],[77.17412732700842,28.63199827964664],[77.17466080723146,28.631883270098356],[77.1750135188488,28.631807229345785],[77.17501944214003,28.631803257089334],[77.17507465731991,28.631766232814574],[77.17517866044793,28.631666824729002],[77.17519543616982,28.631650790503134],[77.17521839307122,28.631609872862708],[77.17534407619874,28.631385858289455],[77.17538182392194,28.631305771910156],[77.17551476838943,28.63102370983591],[77.17552410287264,28.6310039052991],[77.17555009120355,28.630839634416223],[77.17562746625981,28.630350564894417],[77.17565655810533,28.629972012958927],[77.17613338091572,28.63015886740852],[77.17662115679147,28.63035358082746],[77.17671773938102,28.630392135775544],[77.1770855226216,28.630538948261854],[77.17736884109145,28.630652042608702],[77.17744785464448,28.630684408175163],[77.17809787804694,28.630950661865285],[77.17830797102657,28.630989616399404],[77.17835985196338,28.630936468182917],[77.17847604327702,28.63062785591824],[77.17862938005257,28.63053563000951],[77.1786303135762,28.630534235392947],[77.17872343673223,28.63047822486924],[77.17879668568604,28.6304341689844],[77.1788564989406,28.630398192633493],[77.17900671209885,28.6302499085054],[77.17908135630623,28.630098837283956],[77.17913157482512,28.62999720206573],[77.1794721666534,28.62930787747693],[77.17971099352815,28.62924332695134],[77.17985480876014,28.629204455629175],[77.17999857813301,28.629165597528004],[77.18001521148975,28.62918933168998],[77.18002390382595,28.62920173455025],[77.18105788151605,28.630677079531516],[77.18127103588628,28.630931198891208],[77.18128280256286,28.63094522680256],[77.18165401325045,28.631461809147556],[77.18166677666817,28.631479569981757],[77.18175802149489,28.631606545868305],[77.1819155365859,28.6318257437917],[77.18204169675931,28.63200130657555],[77.18225943514507,28.632304306728013],[77.18280060662732,28.633057382018208],[77.1841856974271,28.632335752061625],[77.1843094733693,28.63227126455063],[77.18432007266593,28.632265742156743],[77.18432400502917,28.632271030220977],[77.18472739939341,28.63281348888433],[77.18485936346062,28.63299094473031],[77.18515510598259,28.63338863364638],[77.18507786937522,28.633983702742082],[77.18506122191997,28.634111963618775],[77.18582996755146,28.63522728877142],[77.18586648684332,28.635298964582425],[77.1858937552097,28.635338949734297],[77.18576381012227,28.635405769682944],[77.1856560767962,28.635461168139482],[77.18556457419069,28.635540012239332],[77.18566619322054,28.635688025994014],[77.18570359520044,28.63573503708942],[77.1857054733773,28.63573777229426],[77.18655003239797,28.636967784953676],[77.18730741194906,28.63807079754904],[77.18762770616549,28.6385283904639],[77.18799964339117,28.639059757404105],[77.1883274789828,28.639528112630902],[77.18901806476009,28.640514685648153],[77.18987918602018,28.64174485455772],[77.19005595013166,28.641997370160084],[77.19143351555442,28.64396522436767],[77.19145192134962,28.643996973886157],[77.19146042684086,28.64401659358635],[77.19146670939185,28.644048638537203],[77.19146760415659,28.644077157925736],[77.1914653823277,28.644107786763552],[77.19144782885178,28.644289968816377],[77.19144493875004,28.644363667322345],[77.19150697486548,28.644572505164085],[77.1915076297188,28.644572763447563],[77.191527665418,28.644577187032013],[77.19153335790325,28.644578443825633],[77.19158796740838,28.644586254475858],[77.19163196908957,28.644592526048147],[77.19169935257675,28.64460216276679],[77.19184814510626,28.64462344134404],[77.19247500251628,28.644713087449677],[77.19258529067686,28.644728859372513],[77.19286014024341,28.644768164381126],[77.19299826011724,28.64478791639749],[77.19302005863874,28.6447910335742],[77.19304185818372,28.644794150730803],[77.19325380422947,28.644824459144097],[77.19334053365542,28.644836861201053],[77.19355693105119,28.644867805328403],[77.19361085141429,28.644875516233864],[77.1942164656184,28.644962115593735],[77.19444766256939,28.644995175239966],[77.19584764748555,28.645195352637987],[77.19595322670916,28.645210448332655],[77.19609090748017,28.645230136592744],[77.19614348935364,28.64523765343639],[77.1965070018833,28.645289631028678],[77.19652349489427,28.645291994565337],[77.19652316626285,28.64529570918305],[77.19651786468884,28.64535600184287],[77.19652442396037,28.645416996277657],[77.19654010176453,28.64546764339231],[77.19662477754189,28.64567064608248],[77.19663630276877,28.64569827832851],[77.19664551143605,28.64571418869236],[77.19676658677501,28.64592337876351],[77.19677489069434,28.64593396047221],[77.19677825196874,28.645938243219735],[77.19677883510369,28.6459389853618],[77.19685634336255,28.646037755082354],[77.19694260441163,28.646147679334206],[77.19734542988212,28.64664437730843],[77.1974542077725,28.646778498653557],[77.19746655537249,28.646793705662358],[77.19769960366159,28.647073072572482],[77.19800422320023,28.647430033039175],[77.19835418893133,28.647861010653386],[77.19854498265637,28.6480968067318],[77.19863547743178,28.648239070083797],[77.19863647393296,28.648240650943357],[77.19864049266374,28.648246778055043],[77.19864647983113,28.648255085601246],[77.19900149508783,28.648722298864463],[77.19909223636115,28.64884083324432],[77.19909603118798,28.648845639426167],[77.19914824715381,28.64890977555913],[77.19932776559493,28.649130276639266],[77.19938717484253,28.649203248272052],[77.19961526215654,28.649520752032455],[77.19975769260598,28.649720756873776],[77.20011397385093,28.65024335710586],[77.20038597277286,28.65064096950942],[77.20048655466952,28.65078489278724],[77.20058814329154,28.65092435678139],[77.20101112018811,28.651535483928786],[77.20142755271948,28.652132758537146],[77.2015197631376,28.652270801515186],[77.20152191834423,28.652273934380432],[77.2016574022314,28.652466566300863],[77.20193395995737,28.65285977717282],[77.20221717663406,28.653257385059657],[77.20221996191368,28.65326119971267],[77.20234807200559,28.653432431364738],[77.20252003429427,28.65365681655642],[77.20257427872839,28.65372572550699],[77.20289839264679,28.654167896816055],[77.20331509849832,28.654720167953737],[77.20354640698602,28.655026714687924],[77.20361278845019,28.655114687488933],[77.20364198767591,28.655153384714065],[77.20368614525806,28.65521190335828],[77.20371780010082,28.65525385572082],[77.20382213552811,28.65539212626971],[77.20381918215861,28.655407125122288],[77.20381714696906,28.655417460482692],[77.20378771980525,28.65556692033914],[77.203775338672,28.655629805063718],[77.20365068118056,28.656262928394053],[77.20364086569244,28.656311110200804],[77.20357313955049,28.656639946766308],[77.20355972769552,28.65670163738957],[77.2035423034705,28.65678178899966],[77.20351540037171,28.656905535150354],[77.20349481935841,28.656985296018572],[77.20346958041918,28.657062489016695],[77.20341778568269,28.6571960808383],[77.20335767429076,28.657332795447378],[77.2033045205974,28.657455470108506],[77.20330241199444,28.657460539147223],[77.20328068733195,28.657514979876282],[77.20312829241102,28.657896872267166],[77.20300826611279,28.65819874692593],[77.20287700303157,28.658528881484035],[77.20285140059707,28.658601202573344],[77.2028466147239,28.658614723516212],[77.20282163155406,28.658704868085074],[77.2028031242653,28.65879622009365],[77.20280011858013,28.65881938992188],[77.20279823520154,28.65883390937711],[77.20279116408707,28.658888418375266],[77.202785840145,28.658980392279283],[77.20278644750675,28.659088471006395],[77.20279310121548,28.659197073920453],[77.20279940306692,28.659244491747486],[77.20282796647976,28.659399714436493],[77.20284438518067,28.659462287443993],[77.20290249780325,28.65966021328027],[77.20293842685336,28.659768930772053],[77.20301534715776,28.659960465504074],[77.20302067502728,28.659973734342913],[77.20306902834164,28.66009992164491],[77.20311063213286,28.660208495290778],[77.20311391565532,28.6602165073302],[77.2031618110257,28.660325975581294],[77.20316679147776,28.660336473752402],[77.20322153010949,28.660443329483506],[77.20322717000481,28.660453565183136],[77.20328861242423,28.66055754628676],[77.20329489370071,28.660567487325835],[77.2033631730778,28.660668748620527],[77.20336975051123,28.66067788270861],[77.20344400027142,28.660775146224008],[77.20345150404356,28.660784404180333],[77.20353181784597,28.660877843422842],[77.20353989871697,28.660886716631463],[77.203626911434,28.660976948338423],[77.2036346546685,28.66098449797946],[77.20372632043214,28.66106942245438],[77.20373547599036,28.661077441741746],[77.20383239440284,28.661157701560118],[77.20384204455632,28.661165255331944],[77.20394552065545,28.66124176670223],[77.20395726791271,28.661249760920914],[77.20405005293765,28.661308713774623],[77.20413636978157,28.66136839625557],[77.20421986870446,28.66143112103054],[77.20430003265142,28.661496475159886],[77.20438121858177,28.661568912628432],[77.20445738219978,28.66164444544317],[77.20452893054076,28.661723410752256],[77.20459566265193,28.661805591679716],[77.20465739570237,28.661890757520204],[77.20471395600597,28.661978674712458],[77.204766050547,28.66207061930027],[77.20480152364604,28.66213929323339],[77.20480906499112,28.662152582776383],[77.20501045314737,28.662477159871347],[77.20512598728598,28.662654458653634],[77.20513371346297,28.662666116550763],[77.20528601989436,28.662906324816145],[77.20528860400415,28.662911261489977],[77.20531812366842,28.66297444804523],[77.20532115322618,28.66298126232098],[77.20532601487683,28.662991053140498],[77.205331376587,28.663000640018364],[77.2053372256319,28.66301000150725],[77.2053394739723,28.66301336376053],[77.20534355136965,28.66301911793031],[77.20535034116988,28.663027972349884],[77.20535757929646,28.66303654607459],[77.20536584897776,28.66304543142189],[77.20537334271619,28.66305277749142],[77.20538154500522,28.663060154423675],[77.2054239286658,28.663097106045303],[77.20543531146205,28.663106634519153],[77.2054457362797,28.66311438216364],[77.20545825176742,28.663122652450053],[77.20547046577339,28.66312976461028],[77.20548238703729,28.663135891739593],[77.20549683449124,28.663142333205766],[77.20554965979616,28.663165266487177],[77.2055608719719,28.663169822566363],[77.20557174125861,28.663173734591105],[77.20558196145412,28.663176986798266],[77.20559399591052,28.663180312302966],[77.20560534319246,28.663182966880893],[77.20561680728514,28.66318519097226],[77.20562777982082,28.66318690155526],[77.2056400068571,28.66318833454681],[77.20565170027587,28.663189248399387],[77.20566007467352,28.663189602783177],[77.20569280147362,28.663191973949214],[77.20598000219697,28.663207766500715],[77.20599773720726,28.663208136138984],[77.20633666728061,28.663203672374927],[77.20644822082768,28.663204520302152],[77.20655495921055,28.663211276248227],[77.20666100320153,28.66322394883921],[77.20676593232912,28.66324248718502],[77.2068693287165,28.663266817797577],[77.20695722641612,28.663292831131933],[77.20696883882347,28.66329856706148],[77.20699776530998,28.663315728654805],[77.20701527255474,28.66332514450165],[77.20713176220929,28.66338139334816],[77.20735133917141,28.663511675724063],[77.20737204827851,28.663526550421796],[77.20737893927841,28.663531292303194],[77.20742782857494,28.6635636375113],[77.20746550619829,28.663593602168838],[77.2074999714798,28.663626437015743],[77.20753094468037,28.66366187593332],[77.20755817423965,28.66369963068854],[77.20758143891592,28.663739395410715],[77.20760054879004,28.66378084567255],[77.20761837806053,28.663832404280818],[77.20762373769611,28.66384612532719],[77.20762682352547,28.663852833961858],[77.2076377692577,28.663875463220013],[77.20768113185414,28.664000870954844],[77.2076906063276,28.664028271085645],[77.20787294086293,28.664550551687213],[77.20791132275659,28.664679504401033],[77.20792018090638,28.664709265897027],[77.20792988208001,28.664741860326345],[77.20793577268749,28.664758652167333],[77.20811939255232,28.665211650712735],[77.20823527427648,28.665498093783047],[77.208237534661,28.665503681703008],[77.20836066843528,28.66582491542234],[77.20834834981783,28.665827179912277],[77.20830300387692,28.66583551510489],[77.20820302796119,28.665847687472514],[77.20819459025643,28.665848714771943],[77.2079519834514,28.66587825203488],[77.20749907512614,28.665882098736],[77.20713455562068,28.665874232028493],[77.20677166248498,28.665863914301795],[77.20538649528824,28.666053986648524],[77.20449297017579,28.666300935831845],[77.20328859375645,28.666644078865247],[77.20258824288834,28.66684768905039],[77.20198505730951,28.66709965343655],[77.20135113375716,28.66746223384136],[77.20124302670258,28.66752507005871],[77.20020300140106,28.668174196859667],[77.19874739591282,28.669104093118687],[77.19725514122692,28.67006339832668],[77.1968757547329,28.670324861813967],[77.19677991110686,28.67039091433198],[77.19602710309763,28.6709097222491],[77.19598451757211,28.67093907057111],[77.19535021590794,28.671513709764554],[77.19515842254702,28.671770889506593],[77.1950931136191,28.671862133571445],[77.19500709625775,28.671982309464042],[77.19498920026766,28.672007312286166],[77.19480347410833,28.67193603418897],[77.19472771549658,28.671907321474965],[77.19464987124655,28.671883337105953],[77.19457032125412,28.67186419582417],[77.19448945115569,28.671849993331723],[77.19440765621232,28.67184079630255],[77.19432546533797,28.6718330709474],[77.19424282441425,28.671831681438483],[77.19416035870621,28.671836636586466],[77.19406666578219,28.671847578975655],[77.19397354512074,28.67186182880951],[77.19384154098714,28.671887488447442],[77.1937111595521,28.671918949491147],[77.19369491345839,28.67188307645908],[77.19352969912977,28.671534806561976],[77.19340025988559,28.67127150012142],[77.1931034015304,28.67064437357869],[77.19294848731147,28.67028583481827],[77.19262914546584,28.66955473857333],[77.19240376195785,28.66898917060688],[77.19229555145058,28.668717630270333],[77.19205980848672,28.66877902676927],[77.19050103491368,28.669184982564225],[77.18854749354333,28.669695936146812],[77.18835578620518,28.669760920866644],[77.18814532346582,28.669825092423675],[77.18793250307081,28.669882900976596],[77.18771757326414,28.669934278438316],[77.18750078147526,28.669979166661367],[77.18749655224356,28.66997990902241],[77.18728238238809,28.670017511893896],[77.18706262682224,28.670049271275495],[77.18684177285138,28.670074406341367],[77.1866200756883,28.670092888599775],[77.18639779274208,28.670104696743284],[77.18618485303564,28.670109594593537],[77.18486288250939,28.67017381472854],[77.18407072364676,28.67020593810403],[77.18329329229577,28.670239603093613],[77.18325627969303,28.67024190457553],[77.18311575995475,28.67024716143817],[77.18279856226124,28.670258654892862],[77.18248587673698,28.670276986348632],[77.18217381854627,28.670302293365086],[77.1818625857553,28.670334559221505],[77.18155237842053,28.670373764460034],[77.18124339643147,28.670419881506742],[77.18093583661062,28.670472882838745],[77.18062989563263,28.67053273371905],[77.18031905755949,28.6706008672953],[77.17880570326977,28.670904693711325],[77.17778281271383,28.67111004163498],[77.17569941803781,28.671536554482213],[77.17377031821295,28.671830489263176],[77.17362899244225,28.67185730676439],[77.17349079652931,28.67189003707691],[77.17335464784263,28.67192886903139],[77.17322089011155,28.671973703277274],[77.17308986578395,28.67202442785376],[77.17296190667302,28.67208091112144],[77.17281897769202,28.672152165059085],[77.1721042843772,28.67243934784751],[77.17202411550464,28.672490372243114],[77.17190625946675,28.67255564400866],[77.17178388574614,28.67261409288503],[77.17165750089359,28.672665476136306],[77.17152762946479,28.672709580514322],[77.17139480894316,28.672746224145346],[77.17125958970249,28.672775254726023],[77.17112601977277,28.67279600999281],[77.17068956232647,28.672847532780747],[77.17026729113945,28.67287531483906],[77.16985617751806,28.672832571539143],[77.16969400992124,28.67279258074126],[77.16935296859552,28.67349182156169]]],"crs":null},"id":3,"type":"Feature","properties":{"area":23.20160415,"zone":"B","id":0,"SHAPE__Length":25860.24904415457,"objectid":3,"SHAPE__Area":23201604.154279582}},{"geometry":{"type":"Polygon","coordinates":[[[77.01755264045681,28.685016228031238],[77.0182466764702,28.686336246822364],[77.01828880476774,28.686416370161666],[77.01923975995378,28.68822496579849],[77.01925824907549,28.688258726811497],[77.02006035407948,28.68972335439702],[77.01990350364558,28.68973604238593],[77.01803106434745,28.689887496019686],[77.00985835037396,28.690549426217416],[77.00950960540563,28.690577661330884],[77.00893318040136,28.690627256506318],[77.00678718630543,28.690811874506675],[77.00163543730861,28.691254935848725],[77.00140072790641,28.69127511681386],[76.99912115460863,28.691452323842288],[76.99677998879385,28.69163427910218],[76.99417110268303,28.691836992676674],[76.9929762540491,28.691929816972483],[76.98757199289493,28.692383614488303],[76.98601217510202,28.692514551870758],[76.98551204690501,28.69255572799133],[76.98281549036456,28.69277770711608],[76.97994129863434,28.693014249177768],[76.97902382260742,28.69308974316949],[76.97739575459023,28.693223691648484],[76.97653853826664,28.693294211286098],[76.97587651273176,28.69334691575221],[76.97099942678221,28.693735085288182],[76.9703775165818,28.693784570748303],[76.96626528630742,28.694111707312423],[76.96401438729771,28.694290717368283],[76.96401130130202,28.694282139313405],[76.96399279640602,28.694263653519183],[76.96397067816032,28.694241559344817],[76.96373079318772,28.69400192867982],[76.96344498137209,28.6935577416877],[76.9633837190761,28.693462532294085],[76.96334736860159,28.693179547685595],[76.96331647683563,28.69307013664854],[76.96330166837156,28.692963638695105],[76.96328455467665,28.692644593069016],[76.96327794101722,28.692521299843747],[76.96323353400636,28.692257316453425],[76.96316278993287,28.69207868413954],[76.96309194123857,28.691985237893576],[76.96285519428514,28.691642625077733],[76.9627779836862,28.691526509146684],[76.96266625244884,28.69127084099806],[76.9625432600049,28.691061032031786],[76.96239193089214,28.690840803932957],[76.96219053432088,28.69060634531276],[76.9618144044546,28.690235304672427],[76.96147126347171,28.689858183728088],[76.96109511230496,28.689387070406028],[76.96081733859855,28.689008372960853],[76.9605455253233,28.688691374313912],[76.9603889248506,28.688481531201123],[76.96008656181121,28.6882813333268],[76.95998992634003,28.688130233052586],[76.9597105395782,28.687868845006644],[76.9594921706943,28.687566620125757],[76.95920949165414,28.687078720519384],[76.95895874057165,28.68669422051917],[76.95872976705735,28.68627558364486],[76.95835029610515,28.68576871062513],[76.95809618860339,28.685378360447018],[76.95795782010765,28.685179968207724],[76.95792316350015,28.685059810670037],[76.95787928444724,28.68489281548423],[76.95781684896991,28.684717658083937],[76.95774052322636,28.684516019034174],[76.957696425292,28.684518010575736],[76.95750457183563,28.68395167386521],[76.95746291303088,28.683862048412074],[76.95737279722584,28.683558595737924],[76.9573458304685,28.683264258297594],[76.95725107604541,28.68295876468895],[76.9571887888721,28.682671627193436],[76.9571071750952,28.682464668050404],[76.95700787262113,28.682087908925244],[76.95689253120618,28.681554363981096],[76.9568122803085,28.681209356346272],[76.95672877331269,28.680940363969107],[76.95669186974885,28.68076523095979],[76.95661749522421,28.680226413627206],[76.95660456103866,28.679469012294998],[76.95663257853597,28.679355824700036],[76.95660289364474,28.679035330806425],[76.95656151611132,28.678733962588588],[76.95647612257272,28.678373505669366],[76.95645997427896,28.678300193654515],[76.9563726657147,28.67796421359664],[76.95622708000786,28.677493753388816],[76.95618773656818,28.67741227371634],[76.95617084605337,28.677064141418413],[76.95615472711125,28.676968434286096],[76.95605107034233,28.676615507553834],[76.9560070076443,28.676593066678958],[76.95598622078433,28.676517714612743],[76.95595388766921,28.67629063879158],[76.9559545724066,28.67576942531794],[76.95596732723138,28.675300764657436],[76.95592109033599,28.675065468942567],[76.95585179303794,28.67482108045186],[76.95585429359397,28.674684671450844],[76.95584771131276,28.674395553762377],[76.95585706271125,28.673651709545865],[76.95583226471865,28.67309789477612],[76.95577862908641,28.672851266662295],[76.95574187479322,28.672566190677546],[76.95571658162261,28.672389034046994],[76.95573537414788,28.672215994004368],[76.95570361108129,28.671915211649914],[76.95565286569705,28.671683057842742],[76.95560197738766,28.67155881059826],[76.95547699671157,28.67131029303513],[76.95532565974665,28.67097442458202],[76.95529325329503,28.670913311484348],[76.95526555456931,28.670801304305286],[76.95525411939347,28.670675061238832],[76.95521219449616,28.67040722154284],[76.95518677073312,28.670329828309466],[76.95514508560443,28.670266670001222],[76.95509885535566,28.67013021131774],[76.95503639098081,28.669987629094738],[76.95498772576988,28.669938715967103],[76.95490424240074,28.669897910740254],[76.95484161871266,28.669875451381586],[76.9547743916098,28.669824482676834],[76.95472341966375,28.66976538719118],[76.9545235638835,28.66954919206436],[76.95438451970439,28.669410601885897],[76.95417591010562,28.669235293797886],[76.95404150993207,28.66909467265955],[76.95387091826105,28.668929916008945],[76.95382267578734,28.66889501622279],[76.95378408279149,28.668836811855456],[76.95376575680345,28.668770550173747],[76.95376595371805,28.66862352375835],[76.95376240019597,28.66852657989643],[76.95368135778074,28.668541037707236],[76.95329830111237,28.668572957062846],[76.95293366495953,28.66860004726536],[76.95292220380124,28.668907013749283],[76.95277110776834,28.668981179087677],[76.95244426328641,28.669173457704296],[76.95248071063259,28.66945623937784],[76.95223761609856,28.669475374487835],[76.9520110945159,28.66949452823943],[76.951978770741,28.66949629828293],[76.95178357694166,28.66949771073032],[76.95169886200439,28.669504085596603],[76.95156630155101,28.669487790939005],[76.95120547312762,28.669419555394345],[76.95097346016671,28.66941446534648],[76.95075616835435,28.66941585281663],[76.95053545895327,28.669462013601542],[76.95041203627835,28.669495813117283],[76.95026280751797,28.669548972639603],[76.95018356701578,28.669592512467744],[76.95005278297431,28.669623072685695],[76.94997911681284,28.66962945785079],[76.94989440901239,28.66963098402856],[76.94979125337206,28.669656726250818],[76.94972494643345,28.66966796552813],[76.94953131223343,28.669714290557785],[76.94941322964598,28.6697688657432],[76.94925048964683,28.66981253195903],[76.94902354215613,28.66986071210337],[76.94866474030205,28.669922201380636],[76.94832132344263,28.669943356676168],[76.94816497934984,28.669929739030216],[76.94796577418522,28.66987034512399],[76.94786771568455,28.66983257861257],[76.94772060299313,28.669794760819116],[76.94762868779266,28.669748931595134],[76.94755514631522,28.669719261755585],[76.94743869276878,28.66968147625147],[76.94727624495755,28.669646331199502],[76.94713218565744,28.66961658553111],[76.9469390598067,28.66959485727324],[76.946757487727,28.6695491935573],[76.94657050280355,28.66952209133465],[76.9463283733209,28.669465338931],[76.94608622910282,28.66941934511269],[76.9458930942988,28.669405685258546],[76.94583795332247,28.669373345151413],[76.94571844229797,28.66933017439683],[76.94557439630807,28.66929235705545],[76.94539967556811,28.6692652664035],[76.94527400649305,28.669240918514575],[76.94509292314717,28.669245568219505],[76.94491426175325,28.669218104939134],[76.94480354527718,28.669217983946705],[76.94448124168956,28.6691238971748],[76.94435890278207,28.669083899703264],[76.9442074988786,28.669012155008865],[76.94404056345084,28.668935279505856],[76.94386200550488,28.66883623640956],[76.94372032090722,28.66875938859453],[76.94354379252589,28.66859899249635],[76.94331090290628,28.66837402397007],[76.94305487013948,28.668123214281174],[76.9429578569663,28.66804982378852],[76.94291124643674,28.668044659058573],[76.94287238483139,28.668054842311257],[76.94280242231578,28.668080328375414],[76.9427518911051,28.668100723243025],[76.94267997631111,28.668133024811794],[76.94263916704003,28.66814661348224],[76.94261001473141,28.66815851166835],[76.94257133729523,28.66817052939733],[76.94245644219936,28.66817860659544],[76.94232820507231,28.668176119920517],[76.9421866002133,28.66817947910859],[76.94198221489613,28.66818042357216],[76.94185931014292,28.668184975056274],[76.94176446843584,28.66818252491591],[76.941677697169,28.668141405631108],[76.94160693853082,28.66811319586769],[76.94154551139255,28.66809789041711],[76.94140011189985,28.668103973288105],[76.94131458938615,28.668123803786933],[76.94117427299389,28.668159981208245],[76.94098715212287,28.668230096928404],[76.94081204060933,28.668309602516583],[76.94032443865885,28.66832077524342],[76.9402355015586,28.668267869659704],[76.94010333536836,28.668211459820235],[76.94008197051414,28.66820557584216],[76.93988425821297,28.668210040861688],[76.93974671186334,28.66817941149606],[76.93966929570736,28.668135956882765],[76.93965861477014,28.668132428303675],[76.9396252308323,28.668124185355804],[76.9395531499655,28.6680865971675],[76.93954113374119,28.66808189569358],[76.93945705315983,28.668029056246223],[76.93935024750843,28.667986739899693],[76.93933021700444,28.667982028700475],[76.93891822069601,28.66793440715213],[76.9387285406047,28.66792833134605],[76.93865905881431,28.667939972518628],[76.93857081607642,28.66794767192181],[76.93829218021362,28.66792901638503],[76.93802192507316,28.667896922341708],[76.93769592708547,28.66787209924097],[76.93753431443066,28.66786457864936],[76.93741313049284,28.66784121218678],[76.9373253498712,28.667842334073537],[76.9366433432499,28.667794464796664],[76.93617939815893,28.667776813649454],[76.93588872430954,28.66776613885916],[76.93577032883037,28.6677427743422],[76.93565471523291,28.667721856848097],[76.9354694974897,28.667660516994513],[76.93534418474498,28.66760413523615],[76.93524117168313,28.667542890259977],[76.93513954385301,28.667487758749623],[76.93499682301433,28.667388612642355],[76.9348813158052,28.66729801167658],[76.93476304590489,28.667191515285396],[76.93475608562575,28.66718783928554],[76.93465730740165,28.66709114628983],[76.93458083400634,28.666987142950774],[76.93457944366699,28.66698469666584],[76.93448082502024,28.666887648422684],[76.93438209569864,28.666759168808174],[76.93429172245314,28.666633144149188],[76.9340350201466,28.666325118971677],[76.93374854747415,28.66596658648691],[76.93358976934923,28.66575466531514],[76.93345211307278,28.66557234925031],[76.9333381997753,28.665352162882982],[76.93321033393264,28.66510076441381],[76.93317297574589,28.664930791111498],[76.933149697926,28.66469212109475],[76.93315839622068,28.664470856712192],[76.9331433256519,28.664304577012178],[76.93311106797614,28.664159124718715],[76.93304581846564,28.664006233398116],[76.93296402269735,28.663740851541963],[76.93294276467978,28.663605267375424],[76.93287628713048,28.663344793039702],[76.93280627399155,28.663084028938222],[76.93264683495833,28.662468441973548],[76.93260533260143,28.66227645846411],[76.93251979653776,28.661975302169992],[76.93236289947004,28.661625477550405],[76.93218689313579,28.661310305459786],[76.93187262371097,28.660922396735334],[76.93165115657617,28.660562425886095],[76.9315336803927,28.660185297889107],[76.9314296228667,28.659905218816434],[76.93138659412331,28.659801253225222],[76.9311819701393,28.659292835129932],[76.93108752097234,28.65910690031938],[76.93090668218808,28.658871318631128],[76.93080239689647,28.658740384875813],[76.93065361228759,28.658555608067424],[76.93038559248416,28.658189159935173],[76.93004862185205,28.657657677134903],[76.92979418590474,28.657374365543614],[76.92968855480885,28.65721408975952],[76.92929474431642,28.65661854837961],[76.92917916364358,28.656585400962648],[76.92905681139213,28.656428771084794],[76.92893665112226,28.6562461785992],[76.92885471440967,28.65608104004474],[76.92876739362002,28.655796089036134],[76.9286939463691,28.65551348770379],[76.92849652581683,28.655255297823746],[76.92830300213457,28.6549528578889],[76.92825393906062,28.65489008965078],[76.92821997323243,28.654836531604225],[76.92812804676562,28.654708538048247],[76.92806062493428,28.654600532098478],[76.92797568039909,28.65448788839848],[76.92789554239071,28.65438700169847],[76.92776705657629,28.65420810800423],[76.92766522977837,28.654067705841264],[76.9274971401119,28.653856345472075],[76.92739054293297,28.653704374072873],[76.92716465697566,28.653328096615166],[76.92702652303878,28.653076440009702],[76.92685392186984,28.652806175127054],[76.92659071793553,28.652454471992268],[76.92649224236395,28.652308624073697],[76.92609869102782,28.65171243462993],[76.92574047893552,28.651178679529227],[76.9253886473083,28.650662200447176],[76.92522040041196,28.65030136114697],[76.92512210281593,28.650107808629237],[76.92507873114005,28.650026310745623],[76.92492171913713,28.649565663817704],[76.92488420874656,28.64944599634874],[76.92493950527802,28.649326443554088],[76.92518061895544,28.649079863423363],[76.92541590752714,28.64884854622633],[76.92573526431867,28.64864023738845],[76.9260697684032,28.648415468000138],[76.92630205938667,28.648242684282277],[76.92651102777963,28.648146225654166],[76.92669684334037,28.648019196384332],[76.92724461822796,28.64747671489289],[76.92779062375041,28.646991257183593],[76.92812056289416,28.646657111730757],[76.9281815751335,28.64658846726522],[76.92827757732371,28.64640024294595],[76.92841710602283,28.64619680031214],[76.92848994434084,28.64598563998676],[76.92872787766328,28.645668982702517],[76.92878887627289,28.645607973099455],[76.92933474485638,28.645198863438125],[76.92965313361422,28.644921220078263],[76.92973737855019,28.644829696529175],[76.92993512570798,28.64448379570483],[76.93005730327981,28.64424469814749],[76.93021139353743,28.64399800345785],[76.93055972690568,28.64346722203238],[76.93065000760326,28.643222996617865],[76.93080710178745,28.642907586657387],[76.93094073771778,28.642757582537648],[76.93129508145209,28.64236108046543],[76.9316174988595,28.642028051361777],[76.9318063344007,28.64181193786645],[76.93208213580115,28.641618831969833],[76.9327735745367,28.641089419280604],[76.93327233000046,28.64070911365313],[76.93387347962096,28.64015243262576],[76.93441177652213,28.639624482897236],[76.93498602799458,28.639039458214956],[76.93516908097376,28.638802972663832],[76.93534045000557,28.638622466900628],[76.9357986054543,28.63827272813173],[76.9360105629046,28.638097358894573],[76.93640947826292,28.637665400390265],[76.93652279143463,28.637520457885234],[76.93673479267397,28.637314545527286],[76.93687560402634,28.63723259167501],[76.93708172274921,28.63708012064248],[76.93719786122826,28.636983539144527],[76.93735762380413,28.636803017414348],[76.93754924554582,28.636647982792006],[76.93790698520617,28.636369561718233],[76.93817412258358,28.636133169757418],[76.93838601137963,28.635998519006947],[76.93876616846381,28.63577559976814],[76.9389466654673,28.635638818511175],[76.93912578651816,28.635523292059982],[76.93928250315949,28.635407962503464],[76.93952760915587,28.635253540158864],[76.93981102667047,28.635091839853256],[76.93994567085419,28.6350270412956],[76.94021901895887,28.634900097250384],[76.94044392135123,28.634758640001774],[76.94091522220205,28.634495825208667],[76.94097123112533,28.634459574253366],[76.94133878198785,28.63429701910233],[76.94157538832974,28.634200047597695],[76.94169386197761,28.63415058108959],[76.9418352094602,28.63409996003363],[76.94202121135069,28.634016877736038],[76.94221510064433,28.633919077355475],[76.94253947721126,28.63374178162968],[76.94293124203207,28.63357924956603],[76.94313959490839,28.63348588944353],[76.94351245525424,28.63336939026517],[76.94387890637476,28.633255298419453],[76.94429216459662,28.633114042251798],[76.94439514806571,28.633093993532356],[76.94445707003663,28.633071623998504],[76.94434170220545,28.632831771455983],[76.94432033191521,28.63272192311175],[76.94424945173952,28.632454403466912],[76.94413949234692,28.63219684360474],[76.94401663371823,28.631916558630476],[76.94389588288095,28.63167906220916],[76.94376342658734,28.631352925711226],[76.94363748842696,28.63098079771494],[76.94344978786519,28.630454548462875],[76.9433079582558,28.63010272198685],[76.94323030692784,28.62983574897393],[76.94318873536406,28.6297412297967],[76.9431490646851,28.629676325987063],[76.94312357439208,28.629625517636967],[76.94311021036282,28.629562914720875],[76.94309282184025,28.629492040705646],[76.94306884172973,28.629326685379553],[76.94303795341467,28.62915207792313],[76.94299531137634,28.628866248517447],[76.94296724910997,28.628732773555345],[76.94292518726739,28.628543037536115],[76.94286159518605,28.6283637519124],[76.9428040491998,28.62815112382546],[76.94275706517183,28.628077855141456],[76.94271412509701,28.627999866839367],[76.94262700473428,28.6277606639789],[76.94259085583296,28.627637809262254],[76.94249571670956,28.627371996840978],[76.94237993424667,28.62704330936605],[76.94233024878818,28.62697830337262],[76.94230477637973,28.626915687121734],[76.94220674990115,28.6267868577264],[76.94215707536026,28.62671476704045],[76.9420375475245,28.626569380524405],[76.94177758480716,28.62623468368543],[76.94162452097576,28.626021947532337],[76.9413211869975,28.625677092468738],[76.94115332782164,28.625463158200162],[76.94099633794151,28.625299649146857],[76.94081067518493,28.625035490245125],[76.94074806549156,28.624948069886383],[76.94058010651922,28.62472363361008],[76.94039871105294,28.624501255607424],[76.94023673462407,28.62431497901421],[76.9400963273148,28.624172401721978],[76.94001209979905,28.624075461944123],[76.9396937228058,28.6236842154933],[76.93951292490297,28.623444073553216],[76.93940154838249,28.62326498257599],[76.93937413985431,28.623205322443788],[76.93925623874506,28.623090188734086],[76.93884107091714,28.622746137453404],[76.93818835114564,28.622212305278854],[76.93798763756784,28.622010240620604],[76.93786006203953,28.62187663805634],[76.93765007760257,28.62169041021129],[76.9373235721385,28.621345876464844],[76.93707007962621,28.62105311635395],[76.93692317556716,28.62086696096454],[76.93683927405982,28.620731987690558],[76.93669585632944,28.620497041753506],[76.93664748610647,28.620396184322335],[76.93631648966102,28.620019567912877],[76.93615080075453,28.619807082719557],[76.93596517611056,28.619559831466802],[76.93583606242908,28.61937653372879],[76.93561245476147,28.619042360783478],[76.93552042247002,28.618938611799628],[76.93542524922744,28.618772390700993],[76.93541879074843,28.61876528475884],[76.93531266427163,28.618548605317525],[76.93516899172204,28.618369549241237],[76.93505345006785,28.618359429572827],[76.93473244585577,28.618537730395015],[76.93451024247872,28.618640345325016],[76.93430932027616,28.61875201639685],[76.93401773499889,28.618849133764023],[76.93373694140989,28.618946264365338],[76.93347728563279,28.61913141115202],[76.93314385954655,28.619361131964382],[76.93267986844484,28.61972884723761],[76.93243330723824,28.61998641982337],[76.93226814099725,28.62009721986139],[76.93212823242135,28.62022144054247],[76.93197229660886,28.620345786723004],[76.93179936702079,28.620490417496097],[76.93160487740782,28.62061607178603],[76.93142902228062,28.62072524284688],[76.93110331705576,28.620942785095128],[76.9310075892363,28.621021179945142],[76.93054306268647,28.621325398085027],[76.9302698725031,28.621515793256464],[76.93004610867473,28.621623812348524],[76.92991492709268,28.62169268883798],[76.92982535908799,28.621775151474974],[76.92971013643941,28.62188704379479],[76.92933965122295,28.62213836822493],[76.92902594772723,28.622360164567326],[76.92884842407108,28.622479066581114],[76.92835779738384,28.62278162330181],[76.9281792443843,28.62290488584019],[76.92792984488169,28.623025054927176],[76.92779586535434,28.623243645199334],[76.9276692774882,28.623354453216265],[76.92762948849682,28.62339244952902],[76.9274619317389,28.623556463637623],[76.92729244296727,28.62372979041038],[76.92711782915725,28.623964878531016],[76.92694998954684,28.624152914431033],[76.92657185102912,28.624609511305106],[76.92637123548025,28.6247320647234],[76.92595603783703,28.62555281368997],[76.92557670199318,28.62603731816837],[76.92547749865987,28.626101156602665],[76.9251679724461,28.626453838831655],[76.92463896565879,28.62712413301505],[76.9244573532515,28.627386067241922],[76.92426161815254,28.627662134409963],[76.92396961222063,28.6279892511093],[76.92377374459554,28.62817244764424],[76.92354030991147,28.628328220966832],[76.92300326644254,28.628770160510697],[76.92273513391481,28.629036750525948],[76.92247234349216,28.629317848341888],[76.92215406821003,28.629660279201463],[76.9219847280743,28.62983148164508],[76.92188549742724,28.62990810998962],[76.92159790306097,28.63017261158068],[76.92119502214878,28.630558425227402],[76.92094688122135,28.630788371051523],[76.9208017476158,28.63088395137284],[76.92067196824432,28.63096019535334],[76.92055332844762,28.631020195648382],[76.92040505619636,28.63107853322253],[76.92031056163202,28.63109792187705],[76.92009556925386,28.63118055907284],[76.91964521672385,28.63134093154548],[76.91927604671106,28.631461189021945],[76.9191907940552,28.63149196834943],[76.91892583119727,28.631550154443843],[76.91827172929735,28.63168637778658],[76.91786042439246,28.631754128089778],[76.91756772336488,28.631783012634997],[76.91751466902285,28.631807267634603],[76.91726087226417,28.631832950600177],[76.91704977508017,28.631800162528044],[76.91658487577503,28.631796308043327],[76.9163958942876,28.63182857654035],[76.91620095869985,28.63184855387524],[76.91585262538162,28.6319180062573],[76.91553577000215,28.631992374568846],[76.91486321659248,28.632106919440247],[76.9141920733902,28.6322186671989],[76.91398134956415,28.631968028373468],[76.91377090742431,28.631749142374932],[76.9136451526274,28.63163517603694],[76.913471302389,28.631485379814514],[76.91324380787532,28.631294868823353],[76.91283792427801,28.630979972943],[76.912601151974,28.630800829022018],[76.91231265986286,28.630538702510293],[76.91208496532695,28.630338904110676],[76.91181124126025,28.630107686322884],[76.91170210943365,28.630023002763487],[76.91151901771606,28.629863436093967],[76.91126491638838,28.62961763763213],[76.911068894179,28.629440171863767],[76.91086551103739,28.629235057121225],[76.91071206578427,28.62907065219377],[76.91011968550796,28.628529872239223],[76.90991736291308,28.628382782537457],[76.90942379747497,28.627834245389437],[76.90908075600485,28.627467849206273],[76.90867968757189,28.626987717651456],[76.90813426116227,28.626323490533238],[76.90802834187429,28.62621027595608],[76.90791200349453,28.62601503057944],[76.9078436836678,28.62589788533183],[76.90774588381528,28.625692911032235],[76.90757922819456,28.62567317453311],[76.90755417902625,28.625636717533567],[76.9073752351688,28.6252365457396],[76.90727198264685,28.62497466282984],[76.90715507013469,28.624645399561725],[76.90702199982758,28.624289785919498],[76.90675053769186,28.62384396550023],[76.90657957220516,28.623584633764132],[76.90622916568105,28.623788992280407],[76.9059696346221,28.623923569673103],[76.90553565858241,28.624251367479438],[76.90509087237703,28.624516111792055],[76.90452532322138,28.62487009253753],[76.90405065538603,28.62516368834953],[76.90395697847102,28.625210998796287],[76.90336001003772,28.625536935608768],[76.90295790037078,28.625765910841206],[76.90273357739294,28.625885899911086],[76.9025259530003,28.625988028946413],[76.9021913466547,28.62613537540928],[76.90203936733948,28.626193687296187],[76.90184851671494,28.626238938619313],[76.90143227534797,28.626377724963877],[76.90089334537402,28.626635885013513],[76.90046544601505,28.626849087674483],[76.89996913005994,28.62709528823416],[76.89972974888957,28.627279659784726],[76.89923299741037,28.62753420272353],[76.89900380584535,28.627731141998947],[76.89872346995973,28.627963873040663],[76.89829135949216,28.62837847726381],[76.89813795654692,28.62846971726606],[76.89769602580134,28.628800847558075],[76.89688191712514,28.629369484016824],[76.89657707156219,28.62959320900143],[76.89623940672314,28.629837953351924],[76.89562772885745,28.63025132418126],[76.8954199643549,28.63035950599723],[76.89499458080627,28.630575878411467],[76.89473478765132,28.630740485296485],[76.89421300332086,28.630983393394413],[76.89366704450346,28.631212138955668],[76.89359339218817,28.63126403726726],[76.89347890227998,28.631301528642183],[76.89327031010565,28.631399855861993],[76.89312425046393,28.6314751068633],[76.89300361446044,28.63152155591188],[76.89288916270603,28.631539320288226],[76.89281150875405,28.63154637899608],[76.89274206832144,28.6315319293321],[76.89265627618897,28.631521043261028],[76.89253371306437,28.63150651535998],[76.89245404963164,28.63149563739188],[76.89237317148354,28.63150575302448],[76.89230574419027,28.63150744653128],[76.89217703898433,28.63150008325242],[76.89191350511933,28.63148176013589],[76.8918011039907,28.63149593958957],[76.89160894033007,28.63155124773146],[76.89159259479496,28.631551224193743],[76.89143724504291,28.63158685968356],[76.89126145258713,28.631627845431698],[76.89112133809085,28.63168766819129],[76.89080032492548,28.63180913591374],[76.89057549077285,28.631853634200944],[76.89040790524508,28.63187669769897],[76.89026075137859,28.6318997908448],[76.89010542047379,28.63192466551183],[76.88945983222838,28.631982710772412],[76.88939866643882,28.631916266220948],[76.88918819636179,28.631928503084744],[76.88903087925931,28.631924680600164],[76.88887765197293,28.63191907014678],[76.88875297666675,28.631940402643245],[76.88842191139517,28.63197577001807],[76.88839036986636,28.631968931088835],[76.88821917163311,28.63174988699042],[76.88807033377527,28.63159005647163],[76.8878643434693,28.63140144581308],[76.88772359160969,28.631286460541137],[76.88731835787671,28.63104014218299],[76.8872704149073,28.630851818385135],[76.8870808864808,28.630605845638556],[76.8870012888255,28.630562684476935],[76.886704888562,28.6306357606353],[76.88631987474085,28.630057723294716],[76.88619839141337,28.62986331305283],[76.88606194553975,28.62963893899747],[76.88588889049794,28.629322941358776],[76.88577290884047,28.62908245885821],[76.8855733566495,28.62874321514579],[76.88538381742681,28.62850620589993],[76.88520073568804,28.62822376188251],[76.88513480695485,28.628107201906737],[76.88506164614635,28.627926301712893],[76.88496233705489,28.62771948161353],[76.88493204553231,28.62762947457097],[76.88477772458778,28.62722806142006],[76.88465641261202,28.626943403642983],[76.884579240483,28.626748775036173],[76.8843877679388,28.626345675335326],[76.88425542134983,28.626039119077113],[76.88421688902608,28.625915058664127],[76.88421996509396,28.625761886335056],[76.88422465233033,28.625603810618568],[76.88419748206988,28.625338749441926],[76.8841175760097,28.62512709625872],[76.88408185769312,28.62498115902172],[76.88406916185582,28.624766159148205],[76.88403906596771,28.62457889676344],[76.88400053093766,28.62445726909656],[76.88399225001676,28.624442668202274],[76.8839426439643,28.624316160060445],[76.88394265892208,28.62430886590435],[76.8838792179759,28.624175042276043],[76.88387922830263,28.624170180101807],[76.88384070188366,28.62404368841657],[76.88384070653684,28.624041257336426],[76.88388908268249,28.623960266500024],[76.88393629762241,28.623897122848568],[76.88398904238481,28.623838850955035],[76.88403077584113,28.623746522869766],[76.88405860052445,28.62368335009653],[76.88406154544681,28.62359582508129],[76.8840616816014,28.62352774663553],[76.88404794363073,28.62347180411709],[76.88400100596412,28.62339635892002],[76.883909765172,28.623313551712258],[76.88343717213168,28.622743281225162],[76.88323718308689,28.622302156704823],[76.8830602492244,28.621922103168444],[76.88297578207501,28.621664264463558],[76.88289891840816,28.621467473554386],[76.88272994423835,28.620972138739802],[76.88261491375776,28.620544703836856],[76.88163048601021,28.61866650828655],[76.881546503093,28.61817130522538],[76.88142404197082,28.617601438891445],[76.88067121618948,28.615358787376405],[76.88024096348285,28.614184848411657],[76.87975252263253,28.612962291061425],[76.87915264959119,28.611638890965555],[76.87884518698439,28.610878833015224],[76.87813059539434,28.609413189899914],[76.87798450253347,28.60908064864193],[76.87771468447401,28.60880894635745],[76.87752215862511,28.608517018868476],[76.87720703316793,28.608061524383196],[76.87671779642723,28.60754061378073],[76.87625402422861,28.607055612012186],[76.8758871265247,28.606651472522778],[76.87565305803952,28.606229605732928],[76.87548006692958,28.60596879589494],[76.87527615661007,28.605784629958833],[76.87503134167508,28.60562281670149],[76.87476103660066,28.60543854228336],[76.87436339504521,28.605088156223783],[76.87376684559162,28.604457600428457],[76.8733601495143,28.60406768272308],[76.87278364092286,28.60346686307627],[76.87243245155746,28.60303982370298],[76.87232822008659,28.602996721498666],[76.87221406415357,28.60302229528446],[76.87204444381565,28.60306781515218],[76.87189425143617,28.603176333817768],[76.87180996129028,28.60295294494026],[76.87172884173948,28.602772493825917],[76.87160534680444,28.6025891110843],[76.87151762743746,28.602445857100417],[76.87145601319516,28.60229119655251],[76.87141704950034,28.60221671535166],[76.87130070481928,28.601814190733215],[76.87110966186408,28.60120136589628],[76.87094782775259,28.60065155829091],[76.87079518907069,28.60009859960602],[76.87063664808002,28.599534485560138],[76.87041052619978,28.598467086990286],[76.87034967664108,28.597954651627745],[76.87028449496943,28.597408114227935],[76.87028855058311,28.597262943405696],[76.87020840249079,28.597141485695783],[76.8701531366255,28.596862605963615],[76.87011224480996,28.59673605143477],[76.8700625341777,28.59660948136076],[76.8699603578696,28.596268571314734],[76.86951842177955,28.594936426753456],[76.869389927731,28.594530937636613],[76.86904245185852,28.593570638974803],[76.86886428158553,28.59302567390221],[76.86872264839458,28.592703563476082],[76.8685440616151,28.592354782122175],[76.86841248057928,28.592021567826748],[76.8683335850187,28.591796857195213],[76.8683104872957,28.591600633188033],[76.86827054704433,28.591436053407058],[76.86820340136417,28.59121652562406],[76.86813328369628,28.591012481331724],[76.8680425192015,28.590839378308285],[76.86795182721272,28.590632717944132],[76.86754894440432,28.58993665355392],[76.86729700969244,28.589523214247073],[76.86708024434081,28.58916146185545],[76.8669806409911,28.58899866945639],[76.86690440680732,28.588905612321494],[76.86681638000331,28.58882802382479],[76.86670489650012,28.588722000784006],[76.86669022489606,28.588709069355108],[76.86642484802529,28.58852708955571],[76.8662574540743,28.588446786719636],[76.86613417873427,28.588356232703212],[76.86604621476036,28.58825024998345],[76.86599940772149,28.58814433526283],[76.86593200533154,28.58804613058147],[76.865867543487,28.58794793052159],[76.8657619472328,28.587839335931584],[76.86562704172167,28.587689389040097],[76.86539876082394,28.587435037529293],[76.86525215532255,28.587259257788354],[76.86508511240622,28.587018909516672],[76.86497965218119,28.58684836142275],[76.86489198812171,28.58660556491534],[76.86480716936805,28.586406655803888],[76.8646788981604,28.58600686448607],[76.86460314169462,28.585696972726417],[76.86456819133761,28.585547194266507],[76.86453017273647,28.585456782087114],[76.86443615300645,28.585433391565452],[76.8643508854784,28.585440991507337],[76.86422441557434,28.58546917372213],[76.8640891331628,28.58549475894751],[76.86395386185235,28.585515182207676],[76.86383626758747,28.58551756452518],[76.863733372035,28.585519972146173],[76.86365708642619,28.585452727486484],[76.86365719917973,28.58540110011171],[76.8636134686823,28.585320433460254],[76.86355229167091,28.585237200089654],[76.86354179959524,28.585224866892492],[76.86346650228408,28.585184714573987],[76.86339470823432,28.58514610679836],[76.86331235378914,28.585125954507276],[76.86322471767132,28.58511656987586],[76.8632124521456,28.585113469924497],[76.86236036313115,28.58510703296724],[76.86188131052978,28.585050114695708],[76.86160296505679,28.585033610263597],[76.86134267341201,28.584991641021873],[76.86090011638791,28.58494279829413],[76.86056694977061,28.584954251972363],[76.86024293526928,28.58495369749354],[76.859948622346,28.584984244650663],[76.85949450834704,28.58493959130607],[76.85923564181039,28.584923191205768],[76.85855430284275,28.58492999166996],[76.85812724824943,28.584969137223794],[76.8576410153896,28.585064017119855],[76.85724300537238,28.585131473525745],[76.85699767641307,28.585154978007612],[76.85672519288747,28.58513456163257],[76.85629367141838,28.58514178628658],[76.85597565780144,28.58516915068622],[76.85582572070449,28.585188830788418],[76.85558946322477,28.585216337050667],[76.85517155255951,28.585227570753492],[76.85479984657044,28.585271643761885],[76.85446371096499,28.58527903073019],[76.85406397558151,28.58529029314033],[76.85377330572531,28.585277815066288],[76.8534553823467,28.585265288317323],[76.85322373172318,28.585264879621896],[76.85294220718487,28.585224495471547],[76.85265156958363,28.5851960611028],[76.85237909975682,28.58516765770102],[76.85213393641688,28.5851153707344],[76.8515911210855,28.58508033503569],[76.85103260293438,28.58500754951254],[76.8505967382831,28.58492700320187],[76.85029699927435,28.584906526131505],[76.85004722286537,28.584886137489953],[76.84903113048605,28.5847916574634],[76.84822281152539,28.584714421229126],[76.84756427592973,28.58468132435584],[76.84694656705857,28.584668241110105],[76.84626952318143,28.584668658625993],[76.84595175436591,28.584592299993666],[76.84547060333936,28.584459803213512],[76.84513919025237,28.584391394324655],[76.84482609764642,28.58425920214257],[76.84445388989629,28.584154820122034],[76.84419513023462,28.5840945187403],[76.84378220227724,28.58392225433277],[76.84285162927755,28.583568858994983],[76.84226611474635,28.583392285014988],[76.84210907493977,28.58333866613114],[76.84201911754967,28.5832717298195],[76.84175188356181,28.583145115031833],[76.84156344216602,28.583043374700978],[76.84144537615485,28.5829541288477],[76.84130751343189,28.582899467145587],[76.84111632166264,28.58286396523851],[76.84084055308067,28.582774426667275],[76.84064641007119,28.582702351132166],[76.84051411628485,28.582674902448613],[76.84012010894598,28.582676973896735],[76.83999341243477,28.58266437352764],[76.8398131786267,28.582664037361543],[76.83967516861233,28.582671199284583],[76.8395624808143,28.58268829954621],[76.83951462483101,28.582680790941325],[76.83945867852735,28.582524890608816],[76.83936963131303,28.582016625604442],[76.8393288687757,28.581405731005237],[76.839305710634,28.58038445726453],[76.83925495237396,28.579841573778126],[76.83910571500464,28.578674061866664],[76.83899890345066,28.577722082734535],[76.83908465551157,28.577072234798226],[76.83902138691388,28.576453879577713],[76.83905396206659,28.57603222579499],[76.83907982140026,28.575819600136263],[76.83904135051712,28.575426328039672],[76.83901977280493,28.574839918184995],[76.83896488725098,28.574248780938763],[76.83890167309711,28.573636770292264],[76.83890492703115,28.57345625070924],[76.83895320518984,28.573288180313664],[76.83892882198842,28.57289246284161],[76.83899956703296,28.572749163762694],[76.83923371724659,28.572571549153736],[76.83936341635301,28.57242982210571],[76.83969102649641,28.57202981634987],[76.84007497018912,28.571622494354767],[76.84022520449246,28.571437019403987],[76.84026779403585,28.57129119501392],[76.8402907507483,28.57111318483355],[76.84027757241273,28.570739744790014],[76.84026692450523,28.570485010888145],[76.84022515017945,28.5702672572185],[76.84022910047278,28.569935168271993],[76.84023121306316,28.56964672625618],[76.84032026720345,28.569305108615215],[76.84038400537897,28.569007723467795],[76.84048087066671,28.568693851442188],[76.8406154953193,28.568402132668343],[76.8409006303094,28.567694635630318],[76.84103380885873,28.56710088654915],[76.84121926185149,28.566684658291038],[76.84130815312201,28.566245107482775],[76.84144341730976,28.56556923746809],[76.84160117234627,28.5650227820781],[76.8416974325292,28.564533268872516],[76.84178296707773,28.5642013709337],[76.84190086795559,28.563963996766617],[76.84195698774042,28.56366639488602],[76.84232303784079,28.562666478402452],[76.84234925482527,28.562606412414272],[76.84225567443428,28.562214070411475],[76.84214482187568,28.561822721708797],[76.842038702953,28.561384851225878],[76.84198570463614,28.561140031096727],[76.84190522876942,28.560678436545317],[76.8418851973604,28.560092479191695],[76.84192592885204,28.55986430385469],[76.84198468030108,28.559409008619394],[76.84204448013931,28.559049095513988],[76.84207418642995,28.558950320651743],[76.84213466809315,28.558700602142004],[76.84214872639625,28.558422962753465],[76.84216311636017,28.55800649169834],[76.84216428769966,28.55784685371355],[76.84210083993902,28.557491419135648],[76.84209927912674,28.557023150158873],[76.84225741366242,28.55699285130663],[76.84226434068361,28.556622482287953],[76.84232390138142,28.556361398704865],[76.84237496591774,28.556293252786816],[76.84241639822068,28.556108956029966],[76.84247574539637,28.55593728878806],[76.84252686487054,28.555845612868296],[76.84258591959028,28.55579630610982],[76.842709332569,28.55572123453626],[76.84281932167502,28.55565790309227],[76.84293999322632,28.555608709697786],[76.84302315384814,28.555561799745963],[76.8430473763093,28.555514782368626],[76.84303952999406,28.55543476294318],[76.84304531977078,28.555253585076027],[76.84305671212027,28.555134516472037],[76.84308109182172,28.55502161265879],[76.84313232156221,28.55488287482225],[76.84322637039439,28.554763039151513],[76.84330697451746,28.554664356928853],[76.84339827702705,28.554572753967378],[76.84350568670853,28.554467061347367],[76.8436454910419,28.554295675965964],[76.84371730984259,28.554113532491687],[76.84376571275497,28.554004255625507],[76.84383744068604,28.553860024092995],[76.84394070014106,28.55372022535054],[76.84401518954745,28.55363746746745],[76.8440717475542,28.553589450175377],[76.8441299483406,28.553548727204976],[76.84421484577284,28.553451182729546],[76.84429313666729,28.553339044116562],[76.84440143823898,28.553173006004215],[76.8444731095614,28.55305210560645],[76.84453137571414,28.55298367607703],[76.84462446216308,28.55293280864744],[76.84473752520712,28.552566627973064],[76.84479593204122,28.552438412373814],[76.84492740795349,28.552300122636197],[76.8449857009762,28.55222002722747],[76.84505759478914,28.551963792281732],[76.84513600135057,28.551802074655047],[76.8451978858475,28.551606787605714],[76.84521017274889,28.55139510954019],[76.8452242680056,28.551049540229105],[76.84518992287906,28.550830746307746],[76.8451627390207,28.55054507012197],[76.84515659376343,28.550335077430994],[76.84522142302599,28.55029873984244],[76.84536427185954,28.55026400265291],[76.84541726777714,28.550236608930653],[76.84562836352676,28.550123253125527],[76.84580123718565,28.550027325091804],[76.84592098897942,28.54993130085057],[76.84596095376288,28.549878878291672],[76.84594961844628,28.549757826493135],[76.84608594964355,28.54967058078486],[76.8462342793115,28.549569531950056],[76.84634728665331,28.549517241001254],[76.84651338461397,28.549478170694492],[76.84660141601479,28.549457915244155],[76.84671105185764,28.54942749082062],[76.8470714397186,28.549329368051293],[76.84772762801252,28.549130777396073],[76.84825726230333,28.549032329999083],[76.84841337177129,28.549004904441677],[76.84853965445286,28.54895409405086],[76.84872240155902,28.5488931773442],[76.84884699386747,28.548855487134677],[76.84918679064982,28.548798662446863],[76.84944251884006,28.548764122975413],[76.84964515515188,28.54871636446012],[76.84977469288378,28.5486932646052],[76.85003874222997,28.548649989091977],[76.850491650952,28.548555711099347],[76.85078735015709,28.548464370383638],[76.8518288906741,28.548140417492153],[76.85236211667488,28.5479626602362],[76.85253814339765,28.547935265914212],[76.85267772945863,28.547872809727448],[76.8528937174327,28.54779298966913],[76.85334692309456,28.547629033974616],[76.85351133170056,28.547600159196698],[76.8536624437588,28.547578551445064],[76.85378369868859,28.547546684046587],[76.85401292520704,28.547484383803035],[76.85428864684411,28.547416331408876],[76.8546541358558,28.547330848455644],[76.8552653145561,28.54720359509519],[76.85592262251524,28.547077671920913],[76.85623822108212,28.546992187416105],[76.85703198717101,28.546696467300002],[76.85731103705855,28.546622581683668],[76.85761798287825,28.546534582852008],[76.85777581083018,28.546477985659173],[76.85802011279789,28.546353002155158],[76.85855899257241,28.546163668836794],[76.85867198366513,28.54611428467982],[76.85901083404488,28.546021542364652],[76.85941746733256,28.545920463832452],[76.85999873504379,28.545801886911896],[76.86039565873983,28.545714001651938],[76.8607279248322,28.54559353800386],[76.86097055135248,28.54547292096843],[76.86127121489272,28.54538156566641],[76.8613679388912,28.545352726166037],[76.86160891428871,28.545227730579953],[76.86180005111903,28.54512014860884],[76.86181501330505,28.545109966488273],[76.86184326212596,28.545096890422386],[76.86186319749952,28.545089633334282],[76.8619729534511,28.545000868769815],[76.86231341658022,28.544816227766063],[76.86261091143497,28.54465341255118],[76.86277870473745,28.544592451545956],[76.86364147879377,28.544056892386667],[76.86415008736066,28.54375735718782],[76.86445149157038,28.54354175829719],[76.86493054925509,28.543087601713857],[76.86505234735138,28.54298301728329],[76.8654934448539,28.542425262801796],[76.86558703252715,28.542231859217086],[76.86571202334721,28.542003130124105],[76.86587515768811,28.541790504207324],[76.86606455954288,28.541515601827548],[76.86616923168064,28.541391957750736],[76.86622949227254,28.541286584038787],[76.8662845821165,28.54115827209116],[76.86631642321609,28.540917568659413],[76.86632429828238,28.540896945319215],[76.8663502350506,28.540757813743824],[76.86644557547523,28.540367928460476],[76.86646222533233,28.54030700798732],[76.86652227326547,28.54003864266938],[76.86658306778833,28.539814488987954],[76.86665450887753,28.539624506118717],[76.86680201609191,28.539088342275534],[76.86703437296084,28.538316941560392],[76.86722042549604,28.537651117903955],[76.86727342312152,28.537227279718394],[76.8673834530217,28.53665111222912],[76.8674567091909,28.536312375547954],[76.86750657740112,28.536118410738492],[76.86748368312196,28.535955824143926],[76.86745107708502,28.53578778889703],[76.86750778604966,28.535477986811685],[76.86753124821254,28.53529845987577],[76.86732352614419,28.53488113221742],[76.86737667647677,28.534781564416054],[76.8675054648147,28.534675478692954],[76.86764943426004,28.534542843072956],[76.86769496470558,28.534469837339277],[76.86775569103577,28.534363638152467],[76.86778615296858,28.53426403308697],[76.86786949475602,28.53419109008657],[76.86803595034388,28.534151503070007],[76.86820243397678,28.534098628581628],[76.8683688746972,28.534065685714207],[76.86860331907742,28.534059429109988],[76.8687697023248,28.53405305941161],[76.86895129561324,28.534006852312928],[76.869140421537,28.53397394547143],[76.8694127195715,28.533947818082407],[76.86954144669993,28.53386830421586],[76.86979114265226,28.53380227652668],[76.86999546403818,28.533736173970244],[76.87015459611983,28.53358362858612],[76.8703665365279,28.533490962298178],[76.87056319796135,28.533471351191334],[76.8708051055119,28.53351160848275],[76.87101652572977,28.53366475916269],[76.87116744859074,28.533817811066978],[76.8712351439755,28.533990658756196],[76.87127285657779,28.53403722600032],[76.87192900775635,28.53363547311689],[76.87246279270452,28.53335667679117],[76.8730522052843,28.533112928040016],[76.87347837072022,28.53291785313114],[76.87364973195562,28.532792281846998],[76.87373622925385,28.53249107704077],[76.87379446591211,28.53208225903097],[76.87386526595185,28.531763086605945],[76.87393611361777,28.531421507917877],[76.873852989619,28.531250636909864],[76.87374571216297,28.531028019209558],[76.87366815801951,28.530760486924972],[76.8736632053811,28.530552231888876],[76.87359895629471,28.530362813174833],[76.87344216434727,28.53002061431372],[76.87342621691097,28.529918831163787],[76.87348575999604,28.529781673930636],[76.8735533013413,28.529684759637757],[76.87361002212388,28.52960912511013],[76.87361026981081,28.529490803206883],[76.87362928289505,28.5294151078184],[76.8736319856855,28.52941037897064],[76.87368326164646,28.529363133105438],[76.87368865797488,28.529358408599865],[76.87376959157523,28.52929701088616],[76.87384878298126,28.529185662508507],[76.87392168915383,28.529098222261275],[76.87399182880252,28.52904627346968],[76.87406995460836,28.52903929990423],[76.87414267897866,28.529039416968132],[76.87417774412346,28.529015809118206],[76.87420751546337,28.528947229456342],[76.87421021925411,28.528942501486586],[76.87422929025837,28.52883840864852],[76.87428910948609,28.52856873052234],[76.87436740292908,28.5284812978132],[76.87451322150612,28.52830404789526],[76.87478423979775,28.527773786694286],[76.8751243836368,28.527405165893345],[76.87556872562222,28.526879691968396],[76.87596025857555,28.526404660989066],[76.87606019737727,28.52628584806267],[76.87625485018688,28.525933558259627],[76.87641161479517,28.52566876637884],[76.87657649348053,28.525387422373704],[76.87675481512413,28.525117930358267],[76.87690073968463,28.524942580669737],[76.87696008725156,28.52489771180894],[76.87712994106548,28.524815156519967],[76.87722975657606,28.524737222096807],[76.87731873655729,28.524690033999125],[76.8774804425601,28.52463476113354],[76.87768717784158,28.52457457730625],[76.87787924427872,28.524471148406366],[76.87821900330412,28.524311763998817],[76.87858834769852,28.524117849070336],[76.87863673158768,28.524129489329813],[76.87909044486513,28.523931061668822],[76.87937821331694,28.523789266803348],[76.87956029440225,28.523730651350043],[76.87970412412372,28.523643927619148],[76.87988947004015,28.52354885493349],[76.88027620140967,28.523319465425303],[76.88068219442277,28.52303681231619],[76.88077805253255,28.52299208507499],[76.88125738313262,28.522751614976883],[76.88131375597591,28.52273577672249],[76.88146646503209,28.522659421239233],[76.88162112932434,28.522595253306616],[76.88186511415158,28.522449408142776],[76.88206941585221,28.5223330937845],[76.88231646661558,28.52221415715445],[76.88259008314364,28.522110134782487],[76.88292125537258,28.521955719257285],[76.88314333921498,28.521862060460546],[76.88352614153094,28.521706435794698],[76.88369864120476,28.521638811111597],[76.88371450850892,28.521630131994534],[76.88401989302727,28.521489600238553],[76.88432130608291,28.521354282806886],[76.88465898504877,28.52119104135079],[76.88495242481368,28.521078340703838],[76.88513087724871,28.52100550153396],[76.88524978347594,28.52098827571937],[76.8853944662554,28.520960643819954],[76.88549160013112,28.520932940055175],[76.8856345091332,28.520890329341583],[76.88590010741119,28.520829807902498],[76.88622913227961,28.52075545573934],[76.88635205780422,28.52070864144112],[76.8865642530841,28.520602777044267],[76.88694006480027,28.52038810092695],[76.8871006944274,28.520310009485225],[76.88714077798649,28.520280635523864],[76.88715010786362,28.520269200709564],[76.88717997996092,28.52022345213046],[76.8871837926933,28.520177664082777],[76.88714487614853,28.520089287558704],[76.88708000065769,28.519950171908633],[76.88707085810255,28.51986674729015],[76.88706717004084,28.519848751578984],[76.88706170233908,28.519789865201144],[76.88702015772596,28.519696755997167],[76.8869737681837,28.51962308846473],[76.88689589217397,28.519469233157686],[76.8867124649352,28.519182453413833],[76.88645642127129,28.518763376877246],[76.88615249260059,28.518269946095646],[76.88582595858664,28.517731369399776],[76.88547777747577,28.51715402765043],[76.88539822844072,28.516906945678436],[76.88505147504635,28.51637654065289],[76.88497179902245,28.51619487915767],[76.88492548395476,28.516072384835837],[76.88481652310273,28.51564044638315],[76.88472038200845,28.515314834964506],[76.88464078836176,28.515141743902234],[76.8845425195857,28.51495023954333],[76.88443696569844,28.514678585348577],[76.88437963072185,28.514495321215946],[76.8841275456246,28.513912049721117],[76.88392536417079,28.51356174251496],[76.88378445297408,28.5132883969432],[76.8836212152079,28.512990080203608],[76.8834339379279,28.51263488832574],[76.88334406750758,28.512428543870442],[76.88322348545883,28.512228827272498],[76.88299341506176,28.511867026801944],[76.88290993445615,28.51172951563477],[76.88279266160686,28.511561630719385],[76.88259048940333,28.51121132099097],[76.88245125195269,28.511034470724116],[76.88219666077244,28.510657928534382],[76.8820092510738,28.510373060693915],[76.88184446282534,28.510062465923344],[76.88176662450202,28.50989715958697],[76.8816212286608,28.50965710593183],[76.88149150549545,28.50937886943823],[76.8814269069486,28.509108911846425],[76.88136518084563,28.508904877747266],[76.88132807275097,28.508847577855946],[76.88130977138114,28.508693812196512],[76.88120424178894,28.508417248116942],[76.88115239513535,28.508111250718354],[76.88103584541214,28.507762707831493],[76.88103826447896,28.507486311958736],[76.88088053057663,28.506734033155613],[76.88073067157315,28.50628164754032],[76.88063805095894,28.50606561641957],[76.88057722984347,28.5057711310839],[76.88054216303841,28.505565920640226],[76.88100468965789,28.505087439929788],[76.88161526900663,28.504510150684222],[76.88187990232205,28.50457367786536],[76.88195990413291,28.504586886232296],[76.88229358368979,28.50431754588647],[76.88239367788655,28.504212208521057],[76.88269744193396,28.504009876731004],[76.8830906617618,28.50374553262617],[76.88341266020204,28.50350067024433],[76.88386170571104,28.503238046163865],[76.88412889990015,28.503065826882036],[76.88445858388816,28.502928950825982],[76.88515832026425,28.502776069835246],[76.8853389992369,28.502697841933003],[76.88544333595316,28.50263912268308],[76.88567800637986,28.50255116356107],[76.88578755286352,28.50249946638369],[76.88597934512865,28.502447422522494],[76.88598315358398,28.502403269605168],[76.88598142548483,28.502336212240593],[76.8858054182568,28.501933610604745],[76.88547918032907,28.501232570522326],[76.88606173102606,28.501210560534396],[76.88673246861708,28.501179026906133],[76.88745458731721,28.50116212958658],[76.88842476078149,28.501098760341563],[76.88883981362058,28.50107812330751],[76.88941500897549,28.50101029461715],[76.89020288206741,28.500906942142237],[76.89120205214272,28.500802078230276],[76.89168928548604,28.500770736149722],[76.89213775341504,28.50079266083047],[76.89229396874786,28.50085176960459],[76.89288471072467,28.501174253936135],[76.8929527858359,28.50129440673718],[76.89305916938503,28.501474641329356],[76.89362111576756,28.502346135998042],[76.8938976862897,28.50283050008377],[76.89415652600165,28.503148445956075],[76.8944036408291,28.503407667312743],[76.89448873855251,28.503557856222898],[76.8946378867916,28.503700634824824],[76.8947528055589,28.503884631826498],[76.89485013228091,28.504013967090984],[76.8949068852688,28.504109348946987],[76.89493391652304,28.50415227323967],[76.894990692726,28.50423574315026],[76.89515297477267,28.504440873720522],[76.89526120525946,28.504555391773053],[76.89541045464782,28.50477482533175],[76.89554298216692,28.50494417461653],[76.89556458592975,28.504989473782558],[76.89568094148255,28.505108767256015],[76.89574854538994,28.505201781924775],[76.89581879830521,28.505328156217427],[76.8958674473897,28.5054092313632],[76.89591601664337,28.505533191976998],[76.89635552686008,28.506144539401117],[76.89662190905304,28.506655057812928],[76.89683000061724,28.50701177188462],[76.89717498458423,28.507525924563193],[76.89725775013827,28.507568793699992],[76.89753950627464,28.507756134828657],[76.89766681606322,28.5079151744065],[76.89785233191776,28.50822614576303],[76.8981030528763,28.508638602803032],[76.8983126320218,28.508877188503376],[76.89852462681793,28.50898291627264],[76.89881417183348,28.509107145256603],[76.89897356036667,28.509172783424084],[76.89926578417105,28.509287671215557],[76.89949688174985,28.509393125814697],[76.89967745523171,28.509505517541342],[76.8999703343453,28.509673854901234],[76.90058992867132,28.509588295121883],[76.90129849189819,28.509481546368406],[76.90144475159435,28.509458391463582],[76.90199533249813,28.509309653943443],[76.90241042941113,28.509106992489574],[76.90266773036328,28.50898457229142],[76.9027978911116,28.509043157899267],[76.90294388459303,28.509167177655225],[76.90319261757345,28.509384917605356],[76.90338109598164,28.509537028601606],[76.90353772893032,28.509658725638904],[76.90372882143183,28.50983653742989],[76.90392520411267,28.510030709996425],[76.90417788617849,28.51030113907692],[76.90434779158699,28.51043453351606],[76.90451763947848,28.51060063471648],[76.90472465719668,28.510794820239308],[76.90485999218515,28.51093517514775],[76.90534582795746,28.51147180172938],[76.90558466332533,28.511715087868513],[76.90586062522262,28.512012156582863],[76.90635320747839,28.5124644808421],[76.90697457396752,28.512883499193784],[76.90744003000788,28.51310869357798],[76.9078808735202,28.513382621624388],[76.90888583717988,28.512816633212463],[76.90970283072724,28.51235751785997],[76.91016030793857,28.512101372510173],[76.91038358689693,28.512125034393435],[76.91077699192029,28.512162941147917],[76.91161831090992,28.51224960596593],[76.91198004396041,28.512317618159265],[76.91225462733722,28.512271739700562],[76.91236816551128,28.51218433159492],[76.91297840998013,28.511998928202654],[76.91341041191403,28.51185994395054],[76.91365108309239,28.511771193377225],[76.91402862061395,28.51162772980158],[76.91430801005629,28.511517776924588],[76.91478932655491,28.51135385805826],[76.91503731777414,28.51128153362429],[76.91539322486102,28.51111442920023],[76.9156614465419,28.510986460650617],[76.91599750268239,28.510823757638892],[76.91652188077482,28.510590445617634],[76.91675425726532,28.510466742743308],[76.9170913444172,28.510249791923872],[76.91727711393452,28.510114164866486],[76.91784691239918,28.509739221809998],[76.91863642344889,28.50915668588172],[76.91880164943986,28.509057426149113],[76.91915533646824,28.508816419343482],[76.91946194747453,28.50855810492652],[76.91965864053856,28.508303097355313],[76.9198435696214,28.508041175660093],[76.91994981902081,28.507882635689125],[76.92000948891436,28.507793161047402],[76.92022960524578,28.507614070477267],[76.92033184738966,28.50750381933782],[76.92055609452733,28.507200553180663],[76.9206741288447,28.50703512963793],[76.92078038199489,28.506873140104865],[76.9213591441889,28.50700362998439],[76.92162090896457,28.507053844211917],[76.9219072630719,28.507174936162915],[76.92249975458186,28.507320556541416],[76.92297837696715,28.507486728969756],[76.92321766574877,28.50758361184604],[76.92383352356367,28.50784653651512],[76.92470971301822,28.508367352182184],[76.92543385070601,28.508785569311996],[76.92601026715558,28.50917606387045],[76.9262416722814,28.509300526886904],[76.92683365218045,28.509674042501146],[76.92697473854827,28.50981909171666],[76.92712764526846,28.50993655870389],[76.9272491164794,28.510074683953903],[76.92740194890548,28.51024044265159],[76.92750768729121,28.510399246065525],[76.92764086666807,28.510582228251582],[76.92795568239953,28.510519784332587],[76.92836791568867,28.510482340682344],[76.9291100047414,28.510369406516727],[76.92949076283959,28.51037676484126],[76.93034669734864,28.510260512223216],[76.93236248600189,28.510087549460543],[76.93272480136429,28.510087976322563],[76.93342202238338,28.510069497534786],[76.93408583967758,28.51007759662864],[76.93430554045247,28.510000671785],[76.93444295551082,28.509885058434048],[76.93461339570425,28.509711597684017],[76.93486073482723,28.509509282457426],[76.9352784428592,28.509181742124014],[76.9355862061478,28.508955372760365],[76.93621733007527,28.508563467487566],[76.93671738431678,28.5082215483625],[76.93706911257635,28.50795181592554],[76.93738779421567,28.507754403194454],[76.93755256979496,28.507691881629416],[76.93765706950302,28.507556931933173],[76.93787789629539,28.50734953116764],[76.93797136653582,28.507248335977874],[76.93804847590481,28.50707476415295],[76.93809822974093,28.50683845116532],[76.93818649489516,28.506544296654027],[76.93824716964212,28.506346586822],[76.93826376607642,28.50625977663692],[76.93808310838426,28.505926722854365],[76.9381655340763,28.505868930765764],[76.93847300098976,28.505825866224125],[76.93886826238352,28.50580701954083],[76.9392690415457,28.505768882192505],[76.93951063662898,28.505725740406945],[76.9395820119946,28.50571617318658],[76.9397688275977,28.50559578606992],[76.93980177750939,28.505586175408403],[76.93998869964081,28.50539342920092],[76.94021500993277,28.505067455165296],[76.94130411946702,28.504574702004877],[76.94216290257903,28.50433231619361],[76.94351983475828,28.50428514923981],[76.94452573356563,28.50443225907543],[76.94539327321358,28.504514319390815],[76.94605781753,28.5045474854881],[76.94638095164784,28.504499165232907],[76.94703629606158,28.504516092815685],[76.94768243855059,28.504516784534903],[76.94905452546242,28.50449949608487],[76.94915614780331,28.504434712082734],[76.95061448660587,28.50447680741907],[76.95095591063749,28.50455016808093],[76.95182363337044,28.504502403838064],[76.95243259137243,28.504689599405634],[76.95314328797132,28.504730890848446],[76.9533000889618,28.504820279097164],[76.95362313946866,28.504836833594464],[76.95391848885556,28.504861471248006],[76.95420967623326,28.504872511574963],[76.95447731543406,28.504905231213336],[76.9549908461372,28.50522046323089],[76.95563962078812,28.50562721981725],[76.95656304724129,28.50625529113561],[76.95896002881777,28.50771366363116],[76.95978417734361,28.508254231389614],[76.96195121882529,28.509508157480283],[76.96301652959755,28.51024048093724],[76.96402558037511,28.511021138601677],[76.96497809566961,28.511743682065724],[76.96550977849152,28.512179694714977],[76.96596236898294,28.51259484914413],[76.96647165090701,28.51296858174506],[76.96653764744632,28.51303500088784],[76.96690278690036,28.51325143369573],[76.96763951946926,28.51379592514969],[76.968692350806,28.51429442954173],[76.97093724897964,28.515658830314756],[76.97198975661824,28.516458128791164],[76.97295031560452,28.517083789483408],[76.97370057277514,28.517385290643894],[76.97614687629161,28.518687048284477],[76.97633741880077,28.518886755130513],[76.97650982923588,28.51905452008234],[76.97674570283785,28.51933408206474],[76.9772356738738,28.51984533136622],[76.97768026359667,28.520324613593026],[76.97803412197425,28.520708038986935],[76.97840611673286,28.52112340729794],[76.97849691490947,28.5211633930617],[76.9787151093195,28.521003941504606],[76.9788878999031,28.520828487216928],[76.9790879066938,28.520684983229806],[76.97951743554475,28.52040292863594],[76.98007647439707,28.5199408404639],[76.9804041371914,28.519715476886613],[76.98082820184099,28.519394296576834],[76.98140005576096,28.51895477673246],[76.98161500125916,28.518672896434293],[76.9819680764298,28.518328836759775],[76.98223834817867,28.51804975311478],[76.98267862347089,28.517598632931072],[76.98300122547795,28.517246893417248],[76.98313634236054,28.51712456675482],[76.98340651057045,28.51694495648576],[76.98430105838386,28.516498788580236],[76.98559932076134,28.51586086450546],[76.9858062648501,28.515743065495467],[76.98630723975876,28.51552154857245],[76.98697368371145,28.51530015761342],[76.98761552612052,28.515007146413407],[76.98833003666526,28.514663325733448],[76.98878893621557,28.514412655036335],[76.98902739470992,28.514305738905954],[76.9892902679062,28.514160761345742],[76.98939595792349,28.51410372256078],[76.98967232892787,28.514003974286283],[76.99030545724084,28.513795904260103],[76.99071734672926,28.51359867640998],[76.99089080077383,28.51348932774996],[76.99102625086172,28.513465629704644],[76.99108349318588,28.513505246274512],[76.99113488382403,28.513579065144874],[76.99119167194951,28.513671926845717],[76.99130259448594,28.513802909310876],[76.99144871984166,28.513941058273407],[76.99160571265963,28.514045894902207],[76.9917301958978,28.514157847633626],[76.99182490470113,28.514250737705172],[76.9919520955081,28.514365071548042],[76.99212799260303,28.514529422649407],[76.9923287477852,28.514729229068447],[76.99239903998276,28.51486494022207],[76.99253699506535,28.515053061466133],[76.99275822370458,28.515409937941477],[76.99290704249759,28.51556950652692],[76.993036957864,28.515669562688426],[76.99316688560184,28.51575771727763],[76.99336755202279,28.516039029145187],[76.99355963793606,28.51627478904069],[76.99374920368093,28.516534783361227],[76.99410084528161,28.5170372167885],[76.99435515877556,28.51735156073488],[76.99450994864277,28.517603090478584],[76.99493287257418,28.517201179111815],[76.99520733372118,28.517069012164264],[76.99545932414983,28.516971614351892],[76.99597577134375,28.51793826006756],[76.99604359187401,28.518071523866816],[76.99636773996139,28.519030889916777],[76.99647152439498,28.519147409362986],[76.99679612473868,28.5196236371043],[76.99702920815746,28.51947386328437],[76.99772297584606,28.519098315071364],[76.9986617763073,28.518611943804995],[76.99916449640217,28.518316233488207],[77.00005455756029,28.517848690713077],[77.00027400969745,28.517789341993527],[77.00066138235613,28.51774676680176],[77.00134911584986,28.51758149707951],[77.00272808543666,28.51726350440711],[77.00345023543672,28.516976513685595],[77.00385934292585,28.516848265591744],[77.00406800546521,28.51673178290418],[77.00441709319837,28.516561621705616],[77.0047991709249,28.516364333261876],[77.00539801158705,28.51607912372759],[77.00551724860465,28.51601018075197],[77.00615864098427,28.51577364182907],[77.00674113368696,28.515595516292585],[77.00684951367532,28.51555274487967],[77.00779995389368,28.51531499031662],[77.00818192773193,28.51523431134744],[77.00838783496108,28.5151654208726],[77.00866783997296,28.515076650827478],[77.00887371552606,28.515045839596873],[77.00886849644486,28.515132080212155],[77.01050448123915,28.515114048684573],[77.01089152765392,28.51546890264953],[77.0115046224241,28.51612428009386],[77.01180230980452,28.51645765831042],[77.01227934771009,28.516884689884535],[77.01268266869971,28.517225269059573],[77.0130018537491,28.51753636062377],[77.0131940415782,28.517698312880714],[77.0137132476139,28.518102642253844],[77.01420591422122,28.51850514689063],[77.01459843227414,28.518821914412882],[77.01521085327505,28.519341319128475],[77.01570890571253,28.51980570263457],[77.01646634062497,28.52049948728003],[77.01687776873085,28.5209043181779],[77.01693890593573,28.520987946388118],[77.0169439808847,28.521456805690683],[77.01690321157827,28.521647181737883],[77.01670423349373,28.521905259411728],[77.01658763444416,28.522074171901387],[77.01649816047625,28.522190740199125],[77.01644931710382,28.52230733138232],[77.01637607968532,28.522445329465363],[77.01631101989148,28.522514311328703],[77.01625681109536,28.522559500294825],[77.01623240246535,28.522599946180947],[77.0162052615163,28.522673710562252],[77.01615355865087,28.52275437444873],[77.01604904734612,28.52284608207548],[77.01586055150054,28.52301475923687],[77.01554514736034,28.523298070815322],[77.01527266219266,28.523548632693686],[77.01507624737071,28.523744787558186],[77.01464360216723,28.524151241467617],[77.01422169224257,28.524438386111004],[77.01403225221775,28.52451735284793],[77.01382034458935,28.524551825328455],[77.01354840881531,28.52461921126303],[77.01318515159126,28.52473751782554],[77.01281939489463,28.524893808140423],[77.012511797502,28.525005651811213],[77.01242925698669,28.525053378851087],[77.01203236475313,28.525170157793752],[77.01168352107572,28.52527538471092],[77.0114622267418,28.52532138036954],[77.01124844232653,28.525352552435706],[77.01103807871887,28.52540273306731],[77.01070419318027,28.52555903673461],[77.01053348545261,28.5256561321296],[77.01046405643838,28.525720340329507],[77.01040964448804,28.525764788357627],[77.01037586898539,28.525794421866298],[77.01035331219461,28.52586524786028],[77.01033668440674,28.525939517895615],[77.01024662038266,28.526015245964413],[77.01014152528933,28.52612885450794],[77.00990507109462,28.526370884281327],[77.00970613058104,28.52658318800529],[77.00963670620618,28.526640805838277],[77.00953915525285,28.526698405852137],[77.00937410941437,28.526746079764518],[77.00919594327878,28.526785507878447],[77.00907216239901,28.52681673269396],[77.00897090957329,28.52681337517075],[77.00874655261264,28.52684331562313],[77.00852335110034,28.52692390141622],[77.00833576769982,28.527014393103407],[77.0081800207443,28.527154328462213],[77.00800177143321,28.52729424991242],[77.00788357784577,28.527369958438324],[77.00780851887188,28.527435809688075],[77.00762342122876,28.527516673436267],[77.00753711735841,28.527575927638374],[77.00745081293057,28.52763682859751],[77.007381403208,28.527674675388038],[77.00729698031057,28.527725692899786],[77.00716940818256,28.527804689601865],[77.00715439750026,28.527816211699783],[77.00714501600476,28.52782279590832],[77.00698555855648,28.52791000959115],[77.00651543048194,28.528139853208],[77.00627719921937,28.528250079792652],[77.0061421264002,28.528327422290428],[77.0059863998313,28.528436054017575],[77.00584571364566,28.52849691910701],[77.00539333841039,28.528690826565533],[77.00523388712517,28.52876815286229],[77.00514192449528,28.528865292532885],[77.0050462173118,28.528954192973135],[77.00492991968115,28.529000245761974],[77.00492241738242,28.52900188783918],[77.00480237428702,28.529042995865105],[77.0047198380148,28.529077538528938],[77.00444274143604,28.52920445554214],[77.00420448168063,28.529342684615443],[77.00378796282737,28.529619181933594],[77.00365660219266,28.52973441683226],[77.00352501191243,28.52982678113943],[77.00304642521597,28.53031740300497],[77.00294924855307,28.530395759834246],[77.0027663064072,28.53045098464777],[77.00253248954255,28.530588303503112],[77.00222952713791,28.53078270693834],[77.00206889453452,28.53088615141579],[77.00197130281516,28.530939647426532],[77.00171915973823,28.531074664339737],[77.00155035270984,28.53123166458047],[77.00139378341072,28.53133511066248],[77.00152511538973,28.53168945629931],[77.00157994998638,28.532020425986282],[77.00166219767274,28.53252091447846],[77.00165276383896,28.53280341033005],[77.00159735747681,28.533126230824866],[77.00168896211049,28.533433008385853],[77.0017989990569,28.53367522651911],[77.00356131066891,28.5365801549536],[77.004175935039,28.537694427309724],[77.00507173236554,28.538987538699562],[77.00520727897198,28.539112545898078],[77.00578389097645,28.53936089383202],[77.00616417632655,28.539565986157463],[77.00685975911146,28.539905723024898],[77.00716246569664,28.540172030862944],[77.00741531097378,28.54045514896658],[77.00761455893172,28.540633808534945],[77.00773718187884,28.540734941931202],[77.00804586807672,28.54075040286297],[77.00812667224459,28.540742869390687],[77.00837340256679,28.540719865519662],[77.00866983374944,28.541019715586344],[77.00892905180027,28.541552194943232],[77.00893482706427,28.541576027281845],[77.00910555514403,28.54215538646211],[77.00926242980545,28.542629790009652],[77.0095357525909,28.54303177085269],[77.0095411600373,28.543036540952393],[77.00967279030921,28.543158652335137],[77.00983372155153,28.543262737435867],[77.01005828485138,28.54332219800739],[77.010350972058,28.54336650667157],[77.01067623949889,28.54337515743668],[77.01092302865852,28.54338686321523],[77.01094582550975,28.5433908170782],[77.01118796197116,28.54342273905325],[77.01258564740661,28.54497584482479],[77.0129209601911,28.545290540996934],[77.01326910558056,28.545617940534143],[77.01357411196952,28.5458746020716],[77.01409914372059,28.5465257721586],[77.01441606356165,28.54690571014371],[77.01455823127027,28.54721264756866],[77.01464649664683,28.547422936302066],[77.01498386577632,28.547927798515115],[77.0152420390594,28.54833102532692],[77.01606504268545,28.54908814580348],[77.01730923906001,28.550380337451198],[77.0179681062983,28.55099945644218],[77.018312664062,28.55132322504444],[77.01842368449407,28.551427545059315],[77.01899524261157,28.551878235764313],[77.0195842536925,28.552342681238006],[77.01967165745242,28.55239056669983],[77.01965875247912,28.5524021040012],[77.01851912529432,28.55342086760077],[77.01566309817015,28.55603766161326],[77.01422403343054,28.55735611441424],[77.01359451639027,28.557945601518355],[77.01333140145843,28.558191982832103],[77.011528397859,28.559880274441902],[77.01094979681996,28.560422047741017],[77.01006834412607,28.561247380499843],[77.0096261510094,28.56166141291219],[77.00858123824763,28.562639765586393],[77.00526766439856,28.565696404431748],[77.00518244233575,28.56613780105426],[77.00504223977217,28.56686394722664],[77.00474869984154,28.56836434365064],[77.00450778534227,28.569595722200294],[77.00384470972551,28.57289496529725],[77.00376285519471,28.57330223304248],[77.00370384893375,28.573595818755127],[77.00327008146807,28.575611822892082],[77.00287483114977,28.57761690875454],[77.00279455231762,28.578024152658003],[77.00278220684996,28.578086779526448],[77.00272111531716,28.578396685773534],[77.00212856338096,28.581351457574396],[77.00188163730778,28.582318864113653],[77.00171047386428,28.582989438665315],[77.00138064898627,28.58428158453485],[77.00130734839531,28.584743128292786],[77.00124270783029,28.585150140518223],[77.00106495056609,28.586269381484975],[77.00007534602393,28.59117541813403],[76.99998683289002,28.591614208053038],[76.99984754479155,28.5923047024584],[76.999044249539,28.596116904640386],[76.99882679495255,28.597347404843184],[76.99880239586992,28.59753181169819],[76.99849375597562,28.599864455279615],[76.99839690438114,28.600304592468348],[76.998100376538,28.60165213783765],[76.99801698566922,28.602054710918758],[76.9975790042736,28.605834381013448],[76.99754766279132,28.60610484057795],[76.99708846960617,28.610181719347104],[76.99679302129117,28.611063510435407],[76.9962299603097,28.612743976904984],[76.99621703406818,28.612817500384406],[76.99619364844807,28.612950516458028],[76.996146140314,28.6132207391313],[76.99612239083966,28.613355826932615],[76.99587496031073,28.614763169396273],[76.99547610307019,28.61708648137795],[76.99517258901767,28.618854371835397],[76.99472126238825,28.621475396466163],[76.99451022319276,28.622700947415602],[76.99420897705737,28.624214294552097],[76.99412790845054,28.62462154489465],[76.99380777863603,28.62622970549367],[76.99380188031553,28.62625933159536],[76.99374247915618,28.626557728292504],[76.99373867147352,28.626572544049672],[76.993731334172,28.626601087750544],[76.99267259846785,28.630720072150975],[76.99256913019708,28.631122597016937],[76.99256782591641,28.631127670257328],[76.99210401552142,28.632932010270334],[76.99186480076219,28.633883873084695],[76.99093848609841,28.637569640037682],[76.99134141938997,28.638324176624618],[76.99227871521637,28.64007931808601],[76.99298316683318,28.641398399555342],[76.99346366757949,28.642298111655293],[76.99468751433625,28.644378719855467],[76.99519912313909,28.6453164297022],[76.9954729469231,28.645818302180132],[76.99569461748186,28.646224583689307],[76.99576975838389,28.646376377131563],[76.99744634288771,28.649763142324264],[76.997645038516,28.650164497190783],[76.99827160544582,28.65143010901835],[76.99881553759845,28.652528777015856],[77.00025055446834,28.654891097507065],[77.0009070145592,28.65597171887554],[77.00184605257881,28.65751745203313],[77.00321692876338,28.65991931333512],[77.00372083846725,28.660802161288423],[77.00425862546865,28.661744342424615],[77.00775661607634,28.667881678150632],[77.00885153092993,28.669981328637604],[77.00948742790376,28.670932412561108],[77.00971445417306,28.671271961395224],[77.00993981112588,28.67175485849479],[77.01002964153241,28.671947346890114],[77.01026805281464,28.67244487395348],[77.0103714807981,28.672660708435266],[77.0110580977791,28.67378787048363],[77.01131727352491,28.674213329163088],[77.01171902271915,28.674872828021623],[77.01352323334943,28.677963647432765],[77.01461832118743,28.679957370624194],[77.01508497043967,28.680806928523612],[77.01598813440619,28.682394771864903],[77.01603420413034,28.68247576584665],[77.01642746110953,28.68313372942425],[77.01661918532481,28.683454503054055],[77.01755264045681,28.685016228031238]]],"crs":null},"id":4,"type":"Feature","properties":{"area":220.96699157,"zone":"L","id":0,"SHAPE__Length":81966.75736964567,"objectid":4,"SHAPE__Area":220966991.5664491}},{"geometry":{"type":"Polygon","coordinates":[[[77.27650976798454,28.735581578938493],[77.27637938672238,28.73566332177654],[77.27613721571214,28.735792403477426],[77.27605120478553,28.735839307299567],[77.27597461251361,28.735874689549963],[77.27571224657844,28.73596433689357],[77.27546927480148,28.73605649836283],[77.27525238606145,28.736162424342446],[77.27517877043032,28.736186391341366],[77.27486745525866,28.73624845213725],[77.27437017996645,28.736356256079077],[77.27420993439863,28.736398725762097],[77.27388820703068,28.73647609205949],[77.2735834961989,28.7359663279235],[77.27341089060273,28.735615616535654],[77.27331294120776,28.735599676742147],[77.27321311638526,28.735589452583188],[77.27306738844115,28.73560806666498],[77.27244057475848,28.73568813000466],[77.2720122653549,28.735789114768952],[77.27199140869423,28.735788240161202],[77.27196973092526,28.735749423583457],[77.27189544631473,28.735585124339096],[77.27185837278341,28.735580605675313],[77.27167468319261,28.735524671186784],[77.27161152786451,28.735507288128872],[77.27159827501332,28.7355064128612],[77.27153384828497,28.735491772317644],[77.27149583705342,28.735483134309945],[77.27145092537087,28.735473836340287],[77.27142899368695,28.73546609014404],[77.27135724759734,28.73543852241668],[77.2713145345169,28.73542717814094],[77.27129428170778,28.735421800076757],[77.27118225335384,28.73538859171853],[77.27097706308315,28.735327766501893],[77.27066109752802,28.735225004404914],[77.27064519545355,28.735220483357466],[77.27063468553607,28.735204533152526],[77.27055548231766,28.735186567494708],[77.27044143009145,28.73517690600636],[77.27020027826099,28.73516166083333],[77.270002145884,28.735110959662368],[77.2697473629414,28.73507278641555],[77.26947305667917,28.735031191694468],[77.2694683938124,28.735113490143185],[77.26938390544404,28.73507117241969],[77.26918139590532,28.735020542621395],[77.26894883092407,28.734997433168388],[77.26865540631644,28.734994640480117],[77.26835768739848,28.73499577815283],[77.26830876755363,28.73498231303958],[77.2683048296556,28.73498122876713],[77.26830442269284,28.734928421527925],[77.26829972220382,28.734819691852824],[77.26829461836755,28.734801124413174],[77.26827913825464,28.734792057683194],[77.2682438969554,28.734774675464546],[77.26820985940584,28.734769134906227],[77.26819812419036,28.734767475938572],[77.26814386537427,28.734759805290384],[77.26759585904864,28.73470772879068],[77.26744275733729,28.73470007151454],[77.26724018023701,28.734696963168176],[77.26697120065049,28.734695896814817],[77.26683833145518,28.734697196242042],[77.26676554181554,28.734696557621124],[77.2667052826822,28.734690131084424],[77.26665662252195,28.734683510883727],[77.26650749704352,28.73466462953049],[77.2663540343049,28.734640243937886],[77.2662154729278,28.73462211531799],[77.26600935180966,28.734601401192737],[77.2658646851851,28.73459360068074],[77.26574329462572,28.734589127957268],[77.26567454047726,28.7345800545209],[77.26557703880123,28.734558448017044],[77.26539055071535,28.734518811130716],[77.26506329244539,28.734456431886343],[77.26495212418035,28.734436913514045],[77.26481117356957,28.734405808508026],[77.26470509694595,28.73437783803007],[77.264617045454,28.734354212915594],[77.26455350334622,28.734342262702985],[77.2644169513135,28.734319450141896],[77.2643831314249,28.73431629862822],[77.2643034821095,28.734339943999267],[77.26416097207954,28.73438323606338],[77.26407998020558,28.734405342002553],[77.26383801492088,28.73447138456784],[77.26364607000495,28.734521081901676],[77.26351386294611,28.734553045296508],[77.26325760201695,28.734603819291255],[77.26319462179866,28.734617888974334],[77.26314950435761,28.734628870639025],[77.26308291940202,28.734622548406694],[77.26294831470177,28.734604933907015],[77.2629443583721,28.734604416397726],[77.2627827617235,28.73459410719839],[77.26267832114482,28.734593066990012],[77.26245885493388,28.7345893039952],[77.26221597255007,28.734575706494535],[77.26206696782417,28.734562396794367],[77.2619325649061,28.73454140527742],[77.26183944097883,28.734527160029412],[77.26175892998258,28.734510844088724],[77.26168896194231,28.734494351660214],[77.2616081507198,28.734464096351996],[77.26154017162098,28.734441992839688],[77.2614338153928,28.734401008551636],[77.26132642426253,28.734360971714466],[77.26121724548149,28.734335839222663],[77.26101649422549,28.734305885943048],[77.26061092593176,28.73458509024156],[77.26057994539325,28.734681385218042],[77.26043911603115,28.735119107197242],[77.2604211538612,28.735155766587404],[77.26038671393934,28.735210881959656],[77.26035509403685,28.73524887413559],[77.26033370707432,28.735274570691146],[77.2603107253499,28.735296421450894],[77.26028593295437,28.73531999331116],[77.26022052720383,28.735364894262617],[77.26020598621525,28.735375363580534],[77.26019018740338,28.735383515296128],[77.26005669739874,28.735404967557322],[77.2600177271247,28.735411229475275],[77.25997660250077,28.734794457322824],[77.25997115063856,28.734752901432756],[77.25995731290718,28.73464742857395],[77.259853624886,28.733857079666066],[77.25972944638409,28.732910527827507],[77.25960527074749,28.73196397652939],[77.25948109793721,28.731017423967838],[77.25935692799194,28.73007087194681],[77.25923306340266,28.72912662878707],[77.25908221106128,28.728127407354094],[77.25893101380174,28.727125880608636],[77.25877906328566,28.72611933778365],[77.25866794114712,28.72509036892204],[77.25855736521214,28.724066436029062],[77.2585009811336,28.723544309003024],[77.25842509822147,28.722841613842817],[77.25833622196708,28.722018570083133],[77.25822606608932,28.720998444888785],[77.25808880500142,28.72002106892687],[77.25795101312009,28.719039895761],[77.25781322548617,28.718058722162407],[77.25767544107633,28.717077548148183],[77.25753765886721,28.71609637373545],[77.2573998809049,28.715115198890075],[77.25726210614661,28.71413402272718],[77.25717195831184,28.713492019226237],[77.25714178724895,28.713277146373745],[77.25712386846699,28.71314953633652],[77.25702136909675,28.712235173637552],[77.25696827455403,28.71176152930023],[77.25694410557671,28.71154591824064],[77.25691924425595,28.711324130150143],[77.25681712072621,28.71041308639057],[77.25671500055347,28.70950204232454],[77.25661288271453,28.708590997969274],[77.25651076720932,28.70767995332473],[77.25640875545407,28.706769818880105],[77.25634880946005,28.706269570456833],[77.25628207099614,28.705712632808627],[77.2562579041514,28.70565070992851],[77.2557962835676,28.704080720806942],[77.25564079213726,28.703029844292622],[77.25534933191659,28.701164760386643],[77.25534930544872,28.70064808302303],[77.25532050878547,28.70021743655332],[77.2551750326676,28.699855596537287],[77.25472601291887,28.69660787818695],[77.25464538503299,28.69602467338691],[77.25410664612525,28.69211739556964],[77.2539826024871,28.691145612765634],[77.25388917809794,28.690413700310508],[77.25371568023634,28.689054421001284],[77.25364279048853,28.688335747661593],[77.25397896162256,28.686846065495846],[77.2556561595867,28.680176944868986],[77.25650119175145,28.677307556010923],[77.25656370903583,28.676927493062838],[77.25653000384318,28.676389479939047],[77.25622738484911,28.675242166526317],[77.25607617283015,28.674668869588146],[77.25578201794909,28.67355360338469],[77.25576987474996,28.673507564043984],[77.25548610278234,28.67237614828341],[77.25521850930765,28.671282709676035],[77.25515484963218,28.669696208732173],[77.25516121700257,28.668769494800408],[77.25530024431174,28.66751731079813],[77.25533865467195,28.667193888556266],[77.2555956757432,28.66453258447494],[77.25562864539911,28.664191196713112],[77.2556607905851,28.664166282825132],[77.25570257316453,28.664126564618787],[77.25573956090567,28.664083306433547],[77.25577136953686,28.664036954980897],[77.25584149734054,28.66392865803681],[77.25591780901615,28.663823663133496],[77.25600010482404,28.66372224517079],[77.256088169495,28.66362467028434],[77.25618177213381,28.66353119133608],[77.25628066942244,28.663442054176674],[77.25638460139433,28.663357491400344],[77.25649329863141,28.663277724029705],[77.25660647508647,28.66320296073294],[77.25672383522196,28.663133396803147],[77.256770092586,28.663101751109803],[77.25846521769601,28.66194205718511],[77.2585701980846,28.661869755117568],[77.2586666114028,28.66179703652125],[77.25875925827644,28.661720606552617],[77.2588479577745,28.66164061440481],[77.25893253330977,28.661557220928035],[77.2590128165161,28.661470588639766],[77.25908859363528,28.661380957507124],[77.26107308717697,28.65879813489433],[77.26138487902956,28.658387851627033],[77.26362271842778,28.655349400253773],[77.26430401718213,28.65453376888692],[77.26444576064027,28.654365964335458],[77.26466403690146,28.654329089392935],[77.26577285998309,28.652782708737522],[77.26619436235407,28.652341157672918],[77.26625455512163,28.65227810177384],[77.26699150725003,28.65131087185567],[77.2670881440426,28.651170677591164],[77.26795456811256,28.64991371148445],[77.26800463124461,28.649845180925194],[77.26804854767934,28.649773445629798],[77.26808605560015,28.64969893405133],[77.26811693035062,28.649622090260355],[77.2681409885241,28.649543373876167],[77.26815808578245,28.649463253787673],[77.26816812094549,28.649382208084557],[77.26817103286483,28.649300721402895],[77.2681668054193,28.64921927942789],[77.26818564457498,28.6490937889308],[77.26821822584901,28.64887676863004],[77.26822815793278,28.64858877347494],[77.2682684126839,28.648150512477255],[77.26830205095139,28.647784292203017],[77.26848190360103,28.64582617186097],[77.26888559580273,28.641607503402742],[77.2689318499835,28.64112412057183],[77.26923749945162,28.637929855624975],[77.26970086903114,28.633315724875054],[77.269707399851,28.63324086046298],[77.26972326565931,28.633154076856417],[77.26974724502412,28.633068754289575],[77.26977916865621,28.632985485673967],[77.26981881773207,28.63290484309571],[77.26986592086644,28.6328273796708],[77.26991047871523,28.63276678784554],[77.27082228631856,28.631433316971982],[77.27087767192984,28.631343002441373],[77.27092619690552,28.631251424256927],[77.27096855163713,28.63115749445421],[77.27100459378309,28.631061535727316],[77.27103419651237,28.630963878629654],[77.27105725967158,28.630864857777905],[77.27107370368981,28.63076481375861],[77.27108347158406,28.630664091289912],[77.27108653094521,28.630563036481504],[77.27108493468391,28.630518978812095],[77.27107720101922,28.630356005094733],[77.27102939326309,28.62947846888606],[77.27102313912093,28.6293636672763],[77.27101096116537,28.629140139746255],[77.2710082394467,28.62900421744453],[77.2710125555944,28.628866307667924],[77.27102394073162,28.628728711561244],[77.27104237330958,28.628591711892643],[77.27106781332098,28.628455589031766],[77.27107878283918,28.628399980170656],[77.27109194002712,28.628355068824163],[77.27110150811026,28.62831520444252],[77.27114247456069,28.628196182557883],[77.27114988023781,28.628174667607105],[77.27120479238984,28.628040849414187],[77.27122780366705,28.627992816135325],[77.27126759330672,28.627909758199596],[77.27134031229743,28.627777759909282],[77.27142656514835,28.62765016595964],[77.27151645514436,28.627530591617145],[77.27161272581743,28.6274149478404],[77.27171515789715,28.627303499948944],[77.27182351554691,28.627196503614826],[77.27193755043356,28.627094203892465],[77.27201010238879,28.6270350646996],[77.27213337810235,28.62694030702319],[77.27218159405807,28.626904621447334],[77.2723110455751,28.626817770300242],[77.27244505896233,28.626736483443427],[77.27258474942857,28.626660170121838],[77.27349818879588,28.62622443823658],[77.27368166970535,28.626141495365435],[77.27385513742227,28.626057098965155],[77.27402561435964,28.62596808245972],[77.27418648010672,28.62587813897003],[77.2742786823711,28.62581692378954],[77.27437016355205,28.625749115213367],[77.27445739349288,28.625677076882685],[77.27454012103387,28.625601016933217],[77.27461810954283,28.625521153181797],[77.27469113392615,28.625437716785257],[77.27470723232176,28.625417129399967],[77.27473067482318,28.625387148883707],[77.27475898355922,28.62535094587549],[77.2748234014647,28.625258304714777],[77.27563120417524,28.624015806646103],[77.27601102927242,28.623481742497983],[77.27677186924237,28.62228487236101],[77.27747229511564,28.621291470113277],[77.27762779795955,28.621070920809917],[77.27763666089209,28.621058395529516],[77.27848046362305,28.619865842506616],[77.27857837036905,28.619720611436883],[77.278668934771,28.619574135061164],[77.27875326290683,28.61942478876977],[77.27883624262579,28.61926301754921],[77.27895373687387,28.619057388013815],[77.27907638561682,28.61885641486159],[77.2792051335186,28.618658435566513],[77.27933502201572,28.618470627987925],[77.28031668538817,28.61693649002548],[77.2804675842929,28.616700661577116],[77.2806363583114,28.616436896844036],[77.2809300560739,28.615986639948634],[77.28122844491777,28.615538664724728],[77.28153128011778,28.61509333526491],[77.28167244889367,28.614889037374077],[77.28180504063907,28.61468545220654],[77.28193160157204,28.614478900806095],[77.28205576284124,28.614263062168455],[77.28216322784846,28.614088362488356],[77.28220646747833,28.6140237462487],[77.282288504492,28.613884707019505],[77.28231873725763,28.613828513148384],[77.28329746897275,28.612653866908577],[77.28332640975016,28.612611292539203],[77.28509627276118,28.609932939910713],[77.28534366081156,28.609559507603624],[77.2855827501401,28.60918460973979],[77.28581483394059,28.608806299130215],[77.28603984902881,28.6084246770248],[77.28625773434575,28.608039848245784],[77.28646843388678,28.60765191482254],[77.28667188661827,28.60726098247745],[77.28686943292146,28.606864358843218],[77.28755496102882,28.605510644069753],[77.28775144863566,28.60512263119568],[77.28886365517685,28.602926261873478],[77.28892282341778,28.602809415570732],[77.28905392501903,28.60255051118529],[77.29130525445527,28.598104298063873],[77.29308358588382,28.594565716822434],[77.29323342887336,28.594265090082228],[77.2933909820124,28.59396431833054],[77.29355485209238,28.593666188725575],[77.29372498405624,28.593370804132892],[77.29390149136277,28.59307797764837],[77.29560505963762,28.5903896461653],[77.2964828912082,28.588862749357556],[77.29673538530307,28.588417180744685],[77.29736503451218,28.587285402480894],[77.29744827418426,28.587130119511336],[77.29753718433459,28.586977304622955],[77.29763167240276,28.586827120877814],[77.29773163854006,28.586679725145032],[77.29783697572745,28.586535273512748],[77.29794757380381,28.58639391851277],[77.29806331537894,28.586255809190202],[77.2981840789186,28.586121091953263],[77.29832815577701,28.58598075358346],[77.29847639749921,28.585843835300434],[77.29862869885125,28.585710433611546],[77.2987305707415,28.585621179655867],[77.29883695796748,28.585536128475205],[77.29894763641364,28.585455456189685],[77.29906237469645,28.58537933362924],[77.29918093500956,28.585307918199366],[77.29930306915428,28.585241359361664],[77.29943061168956,28.5851727408831],[77.29955442910361,28.585098999300794],[77.29967425695227,28.585020289786826],[77.29978984030456,28.584936781788542],[77.29990093362477,28.584848653617012],[77.30000729870933,28.58475609157922],[77.30015663859898,28.58463251265983],[77.30030158541238,28.584504924506525],[77.30044199967351,28.584373446792696],[77.3005777502403,28.584238206268445],[77.30070870601214,28.584099331487668],[77.30083298128851,28.58395894408383],[77.30144210371093,28.583204478491457],[77.30157532862525,28.583294402481805],[77.30167193713305,28.583156421114804],[77.30270000466206,28.583991021692576],[77.30350402160498,28.5847049487457],[77.30376781986989,28.584932450097817],[77.30405561740936,28.58520237758603],[77.30457445735325,28.585765832715722],[77.30500797804227,28.586106438523107],[77.30541333077369,28.58643346194136],[77.30579020631099,28.58673284868962],[77.30615904623906,28.587028856690445],[77.30646678479948,28.587267797015837],[77.30673523432158,28.58745698802962],[77.3068880637408,28.5875829011108],[77.30717128808078,28.587833131627235],[77.30718420569983,28.587842862758265],[77.30733298857756,28.587954938629267],[77.30751015020168,28.588106635564753],[77.30784560716202,28.588434322649338],[77.30858184481647,28.589130543690445],[77.30859692577522,28.58914630909067],[77.308723854943,28.589217096617716],[77.30901063229038,28.589465555317002],[77.30944596606658,28.589879541714726],[77.30982186578328,28.590304573078864],[77.31026398574929,28.590768607885853],[77.31028802821723,28.59082839819297],[77.31058908513288,28.591209552014043],[77.31066544701928,28.591305210961384],[77.31087753985268,28.591599809745272],[77.31113864378766,28.59193015169017],[77.31115987164424,28.59199451366978],[77.31115409495705,28.592065846647646],[77.31115072795163,28.592204176676773],[77.31114559334907,28.592577231188592],[77.31116243629114,28.592655905425016],[77.31116874080492,28.59267091154779],[77.31124467316543,28.592809833108436],[77.31146234068811,28.59317460566835],[77.31150858114252,28.593254024613532],[77.31170926679472,28.593456802969946],[77.31181832604867,28.593570276994647],[77.31197904805018,28.593737505628702],[77.31203244500537,28.593793063208846],[77.31205550622687,28.59381705773002],[77.31203884408025,28.593840067777304],[77.31202693290348,28.593856516835835],[77.31208196233915,28.59401137888404],[77.31212819536533,28.59403509097213],[77.31215396854822,28.594121173578518],[77.31222156814306,28.594231539624772],[77.31223834855635,28.594258937154052],[77.31221171555808,28.594300267853964],[77.3122270847728,28.5943095289635],[77.31235728719213,28.594376739886236],[77.3123981524234,28.594397834877093],[77.31237021854994,28.594440446434938],[77.31227994830179,28.59457815285533],[77.31227114603557,28.594605255909173],[77.31228582482584,28.59463195755035],[77.31240921374652,28.594718847203875],[77.3125244128646,28.59479997031468],[77.31246426637932,28.59484246102038],[77.31245761319398,28.59486308536016],[77.31255759850488,28.595059954137565],[77.31257037063548,28.595085103915736],[77.31257580804638,28.595092008106338],[77.31255936723355,28.595108603054083],[77.31281392352665,28.595345679826323],[77.3128519811408,28.59536818044531],[77.31274631659231,28.59548503807111],[77.31287214871139,28.595596410507575],[77.31286459075302,28.595606342401048],[77.31304035583453,28.595770971542695],[77.31308766887354,28.595750558355633],[77.31310671517153,28.595758075718116],[77.31314017982844,28.595815341604204],[77.3131860999203,28.59593415302471],[77.31323502002667,28.596139177310803],[77.31321697309949,28.596278685232985],[77.31321666301818,28.596279603600827],[77.31323713970586,28.59631596400551],[77.31326040877599,28.596334801084264],[77.313484491458,28.596474098125725],[77.31360836327318,28.596551387386253],[77.31378454803162,28.59663366448535],[77.313853660478,28.5966611059636],[77.31407067241034,28.596723763810303],[77.31411718268578,28.59672819205326],[77.31466811022756,28.596861213193094],[77.31497089537031,28.596952856730507],[77.31576351426749,28.596920151973045],[77.3160966389369,28.596893548356114],[77.31676926617956,28.59686114108625],[77.3170242380474,28.596872467861342],[77.31703368153275,28.596876219496938],[77.31721039220281,28.596897169840485],[77.31763072455884,28.59697537726372],[77.31810535614626,28.597093555505563],[77.3184620557324,28.59715634632988],[77.31911854147124,28.59728801906111],[77.31930873734785,28.597406756056063],[77.31943215009119,28.597451697536815],[77.31976931493824,28.597519122800566],[77.32006521952194,28.597595966397353],[77.32040808353342,28.597687490750598],[77.3207059659389,28.59771674432875],[77.32098124222092,28.59771171909305],[77.3211621857211,28.59772632650777],[77.32148424890453,28.597658962261264],[77.32205557382025,28.597593259885947],[77.32239623136603,28.597551310654048],[77.32250011429542,28.597530018853988],[77.32265491069175,28.59750291481153],[77.32282273555153,28.59752987188074],[77.32299449657576,28.597574032077173],[77.32304863193922,28.597603838454496],[77.32320422628713,28.597645805080774],[77.32324735655206,28.59766547739067],[77.32347592379865,28.597703953625206],[77.32360992493628,28.59772991954395],[77.32374605070515,28.5977715497855],[77.32377997751055,28.597777248718238],[77.32380471313816,28.597795086128436],[77.32386138758659,28.597838658410232],[77.32388725682942,28.597811109653403],[77.32389780080199,28.59779564033744],[77.32404898496192,28.597842504978153],[77.3241996622731,28.597850130453182],[77.32421371934582,28.597874484643054],[77.3244173715175,28.59791401802048],[77.32443956252399,28.59789636671208],[77.3246631284165,28.597961724253906],[77.32476522361395,28.59798154241141],[77.32483762596469,28.59797893196692],[77.32491563327933,28.59796660380737],[77.32501289205484,28.59793981353499],[77.32510233052886,28.59796183075758],[77.32517244845366,28.59799517138461],[77.3251889030563,28.59801530062631],[77.32525337452358,28.598034607100754],[77.32526268101776,28.598053289043605],[77.32540306929533,28.59809081322238],[77.32548340771517,28.59811228705545],[77.32595648605418,28.59824249976322],[77.32640399455337,28.598378930294007],[77.32659979019473,28.598569531654697],[77.32668416593063,28.598651668242724],[77.32711579006066,28.59891350303667],[77.32773093741264,28.59943799145056],[77.32753482536359,28.5996651183547],[77.32753058369848,28.59967003082764],[77.32755878185374,28.599687260384794],[77.32756045233236,28.59968828101007],[77.32778723053269,28.599826840200148],[77.32807540805511,28.600035968169923],[77.3281811211151,28.600062943058006],[77.3284303896247,28.600113413988193],[77.32860068492309,28.600147893745536],[77.32860127832713,28.600148007158573],[77.32860155734467,28.600147447485313],[77.32875964597294,28.600028415164118],[77.32884368805131,28.600071474419202],[77.32886603917191,28.60008292603123],[77.32912293184144,28.60021010695713],[77.32938756009379,28.600307683549115],[77.32972028518472,28.600431218740518],[77.33011200322605,28.600553683923618],[77.3301390203736,28.600561564323424],[77.3302347964805,28.600607533690244],[77.33041746624157,28.600663500918216],[77.33047534156378,28.600681718216943],[77.33088540786247,28.60081079754268],[77.3310053714447,28.60085179767897],[77.33170832551058,28.601077677832166],[77.33204812521402,28.601170263868596],[77.33235707486575,28.601247593350696],[77.33259396886037,28.60130201815688],[77.3327798857302,28.601335033618213],[77.33321752868201,28.60140394591282],[77.33322197556126,28.60140439627349],[77.33338796346133,28.601430800361275],[77.33373714615664,28.60148577206384],[77.33391098227715,28.601556178035665],[77.33411468405649,28.60163393431],[77.33445362401426,28.601782760244934],[77.33462131474687,28.601851592936377],[77.33477445846495,28.60191879030914],[77.33498935977381,28.60181617379083],[77.33522991053381,28.60173225157272],[77.33541916742146,28.601694038813147],[77.33546812636864,28.6016867992355],[77.33565777564695,28.601636988295795],[77.33600667932205,28.60166537343666],[77.33615013086053,28.601670668408413],[77.33624476120457,28.601685681889524],[77.3363736208485,28.601713420553345],[77.33654240560632,28.6017271546687],[77.33667217862767,28.60173934251581],[77.33681155984377,28.601787982024927],[77.33699864802632,28.60189017055265],[77.33703585695265,28.601923926910462],[77.33715126985483,28.602022252483124],[77.33720193809226,28.602034912394487],[77.33723491696858,28.602040144217863],[77.33727210372355,28.602037569465907],[77.3373140754751,28.602053392781237],[77.337372700568,28.602088999237516],[77.33745882475976,28.602174064123624],[77.337593244885,28.602339298252822],[77.33774060286221,28.602520952705333],[77.33792970655232,28.602714093302186],[77.33813827817052,28.60293463803802],[77.33843320153477,28.603193638367216],[77.33863756250173,28.602997039300845],[77.33867559076364,28.60295421785056],[77.33892950982458,28.603178416916453],[77.33904874297754,28.603322864964994],[77.33932588275553,28.603742958228487],[77.33955198267262,28.604084176600026],[77.33963594017975,28.604165382373544],[77.3397408642017,28.604228824648004],[77.33986965120805,28.60433100753793],[77.34012774454091,28.604484611186606],[77.34019160642336,28.604548762067008],[77.34035469074517,28.604715606695297],[77.34048147995442,28.604875826592057],[77.34062037751063,28.605063389814326],[77.34078072516652,28.605254932092762],[77.34080867576488,28.60527628082043],[77.34085293384089,28.605296139783714],[77.3410417657012,28.60524905371946],[77.3411463155684,28.605221468090622],[77.34120328895874,28.605226720192537],[77.34123698465056,28.60536423568157],[77.3412414744691,28.605382561084877],[77.34167477548634,28.60715089531804],[77.34177573859016,28.607540232299904],[77.34191910238113,28.608156677762885],[77.34195921883197,28.608388274752464],[77.34195703106754,28.608447992908047],[77.34193966002232,28.608496347207968],[77.34188575560556,28.60863989190845],[77.3418317317393,28.60877801349691],[77.34182515225677,28.608877336400443],[77.34183029603328,28.608990407125415],[77.34186762852089,28.60922061225003],[77.34194027866262,28.609598312095375],[77.34197321865001,28.610148901987113],[77.34197227587146,28.610165712537874],[77.34200439226161,28.610476739956898],[77.34199324032143,28.610676292081493],[77.34199522294008,28.610765626285676],[77.34198029333392,28.610886823881476],[77.34198730213905,28.610987719109918],[77.3419695817161,28.61115638655747],[77.3419487275805,28.611398766857157],[77.34194414116105,28.611579503007256],[77.34194038988433,28.61159337027248],[77.34193268231341,28.611857827577914],[77.34192468417379,28.612034745766316],[77.34190883442288,28.612180230346688],[77.34189775249675,28.612325633427595],[77.34184931722885,28.612614789591778],[77.34184888593444,28.613025177165678],[77.34184747649077,28.613284057124297],[77.34184864151433,28.613443979366608],[77.34181479540158,28.613442870804683],[77.34180480527844,28.61344384734896],[77.34176763213273,28.613447484300153],[77.34175347769154,28.61354848269756],[77.34158389827958,28.613564040036838],[77.34141817406164,28.6135921582706],[77.34154115174788,28.61389466118491],[77.34158960092832,28.613982213478813],[77.3416164512018,28.614144323689143],[77.34161374859302,28.61426432739943],[77.34160637793289,28.614576975449875],[77.34162817700343,28.614833875394392],[77.34163020623383,28.615005884398702],[77.34165870276784,28.615242149890772],[77.34168309696406,28.615459925431733],[77.34168717534972,28.61569960560999],[77.34172367800284,28.615884771615633],[77.3417729882368,28.61631527819648],[77.34181560712737,28.616643258245304],[77.34182787013486,28.616731396983482],[77.3418508877558,28.61730398026185],[77.34189193825873,28.61809193068289],[77.34193561765707,28.618799280218834],[77.3419656480214,28.61942241350333],[77.34190056642682,28.619475509114878],[77.34179893954911,28.619805982220374],[77.34182684663854,28.61986916440328],[77.34181954096742,28.620070678084144],[77.34179875967011,28.62012950494198],[77.34168945942544,28.62031329229959],[77.34160269944765,28.620451215464485],[77.3415088682676,28.620602253904703],[77.34149019282039,28.62068962809749],[77.34127152952675,28.621120868840656],[77.34116337946618,28.621356606610423],[77.34112871460772,28.62144560139862],[77.34110825783998,28.621458771170644],[77.34077261005937,28.621538210453284],[77.34073055075136,28.621569277560734],[77.34060980631979,28.62175855259404],[77.34056529627054,28.621819774160635],[77.34024294148418,28.621856430318843],[77.34023831393799,28.62195207973758],[77.34022663205519,28.622009435552094],[77.34022527318491,28.62208091982526],[77.34021834375233,28.622166791760456],[77.3402219191994,28.62226157678757],[77.34024895938657,28.622352058819796],[77.34026303980943,28.62245575783148],[77.3402485194039,28.62253136621705],[77.34023919596233,28.622575702608756],[77.3403634800201,28.62326606956944],[77.340440412812,28.623680508482725],[77.34022642578256,28.623792045031585],[77.34017761812288,28.62384875647164],[77.34002167416568,28.623921611739057],[77.33998854199483,28.623888402462537],[77.33990218528386,28.62391198171683],[77.33967668121618,28.624035410254958],[77.33940818299351,28.62419334802252],[77.3393845684007,28.624204883102635],[77.3393845603378,28.624209360143446],[77.33932663249058,28.62425323657279],[77.33931525947965,28.624271622967886],[77.33935144219402,28.624315727482045],[77.33928209995975,28.62437852603358],[77.33917957053332,28.624449387972223],[77.33924710746152,28.624524409426872],[77.33918323191017,28.62455974326597],[77.33921339143006,28.624591704846672],[77.33911713378238,28.624633643695056],[77.33889462865842,28.624759617680787],[77.33874223106024,28.62485969489124],[77.33857387136007,28.62497044036375],[77.33843451886435,28.62506119659852],[77.33838218989169,28.625091983786774],[77.33827614628989,28.62515747878729],[77.33824973596688,28.62516183230751],[77.33817697827531,28.62521065949213],[77.3382132783503,28.625259139943374],[77.33822812485266,28.625278968401695],[77.33823017019535,28.625281699359068],[77.33798604022851,28.625419423307452],[77.33779009533741,28.62553345351086],[77.33758853346451,28.62565123894501],[77.33737205960945,28.62577431046268],[77.33721019239125,28.62585940357489],[77.33693531249087,28.62601274527782],[77.3367631337579,28.626108074816894],[77.33644495551825,28.626301514468985],[77.33625108465695,28.62642507773528],[77.33607219044724,28.626536982692052],[77.335559511727,28.626863469309356],[77.33521198315816,28.627103560851584],[77.33493197441436,28.627272583218872],[77.3347656950719,28.627377054812317],[77.33473311688012,28.6274036278468],[77.33467872559795,28.62744358168793],[77.33465149344946,28.627461933396038],[77.3345094203824,28.62759477523446],[77.33446268811244,28.62764798712617],[77.33437936764454,28.627777005853606],[77.33436730499047,28.627800417500083],[77.33377525247259,28.62894944904776],[77.33365463980306,28.629023748506366],[77.33330801838862,28.629246566415404],[77.33275463374196,28.629615679517297],[77.33224866004677,28.629948289727196],[77.33198178333944,28.630260312604534],[77.33150916319447,28.630835269457094],[77.331540869247,28.630862172533206],[77.3312966775052,28.631145580772742],[77.33124655154816,28.631186972990108],[77.33121743095731,28.63121211704344],[77.33114996784316,28.631295482049495],[77.3311349594697,28.631311932837082],[77.33111237991527,28.631453792572497],[77.33115486741971,28.631459734317687],[77.3311242925191,28.631513646023706],[77.33111898135049,28.631547103144595],[77.33106382861153,28.63158408685745],[77.3310597048718,28.631602843203957],[77.33104214108998,28.63158895955964],[77.33101039421618,28.6316303845692],[77.33093667579803,28.63160604132252],[77.33088825681251,28.631716567916932],[77.33084237603741,28.63183080142816],[77.33081286010065,28.631817164931906],[77.33077766384565,28.631803083025932],[77.3305908528095,28.631796690434385],[77.33047544970931,28.631783578869832],[77.33024836069225,28.63178474123198],[77.33012491305021,28.63174402479289],[77.32988996416978,28.631686600385866],[77.32977333524751,28.63167099565849],[77.3296377051567,28.631778375344055],[77.32914405344967,28.632133399037535],[77.3290065945624,28.63223225544364],[77.32891258809799,28.632266384952587],[77.32823543683661,28.632593865388046],[77.32761669650272,28.632812765596366],[77.32740298060875,28.632904285624466],[77.32738069521534,28.632913829004327],[77.32695679294872,28.63301205811336],[77.32673975616268,28.632971033663843],[77.32658891255858,28.63303226054172],[77.32623539483382,28.633150204080312],[77.32623512109745,28.633150033746887],[77.32610638488164,28.63319440820585],[77.3259904490513,28.63323479857847],[77.32589666443468,28.633296455941416],[77.32584898755073,28.63333654829876],[77.32581993834779,28.633365014791615],[77.32568406810333,28.63350421149336],[77.32553748831327,28.633647163020658],[77.32536525634316,28.63381971254003],[77.32525832845306,28.633925683155905],[77.32507624467056,28.6341103029353],[77.32470947024072,28.63448375041093],[77.32439964057897,28.634809211142414],[77.32421256679439,28.63501236182428],[77.32395945890326,28.635279721041478],[77.3237697260225,28.635484702329595],[77.32369464694462,28.635566918821638],[77.32347504464549,28.63579383411455],[77.32332688744636,28.63592669368095],[77.32316585345643,28.636093663976062],[77.32306311804524,28.636200185446338],[77.32282788799,28.636422012125017],[77.32265945643718,28.636583782809772],[77.32239451199258,28.636834680649518],[77.32236748404944,28.636863112707527],[77.32235699819036,28.636876978619593],[77.32211402663127,28.636778198922624],[77.32194602147237,28.636714121272995],[77.32192372444916,28.636731971845403],[77.3218948731099,28.63676403231285],[77.32182891134038,28.636806336956084],[77.32176874643932,28.636854740596316],[77.32174629527245,28.6368869078544],[77.32178607228536,28.63691981823212],[77.32182870204612,28.636948988618855],[77.32176182059348,28.63701306295871],[77.32158649368179,28.63718342987814],[77.32135073501921,28.63741938783641],[77.32104899092161,28.637711246006273],[77.32072726332439,28.638021431291694],[77.32053836403578,28.63822738480776],[77.32046863250861,28.63817265771794],[77.32021929851012,28.63838624529174],[77.31996803103821,28.63857462171936],[77.31982515675837,28.638675453268984],[77.3195948132969,28.63883385001035],[77.31936907764974,28.638983704434157],[77.31920716207662,28.639091207848793],[77.3188372103774,28.639335567934495],[77.3183973253719,28.639617091298312],[77.31831653882173,28.639667605009638],[77.31798332054768,28.63987595531971],[77.31748844090022,28.640219775133808],[77.31738804032007,28.640289198450905],[77.31717082910454,28.6404452508405],[77.31684718505458,28.640723723065825],[77.31654766642279,28.64095417681909],[77.3162693743986,28.641168399139946],[77.31617621072839,28.64123981269588],[77.31612431016465,28.641442756893397],[77.31628842977953,28.64176260563134],[77.31647506510456,28.642107634934025],[77.31676738445567,28.642604151517492],[77.31666313420108,28.642646055967223],[77.31707947308979,28.64361187555702],[77.31731544248643,28.644001528643603],[77.31736633702582,28.64411851404974],[77.31752604987845,28.64491820741524],[77.31752301073078,28.64503546976909],[77.31751059676354,28.645450635332235],[77.3178825812176,28.64546304854492],[77.31787818005982,28.645590070295956],[77.31783640627805,28.645817173322225],[77.31784580853608,28.64591751135805],[77.31787926553643,28.646249406850803],[77.3178795558732,28.64625228364295],[77.31796295379493,28.646445506683172],[77.31812409585928,28.646792909181006],[77.31826335748077,28.647114736660694],[77.31827950165872,28.64715204495481],[77.3183236924683,28.647252845622376],[77.31832598369105,28.647252156778773],[77.31836624245,28.647307516562716],[77.31838419969472,28.647332209325334],[77.31851842585628,28.647600729801187],[77.31857460438674,28.647725197516163],[77.31870789943589,28.647992398376914],[77.31876013295677,28.648121302203307],[77.31878872922083,28.648167359142818],[77.3188332814423,28.64823006977814],[77.31887423788649,28.64829284107516],[77.3188748488601,28.648292857678918],[77.31897353156525,28.64845882577216],[77.3190442670722,28.648553343028016],[77.31908132433793,28.648602428162352],[77.31913099791181,28.64867986126144],[77.31913769060752,28.648711482978598],[77.31915476394497,28.64877889565846],[77.31917280380091,28.648944674912613],[77.31918263251892,28.649199986193725],[77.31934711679031,28.649379244650007],[77.31948623331995,28.649699475092827],[77.31973969161997,28.650282899743846],[77.32039731503612,28.651505701741932],[77.32048146040303,28.652202216860438],[77.32048738841439,28.652679363631876],[77.32051585645178,28.652722567607384],[77.3204845345193,28.653122659952466],[77.32052554557082,28.653162418009952],[77.32057626814704,28.653422057965603],[77.32062894510946,28.65369170090776],[77.32054091498318,28.65386011258903],[77.3206779769055,28.654095472919412],[77.32063698026876,28.65412022939195],[77.32011131990164,28.654732846889573],[77.32010098565573,28.654832489708383],[77.32008900110691,28.654938475590217],[77.32009073919613,28.655017386444648],[77.32007272718373,28.655093477924165],[77.32005628018993,28.655403206656345],[77.32005675221274,28.65566843925036],[77.32005481023572,28.65590529443368],[77.32006187964213,28.656220204990902],[77.32007799201241,28.657144294938004],[77.32008776365684,28.65747691431523],[77.32008886259908,28.657532467170352],[77.32009466633242,28.65763341140194],[77.3201119517081,28.6576867948436],[77.32011990779647,28.657722970951653],[77.32012880703141,28.65774108608839],[77.32012511670405,28.657768632478263],[77.32012256815408,28.65777376208607],[77.32008730061375,28.65781817841401],[77.3200574011741,28.657862502733103],[77.32003054954437,28.657895944319556],[77.32002886931747,28.657907988249978],[77.32007375056286,28.65829673784066],[77.32011269067826,28.658854753832873],[77.3201249812132,28.659297966248477],[77.32021179894411,28.65929086447388],[77.32027325361973,28.659827381079793],[77.32028225272956,28.65990113562293],[77.32028874907799,28.659954381841303],[77.32031132502684,28.660088387121395],[77.3203518253641,28.66030251712787],[77.32054522494661,28.66027883917531],[77.32055109745356,28.660377298283937],[77.32056409060031,28.6604623940486],[77.3205746451288,28.660522282434403],[77.32062855656481,28.660768763187544],[77.32057487964201,28.66077607576937],[77.3205807981205,28.660875317224413],[77.32061140846437,28.660967951418588],[77.32065214174506,28.661009250549785],[77.32066067047266,28.66104270193676],[77.32085607081426,28.661888850149385],[77.3209214471273,28.662341134343016],[77.32084801079597,28.6623524047499],[77.32086210734377,28.662468228947304],[77.32087862296898,28.662589102999693],[77.32098947442016,28.663009723699282],[77.32107779376983,28.663298374829207],[77.32085222686516,28.663381656882105],[77.32084308636732,28.663383443052805],[77.32086239646148,28.663441273013568],[77.32091583322592,28.663430430312026],[77.32092790878892,28.66346763912056],[77.3208667999673,28.66348395914553],[77.32089569179139,28.663694978432922],[77.3210545929526,28.663676982384438],[77.3211016503209,28.663847983451298],[77.3211195906019,28.66391563607363],[77.32114689254807,28.664015198245234],[77.32118651672177,28.6640061188844],[77.32128656581605,28.664283497253333],[77.32135877766962,28.664574459773007],[77.32130601247981,28.664589618291142],[77.32132504811855,28.66466768738157],[77.32137100275914,28.664657736093666],[77.32142266590574,28.66485436639645],[77.32144317031569,28.664946663843427],[77.32145206878141,28.6650361062651],[77.32148399072756,28.665175042197465],[77.32151616862068,28.665273248463514],[77.32153693909817,28.665272892206055],[77.32160482589477,28.665472298205042],[77.32168084371726,28.665706647336574],[77.32170762455706,28.665789207459955],[77.32169753102431,28.66580261644452],[77.32178538861692,28.66617476071959],[77.32192500092832,28.666747605116804],[77.32193994862573,28.666797237063825],[77.3219563952434,28.666810190749917],[77.32198764117344,28.666813726498074],[77.32204520287347,28.666806630795644],[77.32238948666047,28.66676712518274],[77.32248870205915,28.6667644049783],[77.32254533469263,28.666767504964238],[77.32258130782274,28.66677605078649],[77.3226268945591,28.666801740163812],[77.32265057951649,28.666828823108226],[77.32268362170576,28.66691377834216],[77.32277213745904,28.666896987079664],[77.32286762204387,28.66688211341102],[77.32290119845408,28.66688662757556],[77.32291762273,28.666898562895504],[77.32294017572829,28.666926682937543],[77.32297127876124,28.66697603747049],[77.32298962003958,28.667022556054253],[77.32299420532121,28.667073383441934],[77.32302780007207,28.667235706846853],[77.32302874829259,28.667383318399636],[77.32304490928988,28.667487908158012],[77.32303841395964,28.667769020827066],[77.32331865445137,28.667768124329346],[77.32330254530851,28.66797972486858],[77.32330550662886,28.668084477103644],[77.3233103088921,28.668213823419517],[77.32333983862179,28.668581463885488],[77.32334064721334,28.668618102520128],[77.32353598931118,28.66861203324336],[77.32359786208077,28.66862590392146],[77.32367560119609,28.668661221729444],[77.32373807305314,28.668702231293917],[77.32377942521966,28.668762609095552],[77.32382116580479,28.668840627081682],[77.32377240970415,28.66886318380734],[77.32375575516676,28.668875686968352],[77.32374425481082,28.668912536937235],[77.32366415497684,28.6691188943366],[77.3235507418953,28.6694231814191],[77.32345470590342,28.669622346297245],[77.32344970005954,28.669657048396232],[77.3234680309796,28.66991228262215],[77.32348537464432,28.67012273587454],[77.32336953804015,28.670470886128314],[77.32326216828534,28.670784275694224],[77.32309747783991,28.67083856107505],[77.32314985412602,28.67096325799238],[77.32317640545763,28.671106212894294],[77.3232222027625,28.6712814235124],[77.32324089585322,28.671351809172595],[77.32325147524868,28.67139164179648],[77.32331031933458,28.67157120634402],[77.32365335064449,28.67252727613787],[77.32388080632083,28.673196681230056],[77.32390310465411,28.673465622445196],[77.32409416512264,28.673467293643238],[77.32407947571514,28.673800524665825],[77.3240814417351,28.674014375234663],[77.32407419595106,28.67406067887846],[77.32402589596447,28.674119840725922],[77.323964571788,28.674213253201472],[77.32392258541165,28.674308764187174],[77.32391431953505,28.674344872920546],[77.3239075046097,28.674374646489458],[77.32390269191,28.67440632548335],[77.32390916762274,28.674449963753123],[77.32394565947241,28.67460488905776],[77.32395115051399,28.674728750403897],[77.32395778720682,28.67477967688115],[77.32397809085138,28.674825507390107],[77.32398828734748,28.674912830323446],[77.32399168517506,28.674941938586134],[77.3239798769226,28.67515602569299],[77.32403227470688,28.675157556428005],[77.32404574294956,28.675393083252228],[77.32404502615134,28.675429097524937],[77.32399441189777,28.675429441694106],[77.32396993311528,28.67593832856765],[77.32397143281939,28.676336665673574],[77.32382677183247,28.676335017819962],[77.32383176112248,28.67656096955574],[77.32377066659399,28.67691444151122],[77.32373418934247,28.677009856945617],[77.32361259102532,28.677369229107878],[77.3246483918527,28.677847260477684],[77.32461651305223,28.67790127919824],[77.32475247349991,28.677942692802887],[77.32533654339092,28.677136438633028],[77.32549942956888,28.676919475535936],[77.32592453014041,28.67692491680527],[77.3267404474604,28.676954231971163],[77.32674136574828,28.677036254683514],[77.32693807886083,28.67704505040107],[77.32706209305354,28.677050722055686],[77.32706314492778,28.677035368665074],[77.32768894774202,28.67709599251517],[77.32779371804676,28.677127334715745],[77.32780034282501,28.677165463804663],[77.328133572501,28.67733055194259],[77.32812880819806,28.67737652611572],[77.32891698586742,28.6777199022883],[77.32947948496899,28.677945779619307],[77.32947524459748,28.678200910787226],[77.33002308032206,28.678269957287448],[77.33025534732896,28.67837713711483],[77.33030844516396,28.67843072214247],[77.33037664793981,28.678483340551153],[77.3306140866567,28.67865395426693],[77.33083544189192,28.678900996765964],[77.33084116428297,28.678930015093663],[77.33100582278196,28.679139958742056],[77.33129268362815,28.67947770305722],[77.33162170720937,28.67988415422984],[77.33164679719721,28.679870283094274],[77.33183520228764,28.68012013177606],[77.33196296751257,28.680264608640723],[77.3321071954244,28.680423054199377],[77.33213107057384,28.680409069478447],[77.33234570801046,28.680669064629726],[77.33241354830683,28.680754049453487],[77.332546825325,28.68092689794351],[77.3326049524516,28.680992032254522],[77.33271542918945,28.68113701116759],[77.33282403872933,28.681280221311596],[77.33298263301619,28.681467697373773],[77.33304906625439,28.681553452236937],[77.33314100184347,28.681648763135076],[77.33299338379037,28.681755896395334],[77.33292163315292,28.68180136466996],[77.33245908768437,28.68211398662995],[77.33258342774445,28.68224216610277],[77.33261657854997,28.682263795818603],[77.33264055771903,28.682283376790306],[77.33265045361303,28.682297049140665],[77.33264905174326,28.682312453679813],[77.33262261025868,28.6823464663129],[77.33248110668367,28.682503569396744],[77.33233469928167,28.68265044525794],[77.33225352904141,28.682717613704135],[77.33224011642707,28.68273416180154],[77.33217425309533,28.682799440517428],[77.33217294917326,28.682801450613916],[77.33217878607007,28.682821342588028],[77.33218020380842,28.68282617487153],[77.33223011558847,28.68307013460202],[77.33223476831934,28.683107868798622],[77.3322333880796,28.683145806237874],[77.33222600332945,28.683183200282315],[77.3321486707467,28.683458733750626],[77.3321369874281,28.68350035847671],[77.33213758145176,28.68359302112614],[77.33213575042804,28.68372019810413],[77.33212115165355,28.683900913541024],[77.33211637112673,28.684034976676283],[77.3321055993433,28.68424843855566],[77.33212159101649,28.68424903896444],[77.33214908441796,28.6842517905207],[77.33219724817505,28.684256428702327],[77.33219308349251,28.684278375137275],[77.33217952468188,28.68436610653658],[77.3321679091626,28.684471577526395],[77.33214702608328,28.684578575153157],[77.33213298248688,28.6846444402621],[77.33211270968211,28.68470904586497],[77.3320643843097,28.684837024284228],[77.33198633552857,28.685022934957484],[77.33203492375588,28.68504670583945],[77.3320262923623,28.685076932367892],[77.33195362437864,28.685225837211306],[77.33182606885055,28.685486427269364],[77.33168842053686,28.68578137047403],[77.33159307855237,28.685973300967365],[77.33131407493379,28.686570804228907],[77.33152525946944,28.68662951541526],[77.33246868040902,28.68704305230068],[77.3320764526535,28.687817566619017],[77.33182133189342,28.68827411564569],[77.33159592242347,28.688655708931883],[77.33127298721774,28.689227076530276],[77.33101392192222,28.689628742613536],[77.33052992380065,28.68988934710389],[77.33031790312043,28.689841068019767],[77.3301741637042,28.690001884205326],[77.3297024992878,28.69061702344207],[77.32940416139063,28.69100769813855],[77.32913574501913,28.69133229625703],[77.32895115289327,28.691555523841096],[77.32855922863915,28.692061281125376],[77.32802754667213,28.69276768066532],[77.32774437381889,28.693131887510727],[77.3276865822541,28.693229494110017],[77.32760089017707,28.693381653469107],[77.3274927319686,28.693510796317348],[77.32724437609399,28.693766853250054],[77.32700926319147,28.694010767039156],[77.3267933779983,28.694228138901124],[77.32646340220315,28.694581705401554],[77.3261219290109,28.694934805754027],[77.32606083266708,28.694996221315826],[77.32599978204969,28.695059753609545],[77.32595627251638,28.695101803389502],[77.32575102518865,28.695216530381625],[77.32557125427563,28.695288458252037],[77.32555124210668,28.695306805511844],[77.3253916469618,28.6953677958365],[77.32500662665937,28.6955544491977],[77.32498174076022,28.695569703387843],[77.32497853715174,28.695587761640688],[77.32499738932968,28.69562556240143],[77.32500833900443,28.695646288878077],[77.32501113572313,28.69564995259617],[77.3250339626561,28.695670232204645],[77.3250784271116,28.69570517289017],[77.32522285326802,28.6957787999036],[77.325205858982,28.695801564003023],[77.32495158920071,28.696210441768336],[77.3245245849782,28.69685702311924],[77.32427478695563,28.697216087237784],[77.32412189969082,28.697429615389847],[77.3240209924113,28.69756214082744],[77.32375265638294,28.69792152262356],[77.32370238340975,28.697995956368988],[77.3235896925584,28.69818263489062],[77.32353184835372,28.698334039267497],[77.32346305972666,28.698504740968428],[77.3234560760375,28.6985312377706],[77.3234472906323,28.69861595514465],[77.32345150515987,28.698649556844664],[77.3234559471532,28.69866145409035],[77.32348970198619,28.698702610676303],[77.32364539318202,28.69890007497623],[77.32371990750536,28.69899275615627],[77.32397856687989,28.699268318452848],[77.3242030394537,28.699491849393837],[77.32437736866524,28.69966456173574],[77.32505696119699,28.700561993722562],[77.32508950107757,28.70061594275769],[77.32509935819863,28.70061500188403],[77.32511720119697,28.70060855632641],[77.32512424903209,28.70061227416336],[77.32513980558277,28.700700247881162],[77.3251934888975,28.70068390845819],[77.32527200203528,28.70084655038295],[77.32533620772202,28.700829503080982],[77.32538217183571,28.70092209666335],[77.32535784169598,28.70093097704957],[77.32541044732127,28.701032739505475],[77.32535658558328,28.701050086273728],[77.32531567182897,28.70106901125488],[77.32531429755346,28.701123698515406],[77.32535191093952,28.701189104317496],[77.32526204459901,28.70122854508087],[77.32527663098136,28.701257006071344],[77.32548330226075,28.701640100175638],[77.32551146698195,28.701697191905684],[77.32535525613518,28.70176565167198],[77.32528337460944,28.701799797484423],[77.3252965671275,28.70181478592084],[77.32537054219418,28.701918775761424],[77.32545679440128,28.702064922430182],[77.32552674582,28.702193739545034],[77.32564078985378,28.702325966692328],[77.32570330534408,28.702437026596613],[77.32575073091621,28.702504737429194],[77.32578216845104,28.70253582637014],[77.32581823156745,28.702650178653247],[77.32584666117064,28.702652986474217],[77.32586774986542,28.70266982666405],[77.32591948020118,28.70268820776952],[77.32594502571355,28.702709868616118],[77.3259558025725,28.702747528339962],[77.32595137702353,28.70279115705996],[77.32593858698054,28.70291725752435],[77.32591865723907,28.70306875233613],[77.32592126051152,28.703137061654623],[77.32590494365209,28.703137342288898],[77.32591601271686,28.703553862756866],[77.32590582121809,28.703802357875748],[77.32590735790053,28.70406448521236],[77.32590946773902,28.704256130156203],[77.32565441065303,28.704413503925565],[77.32565595137034,28.704415427154796],[77.32572071650402,28.704496235201393],[77.32548314305798,28.704746340864602],[77.32544789908407,28.704777699551116],[77.32533345185537,28.704774334461728],[77.32529122951223,28.704811793107034],[77.3250710824331,28.70496740349168],[77.32504976336435,28.70500817475469],[77.3250452665807,28.705056003670514],[77.32503163300237,28.705103723518828],[77.32496909646248,28.705168824798385],[77.32495841557505,28.70521054725553],[77.32493698916302,28.705246423026217],[77.32479120961875,28.705373817326723],[77.32462751800547,28.705507641955226],[77.32455122858329,28.705611030268177],[77.32454912303574,28.705680742341187],[77.32448803192645,28.70579392656138],[77.32453936461093,28.705881537928065],[77.3246117580217,28.70595688767243],[77.32451544256224,28.706113736514],[77.32459221804145,28.706677254498867],[77.32468743031848,28.706984107496567],[77.32476848245572,28.707334154646954],[77.32484129324894,28.7075187213742],[77.32497552277478,28.707787062695576],[77.32517027749978,28.708098798076918],[77.3252941864256,28.70831480200186],[77.32535694466101,28.708459146463845],[77.32539238697579,28.70864169292735],[77.3261319348095,28.70968960201743],[77.32618207562531,28.70974688108858],[77.32630784618844,28.709802222913343],[77.32658398693839,28.710076180329214],[77.3270541712305,28.710509222939095],[77.327618864765,28.710955403648143],[77.32813453698718,28.711340566163454],[77.32877742502448,28.71173160775535],[77.3298415970506,28.712314529550735],[77.3304969289666,28.71267854089989],[77.33076989272828,28.712842339824167],[77.33050305600032,28.712921027045507],[77.32960484802923,28.71304452584718],[77.32891576820037,28.71311216575297],[77.32858567047309,28.713117839581106],[77.32831036248807,28.71314905049251],[77.3282202288693,28.713159268550445],[77.32807981540267,28.713178813448366],[77.32743749460593,28.7133472292984],[77.32729260643805,28.71338521805242],[77.3272581967211,28.71339852098744],[77.32649557823714,28.713237304748525],[77.32616023366457,28.713072989502532],[77.32575170730752,28.713086556822486],[77.32565544224306,28.71308975371818],[77.32521079001664,28.713087973091284],[77.32501194373845,28.713077923203425],[77.3244780824164,28.713049387387148],[77.3244385594366,28.71298945397689],[77.32423083413289,28.712854289581973],[77.32421325829237,28.712865551135803],[77.32410765950813,28.712932270274475],[77.32400206056678,28.71299898843585],[77.3239815154137,28.713013798956347],[77.32399257253972,28.71302935015604],[77.32361884216346,28.713265812257596],[77.32327510573907,28.713497784554107],[77.32297657975994,28.71368429165677],[77.32295967795537,28.713695315918077],[77.32287810362126,28.713602084913777],[77.32264163725105,28.713336271332093],[77.32236629626964,28.713020304918697],[77.32184615967117,28.71242113985836],[77.32147131826986,28.71266118806183],[77.32116200513622,28.71286719324163],[77.3210742343899,28.71291857731442],[77.32103946006643,28.71292986214087],[77.32078220732764,28.712992467651326],[77.32062795740723,28.713022428563036],[77.32013483846187,28.713140145637123],[77.31989661955056,28.71321073606219],[77.31962124749734,28.713306902153256],[77.31915509968177,28.71348709288574],[77.31878949999424,28.71361588424929],[77.31855521640894,28.713689223470563],[77.3184058271407,28.713727260167413],[77.3178345564673,28.713952279333522],[77.31736774066756,28.714136152174454],[77.31736307816328,28.714131663171628],[77.3169206854737,28.71370566871022],[77.31689591754953,28.71368181850577],[77.3150176178305,28.71513088703405],[77.31319090384999,28.713511271946945],[77.3131204229851,28.713448778972168],[77.31309410348415,28.713425443588967],[77.31336810239739,28.71321401185306],[77.31311721572604,28.71294420663153],[77.31301891974938,28.713015438057454],[77.31295016651067,28.712925402613767],[77.31254067048067,28.7131250166609],[77.31260739294991,28.713258620878314],[77.31240399985126,28.71335815627682],[77.31199640342909,28.713557621697763],[77.3115700107298,28.713766283511568],[77.31147373261636,28.71364850673195],[77.31115866968429,28.71318441179923],[77.31101490260372,28.712967848418703],[77.31048452275364,28.713221066462125],[77.30976581518925,28.713578431451385],[77.3096401542888,28.713412224170487],[77.30957121872541,28.713315920368384],[77.30891181470811,28.71363194780421],[77.30865339978159,28.71334427271402],[77.30813992663647,28.713596577820798],[77.3078853094771,28.713206048835367],[77.30781225560987,28.71324354593421],[77.30750488416606,28.713418541016452],[77.30707588788948,28.713662720249477],[77.30664021754386,28.713908986152017],[77.30612452273557,28.71407963578088],[77.30586790315684,28.714016903184614],[77.30574899426921,28.713935305271274],[77.30570433282871,28.713909158537668],[77.30550365411507,28.713742832502874],[77.30538008561803,28.713619555358637],[77.30501151924278,28.713354485403528],[77.30492271773007,28.713286914811967],[77.30483778629946,28.71319164529852],[77.30476430582829,28.71310802422583],[77.30433567317144,28.712450151272726],[77.30355153086428,28.711800400928798],[77.30297773505139,28.711397264213616],[77.30194091793082,28.71074956235807],[77.30060273237942,28.710324014901527],[77.29893752691952,28.709947403785705],[77.2986564083743,28.709846101057618],[77.29856408023943,28.709625854408767],[77.29862305418217,28.709292629272625],[77.2987452576298,28.709334865450398],[77.29884948202327,28.709150880406344],[77.29893739294506,28.709110048964035],[77.298878520877,28.708756746691837],[77.29888145794628,28.70866527438825],[77.29886654810416,28.70833307606841],[77.29871286944798,28.708124586556895],[77.29859611998492,28.707993485073548],[77.29854609851051,28.7079447472324],[77.2985434947418,28.707920915458338],[77.29855652821095,28.707897736360657],[77.29858786107296,28.707879296951436],[77.298633656478,28.70785234624911],[77.2986516952156,28.70781989903898],[77.29865948345756,28.707794972131047],[77.29861442467116,28.707687377897887],[77.2985433899867,28.707487475594473],[77.29851748441588,28.707440362359634],[77.29835914808795,28.707069786995618],[77.29824047946764,28.707107926074784],[77.29818297603296,28.706976454194994],[77.29793432351484,28.706535167873017],[77.29774199246441,28.70617118994202],[77.29752104295639,28.705747493944006],[77.29736796817497,28.705461113424622],[77.29714019549708,28.70503753165875],[77.29717406303074,28.70502491592295],[77.29714865897242,28.704956112042908],[77.2970867255676,28.704831171260924],[77.29644060812244,28.70513543433794],[77.29640482442902,28.705069432993007],[77.2962449350701,28.705138757041407],[77.29618432943435,28.705036844677167],[77.29591940990528,28.7051715336759],[77.2958732620932,28.705102680208054],[77.29555724586275,28.705256401769578],[77.29526472202919,28.704883861151334],[77.29519509376726,28.70492907872559],[77.29502359146755,28.7050493875503],[77.29486854639204,28.705167445490538],[77.29446143330986,28.70547753367311],[77.29417189158163,28.70571632751129],[77.29407216116186,28.705755406588406],[77.2940176905277,28.705765532620443],[77.29369123669751,28.70584705354616],[77.29356650125374,28.705858751927288],[77.29351388209152,28.7058636864239],[77.29322061849983,28.705880013763654],[77.29302796415783,28.705903718307383],[77.29281293124554,28.70596413358554],[77.2927949577622,28.70596670927506],[77.29261309764374,28.706012937004814],[77.29242356226776,28.706061565557746],[77.29237394986912,28.706030616006043],[77.29183069315695,28.7062759848484],[77.2914138328836,28.70647503417156],[77.29141057622613,28.706476335355273],[77.29132818338859,28.706500223527154],[77.29092712582049,28.706652348564308],[77.29070827486183,28.70677413642867],[77.2903313269735,28.70696899580682],[77.29038764475874,28.707052841239346],[77.29044933319864,28.707157813771225],[77.29035045960792,28.707208025631694],[77.29039421716259,28.707262122940143],[77.28991276304558,28.707574309040435],[77.2897436223402,28.70768324475103],[77.28994932198039,28.70795541900977],[77.2895157647911,28.70817602053334],[77.28953360588612,28.7082045063928],[77.2895717819726,28.70827861913585],[77.28913306726943,28.708485522329234],[77.28899792689465,28.708684553638843],[77.28909158500623,28.708857851278385],[77.28902836525808,28.708943630588788],[77.28868960993437,28.70961337394545],[77.28801882904516,28.70950735815722],[77.28785695873134,28.70986254485793],[77.28785150088115,28.709917359299798],[77.28785282902238,28.709978369228807],[77.28788819168133,28.71013504853029],[77.28798934184123,28.710556171645788],[77.28777581194194,28.710604974505355],[77.28801557377915,28.71168239044091],[77.2875348493898,28.71191861191765],[77.28744588937744,28.711957461777697],[77.28742651000496,28.711923432120727],[77.2874106479835,28.711895318528143],[77.2873014919981,28.711940485526696],[77.28731035185685,28.71195826146246],[77.28736152026258,28.712051505476598],[77.28720565147893,28.712130326931177],[77.2872626499562,28.712257829868904],[77.2873247361108,28.71222989086351],[77.2874731606245,28.71250971055053],[77.28751229736032,28.712560424086195],[77.28810390456036,28.71227693966642],[77.28837635379598,28.712132657690734],[77.28840015626588,28.71212521281929],[77.28842017014486,28.712127220827995],[77.28844448362534,28.7121432419135],[77.28863035906542,28.712425307217377],[77.28868840212333,28.71252291575382],[77.28885511036195,28.71278065759998],[77.28892052340007,28.712911005523456],[77.28893113129908,28.712941780159895],[77.28894184085219,28.712972851717307],[77.28894073984587,28.71298343293675],[77.28892904300157,28.712996542076542],[77.28855206780803,28.71317076347235],[77.28830700974972,28.713294701333577],[77.28841556264616,28.71343957453748],[77.28851169500044,28.713523528972825],[77.28859855072263,28.71356362704561],[77.28855252968314,28.71374290344935],[77.28849953054664,28.713729130024408],[77.28838456148813,28.714053839639416],[77.28840684912356,28.714058352579375],[77.28836568064187,28.71420575980716],[77.28832680202424,28.714458271377758],[77.28826381551347,28.714877462959013],[77.28824402905147,28.7149825926777],[77.2883665141876,28.715051577700244],[77.28842966988503,28.715084905919422],[77.28856131292444,28.715132124278796],[77.28865107345509,28.71516878605967],[77.28865016783122,28.715257833092227],[77.28858026013785,28.71589671397281],[77.288581869131,28.71597058327945],[77.28858320227293,28.715979584963513],[77.28928518063644,28.716451932229337],[77.28942264394357,28.716515389844716],[77.28972177684616,28.71657804465761],[77.28970647271353,28.71668149712616],[77.2896731377486,28.71725320930286],[77.28964862002744,28.71776316869504],[77.28962890073352,28.718129956303603],[77.28958489264555,28.719017169887508],[77.28954484078672,28.719904316385648],[77.28953951108103,28.720023067958437],[77.28953317375422,28.720067268847522],[77.28969142636299,28.720056247329218],[77.2896993362288,28.720090161331612],[77.28973939521632,28.720186049082102],[77.29000904027478,28.720617360074378],[77.29002628680473,28.720620851929812],[77.29028603771711,28.721063327307593],[77.29028720836727,28.72106294026128],[77.29043328549366,28.721014595279094],[77.2905562243668,28.72123884722633],[77.29033197760165,28.721255958403006],[77.29028541750442,28.721259510809332],[77.29027918042425,28.721272337209147],[77.29030443524375,28.721509477253857],[77.29031870606529,28.7215082520265],[77.29060868600624,28.72148335946654],[77.29083768320803,28.721807348784537],[77.2909446174056,28.721997121611842],[77.2909766147417,28.721975766395463],[77.29106875001439,28.722140704843927],[77.29078025657309,28.72230949098063],[77.29066060433523,28.72237135444325],[77.2906823331088,28.72242041563432],[77.29060120796578,28.722465599637392],[77.29061631855349,28.722485183015056],[77.29072098045853,28.722620821110326],[77.29081702530091,28.722770058488734],[77.29078457260759,28.722786597098704],[77.29041119735548,28.72297687780721],[77.29040728396029,28.722979158219406],[77.29012206663388,28.723145364882782],[77.28998930814075,28.723152178410146],[77.28980487184232,28.72316164462133],[77.2896681256966,28.723146581918957],[77.28966070692339,28.72321038431428],[77.289571974956,28.72320148077069],[77.28956834187403,28.723305604362892],[77.2896107396792,28.723308884081],[77.28965111771456,28.723312007623583],[77.28965304513476,28.723400427314782],[77.28941062086382,28.72339172147946],[77.28931834325012,28.72338840767581],[77.28915695765238,28.723388017199078],[77.28914295567577,28.723502518055074],[77.28913942339554,28.723531399141972],[77.2889592743487,28.72362674386547],[77.28845203841196,28.723911615327673],[77.28828186924997,28.724012813617055],[77.28815189287589,28.724047930398868],[77.28814499524054,28.724094211367692],[77.28810597756032,28.724117415293033],[77.28810619494232,28.724127394039705],[77.28810701329004,28.724140715352092],[77.28789492526491,28.7241970467863],[77.28789804148785,28.72426003743591],[77.28770360939755,28.724276335820672],[77.28770278061056,28.724326866488838],[77.28770966542801,28.724352262722483],[77.28774388151038,28.72445174069074],[77.2870937437312,28.724706410563048],[77.28706168606472,28.724644032263253],[77.28700785585094,28.724634036705705],[77.28693836598404,28.72466247731286],[77.2869074862569,28.72466481777347],[77.28685642882623,28.724687493327544],[77.2868215058172,28.724693536412953],[77.28677389820437,28.7246852535119],[77.28650100978014,28.72484255300253],[77.28645886543555,28.724905248269106],[77.28636550021811,28.725011524863792],[77.28634694867132,28.72503185494423],[77.28651778307083,28.725223447651206],[77.28650035651943,28.72526179007486],[77.28636737186586,28.725253795440857],[77.28636775399639,28.725271349359012],[77.28635983445726,28.72536513988671],[77.28633660107883,28.725365532867713],[77.28633190618073,28.72545487762779],[77.28634518196984,28.72545465307494],[77.28634606622903,28.72564780321436],[77.28609190425861,28.725640395400163],[77.2860874667465,28.725665348035232],[77.28606939152186,28.725902720253004],[77.28593806566357,28.725894697172713],[77.28593740122538,28.725958129876517],[77.28592401103269,28.72610086041821],[77.28590419091707,28.726099741189294],[77.28588633233649,28.72618874465608],[77.2858533202196,28.726187848514826],[77.28582614005563,28.72622757022825],[77.2856137800704,28.72647545389067],[77.28529663410173,28.72683562306105],[77.28513269961621,28.727034701412325],[77.28506485352493,28.727109713369817],[77.2857329194465,28.727147887687376],[77.28571755773814,28.727357409504958],[77.28544172084739,28.72734597684174],[77.28543085996438,28.727533472740852],[77.28542463526738,28.727552601814573],[77.2853999645825,28.727563262137032],[77.28537842217352,28.72756508982137],[77.28475453044408,28.727540519164158],[77.28468994116514,28.727536832646756],[77.28466730673703,28.72754294900027],[77.28463956414906,28.727563487457402],[77.28457775406417,28.727611190881003],[77.2844729673008,28.727723475219943],[77.28432622181907,28.727878638630056],[77.28427658637291,28.72794782162175],[77.2842194196593,28.727976548903904],[77.2840923219438,28.728122522702087],[77.2839790362054,28.728223316768904],[77.28396028980684,28.72824974721697],[77.28390486103493,28.72820110548055],[77.28378724090803,28.72828692048467],[77.28383467703149,28.728337705718282],[77.28378226435453,28.72839447637301],[77.2837363701725,28.728414595952803],[77.28353253761857,28.72857279918477],[77.28355807543485,28.728618659205434],[77.28355549464267,28.728655454852856],[77.28354529654584,28.72868628453019],[77.28351386161869,28.72883534408133],[77.2833874613442,28.728842177520352],[77.28328542618682,28.728871444986364],[77.28329113288495,28.72890370038077],[77.2832747320777,28.728911384873076],[77.28321416275337,28.72893849286667],[77.28321115948157,28.729044653025696],[77.28316732951897,28.729047542570292],[77.28316686236703,28.72902605627861],[77.28313242378273,28.72904320594691],[77.28309972677437,28.729056845327126],[77.28300645452534,28.729091866155773],[77.2830191361538,28.729144000206006],[77.28301266074965,28.729225540808315],[77.2829427861093,28.729350321415318],[77.28291161100297,28.729358119176336],[77.28287895942832,28.729601509031447],[77.28265859942381,28.729612940503817],[77.28244136889344,28.729852416276785],[77.2821997522482,28.73007640684844],[77.28216069176527,28.730122719106912],[77.28207960598351,28.73021886007955],[77.28205029209688,28.73035743825517],[77.28206494548026,28.730459382742914],[77.28208327718573,28.73056134812536],[77.28208432642045,28.73060962669288],[77.28176093523052,28.73085656907518],[77.28162430479131,28.73094694474966],[77.28145288767506,28.73101650173904],[77.28138322002157,28.731094361376716],[77.28126555892331,28.731212926561074],[77.28101613118234,28.731492686715676],[77.28066031080517,28.731856376867185],[77.280213299575,28.73227627089226],[77.28020075501172,28.73228805474196],[77.28022692247163,28.73238564585144],[77.28028206894577,28.73262336569822],[77.28033093340485,28.732738623246508],[77.28047182324158,28.733070939361408],[77.2799337124726,28.733423036751205],[77.27972721575408,28.733558150621977],[77.27943209507133,28.733761132700195],[77.27878503322358,28.734191926572745],[77.27852626587914,28.734381655143448],[77.27797329431348,28.734743453074966],[77.2775315411264,28.735017713509954],[77.27705989036178,28.73530932759565],[77.27701790384327,28.735270430932246],[77.2768756287041,28.73535950146791],[77.27650976798454,28.735581578938493]]],"crs":null},"id":5,"type":"Feature","properties":{"area":85.82687827,"zone":"E","id":0,"SHAPE__Length":51319.744079049495,"objectid":5,"SHAPE__Area":85826878.2732674}},{"geometry":{"type":"Polygon","coordinates":[[[77.14782384831258,28.76003458333743],[77.14749033261414,28.76103405477047],[77.14739354086088,28.761324114022827],[77.14706113887496,28.762386150292173],[77.14671472728033,28.763492927309752],[77.14656535660748,28.763524232209893],[77.14611173297206,28.763619300015623],[77.1455685445384,28.76373313649185],[77.14540335784135,28.76376775373372],[77.1450028824228,28.763851679463738],[77.1440041546577,28.764060972763854],[77.14370654032572,28.76412333846587],[77.14316903350966,28.76423597359112],[77.1430203568613,28.7642671282837],[77.1423000993824,28.76441805447544],[77.14149159245517,28.764587468200695],[77.14093904374316,28.764703244785768],[77.14022487189075,28.7648528834456],[77.13642193598278,28.76488076323812],[77.13221828778725,28.76061387709457],[77.13058170645034,28.759070039713592],[77.12904354095797,28.7597030586956],[77.12837612122975,28.759522591149892],[77.12824702973695,28.756977401919332],[77.12822985413881,28.756638745214527],[77.12798237732038,28.756462545320524],[77.12990307840816,28.75436936284301],[77.13000236940792,28.754265847352276],[77.13014141014091,28.754120888935002],[77.13039216594828,28.753847517562484],[77.13327279655978,28.75070695488416],[77.13414752531952,28.749757359224006],[77.13577630019093,28.747989123772257],[77.13686509878006,28.74680646047679],[77.13780312717458,28.745787538535957],[77.13789656750616,28.74568747491762],[77.13841773515165,28.74512935650314],[77.14030106561022,28.743112438303612],[77.14035201147382,28.743057877399572],[77.14045860674922,28.74294315450421],[77.1435181749238,28.73965016890629],[77.143522352148,28.73964567240485],[77.14731493189251,28.735563383915856],[77.14765090835209,28.735197954432575],[77.14877750187695,28.733987013981633],[77.15005608088815,28.73261266542457],[77.15072021585344,28.731899823494665],[77.15111042097976,28.731480995573218],[77.15121227610614,28.73137166924066],[77.15124231536474,28.7313394269785],[77.15225782939486,28.730249397518325],[77.15232406862752,28.73017755104073],[77.15234835341033,28.730151210018246],[77.15264860720771,28.729825536970846],[77.1540587300775,28.72829599899052],[77.15479316272165,28.727499349003903],[77.15504450519983,28.72722670945483],[77.15522500606305,28.72703505414991],[77.15663597422325,28.725536858665844],[77.15990499958842,28.721998456084748],[77.16043684176998,28.72142295831199],[77.16072489147989,28.721111261595667],[77.16141721174503,28.720362095650945],[77.16161450150253,28.72014860306374],[77.16199672122478,28.719734991737933],[77.16245370958497,28.71922901293251],[77.16291069256032,28.718723031896182],[77.1644624076531,28.71700489726169],[77.16696776643005,28.71434098152719],[77.16738589225001,28.713891614208713],[77.17019327049556,28.710874350423467],[77.17026036437737,28.710799507335047],[77.17053484345034,28.710493324611335],[77.17081181794741,28.71018435566614],[77.17176088429649,28.70912564380456],[77.17329199926589,28.707472940802006],[77.17332184456693,28.707440725126006],[77.17372888319285,28.70700135109514],[77.1748002116412,28.7058448950277],[77.17488089786994,28.705756729194476],[77.17619554109952,28.70432018424843],[77.17738250964926,28.703023108998305],[77.17790806019609,28.70244879450948],[77.17929600379222,28.700966205310305],[77.17971433482602,28.70051037728778],[77.18109101828095,28.69901025890992],[77.1814903617105,28.698514935980857],[77.18172874573301,28.698198790396],[77.18201153551671,28.697745093381776],[77.18229646672108,28.697198836767484],[77.1823050535808,28.697182375041294],[77.1824183997305,28.69694510296833],[77.18262580695324,28.696510924771125],[77.18408297774364,28.693692336941368],[77.18437891868092,28.69311988322286],[77.18522011089416,28.691343636494075],[77.18719078641615,28.687453995302626],[77.18846212467606,28.684993659079623],[77.189021383511,28.683911323733124],[77.18966928248769,28.682572273031976],[77.18979011598518,28.6823225365994],[77.18987020601783,28.68215700623801],[77.18996444512821,28.681974017767942],[77.19161171883364,28.67877530158583],[77.19170955918824,28.678585307061887],[77.19176672767065,28.678469352880473],[77.19189430694821,28.6782105855915],[77.19259214115124,28.676795150464027],[77.19393973698304,28.67415399950268],[77.1944366133721,28.67317251402895],[77.19492033085604,28.672217004104223],[77.19493348100212,28.672191027102503],[77.19503563283644,28.672054482046963],[77.19505418722463,28.67203225388132],[77.19499322864732,28.672008859327],[77.19498920026766,28.672007312286166],[77.19500709625775,28.671982309464042],[77.1950931136191,28.671862133571445],[77.19515842254702,28.671770889506593],[77.19535021590794,28.671513709764554],[77.19598451757211,28.67093907057111],[77.19602710309763,28.6709097222491],[77.19677991110686,28.67039091433198],[77.1968757547329,28.670324861813967],[77.19725514122692,28.67006339832668],[77.19874739591282,28.669104093118687],[77.20020300140106,28.668174196859667],[77.20124302670258,28.66752507005871],[77.20135113375716,28.66746223384136],[77.20198505730951,28.66709965343655],[77.20258824288834,28.66684768905039],[77.20328859375645,28.666644078865247],[77.20449297017579,28.666300935831845],[77.20538649528824,28.666053986648524],[77.20677166248498,28.665863914301795],[77.20713455562068,28.665874232028493],[77.20749907512614,28.665882098736],[77.2079519834514,28.66587825203488],[77.20819459025643,28.665848714771943],[77.20820302796119,28.665847687472514],[77.20830300387692,28.66583551510489],[77.20834834981783,28.665827179912277],[77.20836066843528,28.66582491542234],[77.20838323186315,28.66582076855346],[77.20845309987189,28.665807926068197],[77.20849292239535,28.66580060668436],[77.2085875794329,28.66578320738346],[77.20877705035993,28.66574838076288],[77.20883800245835,28.66573674284845],[77.20886174544565,28.66573220942526],[77.20905674926101,28.665694976885185],[77.20907234694225,28.665691998348922],[77.209119850197,28.665682928428716],[77.2091783883766,28.665671751124187],[77.20945360195054,28.665619418466918],[77.20986475958223,28.665533520760125],[77.2102129733709,28.665422582873806],[77.21055857774161,28.665302289522224],[77.21095663546933,28.66514150333736],[77.21186220772408,28.664785499164502],[77.21268329110107,28.664479308975377],[77.2127317652749,28.664461232570545],[77.21283506565914,28.664422710253334],[77.21415969899608,28.663855506843333],[77.21542344628625,28.66358471761627],[77.21545477162975,28.663578667655887],[77.21547832319983,28.66357411908818],[77.21548149791305,28.663573505911984],[77.21562509765354,28.66354577271016],[77.21565014691254,28.66354093523192],[77.21654460096067,28.663368184965535],[77.21699188344648,28.663283189480506],[77.21702509153089,28.663276879149016],[77.21782103770347,28.66312562370526],[77.2186517050484,28.662961151903463],[77.2190574979942,28.662825908995845],[77.21927219200263,28.662756855309148],[77.2193007191428,28.662830077219947],[77.21950571784625,28.663409233983952],[77.21959778323772,28.663669331421172],[77.21979469461468,28.664225627535735],[77.21981831393124,28.66427685024237],[77.21981911364745,28.664278584831386],[77.21985005924152,28.664328818493928],[77.21988714689516,28.66437570413543],[77.21992991732232,28.664418661000774],[77.21997783857428,28.66445715554256],[77.22003031747825,28.664490710256427],[77.2200867017971,28.664518909059606],[77.22013753463945,28.664538095856393],[77.22014629259634,28.66454140159978],[77.22020834949072,28.66455790948514],[77.2202721029355,28.664568226985438],[77.22053630654388,28.66461823782587],[77.22117313536451,28.664738781190927],[77.22149745038575,28.664800168441733],[77.22162330022532,28.66482398913045],[77.22167598810788,28.664833961550563],[77.22175712756582,28.664849319991056],[77.2238813082776,28.665251364883815],[77.2245811996273,28.665383825005414],[77.22480012275868,28.665425257376757],[77.22488815282647,28.665441918109778],[77.22498785081356,28.665460786126044],[77.2250394207274,28.665470545507084],[77.2275017361405,28.66593651969381],[77.22859882106357,28.666144118426388],[77.22884739362195,28.66619115347065],[77.2292202148274,28.666261698564362],[77.22928567926417,28.666274085844847],[77.22929344532027,28.666275555856192],[77.22926361643252,28.666335945255067],[77.22924012560587,28.666397859760664],[77.22922288134718,28.66646132614638],[77.22921200478906,28.66652588045676],[77.22920783730804,28.666587255648267],[77.22920675285837,28.66669016930497],[77.22920468588971,28.66672324357983],[77.22919882605119,28.66675527594366],[77.22915834189014,28.666920832581567],[77.22913437912307,28.667017045622757],[77.22913015793421,28.667033993911534],[77.22912197296804,28.667066857661325],[77.22911378797835,28.667099720508777],[77.2291902673343,28.66713238357714],[77.22932675919483,28.667190676926555],[77.22946828494321,28.667251120332207],[77.22952610374165,28.66727581315116],[77.23011811854359,28.66752864933509],[77.23027090918397,28.667593902118607],[77.23045145596637,28.6676710087896],[77.2319701460655,28.668319583843907],[77.23210362023914,28.668375141426072],[77.23251393554698,28.668532085212778],[77.23264100904531,28.668580592827904],[77.23261396196615,28.6686500914308],[77.23257853733826,28.668766289804747],[77.23254663533375,28.668889454226857],[77.23252893817335,28.66898295683284],[77.23252630244224,28.669007348034178],[77.23252590660094,28.66901101777511],[77.23252023401888,28.669060519586463],[77.23251996477101,28.66906287443802],[77.23251948128292,28.669067090595075],[77.2325192772275,28.669072374940452],[77.2325188005243,28.669084678020965],[77.23251860822076,28.66908964818291],[77.23251812796367,28.669102073128354],[77.23251785505833,28.66910912795855],[77.23251784748257,28.669109397861888],[77.23251760828491,28.669115533626393],[77.23251754300802,28.669117183148252],[77.23251632593602,28.66914865270597],[77.23251627439903,28.669149985304877],[77.23251601392396,28.6691567096996],[77.23251630606171,28.669164648455368],[77.2325174870424,28.669196700119688],[77.23251764257179,28.669200898517747],[77.2325176715418,28.669201685720548],[77.23251775393909,28.669203931010728],[77.23251883889026,28.6692333839202],[77.23251890128572,28.669235071938154],[77.23251931606411,28.66924633353136],[77.23252050804686,28.669256905602744],[77.23252421668442,28.669289909872326],[77.23252481147078,28.669295090813485],[77.2325250635176,28.66929732789161],[77.23252512887049,28.669297852836266],[77.23252937314946,28.6693355644288],[77.23253142920318,28.669346407363612],[77.23253186352618,28.669348700984713],[77.23253960754302,28.669389545269215],[77.23254614102541,28.6694240079243],[77.23255032680734,28.66943961579745],[77.23256059446479,28.669477893902805],[77.23256126545074,28.66948039655522],[77.2325695458981,28.669511270940664],[77.23257581067804,28.669529203048448],[77.23258820746372,28.669564691402428],[77.23258990545223,28.669569551884617],[77.23259948240343,28.669596967236362],[77.23260821527118,28.66961709445039],[77.23261463449286,28.669631888624117],[77.23261572627996,28.669634406891262],[77.23261531964306,28.669635541435085],[77.23247003378792,28.670040604313453],[77.23213764911168,28.67096729496703],[77.23200452945295,28.671340528631408],[77.23198714820751,28.67138990772794],[77.23172140177587,28.67214484428092],[77.23155115450783,28.672656578128098],[77.2313885727355,28.673170247085196],[77.23123368641585,28.6736857631615],[77.2311289848714,28.67405378071098],[77.23121890353481,28.675257437663607],[77.2312695885163,28.676116014509176],[77.23127321933346,28.676209386343256],[77.23126890222434,28.67630273493851],[77.23125666185392,28.676395535670327],[77.23123701176712,28.67648522935705],[77.23123656590012,28.676487265910367],[77.23120872821812,28.676577409485688],[77.23117330581107,28.676665458533186],[77.23113049790351,28.676750918026716],[77.23108054493811,28.67683330669555],[77.23102372863347,28.676912159730744],[77.23096036802748,28.676987035166405],[77.23089082042368,28.67705751025507],[77.23081547643083,28.677123188768046],[77.23073476200845,28.677183700961933],[77.23071266191037,28.67719789615383],[77.2303378184353,28.677505049116196],[77.23029984945701,28.677721463283685],[77.23027457167196,28.67786553730819],[77.23018999460946,28.67839360167379],[77.23008959051539,28.678977108668306],[77.2300892102529,28.678983207954616],[77.22999144224877,28.680550627626275],[77.22993950280973,28.681295263108957],[77.2299136924208,28.681626440182193],[77.22989308937376,28.681949775525627],[77.22987706408331,28.68227331331279],[77.2298649487348,28.68261599142888],[77.22985789522497,28.682711929456413],[77.22984237841715,28.682973720237445],[77.22965413703976,28.68614957935378],[77.2296466632432,28.68632201041724],[77.2295532098229,28.68745093503565],[77.22952197774309,28.687646818670853],[77.2294830567195,28.687831916081738],[77.22943334760325,28.688021686361093],[77.22931914098157,28.688363598780814],[77.22930612182834,28.68840257564073],[77.22895862110431,28.689326816399035],[77.22887266623123,28.68953549521745],[77.22880059441405,28.689725154634786],[77.22873393705397,28.68991634709429],[77.22867345691546,28.690106678050018],[77.22863492335668,28.690244096652076],[77.22860226806274,28.690380928474625],[77.22857505950971,28.69051868290569],[77.22855333305297,28.69065719244573],[77.2285371127585,28.69079628797597],[77.22852642060857,28.690935798606905],[77.22852112894675,28.691079357166945],[77.22851628488327,28.69171331606656],[77.22846153912903,28.6934449474753],[77.22846420148034,28.6941185120772],[77.22846449537451,28.694192842334324],[77.22844717719964,28.694457080531116],[77.22842259824895,28.69470738462151],[77.22838989642057,28.694956965367975],[77.22834910211678,28.695205618353626],[77.22830024572157,28.695453138258152],[77.22824336894853,28.69569932318238],[77.22817851760415,28.695943971158197],[77.22810574567988,28.696186880081328],[77.22802511235982,28.69642785136971],[77.22794084315431,28.696655454964475],[77.22788203169854,28.69681429696886],[77.22792432383703,28.697527328886753],[77.22806818441325,28.699429099807094],[77.22811649989578,28.700067789995135],[77.22812771285835,28.700468699837216],[77.22816259544105,28.701715909417224],[77.22816692484764,28.702794339813096],[77.22816787332034,28.703030681903478],[77.22816827037448,28.70310257607081],[77.2281722925022,28.703801634516417],[77.22817255668858,28.70384760694943],[77.228172759798,28.703898229766814],[77.22818140650706,28.70491833300659],[77.22818333581803,28.705145841926125],[77.22818608539959,28.705470223565104],[77.22818670376486,28.705543233775398],[77.22818894455557,28.705807494962873],[77.22818975721063,28.705903429452473],[77.228189929623,28.70592372940331],[77.22819073563586,28.706018770757392],[77.22819077430457,28.706023395136192],[77.22820439690635,28.70614057805192],[77.22821092119719,28.706241052464875],[77.22821117461557,28.706246876025684],[77.22821168543467,28.70636801216359],[77.22820473803034,28.706491044141664],[77.2281903439428,28.70661357264433],[77.22816854282567,28.706735248742056],[77.22814624610272,28.70682741537007],[77.2281393978631,28.70685572311663],[77.2280794426445,28.707093048718846],[77.22821024060868,28.70711516093457],[77.22817847168434,28.707382545790416],[77.22816629888277,28.70749694255227],[77.22815212826625,28.70763011409801],[77.22810722832672,28.708052062308678],[77.22810365460279,28.708078133517642],[77.22800746693545,28.708779808094107],[77.22797305677781,28.708999682483682],[77.22795676338522,28.709103795415505],[77.2279238927042,28.70935975400636],[77.22788446898805,28.709614992273693],[77.2278385129666,28.70986937994588],[77.22778604843934,28.710122786699674],[77.22772710129091,28.710375083981198],[77.22766864108105,28.710577023180754],[77.22760106483449,28.710776737773966],[77.22754397347062,28.710923723536382],[77.22732412687247,28.71142909866397],[77.22728521007605,28.711536915345825],[77.22724799044393,28.711657256383962],[77.2272165207237,28.711778865124337],[77.22719085477814,28.71190152955281],[77.22717103921346,28.71202503326273],[77.22715710837836,28.712149160950787],[77.22714908631463,28.71227369387369],[77.22714698685228,28.712398414357903],[77.22715081455623,28.712523102174757],[77.22716056175231,28.712647539101102],[77.22717757787987,28.71278232437856],[77.22721349517138,28.713031597174574],[77.22721909056153,28.713070427842876],[77.22722406555907,28.71310495229122],[77.22729829736194,28.713508977573852],[77.22732367651048,28.71365510456655],[77.22734146569383,28.713802100047747],[77.22735162872976,28.71394965874961],[77.22735414572853,28.71409747152571],[77.22734900915367,28.714245232633814],[77.22733623185441,28.71439263238566],[77.22731583905309,28.71453936539914],[77.22728787334634,28.714685125102324],[77.22725239275485,28.714829608277118],[77.2272094717085,28.71497251323831],[77.2271185040305,28.715271714165226],[77.2265407311283,28.716820292027077],[77.22651058342262,28.71689594812113],[77.22621416734198,28.71763980000781],[77.22616946485662,28.717743613596447],[77.22611776152128,28.717844868131692],[77.2260592430308,28.717943198740326],[77.22599412394104,28.71803824999793],[77.22592263743755,28.718129676097735],[77.22584504365476,28.718217147029403],[77.22576162247601,28.718300346893358],[77.22567267760704,28.71837897293176],[77.22557852850555,28.718452741074845],[77.22547951854733,28.71852138490467],[77.2253973938467,28.718577487131252],[77.22507905166287,28.71879184949995],[77.22487263412656,28.71892351814604],[77.22425920532763,28.719314802980783],[77.22413784944872,28.71939221181902],[77.22411844292228,28.719404128812336],[77.22366228488677,28.719684250396206],[77.22337195040377,28.719860583345458],[77.22307053757224,28.720035044318056],[77.22276478879874,28.72020354248816],[77.22245485689292,28.720365994109297],[77.22241902070648,28.720383836371205],[77.2222152110563,28.720478358912672],[77.22200818867691,28.720567292994563],[77.22179815239869,28.7206505532274],[77.22158530118807,28.720728060536228],[77.22136983822085,28.720799741191403],[77.22089176151444,28.720958281701375],[77.21987055297114,28.721326690461968],[77.21969386153435,28.721390432523688],[77.21913384598618,28.721592457270724],[77.21908649014819,28.721609541303106],[77.21880214442297,28.721712117190464],[77.21855083224507,28.721802775498862],[77.21852546341584,28.721811927581285],[77.21847499896354,28.721830131608424],[77.21731862383572,28.722247276048773],[77.2166339789828,28.722498738250735],[77.21640881979046,28.722581435341464],[77.21584948929967,28.722788952151035],[77.2155061005345,28.722916351405356],[77.21525487295357,28.72300955671713],[77.21510128435114,28.723066538946963],[77.21484998188389,28.723159771825863],[77.21482246673224,28.72316997976932],[77.21478442061957,28.723184094733835],[77.21475868380301,28.72319364284321],[77.21382839842018,28.72353877126492],[77.21379085982946,28.723552697193533],[77.21250161531538,28.72402687977898],[77.21156677409626,28.724370702572546],[77.21121510897835,28.724500038440848],[77.21031690411523,28.724833445904956],[77.21010840252863,28.724910839334754],[77.20936052155506,28.7251884406162],[77.20899811482559,28.72532295767524],[77.20795986303598,28.725702964343004],[77.2069283429859,28.726080496653264],[77.20595471009058,28.72644755589963],[77.20588998145949,28.72647195758827],[77.20575472427241,28.726522948788432],[77.20547042118984,28.726630128190337],[77.20536895336433,28.72666838072773],[77.20419870056787,28.72710954681479],[77.20392371607417,28.727213209250056],[77.20268572346714,28.727696401402437],[77.20230692876075,28.727833679182734],[77.20192535786241,28.727964847663102],[77.20154113680267,28.72808986145636],[77.20115439379333,28.728208681456874],[77.20076525699172,28.728321265854287],[77.20037385569397,28.72842757823462],[77.19998031921723,28.728527583087224],[77.19958477998823,28.728621246656537],[77.19918003385345,28.72871008646355],[77.19877348661912,28.728792286581463],[77.19836527697407,28.72886781856981],[77.19835066531641,28.7288710255975],[77.19775577099358,28.72900744838251],[77.19694797467193,28.729209003256777],[77.19593324539817,28.729462182629597],[77.19565169509028,28.72953374946932],[77.19560636486841,28.729545271606725],[77.19401703177967,28.72994924707524],[77.19311904752635,28.730161140825164],[77.19238415737755,28.730334545904316],[77.19227365392366,28.730360815193478],[77.19218441954995,28.73038202865444],[77.19210368625451,28.730401220233617],[77.19113071896736,28.730635195775],[77.1908982036238,28.73069110925097],[77.18967552726978,28.730996828744534],[77.18641197075861,28.73181279054361],[77.18432681932747,28.732334077234693],[77.18340939883332,28.73256172215945],[77.18311282670285,28.7326353115757],[77.18231998967661,28.732832035095967],[77.18217304055563,28.73287517270031],[77.18105100554202,28.73320454311983],[77.18070309460266,28.73330756528648],[77.18023618538777,28.733445823805642],[77.18000314387032,28.733514830321006],[77.17986309253305,28.733556301395158],[77.17982700129707,28.733568854034036],[77.17974134820939,28.733598643720665],[77.1794425336678,28.73370257168893],[77.17894614778281,28.733876580310735],[77.17763675416683,28.73436669724016],[77.1761638462768,28.73489852345416],[77.17521602486381,28.73526378989773],[77.1749942368543,28.735348733348967],[77.17340342657975,28.73597546467315],[77.16956095730197,28.73736434158176],[77.16942501110107,28.737411335805525],[77.16917261542584,28.737494738434084],[77.16891327172162,28.737573848979427],[77.16865172233406,28.73764710343627],[77.16856454978698,28.737669378389235],[77.16838813935826,28.737714455719722],[77.16812269183949,28.737775860697088],[77.16785555405335,28.737831278566766],[77.1675868993281,28.73788067315265],[77.16733300007408,28.737921428517573],[77.16709306785434,28.737962012673943],[77.16680187641268,28.73801578949115],[77.16648877903769,28.738065801564403],[77.16617425122809,28.738108274721306],[77.16611287134623,28.73811506024933],[77.16570449220991,28.73815645787592],[77.16554183977595,28.73817048187426],[77.16522442726829,28.73819017040529],[77.16490652246435,28.738202227351515],[77.16458757367623,28.738206654325165],[77.16393807661379,28.738199097856867],[77.16329801416794,28.738186572645233],[77.16262888358008,28.738168165609817],[77.16239198461072,28.738146658225457],[77.16224323448009,28.738128060205764],[77.16217157417924,28.73811910026743],[77.16195252016567,28.738084129636214],[77.161735146136,28.73804179710247],[77.16151976873256,28.737992165279298],[77.16130670375819,28.737935305818063],[77.16109626318033,28.73787130306547],[77.16088875607952,28.73780025043897],[77.1606844855977,28.737722251378095],[77.16048374997989,28.737637420229586],[77.16030491835882,28.737554284105848],[77.15989518358485,28.737366283519812],[77.15859918598508,28.736796695481647],[77.15838674156416,28.736691606816684],[77.15729098772694,28.736149565381265],[77.1571687448778,28.736084875612384],[77.15658309111875,28.73577495024377],[77.15641206328544,28.735684441528495],[77.15628632128016,28.735617899315006],[77.15614783394338,28.73554461090786],[77.15607665083928,28.73550694010907],[77.15594330754422,28.735686286274266],[77.15593619160002,28.735695601306496],[77.15539923659345,28.73638000376043],[77.15524911339253,28.736626470028266],[77.15514088377294,28.736873213675995],[77.15503613330472,28.737279244645705],[77.15489195391136,28.738383079270847],[77.15488468837324,28.738422922790715],[77.1547164144727,28.73913941184331],[77.15470652379665,28.739174409526182],[77.1543927911562,28.740121385779663],[77.15438333426573,28.740147050495345],[77.15426913024828,28.740428076419004],[77.15398636539575,28.741230214020476],[77.1538324260603,28.74179288374159],[77.15381869299067,28.74183428207499],[77.15373658019782,28.742044014456226],[77.15359642014616,28.742493544099222],[77.153587572154,28.74251896537015],[77.15329007534304,28.743291654886924],[77.15298793942553,28.744259713102633],[77.15268181164333,28.745240540322058],[77.15237567973915,28.746221367003244],[77.15237301754111,28.746229589538252],[77.15201239025744,28.747304856988627],[77.15044323268673,28.752094727721033],[77.15032964107216,28.752441454512983],[77.1501313068768,28.753046837618935],[77.15009221525669,28.7531725428058],[77.15008761058287,28.753186467987543],[77.14982657825979,28.753931058035477],[77.1495033592626,28.75491565725485],[77.14917885200593,28.755904163345875],[77.14885582533952,28.75688814099418],[77.14864424634813,28.7575870292765],[77.14863729442132,28.757607949279084],[77.14834512716978,28.75841436226258],[77.14782384831258,28.76003458333743]]],"crs":null},"id":6,"type":"Feature","properties":{"area":40.00018875,"zone":"C","id":0,"SHAPE__Length":34440.34328834898,"objectid":6,"SHAPE__Area":40000188.750833444}},{"geometry":{"type":"Polygon","coordinates":[[[77.23260821527118,28.66961709445039],[77.23260183047954,28.66960238001021],[77.23259948240343,28.669596967236362],[77.23258990545223,28.669569551884617],[77.23257581067804,28.669529203048448],[77.23257378159838,28.669523395231774],[77.2325695458981,28.669511270940664],[77.23256126545074,28.66948039655522],[77.23255032680734,28.66943961579745],[77.2325482339258,28.669431812311878],[77.23254614102541,28.6694240079243],[77.23253960754302,28.669389545269215],[77.23253186352618,28.669348700984713],[77.23253113550305,28.669344859403747],[77.23252937314946,28.6693355644288],[77.23252513091583,28.669297852802526],[77.2325250635176,28.66929732789161],[77.23252481147078,28.669295090813485],[77.23252421668442,28.669289909872326],[77.23252050804686,28.669256905602744],[77.23252008474483,28.66925315373339],[77.23251931606411,28.66924633353136],[77.23251890128572,28.669235071938154],[77.23251883889026,28.6692333839202],[77.23251775393909,28.669203931010728],[77.2325176715418,28.669201685720548],[77.2325174870424,28.669196700119688],[77.23251630606171,28.669164648455368],[77.23251616050415,28.669160679069044],[77.23251601392396,28.6691567096996],[77.23251627439903,28.669149985304877],[77.23251632593602,28.66914865270597],[77.23251754300802,28.669117183148252],[77.23251760828491,28.669115533626393],[77.23251784748257,28.669109397861888],[77.23251785505833,28.66910912795855],[77.23251860822076,28.66908964818291],[77.2325188005243,28.669084678020965],[77.2325192772275,28.669072374940452],[77.23251946419957,28.669067539304468],[77.23251948128292,28.669067090595075],[77.23251996477101,28.66906287443802],[77.23252023401888,28.669060519586463],[77.23252590660094,28.66901101777511],[77.23252893817335,28.66898295683284],[77.23254663533375,28.668889454226857],[77.23257853733826,28.668766289804747],[77.23261396196615,28.6686500914308],[77.23264100904531,28.668580592827904],[77.23268507988429,28.668497811699794],[77.23271743171982,28.668442372248176],[77.23275426437851,28.66838915243844],[77.23279538328553,28.668338432473476],[77.23287891133528,28.668247233629298],[77.23296698374543,28.66815942267199],[77.23303653395412,28.668097402738294],[77.2331106062616,28.6680395993507],[77.23322131209154,28.667960108164248],[77.23331282554554,28.667896272148333],[77.23349955341958,28.66777106070952],[77.2335614597364,28.66773014440929],[77.23360174595271,28.66770448313358],[77.2337805643677,28.667583232889214],[77.23379576154116,28.667572928095794],[77.23394684462738,28.667470483019663],[77.23395831532197,28.66746270381051],[77.23405275860583,28.667398664678128],[77.23423076884376,28.667278861820186],[77.23423899605415,28.667273325032763],[77.23463734324025,28.667005230859488],[77.23464735866062,28.666998490674],[77.23492239366817,28.666813385786725],[77.2349450487954,28.6667981387099],[77.2350501156902,28.66672628670262],[77.23511065712981,28.666686720411636],[77.23516688450172,28.666642479406402],[77.2352183359928,28.666593928617072],[77.23526459038429,28.666541465687327],[77.23530526402216,28.666485522828946],[77.23534002498074,28.666426559369366],[77.23536962786282,28.666362774554823],[77.23539251894287,28.66629687649211],[77.23540850934181,28.666229412371322],[77.2354174647267,28.66616094472151],[77.23546575011149,28.665528479207627],[77.23548535153546,28.66507284564819],[77.2354912559351,28.66493560335281],[77.23549837163435,28.66477022546707],[77.23550650345399,28.664671934296564],[77.23552239189954,28.664574383000687],[77.2355459590761,28.664478047457248],[77.23557708909954,28.66438339695199],[77.23559760935983,28.664336478433462],[77.23562343404556,28.664291644964404],[77.23565429680936,28.66424936109811],[77.2356898775737,28.66421006610902],[77.23572980650677,28.664174168513778],[77.23579060394822,28.664115710562058],[77.23585186952141,28.664056803643398],[77.23593490630533,28.663980564502808],[77.23602299166677,28.663908867846004],[77.23611580581404,28.663841973385715],[77.23621301425867,28.663780123032268],[77.23641004254007,28.66366254327812],[77.23663339106675,28.663513348671522],[77.23682819082818,28.663383223036845],[77.23757019756646,28.663011647445913],[77.2379650483107,28.66280578456054],[77.23815968511639,28.662706155548644],[77.23848313815603,28.662540587743393],[77.23903566400016,28.662240204847663],[77.23912485422834,28.66219456354435],[77.23984453995376,28.661826275833533],[77.23990583428485,28.661794909332244],[77.24010392844215,28.66170073690353],[77.24029990852614,28.66160318500644],[77.24049370166604,28.661502290947393],[77.24060973654603,28.661438551536733],[77.24072369333815,28.661371960078107],[77.2407830012601,28.661332405524746],[77.24083771305305,28.66128799704411],[77.24088732086784,28.66123914545996],[77.24090919069896,28.661216463141816],[77.2409410512935,28.661186792485484],[77.24097493048825,28.66115891639743],[77.24120525793053,28.660980833942933],[77.24134419733397,28.660896172809277],[77.24163311439759,28.660744984265534],[77.24187419058273,28.66061883045025],[77.24231775456619,28.66035007998477],[77.24236732016911,28.660320245666256],[77.24239077633604,28.660306127327743],[77.24258205524583,28.660189164815815],[77.24277191048554,28.66007040937267],[77.24290240633567,28.659985950674056],[77.24303079307687,28.659899013089635],[77.24324281045494,28.659751070515505],[77.24336960699343,28.659660387507163],[77.24349467398056,28.659567852728152],[77.24369232563743,28.65941912350173],[77.24385961597432,28.659293239175568],[77.24393141483768,28.659239053554284],[77.24431894902489,28.658946585654352],[77.24435320322596,28.658920734460526],[77.24436401455014,28.658912574676503],[77.24447916221636,28.65884517822117],[77.24459032693981,28.658772764346477],[77.24469722724469,28.65869551728067],[77.24479959311745,28.65861363098718],[77.24489716712586,28.658527313657302],[77.24498970223904,28.658436781430463],[77.24507696502987,28.658342264656653],[77.24515873447922,28.658243999795932],[77.2452348052167,28.658142237484817],[77.24530696080332,28.658035086776454],[77.24537374824726,28.65792526143077],[77.24543503801017,28.657812970222626],[77.24549071602843,28.65769842798555],[77.24554067543632,28.657581851237644],[77.24558481974881,28.657463463542403],[77.24562306681727,28.657343489127047],[77.2456276982356,28.65732744941612],[77.24563681839206,28.65728771844013],[77.24564274219044,28.657247518974863],[77.24564530108462,28.65721156364376],[77.24564530220903,28.65717553705507],[77.24564724906888,28.65712080670253],[77.24564530686393,28.65696522784559],[77.24564333697603,28.656930262533525],[77.24563835073832,28.656852701662103],[77.24563663637058,28.656826026640463],[77.24559992152604,28.656254937443443],[77.2455759047954,28.65589008683694],[77.24556358782289,28.65567468385853],[77.24554379601399,28.655328545604338],[77.24553109448377,28.65510641717415],[77.24551549145245,28.654833537474257],[77.24549517937284,28.654436192460924],[77.2454719756576,28.65409027853475],[77.24544027673481,28.653780813573206],[77.2453977094594,28.653243901485176],[77.24534611374695,28.652593095294453],[77.24534122992647,28.652531491040754],[77.24533226639724,28.652259944715425],[77.24532961265467,28.652174305894178],[77.24533071109153,28.652104855568016],[77.24533560350004,28.652026775303217],[77.24535008943856,28.65185718055893],[77.2453539235827,28.651811898085494],[77.2453596875196,28.65173314922179],[77.24537275691729,28.65165508312445],[77.24543303740356,28.65142599948562],[77.24547736817806,28.651276908218666],[77.24556400239031,28.651007820372527],[77.24557562181613,28.650972829951844],[77.2456578107199,28.650749110460744],[77.24574069662135,28.65054361327015],[77.24595296173872,28.650111361595943],[77.24606191454498,28.649858884823274],[77.24611194296432,28.64973703663731],[77.24616620287895,28.649604879319757],[77.24626579958442,28.64934941321535],[77.24635127399884,28.64911867155776],[77.2464329264008,28.648886856408108],[77.24663279370736,28.648304480186397],[77.24674785083612,28.647969223376172],[77.24695030906081,28.647353713143257],[77.24715016609979,28.64674404919741],[77.24715931140196,28.646716153638526],[77.2471698423772,28.64668402691273],[77.24718379689945,28.646640112102943],[77.24722630568883,28.646482943721573],[77.24746997018738,28.645542228094122],[77.24748444143115,28.64494246610778],[77.24747599339683,28.644517569293114],[77.24747130070175,28.64428151047255],[77.24741726539563,28.641563336074817],[77.24741693425445,28.641393506057586],[77.24741670874234,28.64127745661371],[77.24740053036514,28.64085236845932],[77.24741555582139,28.639679083477844],[77.24742571721562,28.638885679431674],[77.2474301427165,28.63854012425159],[77.24743472375854,28.63818243459022],[77.24741008120365,28.635925634709785],[77.24740576560585,28.635530393107327],[77.24739978090646,28.634982199693727],[77.24735544445258,28.630920447815015],[77.24734227551777,28.629713763435824],[77.24734051749674,28.62955262853383],[77.24733831305664,28.629350584067495],[77.24733712356579,28.629241603468667],[77.24733209919448,28.628781178964793],[77.2473381660298,28.62842184194661],[77.24734501900875,28.6280158960202],[77.24735558337208,28.62739013287972],[77.24736244951168,28.626977071396826],[77.24736361982187,28.626906646158137],[77.2473700183204,28.626521783794303],[77.24737473462542,28.626238030480852],[77.24737672935974,28.626118041669844],[77.24738594340232,28.625982442945674],[77.24740187339808,28.625822730654455],[77.24741858077488,28.62567886554359],[77.24768109454888,28.624615719693175],[77.24781478133654,28.624198339828116],[77.24971715866826,28.618258630401453],[77.24982182771218,28.617931806846652],[77.25098622033181,28.614303673292973],[77.25135738532333,28.613147108216147],[77.25144104853851,28.612886407978927],[77.25446008965417,28.60347805759281],[77.25460360692024,28.603030769738567],[77.25486580385595,28.602213596533275],[77.25599577258821,28.59871651314645],[77.25624819912629,28.597935261701846],[77.25675785857003,28.596357847910397],[77.25838041601804,28.591335692718072],[77.25975575526105,28.58707838220925],[77.25987169212284,28.58671716376735],[77.25994753902445,28.58653512824297],[77.26001561978475,28.586411904793387],[77.26011162668345,28.58623714651145],[77.26024183170475,28.586057624370305],[77.26034825421019,28.585916209802793],[77.26047097704772,28.585777061502654],[77.2606111254321,28.585642416340512],[77.26074603839128,28.585533692093275],[77.26089440506634,28.585445397229172],[77.26115144899585,28.585300589042472],[77.26117077051042,28.58528916532759],[77.2629933663839,28.584146361522844],[77.26300136053617,28.58414118803924],[77.26414241205184,28.583392820086427],[77.26425064078651,28.58332183696798],[77.2644029226093,28.58322196016205],[77.26449929271736,28.583158753931965],[77.26485765351686,28.582923713887748],[77.26486316403773,28.582919992027154],[77.26486993116055,28.582915332474236],[77.2650404549796,28.582795541327375],[77.26504721933759,28.582790705870185],[77.26524339508924,28.58264754224095],[77.26543199718695,28.582506866107828],[77.26543840183086,28.582502036641824],[77.26559092544208,28.582383941370566],[77.26574462432987,28.58226780587683],[77.26590211045722,28.582147162368006],[77.26590984555497,28.582141076348087],[77.26609123998296,28.581995797328773],[77.26617661987213,28.58193307950441],[77.2662089608205,28.581906986822926],[77.26622774052858,28.581887942812305],[77.26621616442156,28.58180640077818],[77.26621201676852,28.581724302413274],[77.26621532317455,28.581642175117327],[77.266226063186,28.581560543449744],[77.2662441662813,28.58147993280523],[77.26626951777004,28.581400858488404],[77.26630195476444,28.581323828487733],[77.26634126907106,28.58124933530701],[77.2663872092736,28.58117785773534],[77.26643948057846,28.58110985363153],[77.26649774681995,28.581045758086432],[77.26653200407,28.5809998465889],[77.26653391682935,28.580997239548466],[77.26653580683823,28.58099462025657],[77.26653767509913,28.58099198779409],[77.26653951958775,28.580989343097205],[77.26654134132599,28.58098668614878],[77.26654313927261,28.580984016063965],[77.26662147845536,28.580865689840536],[77.26662322989495,28.58086299617093],[77.26662495860346,28.580860291151748],[77.2666266635591,28.58085757480011],[77.26662834576435,28.58085484619696],[77.26663000319493,28.580852106278417],[77.26663163689199,28.58084935592934],[77.26670268775479,28.580727497302632],[77.26670427396205,28.580724725189913],[77.2667058353947,28.58072194176177],[77.26670737413501,28.580719148787995],[77.26670888707888,28.580716344515942],[77.26671037630865,28.580713530715297],[77.26671184182429,28.580710707386114],[77.26677540030904,28.580585666249736],[77.2667768153086,28.58058282301217],[77.26677820659403,28.58057997024602],[77.26677957314358,28.580577107968416],[77.26678091495722,28.58057423617933],[77.26678223103258,28.580571355797773],[77.26678352239139,28.58056846680673],[77.26683940711642,28.58044060169687],[77.2668406480176,28.580437695503427],[77.26684186422165,28.58043478160238],[77.2668430546874,28.580431859108938],[77.26684422043665,28.58042892800596],[77.26684536048631,28.58042599011439],[77.26684647479769,28.580423043630443],[77.26689452399187,28.580292721776797],[77.26689558790413,28.580289760796408],[77.2668966250951,28.580286793044564],[77.26689763760828,28.58028381848711],[77.26689862340015,28.58028083715816],[77.26689958349247,28.58027784904067],[77.26690051788526,28.58027485413467],[77.26694059443842,28.580142448669285],[77.26694147746886,28.58013944198992],[77.2669423327756,28.580136429458072],[77.26694316342395,28.580133411022548],[77.26694396738974,28.580130387619498],[77.26694474465359,28.580127358346914],[77.26694549625662,28.5801243240897],[77.2669774856757,28.57999021408094],[77.26697818493388,28.57998716987139],[77.26697885650707,28.57998412161328],[77.26697950241952,28.579981068370557],[77.26698012166878,28.579978011062202],[77.26698071425484,28.579974949688225],[77.26698128119953,28.579971884231576],[77.26700509262982,28.579836454666925],[77.26700560524465,28.579833381997986],[77.26700609121569,28.57983030616537],[77.26700655154538,28.579827226250075],[77.26700698422884,28.57982414409011],[77.26700739026853,28.57982105876651],[77.26700776968379,28.579817971181168],[77.26702333484792,28.579681611180334],[77.26702365999193,28.57967851908863],[77.26702395951403,28.579675423816116],[77.26702423140927,28.579672327200903],[77.26702447669952,28.579669229225914],[77.26702469536535,28.579666128989203],[77.2670248874455,28.579663028294668],[77.26703216056555,28.57952612750196],[77.26703229841378,28.579523024104923],[77.26703240865459,28.579519920267074],[77.26703249331219,28.579516815052415],[77.26703255036236,28.57951370939698],[77.26703258084628,28.579510604185636],[77.26703258370343,28.579507497631603],[77.26703154364074,28.579370450691233],[77.2670314933657,28.579367345025354],[77.26703141652443,28.579364239803574],[77.26703131209516,28.579361135042983],[77.267031181119,28.579358031628416],[77.2670310225548,28.57935492867509],[77.26703083744377,28.57935182706776],[77.267021488546,28.579215025489308],[77.2670212493203,28.57921192659107],[77.26702098356708,28.57920882994082],[77.26702069126702,28.579205734636616],[77.26702037243948,28.57920264158041],[77.26702002606268,28.579199550789227],[77.26701965315843,28.57919646224603],[77.26700202124943,28.579060298080783],[77.26700159531087,28.579057214935364],[77.26700114184243,28.579054134956884],[77.26700066186594,28.579051058128442],[77.26700015640311,28.579047984432748],[77.2669996234298,28.57904491480605],[77.26699906394836,28.579041848329236],[77.26697319935413,28.578906712314822],[77.26697258689703,28.57890365394151],[77.26697194797059,28.578900600521997],[77.2669712825361,28.578897550252382],[77.26697058961051,28.57889450495365],[77.26696987123735,28.57889146459165],[77.26696912639486,28.57888842918344],[77.26693510494552,28.57875470982516],[77.26693430818834,28.57875168430713],[77.26693348395942,28.578748664661862],[77.26693263430232,28.578745650855254],[77.26693175921709,28.578742642887324],[77.26693085768187,28.57873964077515],[77.26692992969673,28.578736644518678],[77.2668903065996,28.5786124339397],[77.26684169672374,28.578451950826306],[77.26678599942129,28.57829327339094],[77.2667232996609,28.578136644718178],[77.26665369359064,28.577982304998006],[77.26657728955948,28.577830491509012],[77.26649420403001,28.577681438686604],[77.26640456456626,28.57753537446427],[77.2663085098916,28.57739252297939],[77.26655064520799,28.57748624981523],[77.26666875237515,28.577531967039604],[77.26677748797323,28.57756778321992],[77.26688832803492,28.5775981595507],[77.26700092299744,28.577623001718962],[77.26711491951934,28.577642229912477],[77.26722995857277,28.57765578516733],[77.26734567737107,28.577663623922085],[77.26746171149006,28.577665721591707],[77.26757769691197,28.577662072533204],[77.26769326790458,28.57765268647187],[77.26780806020311,28.577637593862047],[77.26792171299591,28.577616843146696],[77.26803386886658,28.577590498051734],[77.26807854207523,28.577577596504796],[77.26831966177517,28.57747373156952],[77.26979647349982,28.5768449417721],[77.26992438817074,28.576790477541202],[77.27052973726617,28.576532727188308],[77.27094592506431,28.576355517461014],[77.27105461504854,28.576208753774736],[77.27218111013062,28.574687626120173],[77.27306195305151,28.57383950927752],[77.27377076583006,28.57315701832659],[77.27385074561796,28.57309614871327],[77.27611214549897,28.57137505499336],[77.27747331515444,28.570540542687578],[77.27949276639833,28.568883293158596],[77.2810966449672,28.56802079467477],[77.28276228823496,28.567515326303248],[77.28685503471056,28.566706345296375],[77.28702553604585,28.566667019419885],[77.2889392565894,28.56622560358143],[77.28936573836273,28.56604721157526],[77.28994395596065,28.565747085389432],[77.29050281179175,28.565331819654048],[77.29101923567383,28.56377954461404],[77.29121364452944,28.563195175549097],[77.29133879067547,28.56279112632148],[77.29141500674095,28.56254505203431],[77.2914162007133,28.56254119906343],[77.29175362895263,28.561451756875485],[77.29165464225962,28.559868992853765],[77.29164230717194,28.559671759417725],[77.29163864673338,28.559391679099193],[77.29164316615504,28.559115191454897],[77.29165559549509,28.55884375458923],[77.2916672613435,28.558601270639844],[77.29168778905574,28.558353442681536],[77.29171688170034,28.558106283885365],[77.29175451151096,28.557860024794],[77.29180064459273,28.557614896051856],[77.29185523677756,28.557371125768597],[77.2919182367283,28.557128941271248],[77.29198958593886,28.556888569103982],[77.29206921869543,28.55665023322462],[77.29215706005331,28.556414155940864],[77.29225302687802,28.556180558795244],[77.29235703183421,28.55594965798626],[77.29246511921396,28.555729522486846],[77.29259131392986,28.555464107752467],[77.29427567050072,28.55231088723867],[77.29572738591415,28.549794311093443],[77.29607234852429,28.549196293085316],[77.29799227677398,28.546045785370897],[77.30035283683262,28.542171945851134],[77.30036354213696,28.54215075438245],[77.30055084337152,28.541779994493943],[77.3020927051592,28.5387277967919],[77.30222319294587,28.538502389818586],[77.30234741658894,28.538274240553996],[77.30246530448625,28.538043484665113],[77.3025767860786,28.537810258702834],[77.30268179393174,28.537574701870998],[77.30278026778237,28.537336954153428],[77.30287214638683,28.537097157354143],[77.3029309477887,28.53693040381747],[77.30295737769514,28.536855453120317],[77.30303590869657,28.536611985821448],[77.30310769557364,28.536366899669996],[77.30317269352821,28.536120340698698],[77.30323086391098,28.535872455737202],[77.30394955903277,28.533431212220663],[77.30397312537833,28.533192302590216],[77.30400411529142,28.53295405463223],[77.30404250505255,28.53271664829594],[77.30408826583641,28.53248026361607],[77.30414136263177,28.5322450780244],[77.30420175532186,28.53201126903805],[77.30428549722551,28.531729727547273],[77.30561789652161,28.527249995908587],[77.30568287406409,28.52698273301255],[77.3057554979584,28.52671700941553],[77.30583572079802,28.5264529964398],[77.30592349103391,28.526190862770044],[77.30601875303392,28.525930777159036],[77.30612144500091,28.52567290665873],[77.30623150101556,28.5254174165853],[77.30634885003488,28.52516447143872],[77.3064562197284,28.524948782214384],[77.30672210780564,28.524460859751215],[77.30674388168462,28.524422517329086],[77.30688960563405,28.52418135593574],[77.30704219934134,28.52394353243367],[77.30718855592539,28.523728328849295],[77.30720156597353,28.523709199124063],[77.30736760255368,28.52347850750951],[77.30745760450753,28.523345429492764],[77.30960748956394,28.52048221257771],[77.3097807031964,28.520235561614165],[77.30994724843788,28.519985353500434],[77.31010703135986,28.519731729707555],[77.31025996314271,28.519474831619156],[77.31040595604975,28.51921480330621],[77.31054492957395,28.51895179232518],[77.31067680525324,28.51868594619676],[77.31080150873235,28.51841741327316],[77.3108201676922,28.51837435484487],[77.31091897082324,28.518146344524496],[77.31102912444149,28.51787289359082],[77.31113190963319,28.51759721308752],[77.3112272654843,28.517319458352173],[77.31131514131383,28.51703978544915],[77.31139548748335,28.516758351326295],[77.311468257439,28.516475313779914],[77.31153341183546,28.51619083318936],[77.31288367035978,28.512163874200514],[77.31310725204207,28.51141478163113],[77.31333634358272,28.51077297275399],[77.31351695943843,28.51025216205415],[77.31355948682604,28.510129531635343],[77.31377666748408,28.509484500949764],[77.31398787126997,28.508837923371058],[77.31419308495843,28.50818984335871],[77.31431995033647,28.507833214017225],[77.3144398640789,28.507474712644154],[77.31455279284017,28.507114446289844],[77.31465870117522,28.506752519332572],[77.31475755986493,28.50638904055492],[77.31484933859173,28.506024115147923],[77.31493401020077,28.505657852759136],[77.31501155154368,28.50529035935761],[77.31504367723804,28.505122113468687],[77.31508193750975,28.50492174455374],[77.31514514907592,28.50455211604864],[77.31520116727897,28.504181584248048],[77.31524997513938,28.5038102568159],[77.31529155880025,28.50343824406867],[77.31535073181949,28.502933203766794],[77.31540298383199,28.502427567708644],[77.31544830634269,28.501921410028263],[77.31548669291847,28.501414805725613],[77.315518139129,28.50090782796091],[77.31552979793011,28.500666439070102],[77.31559292125343,28.49950408398141],[77.31573555568852,28.496877601270306],[77.31575159931471,28.49658217789655],[77.31597611516887,28.495839397471375],[77.31618365132063,28.49376608465541],[77.31690397275864,28.486569581190484],[77.31690627798297,28.486546545072972],[77.31690791680035,28.48653016907468],[77.31702958522862,28.486543508860315],[77.3171512526587,28.486556848552592],[77.31718721044341,28.486560790935975],[77.31756527932129,28.48661412211944],[77.31762053967773,28.486636961456],[77.31781587304701,28.48677422103617],[77.31794296793039,28.48686613458454],[77.31884408919137,28.487145936183637],[77.31895432800783,28.487180165268736],[77.32045469313182,28.48721423445814],[77.32272265667646,28.488369102836298],[77.3242926498018,28.48899820553926],[77.32479300459053,28.489198693789547],[77.32514790540623,28.489306019890943],[77.32658854447457,28.48974167182648],[77.32677912844038,28.490069690989007],[77.32699688817833,28.49044447936523],[77.32789673717095,28.491431700163464],[77.32847261339668,28.49181572439399],[77.3293083490525,28.493576520010052],[77.3298095040992,28.49486038810598],[77.33100720819613,28.49655534296394],[77.33288409026903,28.49907754693557],[77.33337184162087,28.499732974370904],[77.33368131681212,28.500090722465824],[77.33387416554231,28.50031364946517],[77.33405880170068,28.500527082093964],[77.33499289672577,28.501606843653214],[77.33618014974233,28.50302508112804],[77.33603016962604,28.503334043470907],[77.33566830662642,28.504079481835554],[77.336046349461,28.505046963648937],[77.33874784082302,28.506962764484243],[77.3391955691221,28.50743468732381],[77.34134205808532,28.50969708318937],[77.34157559400843,28.50994322203108],[77.34385326674592,28.51125766775976],[77.34476661853286,28.512686511365924],[77.34489468896037,28.51288686111913],[77.34541432873675,28.513061569445714],[77.34564832413639,28.51389637736442],[77.34565434713433,28.514001454623138],[77.34561410102717,28.514146903599105],[77.3455850536078,28.514313496394113],[77.34573115290378,28.514995569281364],[77.34599910480564,28.51575749432671],[77.34642978816181,28.516473218791457],[77.3468068747726,28.517233255968712],[77.34740027867475,28.518394525868057],[77.3475624455723,28.519061854056854],[77.34756381487827,28.519616256076542],[77.34750859105888,28.520080035926267],[77.34736627699347,28.520554962711522],[77.34703962549554,28.520840232376344],[77.34662856288432,28.52101125426732],[77.34562787720495,28.52117799868159],[77.34435189116324,28.52148447889799],[77.34333429277369,28.521627392457347],[77.34206257708112,28.52188074648755],[77.3416330011003,28.521955650704257],[77.34105801418082,28.522119840734725],[77.34084060377994,28.522162158274934],[77.34003750164858,28.52237848724509],[77.33917416120137,28.52258620702139],[77.3383281451246,28.522837013137885],[77.33791716533261,28.523012829656448],[77.33761361431023,28.523109656815716],[77.3371606809872,28.52336333030273],[77.33677343785186,28.52362551417333],[77.33594845250548,28.524088072846848],[77.33540582901502,28.524483096434523],[77.33502800225898,28.52467761815303],[77.3345440145733,28.5250089553063],[77.33398543477193,28.525423531723572],[77.33364342268904,28.525757246832345],[77.33312660162495,28.526580897118333],[77.33283826008761,28.52712099546449],[77.33263977391167,28.52777525678079],[77.33199570171058,28.52926640368793],[77.33131445911614,28.530309822845798],[77.33102112772785,28.53111998581515],[77.3306662185802,28.531613012335132],[77.33016253635087,28.532291793776498],[77.32947806888917,28.532694051242295],[77.32838202975658,28.533247999818226],[77.32725095898381,28.533450597448955],[77.32683843543639,28.53355891250115],[77.32655195663307,28.53368917161115],[77.32597618716309,28.53407026541573],[77.32546849895097,28.534320020016892],[77.32471749918582,28.534925881444632],[77.32437754501352,28.53535596190737],[77.32394364787972,28.53573461736854],[77.32347742826352,28.53613311046658],[77.32315489380055,28.53661110095856],[77.32277581564624,28.537249156214198],[77.32227004855132,28.537836345471835],[77.32193222930435,28.538613504978457],[77.32133867972038,28.539679484623488],[77.32112594945986,28.540435219174494],[77.32089071523971,28.54091171200493],[77.31968616575618,28.54175189667925],[77.31885994035876,28.54241686858957],[77.3180879337543,28.54281574642489],[77.31794500832535,28.543020675802627],[77.31643632905836,28.54368764434161],[77.31479832938824,28.544433941736486],[77.31410782063242,28.544566246026903],[77.31364519003836,28.544882686807103],[77.31329120867089,28.545423867463263],[77.31308342876363,28.545909522760418],[77.31236009172422,28.546538956040713],[77.3115366081672,28.547083309954267],[77.31082185431902,28.547606523847797],[77.31007602931629,28.5482074015188],[77.30943934486643,28.548555718048647],[77.30884705642485,28.548937025295377],[77.30822820928799,28.54935252896159],[77.3075991776784,28.54980195207546],[77.30647355804861,28.550515333937287],[77.30602735827783,28.550836291934257],[77.30516749022807,28.551468009653803],[77.30439620249382,28.551905371288864],[77.30414554253598,28.552179612181433],[77.30378540156488,28.55244124827125],[77.30351699922855,28.552903815332286],[77.30311769606278,28.553874823682058],[77.30294375837917,28.554412923964566],[77.30267471502445,28.555097273638506],[77.30245248765199,28.555674761710836],[77.30209935437543,28.556509992743745],[77.30164649473636,28.557279417784066],[77.3011893231562,28.558101948459676],[77.30099270328311,28.55835116202375],[77.30088132326007,28.558502506374086],[77.30061573154397,28.558844491764283],[77.30035664563341,28.5592345767401],[77.29996958897694,28.559766644700932],[77.30008031879979,28.5603384854743],[77.30059038980679,28.5604407235558],[77.30143521994846,28.560869940999904],[77.30156653471953,28.56138357635311],[77.3015338828321,28.561639651407514],[77.30125588246759,28.562595810518356],[77.30119319443614,28.562906899474807],[77.30061433591041,28.563145891649835],[77.29989619739197,28.56342232528535],[77.29920583984745,28.56402917310134],[77.29789742937314,28.565039655576594],[77.2971414692578,28.565862836861417],[77.29708484381571,28.565981782288496],[77.29713499404679,28.56653054559522],[77.29738071513025,28.567283305900457],[77.29757416581306,28.567892316235106],[77.2976445857936,28.568368417962546],[77.29781713495098,28.56927187183535],[77.29822053589176,28.570494432148497],[77.29848087286106,28.571164982488163],[77.29869020195113,28.571498915387426],[77.29912616897724,28.572711277555396],[77.29944593453398,28.57360259000974],[77.29970198174311,28.574326242691626],[77.29995845229566,28.575069171431583],[77.30003980320805,28.575795784649685],[77.30006121121,28.57627753685509],[77.29997122564039,28.576659933311017],[77.29981740309776,28.577120550685255],[77.29977602810649,28.577478017097047],[77.29979869443427,28.57801760151137],[77.2997735939815,28.578369971153244],[77.29971846733518,28.578597499516874],[77.29951193855146,28.578895091176207],[77.29906370835423,28.579379984461102],[77.29850312558627,28.57997284641667],[77.29837040631278,28.5801486575393],[77.2988004728984,28.5804316273186],[77.29981159747757,28.580892465843476],[77.30024834820314,28.5810858352437],[77.30058771294767,28.581237655389657],[77.30099156474961,28.58141841559862],[77.30121988736543,28.581500941113354],[77.30132802118511,28.581550417287787],[77.30117126956979,28.581824763641873],[77.30105314781144,28.58203505465151],[77.30119019549744,28.58210595875658],[77.30081860357834,28.582783623407682],[77.30144210371093,28.583204478491457],[77.30083298128851,28.58395894408383],[77.30070870601214,28.584099331487668],[77.3005777502403,28.584238206268445],[77.30044199967351,28.584373446792696],[77.30030158541238,28.584504924506525],[77.30015663859898,28.58463251265983],[77.30000729870933,28.58475609157922],[77.29990093362477,28.584848653617012],[77.29978984030456,28.584936781788542],[77.29967425695227,28.585020289786826],[77.29955442910361,28.585098999300794],[77.29943061168956,28.5851727408831],[77.29930306915428,28.585241359361664],[77.29918093500956,28.585307918199366],[77.29906237469645,28.58537933362924],[77.29894763641364,28.585455456189685],[77.29883695796748,28.585536128475205],[77.2987305707415,28.585621179655867],[77.29862869885125,28.585710433611546],[77.29847639749921,28.585843835300434],[77.29832815577701,28.58598075358346],[77.2981840789186,28.586121091953263],[77.29806331537894,28.586255809190202],[77.29794757380381,28.58639391851277],[77.29783697572745,28.586535273512748],[77.29773163854006,28.586679725145032],[77.29763167240276,28.586827120877814],[77.29753718433459,28.586977304622955],[77.29744827418426,28.587130119511336],[77.29736503451218,28.587285402480894],[77.29673538530307,28.588417180744685],[77.2964828912082,28.588862749357556],[77.29560505963762,28.5903896461653],[77.29390149136277,28.59307797764837],[77.29372498405624,28.593370804132892],[77.29355485209238,28.593666188725575],[77.2933909820124,28.59396431833054],[77.29323342887336,28.594265090082228],[77.29308358588382,28.594565716822434],[77.29130525445527,28.598104298063873],[77.28905392501903,28.60255051118529],[77.28892282341778,28.602809415570732],[77.28886365517685,28.602926261873478],[77.28775144863566,28.60512263119568],[77.28755496102882,28.605510644069753],[77.28686943292146,28.606864358843218],[77.28667188661827,28.60726098247745],[77.28646843388678,28.60765191482254],[77.28625773434575,28.608039848245784],[77.28603984902881,28.6084246770248],[77.28581483394059,28.608806299130215],[77.2855827501401,28.60918460973979],[77.28534366081156,28.609559507603624],[77.28509627276118,28.609932939910713],[77.28332640975016,28.612611292539203],[77.28329746897275,28.612653866908577],[77.28231873725763,28.613828513148384],[77.282288504492,28.613884707019505],[77.28220646747833,28.6140237462487],[77.28216322784846,28.614088362488356],[77.28205576284124,28.614263062168455],[77.28193160157204,28.614478900806095],[77.28180504063907,28.61468545220654],[77.28167244889367,28.614889037374077],[77.28153128011778,28.61509333526491],[77.28122844491777,28.615538664724728],[77.2809300560739,28.615986639948634],[77.2806363583114,28.616436896844036],[77.2804675842929,28.616700661577116],[77.28031668538817,28.61693649002548],[77.27933502201572,28.618470627987925],[77.2792051335186,28.618658435566513],[77.27907638561682,28.61885641486159],[77.27895373687387,28.619057388013815],[77.27883624262579,28.61926301754921],[77.27875326290683,28.61942478876977],[77.278668934771,28.619574135061164],[77.27857837036905,28.619720611436883],[77.27848046362305,28.619865842506616],[77.27763666089209,28.621058395529516],[77.27762779795955,28.621070920809917],[77.27747229511564,28.621291470113277],[77.27677186924237,28.62228487236101],[77.27601102927242,28.623481742497983],[77.27563120417524,28.624015806646103],[77.2748234014647,28.625258304714777],[77.27475898355922,28.62535094587549],[77.27473067482318,28.625387148883707],[77.27470723232176,28.625417129399967],[77.27469113392615,28.625437716785257],[77.27461810954283,28.625521153181797],[77.27454012103387,28.625601016933217],[77.27445739349288,28.625677076882685],[77.27437016355205,28.625749115213367],[77.2742786823711,28.62581692378954],[77.27418648010672,28.62587813897003],[77.27402561435964,28.62596808245972],[77.27385513742227,28.626057098965155],[77.27368166970535,28.626141495365435],[77.27349818879588,28.62622443823658],[77.27258474942857,28.626660170121838],[77.27244505896233,28.626736483443427],[77.2723110455751,28.626817770300242],[77.27218159405807,28.626904621447334],[77.27213337810235,28.62694030702319],[77.27201010238879,28.6270350646996],[77.27193755043356,28.627094203892465],[77.27182351554691,28.627196503614826],[77.27171515789715,28.627303499948944],[77.27161272581743,28.6274149478404],[77.27151645514436,28.627530591617145],[77.27142656514835,28.62765016595964],[77.27134031229743,28.627777759909282],[77.27126759330672,28.627909758199596],[77.27122780366705,28.627992816135325],[77.27120479238984,28.628040849414187],[77.27114988023781,28.628174667607105],[77.27114247456069,28.628196182557883],[77.27110150811026,28.62831520444252],[77.27109194002712,28.628355068824163],[77.27107878283918,28.628399980170656],[77.27106781332098,28.628455589031766],[77.27104237330958,28.628591711892643],[77.27102394073162,28.628728711561244],[77.2710125555944,28.628866307667924],[77.2710082394467,28.62900421744453],[77.27101096116537,28.629140139746255],[77.27102313912093,28.6293636672763],[77.27102939326309,28.62947846888606],[77.27107720101922,28.630356005094733],[77.27108493468391,28.630518978812095],[77.27108653094521,28.630563036481504],[77.27108347158406,28.630664091289912],[77.27107370368981,28.63076481375861],[77.27105725967158,28.630864857777905],[77.27103419651237,28.630963878629654],[77.27100459378309,28.631061535727316],[77.27096855163713,28.63115749445421],[77.27092619690552,28.631251424256927],[77.27087767192984,28.631343002441373],[77.27082228631856,28.631433316971982],[77.26991047871523,28.63276678784554],[77.26986592086644,28.6328273796708],[77.26981881773207,28.63290484309571],[77.26977916865621,28.632985485673967],[77.26974724502412,28.633068754289575],[77.26972326565931,28.633154076856417],[77.269707399851,28.63324086046298],[77.26970086903114,28.633315724875054],[77.26923749945162,28.637929855624975],[77.2689318499835,28.64112412057183],[77.26888559580273,28.641607503402742],[77.26848190360103,28.64582617186097],[77.26830205095139,28.647784292203017],[77.2682684126839,28.648150512477255],[77.26822815793278,28.64858877347494],[77.26821822584901,28.64887676863004],[77.26818564457498,28.6490937889308],[77.2681668054193,28.64921927942789],[77.26817103286483,28.649300721402895],[77.26816812094549,28.649382208084557],[77.26815808578245,28.649463253787673],[77.2681409885241,28.649543373876167],[77.26811693035062,28.649622090260355],[77.26808605560015,28.64969893405133],[77.26804854767934,28.649773445629798],[77.26800463124461,28.649845180925194],[77.26795456811256,28.64991371148445],[77.2670881440426,28.651170677591164],[77.26699150725003,28.65131087185567],[77.26625455512163,28.65227810177384],[77.26619436235407,28.652341157672918],[77.26577285998309,28.652782708737522],[77.26466403690146,28.654329089392935],[77.26444576064027,28.654365964335458],[77.26430401718213,28.65453376888692],[77.26362271842778,28.655349400253773],[77.26138487902956,28.658387851627033],[77.26107308717697,28.65879813489433],[77.25908859363528,28.661380957507124],[77.2590128165161,28.661470588639766],[77.25893253330977,28.661557220928035],[77.2588479577745,28.66164061440481],[77.25875925827644,28.661720606552617],[77.2586666114028,28.66179703652125],[77.2585701980846,28.661869755117568],[77.25846521769601,28.66194205718511],[77.256770092586,28.663101751109803],[77.25672383522196,28.663133396803147],[77.25660647508647,28.66320296073294],[77.25649329863141,28.663277724029705],[77.25638460139433,28.663357491400344],[77.25628066942244,28.663442054176674],[77.25618177213381,28.66353119133608],[77.256088169495,28.66362467028434],[77.25600010482404,28.66372224517079],[77.25591780901615,28.663823663133496],[77.25584149734054,28.66392865803681],[77.25577136953686,28.664036954980897],[77.25573956090567,28.664083306433547],[77.25570257316453,28.664126564618787],[77.2556607905851,28.664166282825132],[77.25562864539911,28.664191196713112],[77.2555956757432,28.66453258447494],[77.25533865467195,28.667193888556266],[77.25530024431174,28.66751731079813],[77.25516121700257,28.668769494800408],[77.25515484963218,28.669696208732173],[77.25521850930765,28.671282709676035],[77.25548610278234,28.67237614828341],[77.25576987474996,28.673507564043984],[77.25578201794909,28.67355360338469],[77.25607617283015,28.674668869588146],[77.25622738484911,28.675242166526317],[77.25653000384318,28.676389479939047],[77.25656370903583,28.676927493062838],[77.25650119175145,28.677307556010923],[77.2556561595867,28.680176944868986],[77.25397896162256,28.686846065495846],[77.25364279048853,28.688335747661593],[77.25371568023634,28.689054421001284],[77.25388917809794,28.690413700310508],[77.2539826024871,28.691145612765634],[77.25410664612525,28.69211739556964],[77.25464538503299,28.69602467338691],[77.25472601291887,28.69660787818695],[77.2551750326676,28.699855596537287],[77.25532050878547,28.70021743655332],[77.25534930544872,28.70064808302303],[77.25534933191659,28.701164760386643],[77.25564079213726,28.703029844292622],[77.2557962835676,28.704080720806942],[77.2562579041514,28.70565070992851],[77.25628207099614,28.705712632808627],[77.25634880946005,28.706269570456833],[77.25640875545407,28.706769818880105],[77.25651076720932,28.70767995332473],[77.25661288271453,28.708590997969274],[77.25671500055347,28.70950204232454],[77.25681712072621,28.71041308639057],[77.25691924425595,28.711324130150143],[77.25694410557671,28.71154591824064],[77.25696827455403,28.71176152930023],[77.25702136909675,28.712235173637552],[77.25712386846699,28.71314953633652],[77.25714178724895,28.713277146373745],[77.25717195831184,28.713492019226237],[77.25726210614661,28.71413402272718],[77.2573998809049,28.715115198890075],[77.25753765886721,28.71609637373545],[77.25767544107633,28.717077548148183],[77.25781322548617,28.718058722162407],[77.25795101312009,28.719039895761],[77.25808880500142,28.72002106892687],[77.25822606608932,28.720998444888785],[77.25833622196708,28.722018570083133],[77.25842509822147,28.722841613842817],[77.2585009811336,28.723544309003024],[77.25855736521214,28.724066436029062],[77.25866794114712,28.72509036892204],[77.25877906328566,28.72611933778365],[77.25893101380174,28.727125880608636],[77.25908221106128,28.728127407354094],[77.25923306340266,28.72912662878707],[77.25935692799194,28.73007087194681],[77.25948109793721,28.731017423967838],[77.25960527074749,28.73196397652939],[77.25972944638409,28.732910527827507],[77.259853624886,28.733857079666066],[77.2599463564697,28.734563910754602],[77.25995731290718,28.73464742857395],[77.2599602763044,28.734670012917878],[77.25997115063856,28.734752901432756],[77.25997660120568,28.734794444712954],[77.2600177271247,28.735411229475275],[77.26001617652697,28.73541147916479],[77.25999342460143,28.735418663531533],[77.25995778814635,28.735449308984514],[77.25932935285459,28.73598971311425],[77.25596178722365,28.73888541367708],[77.25563023135373,28.74009410478099],[77.25495781414094,28.743641934869114],[77.25490038694338,28.7439449296222],[77.25649247125277,28.744120125982278],[77.25670864647927,28.744143912500153],[77.25771268532232,28.74548785062635],[77.25861712287909,28.747022289029324],[77.25897835288485,28.747635124610753],[77.25901398806663,28.747695579603104],[77.25918776126086,28.747990387000094],[77.25961883124879,28.748721690200604],[77.26027497760272,28.74975631175353],[77.26028022114735,28.749999718854166],[77.2602203996062,28.750704463249058],[77.26019471249026,28.751007079191197],[77.26013160449757,28.751750541714443],[77.26012470356984,28.75183184254648],[77.2600598449106,28.752595914613998],[77.25986761372216,28.75269838162089],[77.25866861460027,28.753337484147234],[77.25722821157767,28.754105239296248],[77.25711919517157,28.75416334508062],[77.2570421369633,28.756140906721754],[77.2570354219371,28.756313234234447],[77.25559746994635,28.75598761903377],[77.25344205946469,28.755499507348844],[77.24946002362523,28.754749448336945],[77.24392001151853,28.75714764473343],[77.24254274511725,28.757814202132412],[77.24056571052988,28.758806529953688],[77.24023356378895,28.758954036169673],[77.23935547026552,28.75934399046053],[77.23890828840705,28.75948173718401],[77.23848651903818,28.759702874639085],[77.23809886541714,28.75987889572246],[77.23783422353048,28.760019542963747],[77.23732600510401,28.7602452265039],[77.23725448207992,28.76027698689287],[77.23702366627653,28.76037529512116],[77.23605146862867,28.76069851979165],[77.23573975643818,28.760833851195407],[77.23522540779521,28.76108824278729],[77.23534768479585,28.76117782085999],[77.23540648711297,28.76136969346863],[77.2356029251225,28.76185820040234],[77.23561715168937,28.762012240992785],[77.2357266183302,28.762270771743616],[77.23584774379056,28.762562856498946],[77.2358904482341,28.762769459368002],[77.23603591924702,28.76317684900752],[77.23612392223487,28.763455018596215],[77.23625619505188,28.763756560701662],[77.23649503933412,28.764437209347026],[77.23655466935516,28.764667637185987],[77.23656363345701,28.76483140711766],[77.23661656019713,28.76500409231662],[77.23662914422799,28.76508102234266],[77.23656577127029,28.765188137515533],[77.23647607739491,28.765343898811388],[77.23642290271553,28.765672617911825],[77.2363676709236,28.76590494779671],[77.23631636726687,28.766064894946844],[77.23626349921162,28.766408072083347],[77.23622901495895,28.76658702552896],[77.23617717283626,28.767034885293903],[77.23617420098718,28.767060560392025],[77.23614122924293,28.767345399247237],[77.23608568785096,28.767563270980823],[77.23599969161158,28.76789253246187],[77.2358452613438,28.768348277413416],[77.23560793827707,28.7690223456835],[77.23554340902166,28.769331967605307],[77.23543378456705,28.7695796607514],[77.23529226518318,28.769871272188016],[77.23523114888702,28.770084414241516],[77.23521571968864,28.77064392246938],[77.23514551263781,28.7709439957883],[77.23499297190844,28.770975447801437],[77.23434174947361,28.77097176136361],[77.23342889564535,28.77101578876663],[77.23274618716859,28.771075289775457],[77.23211725269576,28.77109050894385],[77.23212412812411,28.77141341246198],[77.23213128097629,28.772006295639343],[77.23211969471588,28.772233081860147],[77.23210400802407,28.772726720689832],[77.23209348305078,28.773057931936222],[77.23207765764855,28.77334264093455],[77.2320771853692,28.77383440685036],[77.23204207657895,28.773984442486547],[77.23201161733508,28.774095832473865],[77.23190868121245,28.7744012661876],[77.23185076793278,28.77450828917665],[77.23179760685147,28.774581484669895],[77.23173835936318,28.77462585437766],[77.23158157473917,28.774715226537058],[77.2312519004327,28.77490869965084],[77.23107839619044,28.77498388435368],[77.23094783237443,28.77501978967342],[77.23074574649686,28.77503759164715],[77.23028109546102,28.77505973048178],[77.22998653063179,28.775103165329632],[77.22990458106223,28.77510933948755],[77.22979093926361,28.775169069863978],[77.22964498886643,28.775253440180872],[77.22944484991547,28.775362809804417],[77.22927113846967,28.775428353246745],[77.22884238078244,28.775594529253343],[77.22856049610127,28.77571971106858],[77.22815310355323,28.775861426700594],[77.22802324740599,28.77591661147554],[77.22775179520421,28.77603196806078],[77.22746372019365,28.77612350173295],[77.22692151643068,28.77635903946344],[77.22662301111268,28.776474849067892],[77.22601567201275,28.776735563963005],[77.22573337116205,28.77684146207507],[77.22565111243912,28.7768768512395],[77.22518568860752,28.777077083407708],[77.22498998782098,28.777138162248907],[77.22440329419224,28.77734067617478],[77.22390269053805,28.777474272539425],[77.22346670696264,28.777558591616902],[77.2232544914104,28.77761511919603],[77.22310720294604,28.77763682840478],[77.22256150553919,28.777708487797135],[77.22239760186201,28.77772082819688],[77.2225576699923,28.77778568963738],[77.22286717482812,28.777930050177613],[77.22353045906672,28.77824214645681],[77.22444318386346,28.778704407177827],[77.22488004494313,28.778918982408292],[77.22604201936562,28.779521758938365],[77.22679407720821,28.779890229235374],[77.22752384852663,28.780239777057975],[77.22836446762896,28.780654988187525],[77.2290616312301,28.78101470786643],[77.22961492875788,28.7812996621702],[77.23090380052108,28.781948509948837],[77.23117600243933,28.782066723947487],[77.23140643540195,28.782166796758037],[77.23202002209995,28.782455564918955],[77.232799884541,28.78284282415938],[77.23317113279852,28.783058456237182],[77.23365746880337,28.783281825499362],[77.23402407122568,28.783536100665494],[77.23335961984144,28.783942428666972],[77.23265738266032,28.784373484059856],[77.23195948036835,28.784751431523855],[77.23124061382487,28.785173111548534],[77.23081294970409,28.7853923097753],[77.23035957120997,28.785689070867445],[77.22969498867428,28.78609056226838],[77.22916026172355,28.78642241026951],[77.22896526434705,28.786517231787098],[77.2287211336689,28.78661768589945],[77.22849785942918,28.786669583185844],[77.22792210240985,28.786616411534286],[77.22731868400288,28.786549230622924],[77.22673208775494,28.786501054344143],[77.22663849098376,28.786493192184707],[77.226307403521,28.78645944533281],[77.22590746008807,28.786418678448552],[77.22555818172533,28.786370957773986],[77.2246644085333,28.786289266626788],[77.22418145145323,28.78622490793836],[77.22380325639678,28.7861973905849],[77.22319437150378,28.786130281058416],[77.22268983932334,28.786080734583184],[77.22258989022893,28.786071042440838],[77.22198445280652,28.786012329306157],[77.22183983572125,28.78599830473925],[77.22181665313141,28.785994664926974],[77.22139507370402,28.785928485619],[77.22084677674067,28.785879653238553],[77.22012290791382,28.785809599610722],[77.21952466172102,28.785727835131055],[77.21907534931407,28.785701473652722],[77.21897933695688,28.785695952909954],[77.21880442671278,28.78567753635265],[77.2185605090849,28.785668857632242],[77.21842331503166,28.785663978995604],[77.2184207310472,28.78566388251113],[77.21763057404046,28.78563456806741],[77.21759210204017,28.785632151322243],[77.21690001259695,28.785573294788907],[77.21600604511482,28.785481907312974],[77.21497024846009,28.785412125042207],[77.21469712167386,28.785435891083658],[77.21449541881974,28.78547294819686],[77.21350687778093,28.78582664283237],[77.21264021234758,28.786250650997328],[77.21240092418233,28.78632206931935],[77.21175438042364,28.786544795766375],[77.21150941708053,28.78660666305613],[77.21087431965785,28.786853303641596],[77.21034336853275,28.787107879473936],[77.20970299795836,28.787364243570465],[77.20912300575337,28.787629259134146],[77.20832175414536,28.788042527651026],[77.20768938201253,28.78841928147438],[77.2072631737774,28.78871070077717],[77.2069872040678,28.78885984865207],[77.20633952608344,28.789289879983183],[77.20586933930781,28.78957237236081],[77.20562771355596,28.789793273714235],[77.20525073170757,28.79008388356039],[77.20496563935507,28.79031995812708],[77.2045612998761,28.790611012159065],[77.20452586447975,28.790638109348055],[77.20449436632781,28.7906621954306],[77.2042327400404,28.79086225849452],[77.20389364304887,28.791132961127417],[77.20349588326125,28.791476938036602],[77.20297512428142,28.79195791551635],[77.20251433928087,28.79242826999878],[77.20222406765302,28.79267888699055],[77.20195030905957,28.792934054812548],[77.20171646821068,28.79326571101919],[77.20149914044272,28.793601918323944],[77.20116661143813,28.794185884854866],[77.20107572729235,28.79428861196665],[77.20079415878969,28.794693362512934],[77.20060043547994,28.79485079951596],[77.20027053350131,28.795299727951825],[77.20006880072566,28.795597108931528],[77.19992978348724,28.796013997391217],[77.19982420403673,28.796198924140366],[77.19964708726778,28.796626075846376],[77.19952620650189,28.796864284214003],[77.19944838812188,28.79706804238734],[77.19926305855068,28.79762550000583],[77.19908907503724,28.798202057542753],[77.1990165235443,28.798396087172],[77.19901040436747,28.7985060791681],[77.19900659033686,28.798574633165575],[77.19899665609279,28.798753179172586],[77.19896625035756,28.799129727884512],[77.19897779515254,28.799418811377656],[77.19898832690227,28.799659699733223],[77.19909551906731,28.800072575411814],[77.19923918511877,28.80065841983956],[77.19936350263737,28.80110476440061],[77.19962024954262,28.801862328444773],[77.19986595681702,28.802615250052554],[77.19997832365154,28.803013576973868],[77.20001530540465,28.80321064303055],[77.20004174992316,28.803427164955227],[77.20002837349801,28.803572018706603],[77.20000486372997,28.80375560765511],[77.19997861609872,28.804069412699633],[77.20000566857506,28.804314852183005],[77.2000726440244,28.804636779817983],[77.20017893115754,28.80552696644291],[77.2002498600809,28.80577651207119],[77.20033933193501,28.80612700010463],[77.2004841315361,28.806505512351958],[77.20049841870187,28.80666437823518],[77.20050729849332,28.806776623907034],[77.20055060211764,28.80732403026402],[77.20059786017667,28.80762023149564],[77.20069560650231,28.808232869458216],[77.20088388359045,28.809377240254246],[77.20085632091617,28.80962839093122],[77.20091215661968,28.8099408578294],[77.20100866878082,28.810328411533956],[77.20103173282567,28.810421025233584],[77.20111442302004,28.810708947223464],[77.20126267936045,28.8112513221092],[77.2014681928443,28.811913292165347],[77.20149322446224,28.812062339947886],[77.2016045961793,28.81241246914935],[77.20172843413124,28.812834712029172],[77.20186607766334,28.812793178482355],[77.20204936637069,28.812737872029633],[77.20223845821427,28.81261907674318],[77.20255949069242,28.812527055622443],[77.20362026928807,28.812210820675208],[77.20428380996468,28.812007133658202],[77.20469705191097,28.81187503113754],[77.20536636438615,28.811685708777024],[77.20632366421775,28.811395250269243],[77.20722198399947,28.811163604828355],[77.20796222036864,28.810963467139462],[77.20881695965102,28.810742166063594],[77.20926930809216,28.810647978601736],[77.20973705488821,28.810505326080598],[77.21020003911137,28.81039649813737],[77.21079921300282,28.81025651068159],[77.21139787595408,28.81009242241554],[77.21176813826192,28.809999572121697],[77.21205682981682,28.809932163876375],[77.2123562613389,28.809854937376134],[77.21295451150623,28.809671564239856],[77.21368945566724,28.809481125095168],[77.2146320255307,28.809272811055806],[77.21510098163553,28.809187974273133],[77.21587483336208,28.809025811116804],[77.21645240837998,28.808900616988517],[77.21659012511854,28.808941745119906],[77.21659764909747,28.80894555445769],[77.21676667121548,28.809009054786863],[77.21690335192824,28.808999273453626],[77.21788421286774,28.80879030790343],[77.21842235670944,28.808612720716543],[77.21886522821325,28.80833063243668],[77.2189791053829,28.808796411478237],[77.21900426182988,28.80895027475635],[77.21899679282961,28.809114317015627],[77.21907732766748,28.809556538618125],[77.21908627435815,28.809720310877925],[77.21902244930232,28.809808140608435],[77.21902065624879,28.809981731926115],[77.21904038790473,28.810396026206902],[77.21913544506,28.81100674894389],[77.21920253134888,28.81158900524669],[77.2193090463264,28.812223644823565],[77.21939367514861,28.812858644254963],[77.21948689773139,28.813382616611907],[77.21954140839007,28.81388793998836],[77.21964010574374,28.81441182113428],[77.21972837086462,28.814959980274253],[77.21980794172372,28.815614347096776],[77.21992126825916,28.816311548722634],[77.2199601341577,28.81659535627123],[77.22006988417535,28.81712387651776],[77.22007975423308,28.81733102367523],[77.22014204481731,28.817686763224735],[77.22020699488519,28.818167808466654],[77.22034277943625,28.81914908756326],[77.22037704642536,28.81921601948584],[77.22043857323517,28.819277681034194],[77.22054976043445,28.819357810798724],[77.2207152638216,28.819417760572147],[77.22086455495528,28.819487620358228],[77.22100888477564,28.819581666317838],[77.22134378139404,28.819884705189576],[77.22171944368245,28.82030277874283],[77.22196739963677,28.820636175000388],[77.22218789030674,28.820965201545427],[77.2224034788329,28.821578755114164],[77.22254301221878,28.82196214747567],[77.22257897610056,28.822366530134154],[77.2228798794771,28.822872612273713],[77.22328200037857,28.823246855208833],[77.22362402808446,28.82362690735194],[77.22378259028021,28.82387499268823],[77.22389778207173,28.824143076774444],[77.22399343919207,28.824522368952923],[77.22402975990649,28.82468568886353],[77.22406501386166,28.82505633453104],[77.22402748339485,28.825351043056603],[77.22397035706528,28.825496619033224],[77.22355290735271,28.82594704618622],[77.22331062787585,28.82613906453816],[77.22274372354302,28.826770334922525],[77.22249781064707,28.82704919151613],[77.22240845830224,28.82722422512707],[77.22205600960656,28.82790016999067],[77.22183536301051,28.828337707333734],[77.22165312760688,28.828779433267094],[77.22161272202945,28.828939196071893],[77.2215493549795,28.82930664626252],[77.22152112372524,28.829524062849995],[77.22152087245128,28.829769944807936],[77.22157903667983,28.830188424821383],[77.22166655790028,28.83044250323582],[77.22183613015144,28.830950749943213],[77.22191613209532,28.831108529928652],[77.22203020096829,28.831323601068725],[77.22213041279386,28.83165942980202],[77.22212760189619,28.831784825339977],[77.22209359162784,28.83198787315312],[77.22195063163095,28.832216821619507],[77.22178792767147,28.832547339851537],[77.22163100366149,28.83289222582101],[77.22150579181677,28.833183556547997],[77.22146195987055,28.833439798703505],[77.2214149536572,28.833546637492493],[77.22124273401522,28.833944807712673],[77.22105772377333,28.834256407828974],[77.22079388894953,28.83472358137938],[77.2205005905256,28.835350337696504],[77.22038166466773,28.835680133560523],[77.2202032477145,28.836044655863947],[77.21995797379678,28.836612767007082],[77.21984410965935,28.836923194353908],[77.21962118604206,28.83725470076139],[77.21918234229682,28.837989915696983],[77.21887383257675,28.838674772713002],[77.21855437295507,28.839359809284584],[77.21839144387351,28.839680685259445],[77.21818820311158,28.840166142176493],[77.21788300805291,28.840749698947242],[77.21751877243392,28.841647599800144],[77.2173380326664,28.84216161270593],[77.21701256825996,28.842822639332706],[77.21671553694352,28.843791750696088],[77.21656277212091,28.844334229017257],[77.2165624083615,28.844575292057204],[77.21657196047869,28.845283842107587],[77.21664183714064,28.84548035995459],[77.216785532327,28.845801013218786],[77.21696002628195,28.846024736848108],[77.21713119475449,28.846349759512695],[77.21714623252062,28.84654235722098],[77.21707077063182,28.84685697173191],[77.21703730557715,28.847344456694046],[77.21701238231667,28.847976435125158],[77.21696985720178,28.8488111903414],[77.21700622517895,28.84923485171023],[77.21705067863913,28.849523388505666],[77.21711043042954,28.849758641006556],[77.21719933887059,28.85033571439207],[77.217192378941,28.850523853044102],[77.21719124827416,28.850986700504915],[77.21716960484449,28.85125703953446],[77.21726133004074,28.85170871725267],[77.21724383196423,28.85191631397124],[77.21721272519146,28.851998784501372],[77.21675872352034,28.852281056036396],[77.21653826906224,28.852472705438583],[77.21641563407854,28.85262899733554],[77.21612595639719,28.852913386488655],[77.2155736597695,28.853467253388793],[77.21496165083347,28.854046204947437],[77.21465615569072,28.854359777358308],[77.2141748061769,28.854902830899942],[77.21363405045011,28.85548542716627],[77.2128279397118,28.85646771157797],[77.212473875711,28.856815824737193],[77.21231199001855,28.856929368124394],[77.21205764993677,28.857073355890943],[77.21163815782336,28.85717666204908],[77.21105534879491,28.857326037402125],[77.21069141491412,28.85746699883733],[77.21038637285088,28.857544319302182],[77.2101638560674,28.857639569750987],[77.2099079826757,28.857711261229756],[77.20940392085451,28.857700240202615],[77.20857747541122,28.857723427564984],[77.20766353787353,28.857752863728003],[77.20685453233006,28.85782396691895],[77.20634601338051,28.857861218570758],[77.20586517171773,28.857912479411432],[77.20546736268717,28.85800577029234],[77.20496087668857,28.858139406737514],[77.20449271006567,28.85827241547032],[77.20408030531777,28.85845272102486],[77.20374291611257,28.85855466128224],[77.20332239150775,28.858609747714063],[77.20301632408203,28.858638856448582],[77.20226651004366,28.85866075278249],[77.20156627248112,28.85869629833246],[77.20098657606987,28.858734693496622],[77.20048940348646,28.85879102282175],[77.19987189122213,28.858854136246727],[77.19958751725784,28.8588732407259],[77.19901045659589,28.85903693426333],[77.19823590155879,28.859184561810938],[77.1976946239447,28.85922713708495],[77.1971248576339,28.859217142550317],[77.1965760778493,28.85916341212516],[77.19551754994666,28.85908905769359],[77.19514385798077,28.85902764833124],[77.19478638739648,28.858956331311013],[77.19387720326621,28.858691506232603],[77.1936283158687,28.85862719122451],[77.19331555487943,28.858546369842422],[77.1931067633103,28.858510521795175],[77.19304757080974,28.858515718352262],[77.1930427562832,28.858499532547228],[77.1930413623872,28.858494844526803],[77.1929908644356,28.858381724241152],[77.19294195833567,28.85838025530183],[77.19281640619874,28.858391080637674],[77.19262495239987,28.858401771647532],[77.19247777514326,28.85839727800828],[77.1923815052799,28.8583958972156],[77.19228315519157,28.85840156346107],[77.19210061227881,28.85839885006716],[77.19204133635992,28.85839826494959],[77.1920254989084,28.85839852252558],[77.19200369838984,28.85839422773128],[77.1920018308821,28.858389092661454],[77.19199960475284,28.85836691701415],[77.19199853161595,28.858351919948067],[77.19199794399927,28.858343698181088],[77.1919940020698,28.858323616615138],[77.1919898306717,28.85832058519094],[77.1919767748062,28.858313565903792],[77.1919616051043,28.858308622808767],[77.1916313646072,28.85829462793632],[77.1913108936343,28.858325538636965],[77.1912804228638,28.858330346844436],[77.19120724967402,28.858341892632726],[77.19110677123868,28.85834992406271],[77.1909715784137,28.85836327735584],[77.19095006838522,28.85836506071014],[77.19070499074675,28.858385382531207],[77.19062608733313,28.858383786780063],[77.19040922585523,28.858372527765066],[77.19010494244692,28.858367756981625],[77.18996626261622,28.858358129396905],[77.1899379337918,28.85835032497743],[77.18991706368341,28.858339417389377],[77.18990191103777,28.85833772823803],[77.18985953085566,28.858333002349134],[77.18979616715586,28.85832726036831],[77.18972901953057,28.858321175620244],[77.18956692091432,28.85831399427208],[77.18948121996843,28.858307976215958],[77.18943650704578,28.858306815027383],[77.18934539723686,28.858300088953232],[77.18924739033224,28.858299105860784],[77.18921280514567,28.858273968508342],[77.188959619089,28.858265230694514],[77.18866274792727,28.85826148573513],[77.18858474790345,28.858254185352088],[77.18823437583634,28.85825130818631],[77.18791822883854,28.858256440607402],[77.18786409911445,28.85822733622289],[77.18767918498799,28.85822605471395],[77.18746820640206,28.858209097812722],[77.18736493890184,28.85820543058297],[77.18735839827282,28.85820519838229],[77.1873413336188,28.858202892145894],[77.18731423215773,28.858197649520626],[77.18727595425666,28.858191039080875],[77.18725697805716,28.858181532223462],[77.18724931256551,28.858175449056404],[77.18712778155945,28.858143935563227],[77.18687901242045,28.858119107887664],[77.18668815925518,28.85806652219139],[77.18658106689028,28.85806397656617],[77.18645532498529,28.858100282556038],[77.1863534545938,28.858114785100963],[77.18623114220765,28.858082503002876],[77.1861768337636,28.858044833834043],[77.18607424649589,28.858025081666824],[77.18587303892619,28.85799931557168],[77.18572430893633,28.85800527887374],[77.18564338207015,28.858023250597448],[77.1856383538754,28.858022464158505],[77.18542151333622,28.85798855082206],[77.1851484237816,28.857958712409697],[77.18512509254667,28.857961431133788],[77.18488950492659,28.857976764114525],[77.1894942769224,28.857064820382476],[77.18993823814733,28.856967174105787],[77.19027019759969,28.85689569490392],[77.19068374738737,28.85680583879455],[77.19109829217177,28.85672031145659],[77.19155537135438,28.856625920407314],[77.1917513635558,28.856583000657597],[77.19200201770701,28.856529052976345],[77.19200236870657,28.856528978696282],[77.19246497264642,28.85643114016337],[77.19285799376453,28.856347901988112],[77.19328422583983,28.856258490364763],[77.19368451058683,28.85617099205636],[77.19409727935135,28.856078455054025],[77.19457015146727,28.855976623913747],[77.19499286059455,28.85589066045113],[77.19541241140348,28.855804943820726],[77.19585879976385,28.85571474386425],[77.19629805078714,28.85561828789898],[77.19680026385566,28.855508439819324],[77.19731825106174,28.855399397421724],[77.1977646115135,28.855302296655687],[77.19807560524163,28.85523496510464],[77.19866168381054,28.855111867024114],[77.19943862521023,28.854937626750967],[77.19988594332345,28.85484040872653],[77.2002090405259,28.854770925927237],[77.20064620692179,28.854681882285202],[77.20109768158872,28.854582576806834],[77.20144910309438,28.854510665245538],[77.2020229234067,28.854389682948902],[77.20241843799744,28.85430620974906],[77.20250535825558,28.854281827039518],[77.20258400985246,28.854259626613008],[77.20271324952543,28.854218827695373],[77.2027790664672,28.854200694046735],[77.20309483979797,28.8541068062004],[77.20315613529061,28.854077316474356],[77.20329309341803,28.85400414147126],[77.20347736793317,28.853895073390127],[77.20368679056453,28.853759417644834],[77.2038139857361,28.8536692146488],[77.20388123399891,28.85361712949736],[77.2042138452166,28.853349265774277],[77.2043202539046,28.85326242931003],[77.20488113661537,28.852802067881278],[77.20495366638205,28.852736947548017],[77.20499288359701,28.852701586287584],[77.20503635655997,28.85265324229737],[77.20528117873603,28.852286670663858],[77.2055893885811,28.85178288295052],[77.20572692911655,28.851527901251135],[77.2059430882586,28.85111919118149],[77.20614142146306,28.850753790347436],[77.20628583752564,28.850495922987527],[77.20639559889072,28.850273095233042],[77.20640732688095,28.850250917982038],[77.20668806744308,28.849720065134083],[77.20685745161917,28.849401755056572],[77.20696836316957,28.84918763830126],[77.20698494569208,28.84915562452584],[77.2071087718545,28.84895031790296],[77.207269343468,28.848635937521532],[77.20747184110422,28.848272007834538],[77.20773004353578,28.847776948342943],[77.20777517102036,28.84769002394111],[77.20792212999315,28.847397285382748],[77.20805211017434,28.847145846776954],[77.20824553621732,28.846784144350014],[77.20840404855599,28.846452825969187],[77.20858872509707,28.846081875749235],[77.20864577569054,28.845952632109256],[77.20874968144877,28.845690961722912],[77.2088698042649,28.845296810686474],[77.20895963305657,28.84500179421985],[77.20896259403018,28.844992069905317],[77.20909257734992,28.844583165842135],[77.20920771629919,28.84423282858732],[77.20933034486671,28.84383097958684],[77.20943914640709,28.843516322893755],[77.20959020420611,28.843195976009284],[77.20972480301124,28.84287355376857],[77.20988746129187,28.842499219417018],[77.21005146102804,28.842134923969965],[77.21022253718535,28.841759516546222],[77.21034536216402,28.841442845577486],[77.21047173404412,28.841076069994937],[77.21049675104355,28.840999968646802],[77.21056006345924,28.840800968341338],[77.21056791525905,28.84076905581836],[77.21064473474718,28.840463772864982],[77.21070997482532,28.84023253664898],[77.21070998536841,28.840232502190393],[77.21071909363116,28.840200213569737],[77.21075998571821,28.84008634869375],[77.21078058034809,28.839965557957807],[77.21083714301149,28.839720141543918],[77.2109045494488,28.839438318090675],[77.2109578577114,28.839217539682608],[77.21101897219039,28.83896528163796],[77.21106779843556,28.838763611594484],[77.21111423257231,28.838570259868842],[77.21116845061859,28.838350624965454],[77.21122096826454,28.838137373423468],[77.21127181576745,28.837942350476418],[77.2113277850375,28.83771150513068],[77.21136938169641,28.837528077182153],[77.21141991717474,28.8373840142498],[77.21147641093003,28.837157256493477],[77.21150896608998,28.837002731712435],[77.21151723147833,28.836949316993707],[77.21153652598638,28.83681585452623],[77.21153719754571,28.836811513582127],[77.21155083065258,28.836671801098564],[77.21154719579793,28.83647550438311],[77.21155143386187,28.83619953738796],[77.21155325039545,28.835937121394174],[77.21155654690958,28.835701702809658],[77.21155223497296,28.83543812324792],[77.21154884713692,28.835266671506275],[77.21154727263591,28.835186954059765],[77.21154609078428,28.835006097097473],[77.21154828000532,28.834811769186334],[77.21154730319367,28.83462006372406],[77.21154862804144,28.83440657070282],[77.21155077593983,28.834197496966738],[77.21155736456745,28.833964195172523],[77.21155689807425,28.833733585921387],[77.21156133037596,28.83348960246849],[77.2115623873987,28.833251474973284],[77.21155565871133,28.833006976195406],[77.21155431232438,28.832800159431354],[77.21156079251038,28.83261612983852],[77.21156085559147,28.832614800681416],[77.2115696152843,28.832273159893163],[77.21156903125093,28.831902443698365],[77.21156902422867,28.831897315383205],[77.2115690330308,28.831897004862363],[77.21156912514084,28.831893511616187],[77.21156917104327,28.831891757777544],[77.21156921844685,28.83189002647073],[77.21157038730506,28.831845830981912],[77.21157063788331,28.8318363621938],[77.21157083766501,28.8318288034151],[77.21157118176662,28.831815762861257],[77.21156917755962,28.831725406692065],[77.21156913535735,28.83172350813256],[77.21156903276065,28.831718899280347],[77.21156876802554,28.83170696314883],[77.211571715171,28.831519534022327],[77.21157469854947,28.831329796323306],[77.21157537975209,28.831164240780186],[77.2115760652524,28.83099816095172],[77.21157346680229,28.830800537919345],[77.2115708607047,28.83060226087042],[77.21156430792662,28.83042317458969],[77.21156336843477,28.830397500020094],[77.2115005854746,28.829508278393412],[77.21148069572087,28.829226566941664],[77.21148058086249,28.829224042503785],[77.21148047504091,28.82922175160242],[77.21148010601219,28.829213651771337],[77.21147992962202,28.829209816459883],[77.21147976505532,28.8292062011054],[77.21147961298536,28.829202885997784],[77.21147891980937,28.82918769432363],[77.2114787394445,28.8291837679493],[77.21147822650589,28.829172545057574],[77.21147748864615,28.829156403136512],[77.21147643757264,28.82913339565958],[77.2114786664249,28.82912876030477],[77.21147236930234,28.829083266169107],[77.21147050764908,28.829069846741287],[77.21146733196046,28.829046955305564],[77.21146007633078,28.82899465311107],[77.21145801992975,28.828979824842985],[77.21145445185056,28.828958921198378],[77.21145048356925,28.828935662907586],[77.2114427962456,28.828890612016156],[77.21142500783027,28.828786369025476],[77.21142219873484,28.828769910989077],[77.2114176263789,28.82874357146643],[77.21141318603337,28.828717999404734],[77.21141260617134,28.828714658829934],[77.21141157704933,28.828708727119498],[77.21141089926935,28.82870482604374],[77.21140488492541,28.82867018232594],[77.21140141293942,28.828658134566474],[77.21140087823143,28.828655378816446],[77.21139658390813,28.8286332717356],[77.2113961251728,28.82863091083095],[77.2113956329583,28.82862837182823],[77.21139337612013,28.82861675888175],[77.21138749676888,28.82859600952212],[77.21137379078631,28.828547652188245],[77.21136479467852,28.82851590578557],[77.21135783327527,28.82849326228169],[77.2113395898084,28.828433924879477],[77.21132679703746,28.828392314986733],[77.21132201088926,28.82837674740968],[77.21131474809702,28.828353126285425],[77.21128227146866,28.828277624607054],[77.21126762747478,28.828243582520066],[77.2112575231333,28.828225564986358],[77.21125705786325,28.828224736221788],[77.21125680768945,28.82822429190141],[77.21125652976033,28.82822379480292],[77.21124925982335,28.828210834868884],[77.21124713138134,28.828207037877018],[77.21122719758388,28.828176782672838],[77.21122160100943,28.82816829034995],[77.21122015817639,28.828166099865],[77.21120693246948,28.828127027887714],[77.21119396904707,28.82808873025689],[77.21114592456202,28.827958301681832],[77.211098601944,28.827829831779674],[77.21101877954491,28.827630894167918],[77.21093843068273,28.827430640607894],[77.21084988420326,28.827232943923534],[77.21076070685164,28.82703383735005],[77.21072988447501,28.826977468732547],[77.21070469258626,28.82693139461224],[77.21068614986717,28.82689834206292],[77.21066520942234,28.82686101331029],[77.21057660837208,28.82672850363784],[77.21049132654592,28.826600956954394],[77.21038417340957,28.8264325453687],[77.21037434608766,28.826417099159663],[77.21027492964785,28.82626084492406],[77.2102714775534,28.82625593366123],[77.2102065059733,28.826163508166882],[77.21012746008002,28.82605106297704],[77.21012063305112,28.826041351058127],[77.21011870526797,28.82603860910518],[77.21011562820193,28.826034232145123],[77.21011305814076,28.826030574999564],[77.2101113838889,28.826028194306733],[77.21011000748109,28.826026235501523],[77.21009680449414,28.826007453895908],[77.21009522636274,28.82600520967334],[77.21009056268791,28.82599857509498],[77.21008600044503,28.825992085922543],[77.21008494491029,28.825990572086113],[77.21004307311975,28.825930512743785],[77.21004203976183,28.825929030122623],[77.21004093139766,28.8259274404595],[77.21003994665935,28.82592602832002],[77.21003886153315,28.825924471659647],[77.21003690681495,28.82592166698859],[77.21003549205176,28.825919638434844],[77.21000169373463,28.825867715986032],[77.20996760635106,28.825815348938768],[77.20989675426618,28.82569673502686],[77.20982514189603,28.825576849612446],[77.20973122295841,28.825419093693796],[77.20963753371987,28.825261721001635],[77.20954129056994,28.82509503725432],[77.20944512001599,28.824928476745594],[77.20936561987196,28.82478260346135],[77.20928570641483,28.824635971773517],[77.20925686610951,28.8245828057793],[77.20919217719951,28.824463550013462],[77.20909906412818,28.824291897300068],[77.20905128313264,28.824198321615423],[77.20904863905018,28.824193144449303],[77.2090034574205,28.824104661829526],[77.2089933395195,28.824082906249537],[77.20897553477623,28.824044624465387],[77.20889650778763,28.82387470780971],[77.20889302606513,28.82386722194249],[77.20888800743141,28.82385643281067],[77.20888565364261,28.823851804873502],[77.20888522716079,28.823850967343297],[77.20887306924247,28.823827068008764],[77.2088650458407,28.823811292575066],[77.20881899562421,28.82372076695048],[77.20881735484375,28.823717542077937],[77.2088152041911,28.823713315024794],[77.20881083548612,28.823704725780942],[77.20874802338524,28.823581091027602],[77.20868662994434,28.823460247153402],[77.20863548437951,28.823336550318157],[77.2085817520626,28.8232065980429],[77.20850936927786,28.823057534491817],[77.20843851297762,28.82291161102407],[77.20838148206204,28.822795535264653],[77.20832546294818,28.822681519008285],[77.20826672882781,28.822545123317674],[77.2082075800746,28.822407763550054],[77.20817567228177,28.822330366778154],[77.20814265877614,28.82225028673218],[77.20808948125647,28.822133890587974],[77.20803814285067,28.82202152087009],[77.20799533034153,28.821912676543953],[77.20795060062758,28.82179895889842],[77.20788998059874,28.821665389061213],[77.20783086392912,28.821535130235873],[77.20778931807627,28.821440359288218],[77.20774819752369,28.821346561216867],[77.2077156727128,28.821261836320758],[77.20768298804472,28.821176718840473],[77.20768269181039,28.821175935113757],[77.20768259489192,28.82117566331528],[77.20767632992555,28.82115808877777],[77.20767020211537,28.821140896357768],[77.20766444207278,28.82112360498554],[77.20765881985226,28.821106727299096],[77.2076534297417,28.821089342352604],[77.20764816935477,28.821072375735735],[77.20764315351998,28.821054908873258],[77.2076386541171,28.821039241687117],[77.20763495685514,28.82102337731179],[77.20763113589655,28.821006991650044],[77.20762788764894,28.82099046037383],[77.20762440980668,28.820972759015046],[77.20762135735654,28.8209563300985],[77.20761764963254,28.820936376852117],[77.20761309261755,28.82091399779442],[77.20760935491539,28.82089563391773],[77.20760602820482,28.820878733998097],[77.20760264654946,28.820861560690552],[77.20759975134933,28.820844281075264],[77.20759707312364,28.820828301674332],[77.20758332120681,28.82070285457082],[77.20756814311802,28.820564391343016],[77.20756064233449,28.820504124038983],[77.20755415577871,28.820452011001063],[77.20753733065865,28.820349394434924],[77.20751743318682,28.82022804218928],[77.20750846080536,28.820186640854498],[77.20749723533665,28.820134839949304],[77.2074765041038,28.820039177849228],[77.20744648986894,28.819947597898487],[77.2074167735598,28.81985692795435],[77.20736512708974,28.819729764952264],[77.2073154248288,28.819607388178703],[77.20731183381379,28.819598545241657],[77.2073086324599,28.819585736811174],[77.20729823015142,28.819544099001092],[77.20729591056313,28.81953481931697],[77.20729387732607,28.819526680817514],[77.20728628496525,28.819496295127117],[77.20728010178468,28.819477489442356],[77.20727703213409,28.819468155263728],[77.20727628766072,28.819465889238742],[77.20726654444539,28.819436260548937],[77.20726274567143,28.819424707913385],[77.20725091852462,28.81940367035575],[77.20723320597185,28.819372161826895],[77.20722605073759,28.81935943523198],[77.207212779066,28.819335824601662],[77.20718221437915,28.819287235442737],[77.20714277593898,28.81922453756083],[77.20713361964609,28.819209906548377],[77.20712214568975,28.819191573587688],[77.2071017947111,28.819156160818626],[77.20705535077916,28.819075346456863],[77.20703830327797,28.819045684769495],[77.20703782784479,28.81904485615288],[77.20701690300643,28.819001857530488],[77.20699868220392,28.818964412286647],[77.20698208447934,28.81892571611804],[77.20697054566331,28.818898817241642],[77.20696840900993,28.818893836533494],[77.20695604474072,28.818865008593875],[77.20695495536889,28.818862467606248],[77.20695136846643,28.81885410820081],[77.20694662333653,28.818845334659237],[77.2068909853634,28.81874244887531],[77.20687002081704,28.8187036815721],[77.20685771742252,28.818682108602424],[77.20678344836928,28.818551890422302],[77.20677290993147,28.81853341219569],[77.20675776191577,28.818508019563907],[77.20663681905016,28.818305277799457],[77.20662417540203,28.818284083003125],[77.20660332644977,28.81824694955624],[77.20658586786497,28.818215853612866],[77.2065827414871,28.818210285473977],[77.20658159397642,28.818208241676757],[77.20658071687004,28.818206680677115],[77.20655453486955,28.818160047035494],[77.20652452507744,28.818106598066635],[77.20650956422223,28.81808511905241],[77.2064927175319,28.818060931619225],[77.20649143181556,28.81805908677444],[77.20649003512156,28.818057080435697],[77.20645060729996,28.8180004778065],[77.20645011604788,28.817999773055682],[77.20643852536402,28.81798313096531],[77.20642676781024,28.817966251601785],[77.20641239463326,28.81794645289674],[77.20629717007328,28.81778774138718],[77.20629259080478,28.817781435494318],[77.2062848470689,28.817769891402097],[77.20623711337574,28.81769873573871],[77.2061554930531,28.81757706718808],[77.20614023294253,28.81755586730689],[77.20610489475467,28.817506771253747],[77.20605830218486,28.817450367764206],[77.20604261107866,28.81743107598166],[77.2060409125046,28.817428987957072],[77.20603894782606,28.817426572252167],[77.20602327248854,28.817407299156613],[77.20600874777845,28.817389440935358],[77.20595772308769,28.817326706538925],[77.20593970238673,28.817304550264097],[77.20589277960774,28.81724617886436],[77.20588934876525,28.817241910428994],[77.2058451246519,28.817186897307487],[77.20583453020566,28.817173717081886],[77.20578930837061,28.817114333461262],[77.20573963595933,28.817049105566305],[77.20565498149834,28.816938045430582],[77.20556875313851,28.816824921329054],[77.20545310548636,28.81668577240388],[77.20533659517334,28.816545585431243],[77.20521353707908,28.816412561961183],[77.20509299123208,28.816282256415104],[77.20501468835789,28.816194508381294],[77.20493514642008,28.81610537031337],[77.20485231864433,28.81601543145366],[77.20476988839148,28.815925924538853],[77.20469652891212,28.815846576762226],[77.2046255671233,28.815769820752003],[77.20457579168418,28.81571928105965],[77.2045288009941,28.815671570445613],[77.20445961574968,28.815609931569224],[77.20439177951394,28.81554949407731],[77.20438768942336,28.815545584643456],[77.20438258936126,28.815540710051923],[77.20437232904729,28.815531070123114],[77.20436288392644,28.815522194622666],[77.2043544875562,28.815513644844454],[77.20434322260977,28.81550217439942],[77.20433190998821,28.81549121270553],[77.20431990816785,28.815479582868907],[77.20431550183534,28.81547559108045],[77.20431349451043,28.815473773340784],[77.20429598233743,28.81545700132359],[77.2042736009703,28.815435565673713],[77.20425217000694,28.815416449543967],[77.20423066700035,28.81539726872248],[77.20420961797127,28.815379115373787],[77.20418764865488,28.81536016863126],[77.20416608787436,28.81534223205882],[77.20414518297392,28.815324840559846],[77.20412420122005,28.81530759377252],[77.20409948097179,28.815287272701575],[77.20395026743232,28.815181060097984],[77.2038030458976,28.81507626471022],[77.2037362851778,28.815031448190386],[77.20368130024909,28.814994537081716],[77.20360626096017,28.814940819568047],[77.20356636304234,28.814912257824055],[77.20356127350011,28.81490802543699],[77.20355587737993,28.8149035373036],[77.20355431016064,28.81490223387039],[77.20355410976872,28.81490200977353],[77.20349436759945,28.814835140891223],[77.20348465148663,28.814824238757936],[77.20345573108168,28.81480474045103],[77.20342640856335,28.814784973515174],[77.20340407933877,28.814773442788447],[77.20339891001309,28.814770772610796],[77.20338424726582,28.81476320210977],[77.20334939404728,28.814745203692414],[77.20333611741789,28.814740698990192],[77.20328404060878,28.814723026060275],[77.20326422149758,28.814719092864586],[77.20323141839347,28.81471258372131],[77.20320442881123,28.81470722745768],[77.20318637836807,28.814706137266043],[77.20313783586465,28.814703201851618],[77.20309555775312,28.814700645928976],[77.20293047651822,28.814705991578556],[77.20277050179551,28.81471117154261],[77.20258673166374,28.81472023788349],[77.20240497348308,28.814729204362113],[77.20224718264916,28.814735252121466],[77.20217713708716,28.814737936584145],[77.20211996591631,28.814720123494908],[77.20186372771971,28.814649566007276],[77.20144010633678,28.814611511414626],[77.20105299407429,28.814583445182603],[77.20066533453836,28.814562035531548],[77.20029093926716,28.814547808788678],[77.20011267756702,28.81453358292604],[77.1999332983886,28.814513176500764],[77.19975493132803,28.814486770424303],[77.19957783534512,28.814454401079203],[77.19940226759715,28.814416116608246],[77.1992284823006,28.814371971519282],[77.19905673185002,28.81432203117834],[77.19888726465587,28.81426636643121],[77.19872032732509,28.814205059883648],[77.19855616246122,28.81413819871918],[77.19839500674853,28.814065881046012],[77.19823709493474,28.813988210418515],[77.19808265482399,28.813905301332312],[77.1979635119641,28.813835725404093],[77.19721811903287,28.81314921881686],[77.19643587318465,28.812436683625887],[77.19564917682149,28.81172796295773],[77.19485805394454,28.811023077999383],[77.1940625296145,28.810322051725375],[77.19398041648451,28.81025048664753],[77.19326453734989,28.809626567835995],[77.1926457937582,28.809079051932642],[77.19243742043008,28.808897969663004],[77.1923741933156,28.808843023141893],[77.19201903568577,28.808534377123717],[77.19153466600437,28.808120982414003],[77.19138671797761,28.80799471127268],[77.19087956477331,28.807569628824012],[77.1907488917969,28.80746010129193],[77.19010561023785,28.806930588649482],[77.18992427564723,28.806769504111763],[77.18974850680749,28.806603703058997],[77.18957846254257,28.8064333345165],[77.18941429456127,28.806258550332032],[77.18925615062366,28.80607950963566],[77.18920151741236,28.806025592288396],[77.18903112215652,28.80584741232394],[77.18886640920721,28.805664994023505],[77.18870758923457,28.80547856587361],[77.1885547882231,28.80528827472626],[77.18840812815239,28.80509427200955],[77.18826772386834,28.804896711071613],[77.1881336861931,28.80469574893463],[77.1880061228927,28.80449154357238],[77.18780848224435,28.804096812641156],[77.18772805448758,28.8039211402884],[77.18765463138119,28.80374310405938],[77.18758830550323,28.80356291991242],[77.18752915414477,28.803380807661814],[77.18747725156045,28.80319698897488],[77.1874326597527,28.803011687520964],[77.18739543459706,28.802825127969975],[77.18736561873091,28.802637538814515],[77.18734325069443,28.802449148612382],[77.18732835567701,28.802260184332095],[77.1873209538604,28.80207087843578],[77.1873210530623,28.801881459975657],[77.18732725174429,28.801042283055136],[77.18736593395695,28.799966453103107],[77.1873850037879,28.799760313041407],[77.18739315550664,28.799622878158438],[77.18740860850454,28.799485930354287],[77.18743133011623,28.799349770612427],[77.18746127023181,28.799214698393598],[77.18749836330721,28.799081009798247],[77.18754252635442,28.798948999404118],[77.18759366400488,28.798818957477174],[77.18765166232846,28.798691168267403],[77.18796231197862,28.798019952987048],[77.18822737215562,28.797489993802856],[77.1883935174638,28.797157801240363],[77.1885550617475,28.796798410230462],[77.18866455741987,28.796515852188826],[77.18905004300622,28.795613514921914],[77.1893696225153,28.794917689674318],[77.18966235631639,28.79430991319311],[77.1898904191057,28.793886232296398],[77.19003664570991,28.793747437611053],[77.19169663556734,28.79242245275678],[77.19193211432454,28.79223928959878],[77.19361225203433,28.79093238975268],[77.19417724447784,28.790483046266566],[77.19444790947139,28.7902378111764],[77.19493749430767,28.789609265998187],[77.1951273331061,28.789164117520777],[77.19502568401685,28.78842682326625],[77.1950169632384,28.7883456003832],[77.1949926994496,28.788119606049587],[77.19497944596202,28.78799616577206],[77.19499683471062,28.787839732967573],[77.1950142234423,28.787683301062287],[77.19505500418968,28.787314298872506],[77.1951474382554,28.786669722506666],[77.19519909255361,28.786394147411915],[77.19547344087208,28.78620440696252],[77.19636497188823,28.785542942813798],[77.19752129807176,28.784657988787878],[77.19804165497322,28.78424941697895],[77.19941295872925,28.783045386751],[77.20067518060327,28.781638448854707],[77.20167387288743,28.780440536545168],[77.20278141537834,28.779050738697407],[77.20371563749197,28.77776757178562],[77.2046514179209,28.776404622337584],[77.20532632314857,28.77533275744957],[77.20633851142875,28.77360211876407],[77.20640450819474,28.77346780193507],[77.20644434807215,28.773382318134548],[77.20656841065974,28.773116117441596],[77.20672473118371,28.772761764167274],[77.2068734141431,28.772404869361907],[77.2070144059262,28.772045558436712],[77.20714765610862,28.77168396216331],[77.20727311730123,28.77132020945788],[77.20739074418331,28.77095443010399],[77.20750049556881,28.770586755620684],[77.20760233127808,28.77021731660713],[77.20769621530386,28.769846247201983],[77.20778211465445,28.769473678786486],[77.20785999842481,28.76909974451091],[77.20792983882012,28.768724579277748],[77.20799161007506,28.768348317052855],[77.20804529053878,28.767971092635335],[77.20809232104614,28.76758094369347],[77.20811324615187,28.767022197407783],[77.20812693065346,28.76647726225922],[77.20813389579926,28.7659322285152],[77.20813413997192,28.765387160260055],[77.20812766464388,28.76484212242896],[77.20811446920214,28.764297178185465],[77.20809455716594,28.7637523924294],[77.20806792896424,28.76320782920768],[77.20803459014388,28.76266355248259],[77.20799511007307,28.762127341300875],[77.20784670445641,28.758968544498515],[77.20774527477279,28.758456095220897],[77.20765689012154,28.757974601407028],[77.20757523964114,28.757492184477595],[77.20750033710054,28.757008919111296],[77.20743219312118,28.756524876428255],[77.20737081739497,28.756040132074187],[77.20731622056067,28.755554758069216],[77.20726840920013,28.755068828303457],[77.20724945682093,28.75484409082295],[77.20722739091809,28.754582416649235],[77.20719317229508,28.75409559699472],[77.20716569100347,28.753607260577738],[77.2070459221804,28.751124394379858],[77.20694790263103,28.749092271640688],[77.20693505424879,28.748825884717935],[77.2069047634548,28.748335242406007],[77.20688268629227,28.747850159197082],[77.2068684644423,28.747364848390134],[77.20686209986387,28.74687940830706],[77.20686359451561,28.746393937268383],[77.20687294832791,28.74590853452864],[77.2068901581418,28.745423298489317],[77.20691521979371,28.744938328469072],[77.20694813010576,28.744453721964735],[77.20695326289902,28.74439274942532],[77.20698888188221,28.74396958014635],[77.20703746576707,28.74348599880432],[77.20709387145716,28.74300307735232],[77.2071580886497,28.74252091520255],[77.20723010289207,28.742039609126948],[77.20730990077456,28.74155925678126],[77.20739682029442,28.741083482557254],[77.20751370364934,28.740547089776907],[77.20756470912522,28.740326868023654],[77.20761393216382,28.740114340147677],[77.20774879323197,28.73955876267968],[77.20776212504761,28.739504433991602],[77.20777059227741,28.739469923718147],[77.20790334394722,28.738957804078513],[77.20790967293298,28.738933387228364],[77.20805581906858,28.738398311431613],[77.20820901164869,28.737864769704018],[77.20836922851208,28.737332832764807],[77.20853644960248,28.736802574004724],[77.20871065069572,28.736274063272397],[77.20881807415448,28.735961742932343],[77.20889180864935,28.735747373104598],[77.2090798982379,28.735222574266697],[77.20927489628409,28.73469973748953],[77.20929753634454,28.734641329832197],[77.2094767734913,28.73417893450527],[77.209685504601,28.733660234272318],[77.20989845438473,28.733149948817164],[77.20997696961018,28.732983288087787],[77.21025072400144,28.732402194814572],[77.21049970068229,28.73187369083654],[77.21065966825883,28.731535798518514],[77.21076820786786,28.73130437768166],[77.21088033646024,28.731081247658597],[77.21099874685854,28.73086065393032],[77.21112336615512,28.730642733014772],[77.21125567853221,28.730425051556505],[77.21158434298088,28.729899614495018],[77.21191936237102,28.72937686705371],[77.21226049098922,28.728857199381064],[77.2126076930901,28.72834066705729],[77.21296093086524,28.727827324793417],[77.21332016755082,28.727317228185264],[77.2136853622547,28.726810431091238],[77.21405647819917,28.726306988204012],[77.21443347552042,28.725806953364295],[77.21481631227266,28.725310378641783],[77.21535881370852,28.724622110641423],[77.2150467650995,28.723879358407288],[77.21475868380301,28.72319364284321],[77.21478442061957,28.723184094733835],[77.21482246673224,28.72316997976932],[77.21484998188389,28.723159771825863],[77.21510128435114,28.723066538946963],[77.21525487295357,28.72300955671713],[77.2155061005345,28.722916351405356],[77.21584948929967,28.722788952151035],[77.21640881979046,28.722581435341464],[77.2166339789828,28.722498738250735],[77.21731862383572,28.722247276048773],[77.21847499896354,28.721830131608424],[77.21852546341584,28.721811927581285],[77.21855083224507,28.721802775498862],[77.21880214442297,28.721712117190464],[77.21908649014819,28.721609541303106],[77.21913384598618,28.721592457270724],[77.21969386153435,28.721390432523688],[77.21987055297114,28.721326690461968],[77.22089176151444,28.720958281701375],[77.22136983822085,28.720799741191403],[77.22158530118807,28.720728060536228],[77.22179815239869,28.7206505532274],[77.22200818867691,28.720567292994563],[77.2222152110563,28.720478358912672],[77.22241902070648,28.720383836371205],[77.22245485689292,28.720365994109297],[77.22276478879874,28.72020354248816],[77.22307053757224,28.720035044318056],[77.22337195040377,28.719860583345458],[77.22366228488677,28.719684250396206],[77.22411844292228,28.719404128812336],[77.22413784944872,28.71939221181902],[77.22425920532763,28.719314802980783],[77.22487263412656,28.71892351814604],[77.22507905166287,28.71879184949995],[77.2253973938467,28.718577487131252],[77.22547951854733,28.71852138490467],[77.22557852850555,28.718452741074845],[77.22567267760704,28.71837897293176],[77.22576162247601,28.718300346893358],[77.22584504365476,28.718217147029403],[77.22592263743755,28.718129676097735],[77.22599412394104,28.71803824999793],[77.2260592430308,28.717943198740326],[77.22611776152128,28.717844868131692],[77.22616946485662,28.717743613596447],[77.22621416734198,28.71763980000781],[77.22651058342262,28.71689594812113],[77.2265407311283,28.716820292027077],[77.2271185040305,28.715271714165226],[77.2272094717085,28.71497251323831],[77.22725239275485,28.714829608277118],[77.22728787334634,28.714685125102324],[77.22731583905309,28.71453936539914],[77.22733623185441,28.71439263238566],[77.22734900915367,28.714245232633814],[77.22735414572853,28.71409747152571],[77.22735162872976,28.71394965874961],[77.22734146569383,28.713802100047747],[77.22732367651048,28.71365510456655],[77.22729829736194,28.713508977573852],[77.22722406555907,28.71310495229122],[77.22721909056153,28.713070427842876],[77.22721349517138,28.713031597174574],[77.22717757787987,28.71278232437856],[77.22716056175231,28.712647539101102],[77.22715081455623,28.712523102174757],[77.22714698685228,28.712398414357903],[77.22714908631463,28.71227369387369],[77.22715710837836,28.712149160950787],[77.22717103921346,28.71202503326273],[77.22719085477814,28.71190152955281],[77.2272165207237,28.711778865124337],[77.22724799044393,28.711657256383962],[77.22728521007605,28.711536915345825],[77.22732412687247,28.71142909866397],[77.22754397347062,28.710923723536382],[77.22760106483449,28.710776737773966],[77.22766864108105,28.710577023180754],[77.22772710129091,28.710375083981198],[77.22778604843934,28.710122786699674],[77.2278385129666,28.70986937994588],[77.22788446898805,28.709614992273693],[77.2279238927042,28.70935975400636],[77.22795676338522,28.709103795415505],[77.22797305677781,28.708999682483682],[77.22800746693545,28.708779808094107],[77.22810365460279,28.708078133517642],[77.22810722832672,28.708052062308678],[77.22815212826625,28.70763011409801],[77.22816629888277,28.70749694255227],[77.22817847168434,28.707382545790416],[77.22821024060868,28.70711516093457],[77.2280794426445,28.707093048718846],[77.2281393978631,28.70685572311663],[77.22814624610272,28.70682741537007],[77.22816854282567,28.706735248742056],[77.2281903439428,28.70661357264433],[77.22820473803034,28.706491044141664],[77.22821168543467,28.70636801216359],[77.22821117461557,28.706246876025684],[77.22821092119719,28.706241052464875],[77.22820439690635,28.70614057805192],[77.22819077430457,28.706023395136192],[77.22819073563586,28.706018770757392],[77.228189929623,28.70592372940331],[77.22818975721063,28.705903429452473],[77.22818894455557,28.705807494962873],[77.22818670376486,28.705543233775398],[77.22818608539959,28.705470223565104],[77.22818333581803,28.705145841926125],[77.22818140650706,28.70491833300659],[77.228172759798,28.703898229766814],[77.22817255668858,28.70384760694943],[77.2281722925022,28.703801634516417],[77.22816827037448,28.70310257607081],[77.22816787332034,28.703030681903478],[77.22816692484764,28.702794339813096],[77.22816259544105,28.701715909417224],[77.22812771285835,28.700468699837216],[77.22811649989578,28.700067789995135],[77.22806818441325,28.699429099807094],[77.22792432383703,28.697527328886753],[77.22788203169854,28.69681429696886],[77.22794084315431,28.696655454964475],[77.22802511235982,28.69642785136971],[77.22810574567988,28.696186880081328],[77.22817851760415,28.695943971158197],[77.22824336894853,28.69569932318238],[77.22830024572157,28.695453138258152],[77.22834910211678,28.695205618353626],[77.22838989642057,28.694956965367975],[77.22842259824895,28.69470738462151],[77.22844717719964,28.694457080531116],[77.22846449537451,28.694192842334324],[77.22846420148034,28.6941185120772],[77.22846153912903,28.6934449474753],[77.22851628488327,28.69171331606656],[77.22852112894675,28.691079357166945],[77.22852642060857,28.690935798606905],[77.2285371127585,28.69079628797597],[77.22855333305297,28.69065719244573],[77.22857505950971,28.69051868290569],[77.22860226806274,28.690380928474625],[77.22863492335668,28.690244096652076],[77.22867345691546,28.690106678050018],[77.22873393705397,28.68991634709429],[77.22880059441405,28.689725154634786],[77.22887266623123,28.68953549521745],[77.22895862110431,28.689326816399035],[77.22930612182834,28.68840257564073],[77.22931914098157,28.688363598780814],[77.22943334760325,28.688021686361093],[77.2294830567195,28.687831916081738],[77.22952197774309,28.687646818670853],[77.2295532098229,28.68745093503565],[77.2296466632432,28.68632201041724],[77.22965413703976,28.68614957935378],[77.22984237841715,28.682973720237445],[77.22985789522497,28.682711929456413],[77.2298649487348,28.68261599142888],[77.22987706408331,28.68227331331279],[77.22989308937376,28.681949775525627],[77.2299136924208,28.681626440182193],[77.22993950280973,28.681295263108957],[77.22999144224877,28.680550627626275],[77.2300892102529,28.678983207954616],[77.23008959051539,28.678977108668306],[77.23018999460946,28.67839360167379],[77.23027457167196,28.67786553730819],[77.23029984945701,28.677721463283685],[77.2303378184353,28.677505049116196],[77.23071266191037,28.67719789615383],[77.23073476200845,28.677183700961933],[77.23081547643083,28.677123188768046],[77.23089082042368,28.67705751025507],[77.23096036802748,28.676987035166405],[77.23102372863347,28.676912159730744],[77.23108054493811,28.67683330669555],[77.23113049790351,28.676750918026716],[77.23117330581107,28.676665458533186],[77.23120872821812,28.676577409485688],[77.23123656590012,28.676487265910367],[77.23123701176712,28.67648522935705],[77.23125666185392,28.676395535670327],[77.23126890222434,28.67630273493851],[77.23127321933346,28.676209386343256],[77.2312695885163,28.676116014509176],[77.23121890353481,28.675257437663607],[77.2311289848714,28.67405378071098],[77.23123368641585,28.6736857631615],[77.2313885727355,28.673170247085196],[77.23155115450783,28.672656578128098],[77.23172140177587,28.67214484428092],[77.23198714820751,28.67138990772794],[77.23200452945295,28.671340528631408],[77.23213764911168,28.67096729496703],[77.23247003378792,28.670040604313453],[77.23261531964306,28.669635541435085],[77.23261572627996,28.669634406891262],[77.23261463449286,28.669631888624117],[77.23260821527118,28.66961709445039]]],"crs":null},"id":7,"type":"Feature","properties":{"area":99.3365288,"zone":"O","id":0,"SHAPE__Length":107712.6305199807,"objectid":7,"SHAPE__Area":99336528.80478665}},{"geometry":{"type":"Polygon","coordinates":[[[77.01168389710908,28.840609698673035],[77.011680445041,28.840639171177614],[77.00969785992066,28.840749657636202],[77.00889029016086,28.840700654685243],[77.00844406516083,28.84063757321719],[77.00824212047695,28.840643009093114],[77.00755544835533,28.840682714618406],[77.00652611816015,28.840515268600164],[77.00604141071749,28.84034844708404],[77.00582278187386,28.840306672680427],[77.0054866362136,28.840173239313092],[77.0051536971914,28.840092876111363],[77.0049015001942,28.840021542125093],[77.00411518320254,28.839886812138587],[77.00342598483527,28.839649376130613],[77.00268281146904,28.839453082697823],[77.00218557610889,28.839253120139592],[77.00204440924584,28.839193832021486],[77.00133501740542,28.838959286167285],[77.00129835134649,28.83880308978113],[77.00117405575315,28.838729099634392],[77.00113708105788,28.83871427276609],[77.00112014674251,28.83874960995781],[77.00107969970426,28.8387701514888],[77.00102246993522,28.83877591387187],[77.00089798719465,28.83876383095279],[77.00041369588553,28.83865656993833],[77.00000683738574,28.838540646003302],[76.99963716980575,28.83836879469204],[76.99958681528217,28.838327403801898],[76.99927402554869,28.838264761631734],[76.99910244516467,28.838246671016226],[76.99899134212974,28.8382611499477],[76.99885659969465,28.838302105946507],[76.99869155031875,28.838348887050053],[76.99861743876552,28.838372296306904],[76.99850095420955,28.838371483528775],[76.99841788066868,28.838355685117435],[76.99820593437637,28.838415864418916],[76.99783160084284,28.838508598601397],[76.99766956167346,28.838539572100782],[76.99759821991955,28.838570609523618],[76.99744570911074,28.838610122862335],[76.99721976903724,28.838715341661196],[76.9971940197391,28.838722216141015],[76.99714059631746,28.838718622065606],[76.99708907539417,28.83873930387097],[76.99700392233552,28.83875643950929],[76.99682363434516,28.83881842441484],[76.99663527837751,28.838928932779613],[76.99626011648671,28.839084137403756],[76.9958419945998,28.839256511035913],[76.99546959282881,28.839363112326314],[76.9953231862127,28.839424081387424],[76.99522802275116,28.83947759776408],[76.99519037223543,28.839493111759232],[76.99513489847347,28.83951204938609],[76.99506556624763,28.839532688079462],[76.99492882132449,28.83959304096415],[76.99475840969716,28.839660247709865],[76.9945899874889,28.839723991477975],[76.99451473957822,28.83973768107529],[76.99446581605268,28.839558999229617],[76.99445831426013,28.83942549134487],[76.99443465752051,28.83939596258139],[76.99441893697494,28.839359519229774],[76.9941975328798,28.839277509572458],[76.99408487540113,28.839228699540726],[76.99381945532043,28.83909535903039],[76.9936851421714,28.83901009010283],[76.99356456946646,28.838961260387542],[76.99312978090018,28.83876431884621],[76.99302061695151,28.838708846722465],[76.9928525524256,28.838658169174536],[76.99272408040707,28.838604118164877],[76.9924986781656,28.83853596664544],[76.99236628097628,28.838471504507464],[76.99199070730822,28.838326710266386],[76.99183850270539,28.83826740100004],[76.99172775547068,28.838241129650385],[76.99105365921928,28.83815891439379],[76.99097271766524,28.838051922467212],[76.9908695681007,28.83795782232604],[76.99080682407264,28.83793825320443],[76.99054511098679,28.837749918573948],[76.99039406696829,28.83761363024852],[76.9903578547249,28.83738053101925],[76.99030337412232,28.837082660866155],[76.99016194887018,28.837084148012828],[76.98972870995992,28.836602426073057],[76.98961801008073,28.83645073163423],[76.98932604864329,28.83601002429163],[76.9890437969385,28.835537629485362],[76.98901643212194,28.835515377482874],[76.98898057853131,28.83550789632515],[76.98882865886284,28.835498283867366],[76.98836425207868,28.834987670281333],[76.98826501864195,28.834940416717792],[76.98808663338815,28.83478153371584],[76.98798548980535,28.834709898357975],[76.9877376370408,28.83451950366077],[76.98754116456851,28.834423258884037],[76.98748161237066,28.83439873692588],[76.98738620530166,28.834398504280074],[76.98725295039495,28.834424297441696],[76.98718551412298,28.83437886189795],[76.98708769595613,28.833939407386037],[76.98695839828903,28.833345339928982],[76.98689151140728,28.8327708365505],[76.98683758001461,28.83222918814177],[76.98678391976028,28.831659593295196],[76.98667640391706,28.830898009446738],[76.98648076374715,28.82984743375985],[76.98640201609027,28.829502553652095],[76.98639793849011,28.82947739184567],[76.98610794402816,28.82949474794009],[76.98585723217002,28.82952901576698],[76.98560885941194,28.82884946501153],[76.98502966624551,28.82810522488014],[76.98484740869456,28.82797346371299],[76.98462136104366,28.827620001189914],[76.98424922546101,28.82702017076534],[76.9839852839947,28.826799980711495],[76.98396010059696,28.82661936115605],[76.98387459811201,28.82626008881736],[76.98372527770314,28.8260832673768],[76.98338560136426,28.825613550784485],[76.98337030060941,28.825306500293863],[76.98328811998532,28.824903704363297],[76.98280832698916,28.82455586003183],[76.98249300202673,28.8241764236258],[76.98211109826863,28.823679493345097],[76.9816744981329,28.823155760370557],[76.98115785558551,28.822570154653558],[76.9810539251234,28.822461324208682],[76.9808371723311,28.82217380439082],[76.98053567972738,28.82180615436214],[76.98021800700165,28.821419089225145],[76.97971146971551,28.821630341174565],[76.97911481854364,28.82190138167307],[76.9783511350939,28.82208294706662],[76.977222007008,28.822478353113333],[76.97709738047774,28.82251842049893],[76.97689052495558,28.822547641293934],[76.97657250746762,28.822565379718387],[76.97599855171464,28.822555824610028],[76.97564894080746,28.82257057943637],[76.97563465138268,28.823261068659512],[76.97531908484086,28.82353502413398],[76.97478242464305,28.824377521973116],[76.97464283600394,28.82492767587524],[76.97450308487682,28.825135977416647],[76.97422289328553,28.82555305940538],[76.97418117063168,28.825710733481095],[76.97400639145992,28.82597504961775],[76.97385505658731,28.826161169315338],[76.97377742535421,28.826236317233075],[76.97373028548702,28.82628722897966],[76.97364433679753,28.826369647702855],[76.97359993281017,28.82644967732076],[76.97354725436918,28.82650058342138],[76.97349183308688,28.826527224427057],[76.9734280931124,28.826563562658663],[76.9731481296047,28.826774405945407],[76.97308717206613,28.826798615685686],[76.97302345537116,28.826813116965898],[76.97296528732186,28.82682034457102],[76.97292091549117,28.826871258877006],[76.97287934480585,28.826895485439422],[76.97282115341197,28.82692212338495],[76.97246548680606,28.827007088254565],[76.97213023783463,28.827125679562414],[76.97184208100882,28.82723460705071],[76.97159824199088,28.827338720996675],[76.97150121768976,28.827416276132272],[76.97138443053666,28.82747236210864],[76.97128537780863,28.82751869176115],[76.97111241917716,28.82756984154155],[76.97101897202732,28.82759174596908],[76.97084046576514,28.82761723834731],[76.97066199260276,28.827614634085965],[76.97044167004435,28.827627872316445],[76.97020318731187,28.827669189846635],[76.96956809771048,28.827792258929232],[76.9695138064745,28.827761735317967],[76.96918448945169,28.827782465107365],[76.96896520493874,28.82783242877863],[76.968867008583,28.82786243814055],[76.96878352500113,28.827902493110685],[76.96866258109763,28.827938783433],[76.96854062969635,28.827949204030816],[76.96819364945718,28.827995528522006],[76.96798236341357,28.828028435313747],[76.96745020636703,28.828156659149386],[76.96697258660747,28.828294641122618],[76.96691736329323,28.82830705223568],[76.9666945743563,28.827774735271237],[76.96593769567586,28.828020262867618],[76.96585783914396,28.82777506890054],[76.96569861171034,28.827357894466676],[76.96566679729303,28.827248710098],[76.96565728896184,28.827187127220512],[76.96566066107509,28.827041591181082],[76.96570236391395,28.826714046230187],[76.96573187824713,28.826089934635686],[76.96565571802927,28.825670038901592],[76.96557590331798,28.825627981056716],[76.96536510588098,28.825585800495524],[76.96511918433029,28.825529592889602],[76.96490525426957,28.825437029378367],[76.9648191187308,28.82533898847636],[76.96465409334968,28.82508823408852],[76.96448852326346,28.824640265049663],[76.96495188206755,28.824531547954482],[76.96488824005608,28.8243271731582],[76.96460804414218,28.823835169653535],[76.96445500221944,28.823591526702433],[76.96435301722514,28.8233955115294],[76.96428601335262,28.823328276121845],[76.96406902622195,28.82312935317748],[76.96393982927145,28.823039550640285],[76.96387920898248,28.82297791851433],[76.9637356909881,28.82278466311572],[76.96387007546777,28.822614062216694],[76.96395970089215,28.822471407560247],[76.96400453624582,28.82238188745693],[76.96397610394769,28.822124367153062],[76.96409152190652,28.821898496250387],[76.96417150061038,28.821806210394147],[76.96426746540534,28.821702745502268],[76.96436022099473,28.821610472015553],[76.96440505947292,28.821518152704495],[76.96449459644113,28.82144546786723],[76.96456180285739,28.821347572092996],[76.96466730317537,28.821283298142966],[76.96475688602457,28.821174228528946],[76.96482726989358,28.821090329393023],[76.9648305268131,28.821039953330224],[76.96483059549436,28.820983975988835],[76.96480510794521,28.82092797473553],[76.964773213952,28.820885962737382],[76.96473813276548,28.82083834853221],[76.96469596945671,28.82078985752175],[76.96469282650605,28.820747871632374],[76.9647120722717,28.82068351654415],[76.96475051120659,28.820599588202786],[76.96483377636332,28.820431735915637],[76.96489147105318,28.820275055158135],[76.96489792649419,28.820221883089854],[76.96487564045445,28.820160287654662],[76.96483739857472,28.82008468214748],[76.96482150867953,28.82001749471508],[76.96481200729772,28.81995031349335],[76.96478970824224,28.81989991349767],[76.96476101589175,28.81985230549149],[76.96468444029962,28.819776664469984],[76.96456955826581,28.819678596955395],[76.96449121695586,28.819620386667715],[76.96443061545725,28.819544761019802],[76.96437959240939,28.819471942898215],[76.96431262241316,28.819379518205675],[76.96422016576568,28.819231092060704],[76.96410214040517,28.819093838138187],[76.96400642701147,28.818995787889992],[76.96395222127613,28.818914570056585],[76.96390768613425,28.818763391419594],[76.96378167926893,28.818411205174314],[76.96373059936951,28.81838596683631],[76.96345976301741,28.817828741749878],[76.96307816194673,28.81711115662002],[76.96278182252867,28.816517520805373],[76.96259884117885,28.81625430847717],[76.96244898176123,28.816033056376135],[76.96230861450523,28.815884583810732],[76.9621586378776,28.815758491616506],[76.9620660643679,28.815708023938644],[76.96175001906408,28.814890593874697],[76.96151042568493,28.81490435581629],[76.96108548064471,28.81497951213219],[76.96087452048091,28.81508286395046],[76.96069871901105,28.81516945614892],[76.96044294173218,28.815345534549767],[76.96040110612346,28.815382236798673],[76.96038196088735,28.81536542471789],[76.96035644211403,28.81533741159187],[76.96033732521434,28.815298209409153],[76.96029903584125,28.815264586110686],[76.960273502444,28.815247768472624],[76.96021600733067,28.815244913246794],[76.96012336766249,28.815247621662042],[76.96000833931397,28.815272698444172],[76.95990290743387,28.815286589320962],[76.95979746473105,28.81530887651884],[76.95972397692786,28.815322797732428],[76.95965689500865,28.81532273258213],[76.95955468611021,28.81531423541504],[76.95933749484223,28.815294429682403],[76.95918416927273,28.81529148038809],[76.95907236277648,28.815294168629816],[76.9590116552799,28.815305304252796],[76.95881335414137,28.815498228219166],[76.95871422998373,28.815573699547826],[76.95864710433369,28.8156072186257],[76.95858636690127,28.81564074509605],[76.95850008529973,28.815665849965622],[76.95840099639426,28.815713332766727],[76.95834665898023,28.815738468341248],[76.9581875020126,28.815959797318058],[76.95773286509548,28.816151600691235],[76.95740165961509,28.816281649759553],[76.9572674757082,28.81634784196464],[76.95697971042709,28.816427145808007],[76.95692187803866,28.816476527708165],[76.95673145516001,28.81654645326366],[76.95660163837064,28.816580433003043],[76.95646966705527,28.816608725748736],[76.9562965507943,28.816674877914206],[76.95624247169181,28.816680508502277],[76.95598070676517,28.816723829722857],[76.95559117274165,28.816886409286134],[76.95538831808683,28.816895583714963],[76.9552303685067,28.81694090442671],[76.95491879473072,28.81703154940684],[76.95419827270754,28.817243059378377],[76.95355959860878,28.817424686101653],[76.95288882929485,28.817628658867715],[76.95219095987223,28.81780054533713],[76.95161981014519,28.817907968402963],[76.95141853774822,28.817998720687168],[76.95107014785125,28.818119638700626],[76.95076800121461,28.81758122554578],[76.95062323782088,28.817471162359436],[76.95034254335769,28.817120286044393],[76.95021149074172,28.816919392284483],[76.95003234651261,28.81664631962292],[76.94983381350288,28.816318269407518],[76.9497130385758,28.8161267931502],[76.94964391369648,28.81606418431159],[76.94957475659366,28.816024314863874],[76.94950340118966,28.81601097435275],[76.9494190475435,28.816012780602055],[76.94935848736388,28.816012716267842],[76.94927193947998,28.816037260609967],[76.94912698639179,28.81606742745596],[76.94850347699955,28.815068093656027],[76.94839618574179,28.814859977983794],[76.94828622033874,28.814615401152185],[76.94822378856718,28.814406881163794],[76.94811689534468,28.81406981590935],[76.94808460626774,28.81395986991911],[76.94804574172095,28.813912452696904],[76.94801117919735,28.813882095263217],[76.9479636290005,28.813859303765017],[76.94782096534146,28.813800404832584],[76.94762641021613,28.81373008040911],[76.94749237612346,28.813686350323348],[76.94741456205446,28.81365215582592],[76.94736918980426,28.813617996567928],[76.94728664905662,28.813492417972313],[76.94717230645558,28.81328763148781],[76.94708169454564,28.813126456371993],[76.94704724935146,28.813012717066158],[76.94702360943762,28.812904674411673],[76.94700642622917,28.812819379538062],[76.94704220052107,28.812744015940538],[76.9470921039389,28.8126303678537],[76.94710949579454,28.812565955025743],[76.94711826653881,28.812480688077812],[76.94707947999402,28.812378315038078],[76.94702341747467,28.812256972310614],[76.94696729664363,28.81217732035618],[76.94689818139584,28.812110919962592],[76.946835548343,28.81204831599588],[76.94678034115499,28.811949909145383],[76.94658799293482,28.8118511599627],[76.94647348671485,28.81176576025688],[76.94635464436273,28.811687934984715],[76.94625319447695,28.81154569865889],[76.94620148039513,28.811409200246768],[76.94613677090756,28.81128595243546],[76.94613029689619,28.811276471064392],[76.94603581089096,28.811005591054084],[76.94583281726015,28.81043050464765],[76.94578756740847,28.810258811714995],[76.9458196853382,28.81015798472473],[76.94584536851868,28.810085168066102],[76.94584230149907,28.809992707839164],[76.94583598130207,28.809939467880028],[76.94587512227766,28.80939317443608],[76.9458958576443,28.809363274105166],[76.94593998450692,28.80931243689191],[76.9459481017287,28.8092369950582],[76.94592216086895,28.80917204501818],[76.94590623708572,28.809103595614744],[76.94590234098592,28.80902638608094],[76.9458900686467,28.80894245487649],[76.9458761974747,28.808858378889152],[76.94584027126152,28.80882331490232],[76.94581633246574,28.808791765921697],[76.94577349616978,28.808282530692082],[76.9456963165041,28.807739555730546],[76.94565184274666,28.80759277414058],[76.945514471952,28.807216104002794],[76.94546858399505,28.807160013656283],[76.94552507926163,28.80678180272168],[76.94555113591944,28.80667111483918],[76.9456371936518,28.806587148294252],[76.94574926516661,28.8064804429763],[76.94585331974186,28.80638948985468],[76.94590539949472,28.80630723755889],[76.94593154116461,28.806193433502777],[76.94594214011693,28.806075636920205],[76.94594434359581,28.80593028476007],[76.94593257927394,28.805769156236202],[76.94591681849833,28.80560802397396],[76.94590294233187,28.805527450902776],[76.945851154874,28.805403054502627],[76.94572996111175,28.80517054756614],[76.94565624187952,28.805009351234748],[76.94547634078845,28.804473296942376],[76.94526936919306,28.80400300090792],[76.94517356725231,28.803913582651738],[76.94492240701976,28.80345272701752],[76.94485127413361,28.80338297957708],[76.94455231253365,28.802809991142773],[76.94416221258551,28.802228885316215],[76.94378506808683,28.801829184543315],[76.9435144414982,28.80152289692658],[76.94338684732783,28.801307351624224],[76.94330302926205,28.801224950085626],[76.94307599805595,28.80069745677781],[76.9429813475188,28.8004874616685],[76.94290356695018,28.80037704629159],[76.94278398426347,28.800151001700492],[76.94231271205837,28.799176297026772],[76.9422490054266,28.799008105509493],[76.94223717727694,28.798896011493635],[76.9421576015817,28.79864549281554],[76.94213573498809,28.79856491051049],[76.94205116488347,28.798323893102783],[76.94204586751387,28.798293995256895],[76.94247513174922,28.798173381087757],[76.94292237750159,28.798154883973286],[76.94347457142042,28.79814275895978],[76.943604019153,28.798149847141335],[76.94397983452615,28.798192657062295],[76.94408154745109,28.798195083892328],[76.94417140009499,28.798177818195054],[76.94426919311397,28.798150142320182],[76.9443193924256,28.798149039312296],[76.94439996029385,28.79815838918932],[76.94456148510304,28.798067397936904],[76.9446579367636,28.79805284043032],[76.94466233967479,28.798053230873272],[76.94472926340931,28.798057162754564],[76.94490683540698,28.798009338092445],[76.94504058457183,28.79794092430947],[76.94522342121724,28.79788067119817],[76.94542721725628,28.797838043507536],[76.94566364631396,28.79777117017489],[76.94578918848401,28.797742740397844],[76.94591310614766,28.797710023433563],[76.94606472322982,28.797684477648914],[76.94620998969107,28.797660896530203],[76.94636898083856,28.797596969400143],[76.94647047686551,28.797564774674996],[76.94654377449736,28.797508710809975],[76.94661364915595,28.79744562461212],[76.94667666745545,28.797377519176973],[76.94672827026821,28.797291354641327],[76.94679917722756,28.79721900896277],[76.94686558933621,28.79717797621529],[76.94694230216614,28.797133946159747],[76.94701792437102,28.7970508152333],[76.94709582880348,28.796972699953535],[76.94720955625304,28.796855222891107],[76.9472530779499,28.796820179677354],[76.9472875283722,28.79672798208839],[76.94731962841229,28.796679893333614],[76.9473769479427,28.796595740433734],[76.94746133087888,28.796458012961985],[76.94757293393909,28.79633354423676],[76.94770711703696,28.796191837897506],[76.9478148277563,28.79610272118934],[76.94801109145723,28.795885744009016],[76.94815158291152,28.795710796854998],[76.94829289845653,28.79555594637714],[76.94852948170364,28.79535584775696],[76.94886115499945,28.795102540812387],[76.94906309244728,28.794947862836143],[76.9492630947692,28.794803283563013],[76.94943232946702,28.79467887446545],[76.94960348793198,28.794552782485628],[76.94982138097761,28.794427839772844],[76.94995404463812,28.7943522164801],[76.9500944710022,28.79422104191012],[76.95055802274251,28.793790273255723],[76.95076767700714,28.7936086619468],[76.95107557806499,28.79327414874986],[76.95172694744562,28.79261661001665],[76.95216168221039,28.79215444801455],[76.95249841053818,28.791788610607576],[76.95292347281413,28.791420336832452],[76.953102021726,28.791227779157637],[76.9532020526073,28.791128548699863],[76.95333866518114,28.79096874522633],[76.95356900005679,28.790659687952036],[76.95381531322343,28.790350154528248],[76.95393684331734,28.79020948186726],[76.95395227686429,28.79016067279906],[76.95391201493368,28.79010002083791],[76.95387177124749,28.790025900246828],[76.95385074026929,28.78995011557545],[76.95378747957744,28.789849033148045],[76.9536800519008,28.789734436643],[76.95355723348288,28.789636661339948],[76.95337888587919,28.789490057903265],[76.95324651776232,28.78935186471657],[76.95313144712912,28.789206954949762],[76.9529837868451,28.789011502626845],[76.95290118801263,28.788899825352942],[76.95277464917987,28.78871281272367],[76.95265377035756,28.7886032527457],[76.95247723203273,28.788454910984417],[76.95225973462355,28.788187386165955],[76.9521542935251,28.78802733295533],[76.9520910332692,28.787927933376956],[76.9520047151964,28.787831877370177],[76.95188004795645,28.787683588719],[76.9518241327724,28.787595925144462],[76.95171672566981,28.787469541999286],[76.95164578816167,28.787365083645202],[76.95155365054131,28.787247336107452],[76.95142533205109,28.786959302506585],[76.95117628836665,28.7864522725317],[76.95096866076437,28.78589107049503],[76.95089017751798,28.785687269864546],[76.95082069543993,28.785363184007124],[76.95077285402671,28.785228444399003],[76.9507000407499,28.785093678466314],[76.95062164355924,28.784827584015105],[76.95058712477551,28.784783774064255],[76.95040496603907,28.784264446969512],[76.9502140721652,28.783729201136545],[76.95011791941556,28.783379412299464],[76.95002412712154,28.783135187830215],[76.94998786029493,28.782966788378765],[76.94994530216934,28.782644234044117],[76.94987862849106,28.782236727578418],[76.9498528483236,28.78208775656887],[76.9498165560243,28.781937876196515],[76.94981290865744,28.78179644857641],[76.94982462562912,28.78165672017155],[76.94985359680709,28.78154226449179],[76.94989597772957,28.781454761266],[76.94997250918348,28.781015391243344],[76.94992289037869,28.78077794767554],[76.94989256540424,28.780479914590828],[76.94973089789305,28.779934815038253],[76.94964101133723,28.779646821405418],[76.94951781072118,28.779375388442677],[76.94948973949816,28.77883659973429],[76.94947551293103,28.778569236586872],[76.94949511319209,28.77828472508105],[76.94949349418961,28.778065853253178],[76.94947452454701,28.77789241951203],[76.9494328623302,28.77751673794676],[76.94935051124037,28.777338186985755],[76.94930835973517,28.77726069575148],[76.94927578444951,28.777203417744598],[76.94927012211748,28.77713101685316],[76.94924145969222,28.77702155029821],[76.94925130757755,28.776844780513404],[76.94930132670937,28.77678927443452],[76.94937438400287,28.77674221016348],[76.94952435148969,28.776685479497935],[76.94972225374171,28.776645281431694],[76.94985361121535,28.776106660372818],[76.94996753658651,28.77557054045668],[76.95010017497763,28.775037145099937],[76.95012515447598,28.775030436382877],[76.95034981111955,28.775087916132517],[76.95038248291023,28.775074481184284],[76.95046712135401,28.77498533791089],[76.95098085920138,28.774452941016648],[76.95122034313133,28.774194496523556],[76.95147607365654,28.773999463717896],[76.95181256377028,28.773392535127066],[76.9519285609422,28.77324194291831],[76.95246518191902,28.77270542470902],[76.95282501626474,28.77232460498692],[76.95337312651634,28.771713139132128],[76.95375227967507,28.77118668993412],[76.95414870995673,28.770618031687643],[76.95441279751292,28.770338770724774],[76.95468976523019,28.77004947017487],[76.95523434563641,28.769430646503324],[76.95525792078418,28.769384196344348],[76.95511207705101,28.769286397451843],[76.95517011609329,28.76896993546566],[76.95528001898452,28.768650159070102],[76.95553108411839,28.767877921280405],[76.95573345556161,28.76743808794125],[76.95563019481297,28.76744072638683],[76.95549566218135,28.76742961823577],[76.95544014993031,28.767409982952284],[76.95538375209429,28.76734604094276],[76.95532190148437,28.767272510133196],[76.95525092769938,28.767208552587135],[76.95513082234712,28.767098229118403],[76.95494336188227,28.766943116262354],[76.95478868594125,28.766797619559014],[76.95422174761003,28.766331263516403],[76.95405395399897,28.766147507691485],[76.95356807437653,28.765707797924634],[76.9530762500206,28.765182195885462],[76.95263957176017,28.76474093542413],[76.95194383672496,28.764084244805513],[76.95162176043472,28.763782050726956],[76.95126991069161,28.763390852631424],[76.9509660383815,28.76310464961272],[76.95086233450813,28.762997532944592],[76.9503905390481,28.762936346136946],[76.94974116999181,28.76232107351019],[76.94960470351093,28.762191561427883],[76.94954915871328,28.762064412200235],[76.94941893685512,28.761824017899364],[76.94924112605212,28.76160793900523],[76.94901713950584,28.76139181143298],[76.9487361095247,28.76108502558295],[76.94850468861551,28.760854451273563],[76.94837186637515,28.760741495636392],[76.94828199170577,28.760590981980542],[76.94819212426611,28.760436708069726],[76.94814078954553,28.7603351213701],[76.94808512981513,28.760259853506536],[76.9478666965008,28.76001895280596],[76.947721144312,28.75980821309996],[76.9476839198556,28.759737045699215],[76.94762318104257,28.75967509008312],[76.94753965093935,28.759600730898285],[76.94745941514729,28.759500665924964],[76.94735530681217,28.75938438876475],[76.9472037529055,28.759232347802783],[76.9470562329392,28.759092219050796],[76.94678886588964,28.758833478438948],[76.9466739040221,28.758712428482802],[76.9463555724321,28.75829707085461],[76.94624065026792,28.758148407171763],[76.94609033548231,28.757971841911484],[76.94604053003613,28.757860383115236],[76.9459343088783,28.757704111524983],[76.94585519304198,28.757541373916435],[76.9457240391738,28.75735174863286],[76.94562170716952,28.75707301814228],[76.94546899510348,28.75676720449397],[76.94523246340297,28.75629459385963],[76.94512540522913,28.756098212449935],[76.94509498604677,28.75592342250965],[76.94506146541666,28.755772826754132],[76.94499732659135,28.755587246495715],[76.9449301020666,28.755415105075723],[76.94486895425013,28.755283298633817],[76.94484762085192,28.75518917588246],[76.94486477910048,28.75507707557756],[76.94488331380197,28.75498299700935],[76.94481607865363,28.754818920843064],[76.94476116841253,28.754614530759838],[76.94468783828789,28.754423562922838],[76.94462671497725,28.754275624686194],[76.94449302733102,28.753856935279735],[76.94451457502473,28.753800499068745],[76.94505152213529,28.753607509703695],[76.94497817322362,28.753429984550518],[76.94525743127771,28.753298547986926],[76.94539176985047,28.753216707164203],[76.94560351493135,28.753114772458403],[76.94575084105355,28.753026210362602],[76.94625105329759,28.752784781316816],[76.94756675671869,28.752031324423264],[76.94834014174891,28.75161004449261],[76.94901668254775,28.75122059081146],[76.94934205062137,28.750997785119864],[76.94999568621054,28.750673159717106],[76.9503394623442,28.750444993215687],[76.95065026000127,28.750189970793016],[76.9508407056926,28.74995895353686],[76.95105885971094,28.749647308241837],[76.95170386517415,28.749347563598562],[76.95183283307468,28.749221335595283],[76.95198025855306,28.74905210928697],[76.95230706301827,28.74874391855676],[76.95240527634733,28.748682183893866],[76.95304590142466,28.748082402027414],[76.95318710616293,28.74797500478432],[76.9533867305715,28.74775206016365],[76.95341743931255,28.74771982835207],[76.9537181965564,28.74754538053571],[76.95382201820533,28.747436807811564],[76.9544635582369,28.74695621271907],[76.95505907328487,28.746497071620382],[76.95517000920483,28.746389470591804],[76.95587300467892,28.745804076577063],[76.95589453015164,28.745758393236397],[76.95624768179003,28.745374283121244],[76.9566031005735,28.74501443679949],[76.95696847089997,28.74465991370835],[76.95723870417551,28.744364442021],[76.95743516504426,28.74420601207896],[76.9579753974192,28.743632661094534],[76.95824868562102,28.74333988008319],[76.95837150840369,28.743210950655765],[76.95854235197443,28.743036670778505],[76.95856695248924,28.742982924241744],[76.95857315102123,28.74293184735248],[76.9585579190509,28.742853863599095],[76.95852740394928,28.742738225369376],[76.95849686944126,28.742638718648053],[76.95841734847131,28.74248001508391],[76.95835614232965,28.742385854349862],[76.95829499588562,28.742245988891984],[76.95818796892112,28.742017353990562],[76.95810395611822,28.741832567097465],[76.9579967828331,28.741716852822734],[76.95791409288066,28.74163880229693],[76.95785288152533,28.741550018449065],[76.95781619663778,28.741463948133415],[76.95778255452393,28.741396700882973],[76.95771520334898,28.741313288242793],[76.95763251704105,28.741232549379944],[76.95760195188004,28.741157239254548],[76.95753474362822,28.740963595610722],[76.95736681002295,28.740731046153478],[76.95740374256627,28.740626229760007],[76.9571407193299,28.740104386094597],[76.95699092353254,28.739757411205293],[76.95687096602029,28.739513708971643],[76.95652829171466,28.738940700851323],[76.95618243997839,28.73845641133033],[76.95605720763008,28.73832383823377],[76.95602368387533,28.73816786725179],[76.95605138875553,28.738084550503903],[76.95621141954304,28.73763841033425],[76.95633126788326,28.737358233823063],[76.95647251791097,28.73720244006021],[76.95664748547892,28.7370547456725],[76.95709560515115,28.736708370439327],[76.95752037401688,28.736352689521464],[76.95793478039828,28.73599014622624],[76.95800847736173,28.73590687391498],[76.95822019456948,28.735791475308222],[76.9583277397284,28.735625341700775],[76.95857950968896,28.73535942378074],[76.95868318877513,28.735119838966273],[76.9590027082164,28.734622770618685],[76.9594077344046,28.7340436830854],[76.9595968342513,28.7335076078769],[76.95964695469367,28.733462156422465],[76.95966862326225,28.733300863621764],[76.95974544750665,28.733166511082942],[76.95982839679596,28.733037541526276],[76.95988984896061,28.73293543607985],[76.95989961425961,28.732491832598814],[76.95991233529472,28.732279826767453],[76.95988496311055,28.732105042956956],[76.9598356405849,28.731871978090048],[76.95976283447193,28.731722552912693],[76.95971451583893,28.73145224529447],[76.9596822459665,28.731317084081365],[76.95967042220988,28.731050367443775],[76.9596464462201,28.730772970831453],[76.95969074188902,28.730354702618236],[76.95974787845347,28.730070274725936],[76.95970801689349,28.72952971688222],[76.9596433558645,28.72935540672971],[76.95951382487867,28.729170365026455],[76.95901105123801,28.72830584198864],[76.95886931596934,28.728152792290828],[76.95877210585311,28.728063794689493],[76.95861021938856,28.727814711970506],[76.95848185075869,28.727574532363334],[76.95834419385602,28.72740370445376],[76.9581781161847,28.727261297847562],[76.95796368983366,28.726877032047668],[76.95757731395638,28.72624765154265],[76.95730617625958,28.72582065565578],[76.95699454589102,28.72535094611019],[76.95681091938873,28.725050439411753],[76.95656416414295,28.724587905362608],[76.956325415307,28.724207168317545],[76.95618787966049,28.723950994668794],[76.95600985084432,28.72365210749962],[76.95556731192619,28.72303552494093],[76.95537714106116,28.722722400095467],[76.9549843448582,28.7223166119652],[76.95462304696184,28.721894305373542],[76.95449834772393,28.721741612338466],[76.9539527463198,28.721107317906096],[76.95379107939458,28.720939593753705],[76.9534123642595,28.72060473290172],[76.9532296573369,28.720467626440314],[76.95311279395223,28.720380420527256],[76.95303039137463,28.720290360691507],[76.95296136244006,28.7202061831506],[76.95286119375041,28.72005938106202],[76.95276987567796,28.719965400070556],[76.95268306056946,28.71984012814586],[76.95260291478536,28.719730510366468],[76.95243857691763,28.719496047256833],[76.95200219613187,28.718928361892917],[76.95184380552507,28.718703236238134],[76.9516590336267,28.71844876682532],[76.95155368895375,28.718313090317903],[76.95141525089564,28.718141124143987],[76.95130730199405,28.71800154533836],[76.95123109373938,28.71787808458268],[76.95114598946121,28.71777981223878],[76.9510054879588,28.717552372650736],[76.95086212585741,28.71726101822027],[76.95064636104354,28.71685852870864],[76.95036985182952,28.71644781745669],[76.95022871467799,28.716248477174922],[76.95007962545333,28.71605055079094],[76.94988051575696,28.715719266910686],[76.94978626289334,28.715533066810263],[76.94966346903911,28.71535465577348],[76.94953795916929,28.71515258169068],[76.94941517674755,28.714966351346472],[76.9493031243402,28.71475823755966],[76.94922849911461,28.714564238350725],[76.94913378363954,28.71433547680865],[76.9489558815665,28.714036588634855],[76.94883671998285,28.713812828983865],[76.94867263250174,28.713481360356642],[76.94848229147873,28.713152744920933],[76.948352571337,28.712964121989156],[76.94809809852852,28.71259321263707],[76.94837515402013,28.71236450919584],[76.94905117965286,28.711818097001505],[76.94975889306177,28.71128419968001],[76.94993838786061,28.7111398440055],[76.95014718962472,28.711008699124324],[76.9503131715948,28.710896275368043],[76.95053811799875,28.710694771692648],[76.9507054829794,28.710573474557666],[76.95106077242461,28.710239178448308],[76.95121789287734,28.710086082550283],[76.9513682482067,28.70997520858933],[76.95148067990498,28.709903387775444],[76.9515788063741,28.709861265775228],[76.95172868653283,28.70978635610624],[76.95181968237775,28.70974266208059],[76.9519589115901,28.709631772113806],[76.95209627815053,28.709528512113664],[76.95245499523205,28.70929117580926],[76.95260606952002,28.709174176729746],[76.95290945927081,28.70897431507706],[76.9532412430528,28.708774002086166],[76.95356069456435,28.70856164410912],[76.95379625760512,28.708413318150484],[76.95442340295651,28.708040349095647],[76.95514248847519,28.707650112644398],[76.95527140334065,28.70757838260111],[76.95551465659837,28.707411470576385],[76.95569612238292,28.707298139892604],[76.95600299006757,28.707092569006534],[76.9562741769033,28.706921947277642],[76.95644657166015,28.70680475845256],[76.95651167336088,28.706745598822362],[76.95659305605271,28.706666166028636],[76.95671790912037,28.706548334583918],[76.95694266200199,28.70629525702518],[76.95712910955884,28.706150086083067],[76.95726227999366,28.706052576563398],[76.95737526528279,28.706008954161288],[76.95753229634485,28.70592807137556],[76.95764529444843,28.70587415816463],[76.9578778978209,28.705796277777445],[76.95832830359676,28.705670663811365],[76.95849060583028,28.705608211733413],[76.95920673614047,28.705269325771784],[76.95925251467878,28.705173511612415],[76.95954022291644,28.704971838971485],[76.95990007915388,28.70472439531528],[76.96019948932945,28.704545887444304],[76.96056904391838,28.70433169840757],[76.96058231999984,28.704271252455268],[76.96088904237774,28.704106899674226],[76.9610645559239,28.7039893207444],[76.96126708808,28.703873746456576],[76.96154157566893,28.70368363378846],[76.96166598906002,28.70360608078376],[76.96179958358563,28.7034968709213],[76.96193169061571,28.703404382294202],[76.9626410679213,28.702947049667067],[76.96298775605138,28.702669325963594],[76.96328277851688,28.70247151175308],[76.96385076460462,28.702052967185356],[76.9640709863912,28.70185893899687],[76.96465646026549,28.701357387381336],[76.96499408747158,28.701094005140636],[76.96531580941499,28.70087287197838],[76.96581191729535,28.70052602510204],[76.9665010461073,28.700082133706474],[76.96694339090466,28.699779269842438],[76.96715766526965,28.69964311611544],[76.96761230314839,28.69943243848074],[76.96808062995808,28.699188870836824],[76.96781837646856,28.69898024094803],[76.96732852981691,28.698623997557174],[76.96687284187027,28.6983007020458],[76.96648273211065,28.698033101038117],[76.96629683595596,28.697747359380102],[76.96607555082662,28.6974214484629],[76.96587785523364,28.697193581044463],[76.9657299395556,28.697031362234846],[76.96561248652476,28.696824780567315],[76.96540461275467,28.696527439495384],[76.96520943022418,28.69629581948078],[76.96504105350097,28.69607955486676],[76.96484770890271,28.695825053754767],[76.96465883904342,28.695579184185306],[76.96448629288086,28.6953157747118],[76.96432520307492,28.695138105942007],[76.96423457371024,28.69490390586357],[76.96411630113934,28.69457527007039],[76.96409819562376,28.69452496253825],[76.96407134902114,28.694449529644633],[76.96404503169914,28.69437591361119],[76.96403023949918,28.69433478990628],[76.96401438729771,28.694290717368283],[76.96626528630742,28.694111707312423],[76.9703775165818,28.693784570748303],[76.97099942678221,28.693735085288182],[76.97587651273176,28.69334691575221],[76.97653853826664,28.693294211286098],[76.98281549036456,28.69277770711608],[76.98601217510202,28.692514551870758],[76.98757199289493,28.692383614488303],[76.9929762540491,28.691929816972483],[76.99677998879385,28.69163427910218],[77.00140072790641,28.69127511681386],[77.00163543730861,28.691254935848725],[77.00678718630543,28.690811874506675],[77.00950960540563,28.690577661330884],[77.01803106434745,28.689887496019686],[77.02012253188947,28.689718324904355],[77.02023066833326,28.689907831759175],[77.02081976381533,28.690949388148713],[77.02144206854314,28.692049636467623],[77.02159479458588,28.692319654141627],[77.02185574314433,28.69278100372312],[77.02187927631843,28.692822608691856],[77.02237091388936,28.693703066203437],[77.0268669085932,28.701753956682158],[77.03361762202809,28.713839549481566],[77.03409447983566,28.7147169713072],[77.03763296388249,28.72122725449301],[77.03838218035855,28.72260557750087],[77.04227562966939,28.72976760577569],[77.04241157271728,28.730016848585272],[77.04363830778914,28.73224917552331],[77.04829791067704,28.740914499660846],[77.04843094502597,28.741161874321495],[77.05081552939635,28.745595728369608],[77.05118547538399,28.74628355884328],[77.05408496242164,28.751602261447037],[77.05435107644793,28.752092237077008],[77.05534064598815,28.753918994360475],[77.05693771164378,28.756867039022016],[77.05697545244105,28.756936702353347],[77.05762583714397,28.758246654611234],[77.05793649010954,28.758872333356656],[77.05796664144239,28.758933059947555],[77.05819032769455,28.75938357466901],[77.0584047951024,28.759815516312848],[77.05865114633194,28.76031409384799],[77.05960710008382,28.762248747922083],[77.05974775098396,28.7625333890723],[77.05984595171559,28.76273212210295],[77.05993070981332,28.76290364867871],[77.06007919422278,28.76320413816616],[77.06037679813548,28.763806397144563],[77.06039954906608,28.763852438006353],[77.06061457909537,28.764287587912847],[77.06066382134586,28.76438723610673],[77.06087838873218,28.764821445114528],[77.06096370599784,28.764994094745077],[77.06100748556192,28.765082687085982],[77.06133378945337,28.765742996981295],[77.06149390576847,28.766067007125166],[77.06154798943311,28.766176449608327],[77.06170387745827,28.76649189787192],[77.06194313739194,28.766964633720683],[77.0623272024741,28.767723469190894],[77.06240919071662,28.767885459869937],[77.06268465036084,28.768429700808007],[77.06271184658148,28.768483433169006],[77.06293259686878,28.768919576553685],[77.06295104574387,28.76895602695197],[77.06296758942852,28.76898933211695],[77.06362558016959,28.770313930700755],[77.0659351989635,28.77496310071946],[77.06621302799475,28.77552232706551],[77.0674842352688,28.77808097686089],[77.06883964444532,28.780808128676156],[77.06902759982344,28.781186292481674],[77.06979047146991,28.782721142323773],[77.07123255516768,28.785516395813847],[77.07139339799237,28.785842346188744],[77.07157174267832,28.78616434725189],[77.0714689194747,28.786247567548624],[77.07084588835744,28.786731426360145],[77.06940953645673,28.78784775489486],[77.06872659118822,28.788396147340812],[77.06806910964835,28.7889093390253],[77.06793047213752,28.78902448771269],[77.06774390108603,28.789179447636407],[77.06756730575526,28.789312088435302],[77.06749643686706,28.789238905794907],[77.06743846690429,28.789167710052634],[77.0652287520154,28.790905040921544],[77.06287364858267,28.7927437785346],[77.06141938577247,28.79387762236716],[77.06125853057398,28.794003033833395],[77.06094386081627,28.79425383805238],[77.0596208161788,28.795308339389425],[77.05951571234635,28.7953921083638],[77.05906464374523,28.795752215597027],[77.05823049683224,28.796395184448034],[77.05754401586991,28.79692432230499],[77.05725802210459,28.797144762499812],[77.05662913733318,28.797629495138768],[77.0561059148482,28.798032778072283],[77.05343078506463,28.800124250950702],[77.0532392659876,28.800273979776772],[77.05287331719137,28.800560074259344],[77.05021149087092,28.802622640857685],[77.04922592719392,28.803376369526887],[77.04896032924574,28.80357948751245],[77.04783805214025,28.804437743396175],[77.04793456134738,28.804591595622913],[77.04777811211416,28.804712539876704],[77.04770450480257,28.804769443161465],[77.04769735287658,28.804774972775753],[77.04761215419599,28.804840835907815],[77.04721296014033,28.805108329273917],[77.0467605590268,28.805444712508237],[77.04544236445257,28.806478777937144],[77.0449488247282,28.806855977037106],[77.0444552814163,28.807233174490257],[77.04357849551465,28.807936830622154],[77.04260249527393,28.80876696810116],[77.04233602647696,28.808968710072953],[77.04100623791803,28.810115883469695],[77.04002162450611,28.810962274321025],[77.03893399921664,28.811883470384174],[77.03835142439553,28.81238384970343],[77.03704579679605,28.813518936568343],[77.03569119390845,28.814668320471124],[77.03548670195936,28.814848878387068],[77.03430492533737,28.815858470984136],[77.03386447940727,28.81623578875181],[77.03360045976248,28.816493276743685],[77.03330663575574,28.8167948394761],[77.03305938272156,28.81704392047114],[77.03245724339632,28.81766216230455],[77.03194370843347,28.818186292897437],[77.0316050986203,28.818550070950224],[77.03136126008982,28.818804932009265],[77.03096891790243,28.819219962491573],[77.03061591541031,28.819600474514914],[77.030240797249,28.819997370710716],[77.03003440992501,28.820235765315793],[77.02951134918634,28.82085574200581],[77.02904337140293,28.821410777892684],[77.02858043453425,28.82198275686619],[77.02811310687538,28.82257447449297],[77.02768431141544,28.82316401163475],[77.02734039212156,28.82362976087806],[77.02718440203262,28.82384100851279],[77.02678874213393,28.824421194274382],[77.0263317488033,28.82508923401136],[77.02591355499399,28.82569829350404],[77.02571254018517,28.825991049823095],[77.02568952428916,28.82602457003159],[77.02489385794392,28.827305851337485],[77.02477436342389,28.82749827303775],[77.02474315093635,28.82756059987738],[77.02451722908691,28.828011733087383],[77.02439035934682,28.828265072282782],[77.0241745249263,28.828696055541418],[77.02387597457393,28.82929220352229],[77.02356335261243,28.82991644180753],[77.02340454919397,28.830260120975797],[77.02319990160666,28.830703016130585],[77.0231419591582,28.83082841490065],[77.02310068906523,28.830917730770185],[77.02286682946405,28.831423838715917],[77.02272269404212,28.83173576752541],[77.02244103204822,28.832345314143993],[77.02240770376044,28.832437674252912],[77.02239047936081,28.83248540521591],[77.02217797052302,28.833074301598757],[77.02216924734145,28.83309847371449],[77.0219605507395,28.833676798840898],[77.02165563335386,28.834521750615277],[77.02160201981681,28.834702330035014],[77.02158936079348,28.834744966568003],[77.02154155027898,28.834905997815994],[77.02142206046447,28.8353084517053],[77.02117504679165,28.83614041285246],[77.02106610684423,28.836507326709118],[77.02090009643403,28.83706644908349],[77.02087183908083,28.837161620274827],[77.02061040760047,28.838312685078215],[77.02054833878081,28.83858596666521],[77.02052294122134,28.838728558582105],[77.0204585545506,28.8390900519146],[77.02041295359534,28.839346074425567],[77.02010643888667,28.8393625843837],[77.02005060394852,28.83936559179392],[77.02004828645019,28.839365884573247],[77.0200483200545,28.839365714434386],[77.01987839106826,28.83937486667662],[77.01926547926575,28.839483827898896],[77.01920717032868,28.839641705929843],[77.01855546557917,28.839721170663836],[77.01815195446743,28.839772087087788],[77.01759315173015,28.83983544540096],[77.01758675721834,28.839949667942477],[77.01716193398262,28.83996423646686],[77.01647391839451,28.840021654828817],[77.01578980184634,28.840023409703292],[77.01512061383625,28.84003174329273],[77.01512166909372,28.840051187810378],[77.01472836609724,28.840126383510267],[77.01451351294646,28.84013591331041],[77.0145017133283,28.840264010301684],[77.01385300511276,28.840257524218465],[77.01340509172869,28.84025051479641],[77.01303941619796,28.840255700003716],[77.0129297298494,28.84025145069518],[77.01274233562442,28.840249027127115],[77.01250926834395,28.84023449008292],[77.01237671628185,28.840234191759492],[77.01220528886655,28.840241813785905],[77.01200308300723,28.84027578777677],[77.01169673828693,28.840311131947207],[77.01168207716132,28.84031072897271],[77.01167996539051,28.84052674761458],[77.01168194559094,28.840548278979025],[77.01168389710908,28.840609698673035]]],"crs":null},"id":8,"type":"Feature","properties":{"area":140.31857753,"zone":"N","id":0,"SHAPE__Length":53097.380737368236,"objectid":8,"SHAPE__Area":140318577.5294335}},{"geometry":{"type":"Polygon","coordinates":[[[77.14180613047105,28.859576220137292],[77.14105490525016,28.85961307583808],[77.1411391401662,28.860086880232426],[77.14117274003762,28.860305947962786],[77.1411671550117,28.86039843613716],[77.14118157869812,28.860496769889448],[77.1412215645105,28.860611660331873],[77.14127508412997,28.860740570054325],[77.14125843872685,28.86097287658672],[77.14125365903648,28.861124291372132],[77.14125361718729,28.861273633241797],[77.14121805063418,28.86141881969994],[77.13971100204233,28.86182848137225],[77.13949848791144,28.86187656297958],[77.13931571659765,28.861910382639824],[77.13856871487738,28.86201774410961],[77.13803045746684,28.862107229181568],[77.13708516463319,28.862257699863466],[77.1366515696394,28.862332795007507],[77.13579206971801,28.862465634812562],[77.13506567699599,28.862535715736463],[77.13386115971183,28.862679923147923],[77.13228881724058,28.86286166230131],[77.13186539286939,28.862922166502425],[77.131532445215,28.862953573649353],[77.13107510357251,28.862695700208526],[77.13078725484864,28.86256394502269],[77.13074248946657,28.862516305916973],[77.13066894707364,28.862435040834914],[77.13059550058239,28.86210444090083],[77.13023514426816,28.86191989869497],[77.12980781586286,28.861759387689986],[77.1296639239801,28.861708929545866],[77.12950564912695,28.86163746062993],[77.1292874217044,28.861536564350423],[77.12886295533526,28.861349477964954],[77.12815607513515,28.86111916524442],[77.12749778277582,28.86081570977119],[77.12676739987425,28.860472090204578],[77.12673661655862,28.85996854902283],[77.12571778871559,28.85998168197475],[77.12513716543837,28.859958017689536],[77.12511072657338,28.859925997530762],[77.12508562823527,28.85956107559604],[77.12496742669828,28.85956142068081],[77.12485632442119,28.85956174396861],[77.12485588729578,28.859540255798137],[77.1249954501835,28.85874967313256],[77.12504744256834,28.858455148904877],[77.12525502087678,28.857279248698248],[77.12535588481332,28.8567078599681],[77.125413429931,28.856381872985825],[77.1255718357438,28.855484497134007],[77.12573024036443,28.854587121110537],[77.12588864278692,28.85368974583352],[77.12605323782732,28.85279239721251],[77.12605941227915,28.852758734928305],[77.12623017927017,28.851827723845737],[77.12640094376023,28.850896712585833],[77.12654534305786,28.850109436458737],[77.12657170574951,28.849965701148637],[77.12674246626271,28.849034689518],[77.12691322326941,28.848103678628245],[77.12708397775756,28.847172666659286],[77.12725472974581,28.846241654513136],[77.12742547923425,28.845310642189826],[77.12759622622316,28.84437962968938],[77.12776697175553,28.843448617897643],[77.12793771374596,28.842517605042996],[77.12804888881587,28.841911385827647],[77.12818287904959,28.841187692793756],[77.12831576850853,28.840475439905184],[77.12848365513297,28.839575599292292],[77.12852308012626,28.839364286638105],[77.12873038812775,28.838253134014085],[77.12893769249499,28.837141981131158],[77.12908558663194,28.83634852150793],[77.12909626087897,28.83629125288275],[77.12919733759838,28.835838995368867],[77.12926971912566,28.835585393641086],[77.12933812243845,28.835345727301068],[77.12964689668907,28.834393537867683],[77.13004208846067,28.83312954872571],[77.13036177481088,28.832107037489564],[77.13043727164421,28.831865559606562],[77.13072813987068,28.830883426178538],[77.13096527403056,28.83008271610185],[77.13101900321108,28.829901292275835],[77.13142544624556,28.828564915669055],[77.13151986357697,28.82825446906623],[77.1315905056039,28.82802453536364],[77.1316805954738,28.8277313004395],[77.13180101368175,28.827339343682482],[77.13208216037113,28.82642421693638],[77.13248804891307,28.825121940870442],[77.13297976168117,28.82355943877282],[77.13299221580282,28.823519661364397],[77.13333477669732,28.82242561010874],[77.1336115746986,28.821541573461342],[77.13368978479983,28.821291781638163],[77.13399294019969,28.820295441528504],[77.13427119537823,28.819380923159652],[77.13429609041805,28.819299100903233],[77.1345707249574,28.818370805463537],[77.1348290079257,28.817511854343074],[77.13501017269898,28.816986123035264],[77.13520995636668,28.816429320841237],[77.13530048350303,28.816132142019228],[77.13540740866284,28.815808873917693],[77.1354601257172,28.815644881340763],[77.13552680826525,28.815437450103776],[77.13562778600019,28.815087525989036],[77.1359678777407,28.813855704888507],[77.13625209176013,28.81289509198104],[77.13655656539822,28.81191502931266],[77.13671770807765,28.811441990631636],[77.13683049427867,28.8111896339419],[77.13701320294511,28.810825242959314],[77.13721142140061,28.810515780732604],[77.13725974044202,28.810457684251947],[77.13732946818952,28.810373846636327],[77.13736382858376,28.810332533554654],[77.13740259773283,28.810290346690234],[77.13741826906468,28.81027275834933],[77.13742622891884,28.810263825063807],[77.13751259887941,28.810175190651517],[77.13757870475933,28.810100027104045],[77.13758470092438,28.810093210097005],[77.13770500421744,28.809956422668325],[77.13771036058729,28.80995033220585],[77.13781255304986,28.809834136614842],[77.13781902573571,28.809826776994075],[77.13807901471174,28.80953116122096],[77.13940873407097,28.80827325495098],[77.13960411292163,28.80812148328681],[77.14017403404667,28.80766829252167],[77.14065733844652,28.807258397317867],[77.14090448496513,28.807034329181402],[77.14090951980278,28.80702976404996],[77.14126041678134,28.806729092000847],[77.14156223875229,28.806402937026732],[77.14183851774266,28.806082803579773],[77.142202363691,28.805638818087154],[77.14250146355366,28.805168132563534],[77.14270797609778,28.804854627153098],[77.14288655987997,28.80452371872161],[77.14311251403775,28.804038025519112],[77.14320254878977,28.80384541367426],[77.14328932539838,28.803644830428308],[77.14337003734934,28.803442293473417],[77.14344462916685,28.803237943554233],[77.1435171087238,28.803019696810544],[77.14364019919637,28.80248931080018],[77.14375550712847,28.801733917082398],[77.14385547781822,28.80076757952245],[77.14398439050956,28.79962866981612],[77.14411330223497,28.798489759037633],[77.14414318570937,28.798199291468816],[77.14422363067028,28.79741737178443],[77.14433395758587,28.79634498440187],[77.14444366908714,28.79516727772052],[77.14446056214051,28.794909969604795],[77.14446401711918,28.794726579794624],[77.14446073535179,28.79457630614315],[77.14445452284704,28.794412561947112],[77.14444579593236,28.794262783534766],[77.14443910691509,28.794073761314593],[77.14439068450437,28.79365445188653],[77.14436054165347,28.79352865982579],[77.14432024965059,28.793325035614497],[77.14431778859445,28.793312491468228],[77.14425423024848,28.793042816151942],[77.14409907083231,28.792517055284897],[77.14388861191888,28.79200424322765],[77.14359981666867,28.79143165964573],[77.14298602960501,28.79049674751416],[77.1425159826703,28.7898059817234],[77.14231352423312,28.78951256176275],[77.14221465645535,28.789343419471848],[77.1421622716232,28.789239477508115],[77.14209434545543,28.78912247705114],[77.1420314667103,28.789000910300505],[77.14198773141881,28.788925697791658],[77.1418428317599,28.788594096571796],[77.1417552437827,28.788340953539628],[77.14167671100292,28.788104021579485],[77.14163736176,28.78795960086073],[77.14157424382536,28.787717393114704],[77.1415382518345,28.787521291247433],[77.14150984982528,28.78737325909368],[77.14150272503946,28.787293173421645],[77.14145152244905,28.786813194075158],[77.14145327128443,28.7867622585086],[77.1414708696112,28.786249764739374],[77.14151811360914,28.785803921661316],[77.14162087331066,28.784875411874477],[77.1417236307202,28.78394690200297],[77.14180268242364,28.78323260069477],[77.14188006582603,28.78251142510334],[77.14191333721644,28.782193569794345],[77.1419210059897,28.78212030706841],[77.14192320554659,28.782099295840847],[77.1419881012274,28.78168836430173],[77.14213310014094,28.780949222284566],[77.14242678172435,28.779701379924983],[77.14270647972708,28.778463545087412],[77.14293520609215,28.777451274433062],[77.14298617209289,28.777225710710088],[77.14320683656695,28.776203994331336],[77.14342749740837,28.77518227857729],[77.14364815458053,28.7741605616441],[77.14389126246486,28.773021643729507],[77.14413436483431,28.771882724591947],[77.14440486389843,28.770780528850473],[77.14467881308447,28.769861749563745],[77.14497127792679,28.768919055667432],[77.14526373908333,28.76797636217906],[77.14558609228256,28.766951074398964],[77.14590843982344,28.765925786940013],[77.14620313613187,28.765036601425575],[77.14649782792837,28.76414741632557],[77.14671459940683,28.763493333566334],[77.14671472728033,28.763492927309752],[77.14706113887496,28.762386150292173],[77.14739354086088,28.761324114022827],[77.14749033261414,28.76103405477047],[77.14782384831258,28.76003458333743],[77.14834512716978,28.75841436226258],[77.14863729442132,28.757607949279084],[77.14864424634813,28.7575870292765],[77.14885582533952,28.75688814099418],[77.14917885200593,28.755904163345875],[77.1495033592626,28.75491565725485],[77.14982657825979,28.753931058035477],[77.15008761058287,28.753186467987543],[77.15009221525669,28.7531725428058],[77.1501313068768,28.753046837618935],[77.15032964107216,28.752441454512983],[77.15044323268673,28.752094727721033],[77.15201239025744,28.747304856988627],[77.15237301754111,28.746229589538252],[77.15237567973915,28.746221367003244],[77.15268181164333,28.745240540322058],[77.15298793942553,28.744259713102633],[77.15329007534304,28.743291654886924],[77.153587572154,28.74251896537015],[77.15359642014616,28.742493544099222],[77.15373658019782,28.742044014456226],[77.15381869299067,28.74183428207499],[77.1538324260603,28.74179288374159],[77.15398636539575,28.741230214020476],[77.15426913024828,28.740428076419004],[77.15438333426573,28.740147050495345],[77.1543927911562,28.740121385779663],[77.15470652379665,28.739174409526182],[77.1547164144727,28.73913941184331],[77.15488468837324,28.738422922790715],[77.15489195391136,28.738383079270847],[77.15503613330472,28.737279244645705],[77.15514088377294,28.736873213675995],[77.15524911339253,28.736626470028266],[77.15539923659345,28.73638000376043],[77.15593619160002,28.735695601306496],[77.15594330754422,28.735686286274266],[77.15607665083928,28.73550694010907],[77.15614783394338,28.73554461090786],[77.15628632128016,28.735617899315006],[77.15641206328544,28.735684441528495],[77.15658309111875,28.73577495024377],[77.1571687448778,28.736084875612384],[77.15729098772694,28.736149565381265],[77.15838674156416,28.736691606816684],[77.15859918598508,28.736796695481647],[77.15989518358485,28.737366283519812],[77.16030491835882,28.737554284105848],[77.16048374997989,28.737637420229586],[77.1606844855977,28.737722251378095],[77.16088875607952,28.73780025043897],[77.16109626318033,28.73787130306547],[77.16130670375819,28.737935305818063],[77.16151976873256,28.737992165279298],[77.161735146136,28.73804179710247],[77.16195252016567,28.738084129636214],[77.16217157417924,28.73811910026743],[77.16224323448009,28.738128060205764],[77.16239198461072,28.738146658225457],[77.16262888358008,28.738168165609817],[77.16329801416794,28.738186572645233],[77.16393807661379,28.738199097856867],[77.16458757367623,28.738206654325165],[77.16490652246435,28.738202227351515],[77.16522442726829,28.73819017040529],[77.16554183977595,28.73817048187426],[77.16570449220991,28.73815645787592],[77.16611287134623,28.73811506024933],[77.16617425122809,28.738108274721306],[77.16648877903769,28.738065801564403],[77.16680187641268,28.73801578949115],[77.16709306785434,28.737962012673943],[77.16733300007408,28.737921428517573],[77.1675868993281,28.73788067315265],[77.16785555405335,28.737831278566766],[77.16812269183949,28.737775860697088],[77.16838813935826,28.737714455719722],[77.16856454978698,28.737669378389235],[77.16865172233406,28.73764710343627],[77.16891327172162,28.737573848979427],[77.16917261542584,28.737494738434084],[77.16942501110107,28.737411335805525],[77.16956095730197,28.73736434158176],[77.17340342657975,28.73597546467315],[77.1749942368543,28.735348733348967],[77.17521602486381,28.73526378989773],[77.1761638462768,28.73489852345416],[77.17763675416683,28.73436669724016],[77.17894614778281,28.733876580310735],[77.1794425336678,28.73370257168893],[77.17974134820939,28.733598643720665],[77.17982700129707,28.733568854034036],[77.17986309253305,28.733556301395158],[77.18000314387032,28.733514830321006],[77.18023618538777,28.733445823805642],[77.18070309460266,28.73330756528648],[77.18105100554202,28.73320454311983],[77.18217304055563,28.73287517270031],[77.18231998967661,28.732832035095967],[77.18311282670285,28.7326353115757],[77.18340939883332,28.73256172215945],[77.18432681932747,28.732334077234693],[77.18641197075861,28.73181279054361],[77.18967552726978,28.730996828744534],[77.1908982036238,28.73069110925097],[77.19113071896736,28.730635195775],[77.19210368625451,28.730401220233617],[77.19218441954995,28.73038202865444],[77.19227365392366,28.730360815193478],[77.19238415737755,28.730334545904316],[77.19311904752635,28.730161140825164],[77.19401703177967,28.72994924707524],[77.19560636486841,28.729545271606725],[77.19565169509028,28.72953374946932],[77.19593324539817,28.729462182629597],[77.19694797467193,28.729209003256777],[77.19775577099358,28.72900744838251],[77.19835066531641,28.7288710255975],[77.19836527697407,28.72886781856981],[77.19877348661912,28.728792286581463],[77.19918003385345,28.72871008646355],[77.19958477998823,28.728621246656537],[77.19998031921723,28.728527583087224],[77.20037385569397,28.72842757823462],[77.20076525699172,28.728321265854287],[77.20115439379333,28.728208681456874],[77.20154113680267,28.72808986145636],[77.20192535786241,28.727964847663102],[77.20230692876075,28.727833679182734],[77.20268572346714,28.727696401402437],[77.20392371607417,28.727213209250056],[77.20419870056787,28.72710954681479],[77.20536895336433,28.72666838072773],[77.20547042118984,28.726630128190337],[77.20575472427241,28.726522948788432],[77.20588998145949,28.72647195758827],[77.20595471009058,28.72644755589963],[77.2069283429859,28.726080496653264],[77.20795986303598,28.725702964343004],[77.20899811482559,28.72532295767524],[77.20936052155506,28.7251884406162],[77.21010840252863,28.724910839334754],[77.21031690411523,28.724833445904956],[77.21121510897835,28.724500038440848],[77.21156677409626,28.724370702572546],[77.21250161531538,28.72402687977898],[77.21379085982946,28.723552697193533],[77.21382839842018,28.72353877126492],[77.21475868380301,28.72319364284321],[77.2150467650995,28.723879358407288],[77.21535881370852,28.724622110641423],[77.21481631227266,28.725310378641783],[77.21443347552042,28.725806953364295],[77.21405647819917,28.726306988204012],[77.2136853622547,28.726810431091238],[77.21332016755082,28.727317228185264],[77.21296093086524,28.727827324793417],[77.2126076930901,28.72834066705729],[77.21226049098922,28.728857199381064],[77.21191936237102,28.72937686705371],[77.21158434298088,28.729899614495018],[77.21125567853221,28.730425051556505],[77.21112336615512,28.730642733014772],[77.21099874685854,28.73086065393032],[77.21088033646024,28.731081247658597],[77.21076820786786,28.73130437768166],[77.21065966825883,28.731535798518514],[77.21049970068229,28.73187369083654],[77.21025072400144,28.732402194814572],[77.20997696961018,28.732983288087787],[77.20989845438473,28.733149948817164],[77.209685504601,28.733660234272318],[77.2094767734913,28.73417893450527],[77.20929753634454,28.734641329832197],[77.20927489628409,28.73469973748953],[77.2090798982379,28.735222574266697],[77.20889180864935,28.735747373104598],[77.20881807415448,28.735961742932343],[77.20871065069572,28.736274063272397],[77.20853644960248,28.736802574004724],[77.20836922851208,28.737332832764807],[77.20820901164869,28.737864769704018],[77.20805581906858,28.738398311431613],[77.20790967293298,28.738933387228364],[77.20790334394722,28.738957804078513],[77.20777059227741,28.739469923718147],[77.20776212504761,28.739504433991602],[77.20774879323197,28.73955876267968],[77.20761393216382,28.740114340147677],[77.20756470912522,28.740326868023654],[77.20751370364934,28.740547089776907],[77.20739682029442,28.741083482557254],[77.20730990077456,28.74155925678126],[77.20723010289207,28.742039609126948],[77.2071580886497,28.74252091520255],[77.20709387145716,28.74300307735232],[77.20703746576707,28.74348599880432],[77.20698888188221,28.74396958014635],[77.20695326289902,28.74439274942532],[77.20694813010576,28.744453721964735],[77.20691521979371,28.744938328469072],[77.2068901581418,28.745423298489317],[77.20687294832791,28.74590853452864],[77.20686359451561,28.746393937268383],[77.20686209986387,28.74687940830706],[77.2068684644423,28.747364848390134],[77.20688268629227,28.747850159197082],[77.2069047634548,28.748335242406007],[77.20693505424879,28.748825884717935],[77.20694790263103,28.749092271640688],[77.2070459221804,28.751124394379858],[77.20716569100347,28.753607260577738],[77.20719317229508,28.75409559699472],[77.20722739091809,28.754582416649235],[77.20724945682093,28.75484409082295],[77.20726840920013,28.755068828303457],[77.20731622056067,28.755554758069216],[77.20737081739497,28.756040132074187],[77.20743219312118,28.756524876428255],[77.20750033710054,28.757008919111296],[77.20757523964114,28.757492184477595],[77.20765689012154,28.757974601407028],[77.20774527477279,28.758456095220897],[77.20784670445641,28.758968544498515],[77.20799511007307,28.762127341300875],[77.20803459014388,28.76266355248259],[77.20806792896424,28.76320782920768],[77.20809455716594,28.7637523924294],[77.20811446920214,28.764297178185465],[77.20812766464388,28.76484212242896],[77.20813413997192,28.765387160260055],[77.20813389579926,28.7659322285152],[77.20812693065346,28.76647726225922],[77.20811324615187,28.767022197407783],[77.20809232104614,28.76758094369347],[77.20804529053878,28.767971092635335],[77.20799161007506,28.768348317052855],[77.20792983882012,28.768724579277748],[77.20785999842481,28.76909974451091],[77.20778211465445,28.769473678786486],[77.20769621530386,28.769846247201983],[77.20760233127808,28.77021731660713],[77.20750049556881,28.770586755620684],[77.20739074418331,28.77095443010399],[77.20727311730123,28.77132020945788],[77.20714765610862,28.77168396216331],[77.2070144059262,28.772045558436712],[77.2068734141431,28.772404869361907],[77.20672473118371,28.772761764167274],[77.20656841065974,28.773116117441596],[77.20644434807215,28.773382318134548],[77.20640450819474,28.77346780193507],[77.20633851142875,28.77360211876407],[77.20532632314857,28.77533275744957],[77.2046514179209,28.776404622337584],[77.20371563749197,28.77776757178562],[77.20278141537834,28.779050738697407],[77.20167387288743,28.780440536545168],[77.20067518060327,28.781638448854707],[77.19941295872925,28.783045386751],[77.19804165497322,28.78424941697895],[77.19752129807176,28.784657988787878],[77.19636497188823,28.785542942813798],[77.19547344087208,28.78620440696252],[77.19519909255361,28.786394147411915],[77.1951474382554,28.786669722506666],[77.19505500418968,28.787314298872506],[77.1950142234423,28.787683301062287],[77.19499683471062,28.787839732967573],[77.19497944596202,28.78799616577206],[77.1949926994496,28.788119606049587],[77.1950169632384,28.7883456003832],[77.19502568401685,28.78842682326625],[77.1951273331061,28.789164117520777],[77.19493749430767,28.789609265998187],[77.19444790947139,28.7902378111764],[77.19417724447784,28.790483046266566],[77.19361225203433,28.79093238975268],[77.19193211432454,28.79223928959878],[77.19169663556734,28.79242245275678],[77.19003664570991,28.793747437611053],[77.1898904191057,28.793886232296398],[77.18966235631639,28.79430991319311],[77.1893696225153,28.794917689674318],[77.18905004300622,28.795613514921914],[77.18866455741987,28.796515852188826],[77.1885550617475,28.796798410230462],[77.1883935174638,28.797157801240363],[77.18822737215562,28.797489993802856],[77.18796231197862,28.798019952987048],[77.18765166232846,28.798691168267403],[77.18759366400488,28.798818957477174],[77.18754252635442,28.798948999404118],[77.18749836330721,28.799081009798247],[77.18746127023181,28.799214698393598],[77.18743133011623,28.799349770612427],[77.18740860850454,28.799485930354287],[77.18739315550664,28.799622878158438],[77.1873850037879,28.799760313041407],[77.18736593395695,28.799966453103107],[77.18732725174429,28.801042283055136],[77.1873210530623,28.801881459975657],[77.1873209538604,28.80207087843578],[77.18732835567701,28.802260184332095],[77.18734325069443,28.802449148612382],[77.18736561873091,28.802637538814515],[77.18739543459706,28.802825127969975],[77.1874326597527,28.803011687520964],[77.18747725156045,28.80319698897488],[77.18752915414477,28.803380807661814],[77.18758830550323,28.80356291991242],[77.18765463138119,28.80374310405938],[77.18772805448758,28.8039211402884],[77.18780848224435,28.804096812641156],[77.1880061228927,28.80449154357238],[77.1881336861931,28.80469574893463],[77.18826772386834,28.804896711071613],[77.18840812815239,28.80509427200955],[77.1885547882231,28.80528827472626],[77.18870758923457,28.80547856587361],[77.18886640920721,28.805664994023505],[77.18903112215652,28.80584741232394],[77.18920151741236,28.806025592288396],[77.18925615062366,28.80607950963566],[77.18941429456127,28.806258550332032],[77.18957846254257,28.8064333345165],[77.18974850680749,28.806603703058997],[77.18992427564723,28.806769504111763],[77.19010561023785,28.806930588649482],[77.1907488917969,28.80746010129193],[77.19087956477331,28.807569628824012],[77.19138671797761,28.80799471127268],[77.19153466600437,28.808120982414003],[77.19201903568577,28.808534377123717],[77.1923741933156,28.808843023141893],[77.19243742043008,28.808897969663004],[77.1926457937582,28.809079051932642],[77.19326453734989,28.809626567835995],[77.19398041648451,28.81025048664753],[77.1940625296145,28.810322051725375],[77.19485805394454,28.811023077999383],[77.19564917682149,28.81172796295773],[77.19643587318465,28.812436683625887],[77.19721811903287,28.81314921881686],[77.1979635119641,28.813835725404093],[77.19808265482399,28.813905301332312],[77.19823709493474,28.813988210418515],[77.19839500674853,28.814065881046012],[77.19855616246122,28.81413819871918],[77.19872032732509,28.814205059883648],[77.19888726465587,28.81426636643121],[77.19905673185002,28.81432203117834],[77.1992284823006,28.814371971519282],[77.19940226759715,28.814416116608246],[77.19957783534512,28.814454401079203],[77.19975493132803,28.814486770424303],[77.1999332983886,28.814513176500764],[77.20011267756702,28.81453358292604],[77.20029093926716,28.814547808788678],[77.20066533453836,28.814562035531548],[77.20105299407429,28.814583445182603],[77.20144010633678,28.814611511414626],[77.20186372771971,28.814649566007276],[77.20211996591631,28.814720123494908],[77.20217713708716,28.814737936584145],[77.20224718264916,28.814735252121466],[77.20240497348308,28.814729204362113],[77.20258673166374,28.81472023788349],[77.20277050179551,28.81471117154261],[77.20293047651822,28.814705991578556],[77.20309555775312,28.814700645928976],[77.20313783586465,28.814703201851618],[77.20318637836807,28.814706137266043],[77.20320442881123,28.81470722745768],[77.20323141839347,28.81471258372131],[77.20326422149758,28.814719092864586],[77.20328404060878,28.814723026060275],[77.20333611741789,28.814740698990192],[77.20334939404728,28.814745203692414],[77.20338424726582,28.81476320210977],[77.20339891001309,28.814770772610796],[77.20340407933877,28.814773442788447],[77.20342640856335,28.814784973515174],[77.20345573108168,28.81480474045103],[77.20348465148663,28.814824238757936],[77.20349436759945,28.814835140891223],[77.20355410976872,28.81490200977353],[77.20355431016064,28.81490223387039],[77.20355587737993,28.8149035373036],[77.20356127350011,28.81490802543699],[77.20356636304234,28.814912257824055],[77.20360626096017,28.814940819568047],[77.20368130024909,28.814994537081716],[77.2037362851778,28.815031448190386],[77.2038030458976,28.81507626471022],[77.20395026743232,28.815181060097984],[77.20409948097179,28.815287272701575],[77.20412420122005,28.81530759377252],[77.20414518297392,28.815324840559846],[77.20416608787436,28.81534223205882],[77.20418764865488,28.81536016863126],[77.20420961797127,28.815379115373787],[77.20423066700035,28.81539726872248],[77.20425217000694,28.815416449543967],[77.2042736009703,28.815435565673713],[77.20429598233743,28.81545700132359],[77.20431349451043,28.815473773340784],[77.20431550183534,28.81547559108045],[77.20431990816785,28.815479582868907],[77.20433190998821,28.81549121270553],[77.20434322260977,28.81550217439942],[77.2043544875562,28.815513644844454],[77.20436288392644,28.815522194622666],[77.20437232904729,28.815531070123114],[77.20438258936126,28.815540710051923],[77.20438768942336,28.815545584643456],[77.20439177951394,28.81554949407731],[77.20445961574968,28.815609931569224],[77.2045288009941,28.815671570445613],[77.20457579168418,28.81571928105965],[77.2046255671233,28.815769820752003],[77.20469652891212,28.815846576762226],[77.20476988839148,28.815925924538853],[77.20485231864433,28.81601543145366],[77.20493514642008,28.81610537031337],[77.20501468835789,28.816194508381294],[77.20509299123208,28.816282256415104],[77.20521353707908,28.816412561961183],[77.20533659517334,28.816545585431243],[77.20545310548636,28.81668577240388],[77.20556875313851,28.816824921329054],[77.20565498149834,28.816938045430582],[77.20573963595933,28.817049105566305],[77.20578930837061,28.817114333461262],[77.20583453020566,28.817173717081886],[77.2058451246519,28.817186897307487],[77.20588934876525,28.817241910428994],[77.20589277960774,28.81724617886436],[77.20593970238673,28.817304550264097],[77.20595772308769,28.817326706538925],[77.20600874777845,28.817389440935358],[77.20602327248854,28.817407299156613],[77.20603894782606,28.817426572252167],[77.2060409125046,28.817428987957072],[77.20604261107866,28.81743107598166],[77.20605830218486,28.817450367764206],[77.20610489475467,28.817506771253747],[77.20614023294253,28.81755586730689],[77.2061554930531,28.81757706718808],[77.20623711337574,28.81769873573871],[77.2062848470689,28.817769891402097],[77.20629259080478,28.817781435494318],[77.20629717007328,28.81778774138718],[77.20641239463326,28.81794645289674],[77.20642676781024,28.817966251601785],[77.20643852536402,28.81798313096531],[77.20645011604788,28.817999773055682],[77.20645060729996,28.8180004778065],[77.20649003512156,28.818057080435697],[77.20649143181556,28.81805908677444],[77.2064927175319,28.818060931619225],[77.20650956422223,28.81808511905241],[77.20652452507744,28.818106598066635],[77.20655453486955,28.818160047035494],[77.20658071687004,28.818206680677115],[77.20658159397642,28.818208241676757],[77.2065827414871,28.818210285473977],[77.20658586786497,28.818215853612866],[77.20660332644977,28.81824694955624],[77.20662417540203,28.818284083003125],[77.20663681905016,28.818305277799457],[77.20675776191577,28.818508019563907],[77.20677290993147,28.81853341219569],[77.20678344836928,28.818551890422302],[77.20685771742252,28.818682108602424],[77.20687002081704,28.8187036815721],[77.2068909853634,28.81874244887531],[77.20694662333653,28.818845334659237],[77.20695136846643,28.81885410820081],[77.20695495536889,28.818862467606248],[77.20695604474072,28.818865008593875],[77.20696840900993,28.818893836533494],[77.20697054566331,28.818898817241642],[77.20698208447934,28.81892571611804],[77.20699868220392,28.818964412286647],[77.20701690300643,28.819001857530488],[77.20703782784479,28.81904485615288],[77.20703830327797,28.819045684769495],[77.20705535077916,28.819075346456863],[77.2071017947111,28.819156160818626],[77.20712214568975,28.819191573587688],[77.20713361964609,28.819209906548377],[77.20714277593898,28.81922453756083],[77.20718221437915,28.819287235442737],[77.207212779066,28.819335824601662],[77.20722605073759,28.81935943523198],[77.20723320597185,28.819372161826895],[77.20725091852462,28.81940367035575],[77.20726274567143,28.819424707913385],[77.20726654444539,28.819436260548937],[77.20727628766072,28.819465889238742],[77.20727703213409,28.819468155263728],[77.20728010178468,28.819477489442356],[77.20728628496525,28.819496295127117],[77.20729387732607,28.819526680817514],[77.20729591056313,28.81953481931697],[77.20729823015142,28.819544099001092],[77.2073086324599,28.819585736811174],[77.20731183381379,28.819598545241657],[77.2073154248288,28.819607388178703],[77.20736512708974,28.819729764952264],[77.2074167735598,28.81985692795435],[77.20744648986894,28.819947597898487],[77.2074765041038,28.820039177849228],[77.20749723533665,28.820134839949304],[77.20750846080536,28.820186640854498],[77.20751743318682,28.82022804218928],[77.20753733065865,28.820349394434924],[77.20755415577871,28.820452011001063],[77.20756064233449,28.820504124038983],[77.20756814311802,28.820564391343016],[77.20758332120681,28.82070285457082],[77.20759707312364,28.820828301674332],[77.20759975134933,28.820844281075264],[77.20760264654946,28.820861560690552],[77.20760602820482,28.820878733998097],[77.20760935491539,28.82089563391773],[77.20761309261755,28.82091399779442],[77.20761764963254,28.820936376852117],[77.20762135735654,28.8209563300985],[77.20762440980668,28.820972759015046],[77.20762788764894,28.82099046037383],[77.20763113589655,28.821006991650044],[77.20763495685514,28.82102337731179],[77.2076386541171,28.821039241687117],[77.20764315351998,28.821054908873258],[77.20764816935477,28.821072375735735],[77.2076534297417,28.821089342352604],[77.20765881985226,28.821106727299096],[77.20766444207278,28.82112360498554],[77.20767020211537,28.821140896357768],[77.20767632992555,28.82115808877777],[77.20768259489192,28.82117566331528],[77.20768269181039,28.821175935113757],[77.20768298804472,28.821176718840473],[77.2077156727128,28.821261836320758],[77.20774819752369,28.821346561216867],[77.20778931807627,28.821440359288218],[77.20783086392912,28.821535130235873],[77.20788998059874,28.821665389061213],[77.20795060062758,28.82179895889842],[77.20799533034153,28.821912676543953],[77.20803814285067,28.82202152087009],[77.20808948125647,28.822133890587974],[77.20814265877614,28.82225028673218],[77.20817567228177,28.822330366778154],[77.2082075800746,28.822407763550054],[77.20826672882781,28.822545123317674],[77.20832546294818,28.822681519008285],[77.20838148206204,28.822795535264653],[77.20843851297762,28.82291161102407],[77.20850936927786,28.823057534491817],[77.2085817520626,28.8232065980429],[77.20863548437951,28.823336550318157],[77.20868662994434,28.823460247153402],[77.20874802338524,28.823581091027602],[77.20881083548612,28.823704725780942],[77.2088152041911,28.823713315024794],[77.20881735484375,28.823717542077937],[77.20881899562421,28.82372076695048],[77.2088650458407,28.823811292575066],[77.20887306924247,28.823827068008764],[77.20888522716079,28.823850967343297],[77.20888565364261,28.823851804873502],[77.20888800743141,28.82385643281067],[77.20889302606513,28.82386722194249],[77.20889650778763,28.82387470780971],[77.20897553477623,28.824044624465387],[77.2089933395195,28.824082906249537],[77.2090034574205,28.824104661829526],[77.20904863905018,28.824193144449303],[77.20905128313264,28.824198321615423],[77.20909906412818,28.824291897300068],[77.20919217719951,28.824463550013462],[77.20925686610951,28.8245828057793],[77.20928570641483,28.824635971773517],[77.20936561987196,28.82478260346135],[77.20944512001599,28.824928476745594],[77.20954129056994,28.82509503725432],[77.20963753371987,28.825261721001635],[77.20973122295841,28.825419093693796],[77.20982514189603,28.825576849612446],[77.20989675426618,28.82569673502686],[77.20996760635106,28.825815348938768],[77.21000169373463,28.825867715986032],[77.21003549205176,28.825919638434844],[77.21003690681495,28.82592166698859],[77.21003886153315,28.825924471659647],[77.21003994665935,28.82592602832002],[77.21004093139766,28.8259274404595],[77.21004203976183,28.825929030122623],[77.21004307311975,28.825930512743785],[77.21008494491029,28.825990572086113],[77.21008600044503,28.825992085922543],[77.21009056268791,28.82599857509498],[77.21009522636274,28.82600520967334],[77.21009680449414,28.826007453895908],[77.21011000748109,28.826026235501523],[77.2101113838889,28.826028194306733],[77.21011305814076,28.826030574999564],[77.21011562820193,28.826034232145123],[77.21011870526797,28.82603860910518],[77.21012063305112,28.826041351058127],[77.21012746008002,28.82605106297704],[77.2102065059733,28.826163508166882],[77.2102714775534,28.82625593366123],[77.21027492964785,28.82626084492406],[77.21037434608766,28.826417099159663],[77.21038417340957,28.8264325453687],[77.21049132654592,28.826600956954394],[77.21057660837208,28.82672850363784],[77.21066520942234,28.82686101331029],[77.21068614986717,28.82689834206292],[77.21070469258626,28.82693139461224],[77.21072988447501,28.826977468732547],[77.21076070685164,28.82703383735005],[77.21084988420326,28.827232943923534],[77.21093843068273,28.827430640607894],[77.21101877954491,28.827630894167918],[77.211098601944,28.827829831779674],[77.21114592456202,28.827958301681832],[77.21119396904707,28.82808873025689],[77.21120693246948,28.828127027887714],[77.21122015817639,28.828166099865],[77.21122160100943,28.82816829034995],[77.21122719758388,28.828176782672838],[77.21124713138134,28.828207037877018],[77.21124925982335,28.828210834868884],[77.21125652976033,28.82822379480292],[77.21125680768945,28.82822429190141],[77.21125705786325,28.828224736221788],[77.2112575231333,28.828225564986358],[77.21126762747478,28.828243582520066],[77.21128227146866,28.828277624607054],[77.21131474809702,28.828353126285425],[77.21132201088926,28.82837674740968],[77.21132679703746,28.828392314986733],[77.2113395898084,28.828433924879477],[77.21135783327527,28.82849326228169],[77.21136479467852,28.82851590578557],[77.21137379078631,28.828547652188245],[77.21138749676888,28.82859600952212],[77.21139337612013,28.82861675888175],[77.2113956329583,28.82862837182823],[77.2113961251728,28.82863091083095],[77.21139658390813,28.8286332717356],[77.21140087823143,28.828655378816446],[77.21140141293942,28.828658134566474],[77.21140488492541,28.82867018232594],[77.21141089926935,28.82870482604374],[77.21141157704933,28.828708727119498],[77.21141260617134,28.828714658829934],[77.21141318603337,28.828717999404734],[77.2114176263789,28.82874357146643],[77.21142219873484,28.828769910989077],[77.21142500783027,28.828786369025476],[77.2114427962456,28.828890612016156],[77.21145048356925,28.828935662907586],[77.21145445185056,28.828958921198378],[77.21145801992975,28.828979824842985],[77.21146007633078,28.82899465311107],[77.21146733196046,28.829046955305564],[77.21147050764908,28.829069846741287],[77.21147236930234,28.829083266169107],[77.2114786664249,28.82912876030477],[77.21147643757264,28.82913339565958],[77.21147748864615,28.829156403136512],[77.21147822650589,28.829172545057574],[77.2114787394445,28.8291837679493],[77.21147891980937,28.82918769432363],[77.21147961298536,28.829202885997784],[77.21147976505532,28.8292062011054],[77.21147992962202,28.829209816459883],[77.21148010601219,28.829213651771337],[77.21148047504091,28.82922175160242],[77.21148058086249,28.829224042503785],[77.21148069572087,28.829226566941664],[77.2115005854746,28.829508278393412],[77.21156336843477,28.830397500020094],[77.21156430792662,28.83042317458969],[77.2115708607047,28.83060226087042],[77.21157346680229,28.830800537919345],[77.2115760652524,28.83099816095172],[77.21157537975209,28.831164240780186],[77.21157469854947,28.831329796323306],[77.211571715171,28.831519534022327],[77.21156876802554,28.83170696314883],[77.21156903276065,28.831718899280347],[77.21156913535735,28.83172350813256],[77.21156917755962,28.831725406692065],[77.21157118176662,28.831815762861257],[77.21157083766501,28.8318288034151],[77.21157063788331,28.8318363621938],[77.21157038730506,28.831845830981912],[77.21156921844685,28.83189002647073],[77.21156917104327,28.831891757777544],[77.21156912514084,28.831893511616187],[77.2115690330308,28.831897004862363],[77.21156902422867,28.831897315383205],[77.21156903125093,28.831902443698365],[77.2115696152843,28.832273159893163],[77.21156085559147,28.832614800681416],[77.21156079251038,28.83261612983852],[77.21155431232438,28.832800159431354],[77.21155565871133,28.833006976195406],[77.2115623873987,28.833251474973284],[77.21156133037596,28.83348960246849],[77.21155689807425,28.833733585921387],[77.21155736456745,28.833964195172523],[77.21155077593983,28.834197496966738],[77.21154862804144,28.83440657070282],[77.21154730319367,28.83462006372406],[77.21154828000532,28.834811769186334],[77.21154609078428,28.835006097097473],[77.21154727263591,28.835186954059765],[77.21154884713692,28.835266671506275],[77.21155223497296,28.83543812324792],[77.21155654690958,28.835701702809658],[77.21155325039545,28.835937121394174],[77.21155143386187,28.83619953738796],[77.21154719579793,28.83647550438311],[77.21155083065258,28.836671801098564],[77.21153719754571,28.836811513582127],[77.21153652598638,28.83681585452623],[77.21151723147833,28.836949316993707],[77.21150896608998,28.837002731712435],[77.21147641093003,28.837157256493477],[77.21141991717474,28.8373840142498],[77.21136938169641,28.837528077182153],[77.2113277850375,28.83771150513068],[77.21127181576745,28.837942350476418],[77.21122096826454,28.838137373423468],[77.21116845061859,28.838350624965454],[77.21111423257231,28.838570259868842],[77.21106779843556,28.838763611594484],[77.21101897219039,28.83896528163796],[77.2109578577114,28.839217539682608],[77.2109045494488,28.839438318090675],[77.21083714301149,28.839720141543918],[77.21078058034809,28.839965557957807],[77.21075998571821,28.84008634869375],[77.21071909363116,28.840200213569737],[77.21070998536841,28.840232502190393],[77.21070997482532,28.84023253664898],[77.21064473474718,28.840463772864982],[77.21056791525905,28.84076905581836],[77.21056006345924,28.840800968341338],[77.21049675104355,28.840999968646802],[77.21047173404412,28.841076069994937],[77.21034536216402,28.841442845577486],[77.21022253718535,28.841759516546222],[77.21005146102804,28.842134923969965],[77.20988746129187,28.842499219417018],[77.20972480301124,28.84287355376857],[77.20959020420611,28.843195976009284],[77.20943914640709,28.843516322893755],[77.20933034486671,28.84383097958684],[77.20920771629919,28.84423282858732],[77.20909257734992,28.844583165842135],[77.20896259403018,28.844992069905317],[77.20895963305657,28.84500179421985],[77.2088698042649,28.845296810686474],[77.20874968144877,28.845690961722912],[77.20864577569054,28.845952632109256],[77.20858872509707,28.846081875749235],[77.20840404855599,28.846452825969187],[77.20824553621732,28.846784144350014],[77.20805211017434,28.847145846776954],[77.20792212999315,28.847397285382748],[77.20777517102036,28.84769002394111],[77.20773004353578,28.847776948342943],[77.20747184110422,28.848272007834538],[77.207269343468,28.848635937521532],[77.2071087718545,28.84895031790296],[77.20698494569208,28.84915562452584],[77.20696836316957,28.84918763830126],[77.20685745161917,28.849401755056572],[77.20668806744308,28.849720065134083],[77.20640732688095,28.850250917982038],[77.20639559889072,28.850273095233042],[77.20628583752564,28.850495922987527],[77.20614142146306,28.850753790347436],[77.2059430882586,28.85111919118149],[77.20572692911655,28.851527901251135],[77.2055893885811,28.85178288295052],[77.20528117873603,28.852286670663858],[77.20503635655997,28.85265324229737],[77.20499288359701,28.852701586287584],[77.20495366638205,28.852736947548017],[77.20488113661537,28.852802067881278],[77.2043202539046,28.85326242931003],[77.2042138452166,28.853349265774277],[77.20388123399891,28.85361712949736],[77.2038139857361,28.8536692146488],[77.20368679056453,28.853759417644834],[77.20347736793317,28.853895073390127],[77.20329309341803,28.85400414147126],[77.20315613529061,28.854077316474356],[77.20309483979797,28.8541068062004],[77.2027790664672,28.854200694046735],[77.20271324952543,28.854218827695373],[77.20258400985246,28.854259626613008],[77.20250535825558,28.854281827039518],[77.20241843799744,28.85430620974906],[77.2020229234067,28.854389682948902],[77.20144910309438,28.854510665245538],[77.20109768158872,28.854582576806834],[77.20064620692179,28.854681882285202],[77.2002090405259,28.854770925927237],[77.19988594332345,28.85484040872653],[77.19943862521023,28.854937626750967],[77.19866168381054,28.855111867024114],[77.19807560524163,28.85523496510464],[77.1977646115135,28.855302296655687],[77.19731825106174,28.855399397421724],[77.19680026385566,28.855508439819324],[77.19629805078714,28.85561828789898],[77.19585879976385,28.85571474386425],[77.19541241140348,28.855804943820726],[77.19499286059455,28.85589066045113],[77.19457015146727,28.855976623913747],[77.19409727935135,28.856078455054025],[77.19368451058683,28.85617099205636],[77.19328422583983,28.856258490364763],[77.19285799376453,28.856347901988112],[77.19246497264642,28.85643114016337],[77.19200236870657,28.856528978696282],[77.19200201770701,28.856529052976345],[77.1917513635558,28.856583000657597],[77.19155537135438,28.856625920407314],[77.19109829217177,28.85672031145659],[77.19068374738737,28.85680583879455],[77.19027019759969,28.85689569490392],[77.18993823814733,28.856967174105787],[77.1894942769224,28.857064820382476],[77.18488950492659,28.857976764114525],[77.18466351622112,28.857886190456142],[77.18449073376475,28.857892386159513],[77.18442801448309,28.857892737701558],[77.18407150663884,28.857894736496885],[77.18369564131453,28.857896234130532],[77.18332504283642,28.857914843441858],[77.18322375490396,28.857908342128955],[77.18307879228237,28.85788149833856],[77.1830239670538,28.857880689175996],[77.1829942312402,28.857875808640262],[77.18296170576909,28.857858721442184],[77.18294033073636,28.85783837692488],[77.18291245272827,28.85782617238233],[77.182830736213,28.85781378231544],[77.18263024180338,28.857786686079265],[77.18240884831795,28.857758876802922],[77.18212875087316,28.857744698000214],[77.18172629304281,28.857724073063956],[77.18159281126405,28.85773665661364],[77.18145866025104,28.85774183244821],[77.18126406904884,28.85775475869252],[77.18104441567154,28.85777026918102],[77.18071120939219,28.857796797121225],[77.18058000680513,28.85780197129805],[77.18045764983044,28.857814891647454],[77.18031613127346,28.857853635187457],[77.1801598713987,28.85791820254375],[77.18001324250339,28.85796004290144],[77.1798761462804,28.858000076882686],[77.17976116148195,28.858028489262246],[77.17965207299298,28.858043990425777],[77.1796354497549,28.858049029523144],[77.17962666314052,28.85807750994404],[77.17953526298854,28.85810753564241],[77.17941222421683,28.8581467995819],[77.17924963797361,28.85820376918744],[77.1790879285279,28.858245345323514],[77.17896928281333,28.85827152357652],[77.17883236729399,28.85831077855584],[77.17866765007912,28.85837194407495],[77.17850114440066,28.858447222662665],[77.17839372156436,28.858513089210874],[77.17834538053496,28.858538181141114],[77.17827913656747,28.85857895594036],[77.17820585021111,28.858616476366365],[77.1781481506676,28.858635915201457],[77.17811375249924,28.858641748443567],[77.17808823169305,28.858644664654122],[77.17806049013784,28.858633976303633],[77.17804606418923,28.858614540949873],[77.17802497926958,28.858587331013897],[77.17798391888495,28.85853096776853],[77.17795728530497,28.85848626504261],[77.17790401913417,28.85842698709195],[77.17787738767656,28.85840755134709],[77.17784076828235,28.858385202065467],[77.17771426779055,28.858330785891855],[77.1776221670278,28.85828122830778],[77.17728190544581,28.858127052363855],[77.1772708100157,28.858134827772272],[77.17702668775084,28.858026966873265],[77.17687633281548,28.85797339893976],[77.17637588242583,28.857977743604614],[77.17620442220948,28.857988477316198],[77.17597784961026,28.858028709620214],[77.17584632857144,28.85805381178571],[77.17577468137888,28.858073121984862],[77.17568980637905,28.85810112155988],[77.17548808851451,28.85808664806105],[77.17536460928471,28.85858792347173],[77.17527139705352,28.85857270618918],[77.17518134415243,28.858539501707455],[77.17507233273325,28.858507680418974],[77.17490012660629,28.858421899209837],[77.1748472659068,28.85839116926133],[77.17466962686714,28.858287898359336],[77.1746434372628,28.858272672915767],[77.17464338856166,28.85827274588286],[77.17456689006598,28.858245333174832],[77.17447159027031,28.858179097873236],[77.1736351163303,28.857597725026057],[77.17322415242836,28.857312088775796],[77.17339359085076,28.856593181539935],[77.17340638111999,28.856459275597192],[77.17342921722594,28.856220195533147],[77.17340475041792,28.856086903877195],[77.17325445803147,28.85564052336777],[77.17303394596122,28.85494700054598],[77.17298521382479,28.85468996332621],[77.17289365649931,28.854067767807983],[77.17284626298203,28.853745696932776],[77.17269989448447,28.852966191005727],[77.17254147237276,28.852128430131195],[77.17245284792155,28.85162586254711],[77.1724470736509,28.851593117571564],[77.17233588478216,28.851031312377405],[77.1723004019089,28.85081381776879],[77.17227901083912,28.850682701144652],[77.17223622791279,28.85005872611779],[77.17217225826244,28.850073257528997],[77.17207954991592,28.850094317013973],[77.17183615485587,28.850149605544136],[77.17123008897563,28.850287273940705],[77.17036087247101,28.850539996860885],[77.1700533799008,28.85059476228945],[77.16995564175743,28.85061216952815],[77.16968337084708,28.850626551844652],[77.16963061517588,28.850629338107414],[77.16929781950881,28.850598884665278],[77.16910770486871,28.850584039255015],[77.1690405333537,28.85055243538377],[77.1689868650923,28.850540682479316],[77.16890942302363,28.850506274423445],[77.16886554646338,28.850470103719747],[77.16881334022429,28.85044554026509],[77.16872451276339,28.85036073316608],[77.16869732649798,28.85033477645348],[77.16867402132378,28.850312526076053],[77.16848137915966,28.8501286008969],[77.16811516716088,28.84979430685459],[77.16769424920685,28.84943701823898],[77.16719233736691,28.849085927781623],[77.1670270307678,28.84897029396966],[77.16698674811047,28.84899464231656],[77.16681809210581,28.849096583984558],[77.1665891390324,28.849234970879213],[77.16635754771544,28.849374951704856],[77.16625787781207,28.84926736966238],[77.16586379263434,28.848841993396253],[77.16574736623811,28.848716322549738],[77.16570030215799,28.84873498328012],[77.16540943162336,28.848420134745012],[77.16517330073798,28.848164537273078],[77.16482508618589,28.847716549836026],[77.16488520821629,28.847673807457312],[77.16459765054904,28.847325526927737],[77.16404389109056,28.846654822918104],[77.1633050855908,28.84573129808892],[77.16316710402366,28.845558816081247],[77.1630744639775,28.845434297533515],[77.16265811523218,28.844874675092612],[77.1624914125428,28.844680399368123],[77.16190016626074,28.84401997604621],[77.16176978057186,28.843874334096945],[77.16137938698975,28.8433696579727],[77.16112716811674,28.84304360287825],[77.16100367893249,28.84288396356954],[77.16074026771841,28.84260171280732],[77.16036400126637,28.842106416103643],[77.15978100498312,28.841447320737828],[77.15955111055862,28.841200917326617],[77.1592916255547,28.84092279785775],[77.15926084061711,28.840893241551953],[77.15913989860859,28.84077712576113],[77.15902463059508,28.840666456247135],[77.15870520503783,28.840359774716756],[77.15838939684068,28.840234848872623],[77.1582978983657,28.840198654408233],[77.15780500595122,28.8399630411091],[77.15769619794477,28.839814385016343],[77.15764597071902,28.839762044825555],[77.15758908304666,28.839702764431458],[77.15722238369186,28.83932063847316],[77.15693942841237,28.83901004580614],[77.15691993018521,28.83806499813376],[77.1570699861464,28.837847742840005],[77.15720440830236,28.837661163992884],[77.15733092065656,28.83748547750655],[77.15793043572516,28.836980618420913],[77.15772831112301,28.836962215418996],[77.1573746337605,28.836930013966036],[77.15675091980916,28.837054580035467],[77.1560320517013,28.837161567167684],[77.15545595212448,28.83721708187569],[77.15543802163656,28.837218809419742],[77.15488486860966,28.83734701302096],[77.15335217531502,28.837634098379162],[77.15263394360494,28.83773113965603],[77.15260822938785,28.83773461428014],[77.1512370045693,28.837881981148602],[77.15116032087182,28.83789022240784],[77.15104638929938,28.837902465709416],[77.14971302416595,28.837995347353605],[77.14942637654973,28.83802521128904],[77.14917908868782,28.838050973531324],[77.1489013949045,28.838079902353506],[77.14854603797605,28.83805413684659],[77.14849194168382,28.838050214914404],[77.14846628562765,28.838048354469567],[77.14775419289198,28.83799672035286],[77.1469529281713,28.83792592581254],[77.14574615744482,28.838183862603284],[77.14572065883763,28.838189673903866],[77.14490163912767,28.83837634494311],[77.1445811696366,28.838614201955156],[77.14399986431049,28.83902331588869],[77.14315037831693,28.839245707632116],[77.142412753929,28.83939444044018],[77.14241399577129,28.839462486808586],[77.1424153902532,28.83953053075105],[77.14247248728937,28.83980188792832],[77.14252958466832,28.840073245055645],[77.14255881612088,28.840503964149743],[77.14256650127055,28.840617187160436],[77.14252613885965,28.841162357192005],[77.14251151952067,28.841343379927345],[77.14251153347105,28.841658387657674],[77.14251153621818,28.841707117865614],[77.14250321704152,28.841865743377053],[77.14239063896552,28.84209474666207],[77.14236342286446,28.842205611664536],[77.14224791897622,28.842255835168253],[77.14201113058616,28.842388905374644],[77.1418745060707,28.842465685220812],[77.14176204686103,28.842694733969303],[77.14176963012791,28.842807962247136],[77.14181513152448,28.84335176810652],[77.14181357479823,28.843465184871544],[77.14164084122271,28.84348325844071],[77.14163549496554,28.843540222094013],[77.14162978045745,28.84366953808697],[77.14163732467331,28.843767356967803],[77.14165056088846,28.843813781881146],[77.14165532252757,28.8441201849548],[77.14162348874387,28.84436263837097],[77.14159635497299,28.84442981992744],[77.14158277259796,28.84474655491993],[77.1415935231994,28.844904926185],[77.14163424256832,28.845151863635095],[77.1416692410086,28.845444971285257],[77.1417149642085,28.845986272334084],[77.14174681205515,28.84624577499049],[77.1418573696575,28.84654362636952],[77.14187080694215,28.846744545099973],[77.14190854854188,28.846884012418368],[77.14192200874223,28.846999837833103],[77.14198859030239,28.847150841799362],[77.14200743104804,28.847328124281457],[77.14212263487819,28.847490822397333],[77.14268000274107,28.848277967942593],[77.14286739661267,28.848620521117645],[77.14305479850219,28.848939615534466],[77.14325828860403,28.849197717065273],[77.14347247672497,28.84952150986892],[77.14365212588427,28.849900031427744],[77.14390268291812,28.850257135517783],[77.14412571213369,28.850556334776943],[77.14433717663482,28.850885662328217],[77.14452992260381,28.85113419064176],[77.14464527691752,28.851469579568604],[77.14477739937193,28.851829072055526],[77.14483519584181,28.852014848815788],[77.14500040114756,28.852263371480348],[77.14509614528289,28.852473441666014],[77.14516371142822,28.85268975459971],[77.14521657994605,28.85289576460182],[77.14525771318702,28.853006497801204],[77.14543410941587,28.853021981377474],[77.14547525184574,28.853096664811112],[77.14537017379749,28.85354501442472],[77.14525337104847,28.853892569622044],[77.14513078042285,28.85404077772331],[77.14508990430221,28.854142998343114],[77.14467138044293,28.854373762590317],[77.14429184126332,28.854459629647117],[77.14405127784912,28.85449056786831],[77.14366209979002,28.85465780492098],[77.1430322912745,28.855110042371425],[77.14287660518191,28.85522774814624],[77.142727972194,28.855432210131138],[77.14228923554758,28.85570477441302],[77.14202027315088,28.856082717821863],[77.14198302923754,28.856882708929078],[77.14235523543199,28.857866180437775],[77.14243476909162,28.858161196805426],[77.14244889018802,28.85840339960577],[77.14257375706201,28.85845558830832],[77.14255635988125,28.858844276816672],[77.14254688541324,28.859597179454223],[77.14231717966233,28.859596520631698],[77.14230566036443,28.859566230246433],[77.14180613047105,28.859576220137292]]],"crs":null},"id":10,"type":"Feature","properties":{"area":81.28916134,"zone":"P- II","id":0,"SHAPE__Length":49760.84742557629,"objectid":10,"SHAPE__Area":81289161.33686844}},{"geometry":{"type":"Polygon","coordinates":[[[77.18954454869247,28.56927200122819],[77.18950863311747,28.569281091388],[77.18893598154197,28.56934885529194],[77.18825066790079,28.569420542953768],[77.18759117954936,28.569488450554715],[77.18758436890755,28.569489215455686],[77.18704721212268,28.56955464136297],[77.18553223218221,28.56969698982354],[77.18487872133635,28.569764965788174],[77.18487123693454,28.56976582171068],[77.1842718376424,28.569840591805704],[77.18375050134613,28.56990562280354],[77.18373921553054,28.569907208463697],[77.18369043597264,28.56991831510826],[77.18322639462943,28.570058408636548],[77.18318004160508,28.570076108827354],[77.1827415371611,28.570280377018044],[77.18273635016021,28.57028285698384],[77.18139502889736,28.570938270613546],[77.18136142633934,28.57095713574466],[77.18067280991319,28.571397927872614],[77.18066777340266,28.571401217410713],[77.18065122755749,28.57141300574323],[77.18008411101077,28.571844680186302],[77.1800683577634,28.571857488843353],[77.17960608039296,28.57225882753743],[77.1795999731349,28.57226427268873],[77.17958159017167,28.572282597787716],[77.17913324555593,28.57276965492772],[77.17911798385343,28.57278762755404],[77.17876924351799,28.573238578605622],[77.17875175755734,28.573263890118827],[77.17849735956855,28.573678652499268],[77.1782192303693,28.574122449831698],[77.17821427673518,28.574130663596563],[77.1778877737725,28.574693755759963],[77.17720700694231,28.5757747012138],[77.17719882408214,28.575788565540275],[77.17628116136093,28.57745170936481],[77.17529121005902,28.579163051237682],[77.17461270272277,28.580346674637223],[77.1734936900045,28.582348361307137],[77.17226076708012,28.584493745629924],[77.172189744311,28.584617137543432],[77.17182601665198,28.585249059341617],[77.17182346823358,28.585253585482896],[77.17170545769821,28.585468102132037],[77.17144931960868,28.58588366116688],[77.17001487906558,28.587993648542195],[77.16938687642639,28.58893262770473],[77.1688952243652,28.589667725163654],[77.1685584113445,28.59017130688727],[77.16796252111612,28.591031762807084],[77.16793970400566,28.591064710564588],[77.16770619432624,28.591401889609777],[77.16743346436091,28.591795698277238],[77.16742098084342,28.59181372366053],[77.16710440445866,28.592321147268432],[77.16676565322129,28.592817159533254],[77.16650906419687,28.59316503599845],[77.1664364048982,28.593290966997664],[77.16637976899256,28.593389124507077],[77.16629745649112,28.59353009942998],[77.1662948591018,28.59353460099714],[77.16611470593436,28.593846832736972],[77.16583423516278,28.593708480506862],[77.16566749530722,28.59362477057713],[77.16525029869435,28.59341532079011],[77.1646179024546,28.593089788856346],[77.16382475965538,28.59275394267862],[77.16100025303302,28.591589907791704],[77.15881765751115,28.590678653092187],[77.15702317735469,28.58993986090029],[77.15442370430448,28.5888675410314],[77.15307759739386,28.58832213871445],[77.1521287965245,28.58792825448006],[77.15103722458801,28.58747508835702],[77.14894862000595,28.586606198221393],[77.14704162002191,28.5858322181776],[77.14703768934503,28.585818078112748],[77.1465648862845,28.584117204753927],[77.14623691672647,28.582902794697574],[77.14592102047504,28.581660734221423],[77.14552476560348,28.580182326616285],[77.14514287849705,28.578825919213852],[77.14489557408356,28.57808327734489],[77.14472445379738,28.577652965001583],[77.14465167557302,28.577435698671014],[77.14446319144896,28.576887688174686],[77.14419779121813,28.576162554774534],[77.14387930823013,28.575586773378703],[77.1434524822933,28.57508857119162],[77.14333056335177,28.574947591095714],[77.14291089883721,28.57464480504797],[77.14252392799024,28.574418012465813],[77.14199626680845,28.574192215253152],[77.14143755820979,28.57399724081449],[77.14106738059928,28.57385830999776],[77.14054814138876,28.57364805700779],[77.14014714741842,28.57348609389483],[77.13971454415146,28.57328500053132],[77.13940800702623,28.57313712793301],[77.13890905034576,28.57287372902389],[77.13853063743322,28.57265184601049],[77.13812203961942,28.572414701381753],[77.13720016568405,28.571862604547277],[77.1365592889294,28.57146691142228],[77.13615237106356,28.5711957195792],[77.13590389009049,28.57103456535467],[77.13573208930909,28.570883254864327],[77.13555194102543,28.570710976797766],[77.13538501655097,28.57052944822913],[77.13525253820566,28.570361912556834],[77.13507951195068,28.570115611503194],[77.1349004300973,28.56977003477223],[77.13480991304131,28.56950689870958],[77.13474519880037,28.56925765725169],[77.13471156880152,28.569026282324018],[77.13469424228217,28.568907075312303],[77.13465787001257,28.568545490219464],[77.13463569605807,28.568105702937494],[77.13458920770209,28.567311728236653],[77.13454661361364,28.566543982819635],[77.13450301243228,28.56589114821295],[77.13439122811997,28.563871639741066],[77.13421745046338,28.561461721930275],[77.13413223469847,28.560113444358517],[77.13408998693113,28.559819178705705],[77.13403736406876,28.55952511500203],[77.133933533592,28.559100029517186],[77.13379673839026,28.558619919491225],[77.13350238322005,28.557609228634213],[77.13321697093612,28.55662197276905],[77.13294290782548,28.555801686793696],[77.13211746456777,28.553570604546305],[77.13199443729985,28.553256092968457],[77.13189072280964,28.552999108101165],[77.1317544079034,28.552700987098063],[77.13152667489933,28.552322690177643],[77.13121686251884,28.55196029034317],[77.13083924323301,28.551584489397808],[77.12965330447786,28.55064262291678],[77.12880061631154,28.54998355644064],[77.12778914340235,28.549191893340403],[77.12671513051293,28.54834696108908],[77.12524513686361,28.547184922269807],[77.12496721087804,28.546957640035455],[77.12436164362677,28.546474605034337],[77.12509850967618,28.546131671490294],[77.12593966920204,28.545745191475547],[77.12667759294949,28.54540481555958],[77.12734843197308,28.545071937043254],[77.12749788584213,28.544983184034216],[77.12757919475466,28.544929365763245],[77.1276484217401,28.544860586936437],[77.12766937116298,28.5448311687274],[77.12772735011751,28.544704791719603],[77.12778575861043,28.54455546654109],[77.12788662907207,28.54430550431428],[77.12808239374533,28.543745149536345],[77.12834910415154,28.542984936774065],[77.12854928309693,28.542458841755003],[77.12867770794857,28.54214374355143],[77.1287351772141,28.54193986962617],[77.12881974634324,28.541821347642067],[77.12888437805057,28.541705555617614],[77.12898485988667,28.541593539614226],[77.12910691820521,28.541455451020774],[77.12921877790767,28.541349899249017],[77.129305321738,28.5412603537058],[77.12947391194983,28.54112575589769],[77.12961214259312,28.54100544417319],[77.12973683214996,28.540908869986698],[77.12982375485566,28.54082768086676],[77.12985798328933,28.540794998755675],[77.12990648267649,28.540748006638985],[77.12995227588907,28.540700286391576],[77.13025290812328,28.540379862448553],[77.13029789934998,28.540325310606317],[77.13039286708053,28.540220063643368],[77.13059842905895,28.53999319534825],[77.13070285018577,28.539905062930885],[77.13085390292339,28.539784409811485],[77.13102035613971,28.539677971682483],[77.13104261121903,28.53966203567875],[77.13117827890716,28.539573206641847],[77.13124083382473,28.539532437755046],[77.13148869900803,28.539370896751652],[77.13311240074768,28.538312661378257],[77.13322776071077,28.53824192875552],[77.13335169854967,28.538174595605465],[77.13347966673737,28.538113424083143],[77.13361127257468,28.538058599909885],[77.13374611282367,28.538010292732086],[77.13385774779941,28.537976523777708],[77.1338837746197,28.537968650693045],[77.13402383547125,28.5379338004333],[77.1340815473427,28.537922443438397],[77.13450971530804,28.53786835350708],[77.1345812486921,28.537864993654328],[77.13495902132593,28.53783400812307],[77.13534017498979,28.53779659891712],[77.13572049967307,28.53775311286683],[77.1360998719696,28.537703564555734],[77.13611321276359,28.537701604135787],[77.1365997446357,28.53763923448373],[77.13678771879258,28.537610609394893],[77.13720974151829,28.537522548979094],[77.13721363366405,28.53752184796022],[77.13757159482444,28.53741998260414],[77.137944051403,28.537307191996867],[77.13831406546107,28.537188299519546],[77.1383427187544,28.53717855613606],[77.13886564767391,28.537007105438864],[77.13887269302066,28.53700463488039],[77.13915233093961,28.536909438652078],[77.13919315071341,28.536887978112187],[77.13931107960438,28.53681713686612],[77.13934950657135,28.53679533592016],[77.13941501472203,28.536752852115022],[77.13947739545743,28.536706844404133],[77.139536406124,28.53665749076296],[77.13959821413695,28.53659892459248],[77.1400461688149,28.53616285014939],[77.14128789983862,28.53476998914579],[77.14179537654374,28.534222787177704],[77.1419446818053,28.53406179216835],[77.14284161092667,28.533094628618212],[77.14315425130674,28.532763142688577],[77.14325600691697,28.532671451148627],[77.14335693552187,28.5325880756838],[77.14346186635294,28.53250864864719],[77.1435706031766,28.53243331840028],[77.14366982692563,28.532370527044527],[77.14582907621116,28.530882712328253],[77.1458904462446,28.530843706255787],[77.14602376411513,28.530745380893837],[77.14616634831884,28.530642447896938],[77.14626901690096,28.530564674232238],[77.14635355883289,28.530499088563133],[77.14649002545222,28.530378115470707],[77.14668027721284,28.5302045920424],[77.14681489437272,28.53009186254414],[77.1468423036496,28.530062571377986],[77.14713560011641,28.52979477569809],[77.14732077636336,28.529627468331466],[77.14756757679784,28.529403508812873],[77.14774779686856,28.52925516470127],[77.14793267498952,28.529109167580838],[77.14829107024912,28.5288528213919],[77.14846852890541,28.528731577719217],[77.14872232742641,28.52856566946245],[77.14898006109718,28.528404562839285],[77.14924161288108,28.528248330059885],[77.14950686570748,28.52809704153078],[77.14977569838614,28.527950765919638],[77.15004209729886,28.527812624784964],[77.15204194574613,28.526741035721958],[77.15227007294492,28.526603614292025],[77.15249927566403,28.52645861678642],[77.15272464258173,28.52630900485364],[77.15279062644021,28.526263066019283],[77.15294605573054,28.526154856177687],[77.15316339723698,28.525996252952982],[77.1533765523491,28.52583328003163],[77.15359290588103,28.52566001844701],[77.15460425788118,28.5248973959271],[77.15474311357471,28.524789716023633],[77.15487475885931,28.524680264583807],[77.15500203229524,28.524566850883872],[77.15512477929785,28.524449610029038],[77.15524285360212,28.52432868421119],[77.15535611204598,28.52420421737734],[77.15547199417645,28.524067417533825],[77.1567913976844,28.522607589132456],[77.15722927387797,28.52204264860758],[77.15736031179796,28.521866896517285],[77.15748462674868,28.521689427556716],[77.1576032094773,28.521508924870353],[77.1577159648639,28.521325532548765],[77.15782280191252,28.521139396420928],[77.15792363482758,28.520950666744397],[77.15802284879585,28.520750485343765],[77.15877211736505,28.519353684795096],[77.15904409010828,28.518879222420757],[77.15957766892302,28.517967747234362],[77.15964657944924,28.517849979124467],[77.15972837501712,28.517727594682107],[77.1598178322623,28.517609467259106],[77.1599146676128,28.51749596949352],[77.16001857576038,28.517387459931456],[77.16012922761836,28.517284283060015],[77.16024627227212,28.517186764764844],[77.16035926885212,28.517102706461486],[77.16213759975717,28.515745899402418],[77.16365045521344,28.514541272326053],[77.16408568297203,28.51413794935888],[77.1642147846674,28.51402230597726],[77.16433332403084,28.51390915153572],[77.1644477347024,28.513792728762986],[77.164557900584,28.513673155015077],[77.16466371178042,28.51355055115823],[77.1647679199903,28.51342149961183],[77.16623065724268,28.511586601578458],[77.166518279287,28.511265150448544],[77.1668623149827,28.510976763502455],[77.16728956405336,28.510669809414864],[77.16780286681697,28.510399743079333],[77.16834395590061,28.51025458176121],[77.16886574500165,28.51017665609893],[77.16932061420206,28.510101086634847],[77.16962193491904,28.510066417515237],[77.16998227516068,28.51003408836891],[77.17049962777185,28.50990426349976],[77.17056336117712,28.50988428217201],[77.17064811938494,28.50985393297767],[77.17087540169034,28.50976409788237],[77.17099922882453,28.509708093161187],[77.17113819410302,28.50963825400874],[77.1713004770396,28.509548118141353],[77.17197720829816,28.50926714177558],[77.17224363599789,28.509172213915843],[77.17249599930744,28.509078488594437],[77.17275055796094,28.508980059168408],[77.17288448385244,28.508929242837926],[77.1730067635677,28.508876984928847],[77.17312626545613,28.50881993228413],[77.17324274876377,28.508758200649282],[77.17335597697128,28.508691912921226],[77.17346572401337,28.508621203559958],[77.1735717680595,28.5085462141766],[77.17367389569097,28.508467097977988],[77.17377276318106,28.508383280529095],[77.1740530015562,28.508126604567565],[77.17415113642645,28.508054708130306],[77.1742497250893,28.507993038321516],[77.17435334528054,28.507938179720707],[77.17446139478778,28.5078904532517],[77.17457324595154,28.507850134229567],[77.174688247818,28.507817457739915],[77.1748057342154,28.507792613998582],[77.17492502065276,28.50777574659685],[77.17501605504623,28.507769098025182],[77.1755326712126,28.50769544213477],[77.1760068304141,28.507634864823466],[77.17700351226287,28.507436081743872],[77.17707234081118,28.507500531143293],[77.17713585764778,28.507569104356552],[77.17719374728725,28.50764146086478],[77.17724572038365,28.50771723987925],[77.17729151896594,28.507796066573707],[77.17733091632702,28.507877546671956],[77.17745094387442,28.508144086493502],[77.17750330186351,28.508264630702435],[77.17756208584026,28.508365817579435],[77.17776998621595,28.50874274845732],[77.177896123644,28.508929212205654],[77.17794254057182,28.508965503079253],[77.17801032165964,28.50900331012354],[77.17806913259084,28.509023003728565],[77.17816882567764,28.509033687301706],[77.17867652198446,28.5090450340169],[77.17894607057015,28.509050930770776],[77.1791857979616,28.50906335627022],[77.17936484229266,28.509075138052694],[77.17955762333635,28.509109549139314],[77.17975780026086,28.50916974281315],[77.17991768503828,28.509244670497047],[77.18012183074818,28.509371694955174],[77.18048170100731,28.509729446926002],[77.1809347224231,28.510181831848815],[77.18127567820056,28.51053935370649],[77.18135920348396,28.510619221484248],[77.18144473163954,28.510692070500646],[77.18154582940292,28.510767677673865],[77.18165176405444,28.510830277967486],[77.18175710865435,28.5108642115415],[77.1824876024378,28.511017997093695],[77.18307749530044,28.511148863355274],[77.18368924683165,28.511267083497657],[77.18375836761149,28.51128005987322],[77.18407975558337,28.511363031079554],[77.1843048140955,28.51146559673214],[77.18447158676469,28.511592031435068],[77.18471736465881,28.511851967562613],[77.18504591467605,28.512229749522852],[77.18541595424027,28.512647540591033],[77.18564041048121,28.512904407197418],[77.18616551021178,28.51347902549856],[77.18660255539437,28.513953091873525],[77.1869597716388,28.514364744146064],[77.18732732948443,28.514778754337012],[77.18760114523585,28.515081435195174],[77.18767195250632,28.51515710214352],[77.18776522050068,28.515259124376968],[77.18800843781159,28.51552098263832],[77.18820277693995,28.515730912817656],[77.18833610823518,28.515885795544317],[77.18851205076055,28.516157219289912],[77.18879645328666,28.51667521784854],[77.1893557833944,28.517634965027458],[77.18949018763288,28.517874827612342],[77.18955477389488,28.51800769308318],[77.18960061326848,28.5181598848714],[77.18961998019093,28.518602153528423],[77.18968939316116,28.519199076089553],[77.18977151047719,28.52002293234202],[77.18982209487855,28.52056625127557],[77.18985510176384,28.520973502566275],[77.18988910867938,28.521573060160616],[77.1898946270738,28.52163901318705],[77.18991506058984,28.521729353949187],[77.19001720041197,28.52210566558386],[77.19023605138362,28.522876740077002],[77.1902779293809,28.522992865447407],[77.19047342443896,28.522942340371998],[77.19220393284398,28.52249508501231],[77.19320732392949,28.522235743866375],[77.1933790040193,28.52217899902925],[77.19357419187604,28.522122574424955],[77.19377187734308,28.52207339976806],[77.19397171694611,28.522031561802656],[77.19417335978392,28.521997133860054],[77.19436328034774,28.521971923446085],[77.19446846110283,28.52195531143955],[77.19654822278852,28.522048081301993],[77.19663987734464,28.52204936964138],[77.19672764365224,28.522046373550744],[77.19681509458403,28.522039156144903],[77.19690197006021,28.52202773877612],[77.19699383000322,28.522011101223175],[77.19712021662208,28.521985457665636],[77.19905759517064,28.52136668574181],[77.19926603840379,28.521279595867778],[77.19948365805608,28.521182502171555],[77.19969835701016,28.52108046304529],[77.19990999055463,28.52097354581318],[77.20011841817747,28.52086182314584],[77.20035030478275,28.520730149254756],[77.2004829418784,28.52067626326097],[77.20060422118398,28.52063435240483],[77.20072805447084,28.520598739586745],[77.20079326805423,28.520583625842892],[77.2011767533615,28.520499091933033],[77.20209673964813,28.52026871904021],[77.20343155382658,28.51999615949164],[77.20345697091192,28.51999109123316],[77.20454835411189,28.519726951406067],[77.20494850763887,28.51964827748223],[77.20521302620223,28.519612013072404],[77.20545891333958,28.519572192527303],[77.20570347657365,28.51952644872922],[77.2057202667048,28.519522881739082],[77.20650823389467,28.51933169460054],[77.20660019826354,28.519306242591735],[77.20798049211137,28.518986286735426],[77.210170977087,28.518521316791993],[77.21244946467394,28.51801186531632],[77.21371064030473,28.517779582903334],[77.21397332037705,28.51773816784084],[77.2142365839589,28.517702882860554],[77.21450079962642,28.51767366690738],[77.21469062944894,28.51765709828805],[77.2149486264646,28.5176234317244],[77.2152102612662,28.517583666298975],[77.21547075365862,28.517538425861456],[77.21572995605558,28.517487738091944],[77.2159919239023,28.517430717544162],[77.21615087544004,28.517395948059246],[77.21630987845805,28.517366672506213],[77.21683354455413,28.517266335315064],[77.21735469708493,28.51716007032769],[77.21787420692125,28.517047709964398],[77.21839923858951,28.516927615050335],[77.22422246615648,28.515736567818372],[77.22435851468698,28.515708738075617],[77.2246573672897,28.51564760424471],[77.22767813744618,28.51502963635509],[77.22769939518706,28.51502485292495],[77.22800479347391,28.514956130843945],[77.23041296852614,28.514414205352764],[77.23066601306101,28.51433152794838],[77.2319685269361,28.51404245813502],[77.23280504883807,28.513875938522137],[77.23322559137071,28.51378807734271],[77.2337175927832,28.513698085925327],[77.2344696699651,28.51352721463745],[77.23560787796576,28.513245002107553],[77.23617215912189,28.513117987849533],[77.23670532007374,28.512969325483564],[77.23692581561754,28.512906739688177],[77.23715473156446,28.512848331376738],[77.23738551118173,28.512795955341385],[77.23761795016644,28.512749658246783],[77.23783701446871,28.512712028321797],[77.23827212296007,28.51261747221826],[77.23871883092386,28.51252388569514],[77.23916864240522,28.512433151919733],[77.23990535566223,28.512298395500437],[77.24063343132345,28.51215911103333],[77.24085956508247,28.512112018343064],[77.24109639468863,28.512069412701408],[77.24133458882643,28.51203323095169],[77.2415739255374,28.512003505621518],[77.24181417970537,28.51198026478049],[77.2420501933725,28.511963874177102],[77.24207136342324,28.51196249430398],[77.24230974026585,28.511953611840884],[77.24253447724226,28.511951502038198],[77.24349845857041,28.511907734232878],[77.24383732172659,28.51188778291403],[77.2438569939616,28.51188668104984],[77.2441552466214,28.511869983988642],[77.24463194435421,28.511846644286067],[77.24519488304452,28.51182465816295],[77.24580485795481,28.51178756553692],[77.24642228856273,28.51175660870528],[77.24703417309648,28.511732451099686],[77.24750892838709,28.511705748105626],[77.24798997255631,28.5116839010157],[77.24847128397225,28.511667248551326],[77.24895278918322,28.51165579192314],[77.2494207805303,28.5116497112301],[77.249492545542,28.511645031737828],[77.24988695266985,28.5116298325091],[77.25027158852905,28.51160854934333],[77.25065569926781,28.51158082790226],[77.25104869437496,28.51154582921769],[77.25148655154383,28.511518973200033],[77.25165705692736,28.511507412579196],[77.25221563576089,28.51146781299258],[77.25277222672305,28.51142285477513],[77.25333367645446,28.511371945255686],[77.25522098694657,28.511230312775435],[77.2553107679239,28.511224943101453],[77.2554663399994,28.511211365481557],[77.25561637363836,28.511196738279832],[77.25577402349906,28.51118508826026],[77.25592298581788,28.51117757764419],[77.25610156119149,28.511165321632365],[77.2562792640006,28.511149459940164],[77.25644597798319,28.511131123367385],[77.25655695019664,28.511111008572122],[77.25666706989779,28.511085255979538],[77.25680343298716,28.51106263936592],[77.25694130369145,28.51104889403056],[77.25708301847804,28.511043985651817],[77.25720591207791,28.51104942414986],[77.25732465912853,28.511062231783946],[77.25744206951784,28.511082492692413],[77.25755754248806,28.511110104078444],[77.25767206296767,28.511145410485497],[77.25829062417411,28.511386740899948],[77.25919436255462,28.5117419213863],[77.2592381752067,28.51175427112386],[77.25928801107251,28.511764391279236],[77.25933862552274,28.511770831608516],[77.25938966924996,28.511773546491977],[77.25944079148115,28.511772517403227],[77.2594916420012,28.51176775197312],[77.25954187113351,28.511759283087727],[77.25959113380571,28.511747167918696],[77.25963909062864,28.51173149061175],[77.2597199518758,28.511698093698396],[77.259903027029,28.5116442584533],[77.26005463067003,28.511593049866857],[77.26019729245085,28.51153841329174],[77.26070377523915,28.511300618788038],[77.26074244055918,28.511282180501233],[77.26076187627554,28.511270251002713],[77.26080463757856,28.511237153798376],[77.26099805384239,28.51110494374214],[77.26148360142683,28.510773044623335],[77.26153340665965,28.510738999826106],[77.26184532278134,28.510559053811566],[77.26206641075639,28.51037651628169],[77.2624742925541,28.510069100317487],[77.26270230251221,28.50989639502404],[77.26307802598501,28.50964505361833],[77.26320328250732,28.509570174535735],[77.26338145778259,28.509461366753975],[77.2635706712388,28.50935392400777],[77.26376386042494,28.50925215052035],[77.26396080716978,28.509156160890523],[77.26416128908566,28.509066063472478],[77.26436757850693,28.508980928919105],[77.26449086725216,28.508936275279495],[77.26469289655697,28.508870735624317],[77.26534162045014,28.508706502020903],[77.26598862499603,28.508552916564366],[77.26663352639359,28.50839727802976],[77.26674020482055,28.50837245911247],[77.26683493493672,28.50834605210894],[77.26692811677012,28.50831564763543],[77.26703250774712,28.508276443799932],[77.26718327098116,28.50822378530537],[77.26828784395573,28.50788365328835],[77.26926633479053,28.507598517533285],[77.2693836627784,28.50756675341953],[77.26950921615004,28.507539412773703],[77.26964540944674,28.507516773730377],[77.26979109398411,28.507506201770337],[77.26992769875855,28.507502875972758],[77.27005994960348,28.507506012708603],[77.27018042101687,28.507512245193947],[77.27028809366544,28.50751437591201],[77.27040662555483,28.507512940604354],[77.27046004908945,28.507513261189626],[77.27049220980102,28.507510895606213],[77.2705240004486,28.507505989081128],[77.27055516449002,28.507498581993975],[77.27058544885232,28.50748873361441],[77.27063634056812,28.507467425632665],[77.27083157364147,28.507393082539142],[77.27101302539404,28.507318373184788],[77.27120516583068,28.507233154742043],[77.27160236133359,28.507077655689468],[77.27165277309119,28.507057230573388],[77.27170793719246,28.507034879908037],[77.27198663829876,28.506921958354486],[77.27236861441503,28.50676190619549],[77.27275447322407,28.506594821585605],[77.27315730059267,28.506430626158924],[77.27408403331614,28.50608538596631],[77.27443576692768,28.5059721878837],[77.2747749240124,28.505858995615],[77.27511411210172,28.50574171561278],[77.27540524153633,28.505640153490795],[77.27568941914132,28.50553357600455],[77.27597044387055,28.50542066448568],[77.2762481343506,28.50530148876263],[77.27651937207446,28.50517747257414],[77.27719688319002,28.504834571186944],[77.27738259857992,28.50474242515715],[77.27808905760568,28.504391898133857],[77.2791530183503,28.503875962000155],[77.27986030129178,28.50351020547311],[77.28040224964833,28.503190398265243],[77.28055185350209,28.50310797625783],[77.28108476928868,28.502806718123495],[77.28191191878933,28.502393249413156],[77.28204034960983,28.50233230907568],[77.28217905016575,28.50227553331085],[77.2823212992657,28.502226081073395],[77.2824756384191,28.50218151346301],[77.28263861025466,28.502151224326138],[77.28279424625114,28.50213089121349],[77.2829509885535,28.502118915109982],[77.28310826510376,28.502115338106314],[77.28324424012055,28.502119520268774],[77.28353976395547,28.502115417348616],[77.28378723027345,28.502121224709832],[77.2840208050495,28.502120366421074],[77.28425423913922,28.502113169844012],[77.28448731205752,28.50209964320019],[77.28471980543958,28.502079798286026],[77.28495149903473,28.50205365414929],[77.28519122444607,28.502019964171453],[77.28564181524634,28.501963615163387],[77.28608645695996,28.50190376292986],[77.28651584820685,28.50184184801508],[77.28653035683855,28.501839755966824],[77.2869781589903,28.501770880001498],[77.28794945047522,28.501634093857298],[77.28891895944882,28.50150008009984],[77.29046913108917,28.501289374644614],[77.29066625257644,28.501258369397846],[77.29078248184457,28.501240088398667],[77.29082573364494,28.501232970998636],[77.29110304307723,28.501181390989167],[77.29123309180119,28.501154384401374],[77.29138902806086,28.501115788117833],[77.29156209059057,28.501079597843674],[77.29173667733619,28.501049665031992],[77.29191249933594,28.501026039664204],[77.29208926531423,28.501008759130368],[77.29225120094513,28.500998805991735],[77.29278784664807,28.500946562023614],[77.2928599387329,28.500939017689426],[77.29291703118571,28.500928749002867],[77.29297296460521,28.50091433589248],[77.29302735303318,28.500895878710352],[77.29307982331049,28.50087350285637],[77.29313001417339,28.500847364207402],[77.29317758118316,28.50081764091323],[77.29321496813036,28.500789901198775],[77.29322505491947,28.50078209594585],[77.29333714408874,28.500659402859785],[77.294227623302,28.499684665171404],[77.2942773275952,28.49963353252997],[77.29477377083234,28.499090089222022],[77.29489157925336,28.498990049924213],[77.29500696151631,28.49890368386413],[77.2951282439576,28.49882387586281],[77.29525494921936,28.498750938032913],[77.29538657900176,28.498685158480512],[77.29552261698935,28.49862679494027],[77.29566252788814,28.498576077498637],[77.29580576042962,28.498533205836605],[77.29595175345717,28.498498347322563],[77.29609993188058,28.498471638885526],[77.29624971382236,28.498453186894345],[77.29640051051943,28.49844306264826],[77.29656189142088,28.498441189193052],[77.29676648380837,28.498459786486865],[77.29695608478896,28.498484226468054],[77.29714434580808,28.49851573643692],[77.29733092658995,28.498554259895137],[77.29751549373086,28.49859972759822],[77.29768985745322,28.49864980224536],[77.2978345816162,28.498691250654797],[77.29799871256692,28.49873825702599],[77.29816067839415,28.49854778380106],[77.29855014545022,28.49787965575046],[77.29895794179839,28.49665723544435],[77.29914852693732,28.49604294293822],[77.29915365597677,28.4960206604098],[77.29920940677474,28.495778446639598],[77.29938776785926,28.495003532769672],[77.29949531920207,28.49431607280218],[77.2995105542945,28.494161318205954],[77.2995399713592,28.493862497022445],[77.29967381253043,28.49263781061292],[77.29983172044072,28.49126374716254],[77.29994008584457,28.490280714154746],[77.29997045106957,28.489674260014443],[77.3002015104438,28.487915941359905],[77.30020953571535,28.487880588265206],[77.30061780138709,28.48790193954693],[77.30074886106085,28.487885314170114],[77.30171444301003,28.4876754004203],[77.30285713710542,28.487462482279767],[77.30369332811183,28.48728871855843],[77.30416048193533,28.487254285339446],[77.30471123125942,28.487305690796116],[77.30479649739898,28.487363629015586],[77.30495527553336,28.48747151930852],[77.305305220403,28.487567989293126],[77.30621226248067,28.487553286411075],[77.30698924909426,28.487563574833164],[77.30745941730112,28.48764566687353],[77.30798703769979,28.487660429935904],[77.30848985668946,28.487600368920397],[77.30894302913828,28.487512802320683],[77.30940974437127,28.487329496839415],[77.30970859631854,28.487203790536352],[77.30996952977503,28.48701007318203],[77.3101865915347,28.486814406128072],[77.3104477271345,28.486558505047874],[77.31089636518027,28.486185317727447],[77.31132898420502,28.48578747558463],[77.31185721538385,28.485275232805318],[77.31290970992657,28.484336434710816],[77.31374111543218,28.483593719450933],[77.31442258677596,28.483917478247598],[77.3154855404884,28.48442339977672],[77.31602749687248,28.48451368415752],[77.3160741948168,28.484621879637064],[77.31689450706558,28.48652240818577],[77.31689547087632,28.486524641991075],[77.3168973565376,28.486529011970628],[77.31690493585654,28.486529842753136],[77.31690791680035,28.48653016907468],[77.31690627798297,28.486546545072972],[77.3169052544699,28.48655677340498],[77.31618365132063,28.49376608465541],[77.31597611516887,28.495839397471375],[77.31575159931471,28.49658217789655],[77.31573555568852,28.496877601270306],[77.31559292125343,28.49950408398141],[77.31552979793011,28.500666439070102],[77.315518139129,28.50090782796091],[77.31548669291847,28.501414805725613],[77.31544830634269,28.501921410028263],[77.31540298383199,28.502427567708644],[77.31535073181949,28.502933203766794],[77.31529155880025,28.50343824406867],[77.31524997513938,28.5038102568159],[77.31520116727897,28.504181584248048],[77.31514514907592,28.50455211604864],[77.31508193750975,28.50492174455374],[77.31504367723804,28.505122113468687],[77.31501155154368,28.50529035935761],[77.31493401020077,28.505657852759136],[77.31484933859173,28.506024115147923],[77.31475755986493,28.50638904055492],[77.31465870117522,28.506752519332572],[77.31455279284017,28.507114446289844],[77.3144398640789,28.507474712644154],[77.31431995033647,28.507833214017225],[77.31419308495843,28.50818984335871],[77.31398787126997,28.508837923371058],[77.31377666748408,28.509484500949764],[77.31355948682604,28.510129531635343],[77.31351695943843,28.51025216205415],[77.31333634358272,28.51077297275399],[77.31310725204207,28.51141478163113],[77.31288367035978,28.512163874200514],[77.31153341183546,28.51619083318936],[77.311468257439,28.516475313779914],[77.31139548748335,28.516758351326295],[77.31131514131383,28.51703978544915],[77.3112272654843,28.517319458352173],[77.31113190963319,28.51759721308752],[77.31102912444149,28.51787289359082],[77.31091897082324,28.518146344524496],[77.3108201676922,28.51837435484487],[77.31080150873235,28.51841741327316],[77.31067680525324,28.51868594619676],[77.31054492957395,28.51895179232518],[77.31040595604975,28.51921480330621],[77.31025996314271,28.519474831619156],[77.31010703135986,28.519731729707555],[77.30994724843788,28.519985353500434],[77.3097807031964,28.520235561614165],[77.30960748956394,28.52048221257771],[77.30745760450753,28.523345429492764],[77.30736760255368,28.52347850750951],[77.30720156597353,28.523709199124063],[77.30718855592539,28.523728328849295],[77.30704219934134,28.52394353243367],[77.30688960563405,28.52418135593574],[77.30674388168462,28.524422517329086],[77.30672210780564,28.524460859751215],[77.3064562197284,28.524948782214384],[77.30634885003488,28.52516447143872],[77.30623150101556,28.5254174165853],[77.30612144500091,28.52567290665873],[77.30601875303392,28.525930777159036],[77.30592349103391,28.526190862770044],[77.30583572079802,28.5264529964398],[77.3057554979584,28.52671700941553],[77.30568287406409,28.52698273301255],[77.30561789652161,28.527249995908587],[77.30428549722551,28.531729727547273],[77.30420175532186,28.53201126903805],[77.30414136263177,28.5322450780244],[77.30408826583641,28.53248026361607],[77.30404250505255,28.53271664829594],[77.30400411529142,28.53295405463223],[77.30397312537833,28.533192302590216],[77.30394955903277,28.533431212220663],[77.30323086391098,28.535872455737202],[77.30317269352821,28.536120340698698],[77.30310769557364,28.536366899669996],[77.30303590869657,28.536611985821448],[77.30295737769514,28.536855453120317],[77.3029309477887,28.53693040381747],[77.30287214638683,28.537097157354143],[77.30278026778237,28.537336954153428],[77.30268179393174,28.537574701870998],[77.3025767860786,28.537810258702834],[77.30246530448625,28.538043484665113],[77.30234741658894,28.538274240553996],[77.30222319294587,28.538502389818586],[77.3020927051592,28.5387277967919],[77.30055084337152,28.541779994493943],[77.30036354213696,28.54215075438245],[77.30035283683262,28.542171945851134],[77.29799227677398,28.546045785370897],[77.29607234852429,28.549196293085316],[77.29572738591415,28.549794311093443],[77.29427567050072,28.55231088723867],[77.29259131392986,28.555464107752467],[77.29246511921396,28.555729522486846],[77.29235703183421,28.55594965798626],[77.29225302687802,28.556180558795244],[77.29215706005331,28.556414155940864],[77.29206921869543,28.55665023322462],[77.29198958593886,28.556888569103982],[77.2919182367283,28.557128941271248],[77.29185523677756,28.557371125768597],[77.29180064459273,28.557614896051856],[77.29175451151096,28.557860024794],[77.29171688170034,28.558106283885365],[77.29168778905574,28.558353442681536],[77.2916672613435,28.558601270639844],[77.29165559549509,28.55884375458923],[77.29164316615504,28.559115191454897],[77.29163864673338,28.559391679099193],[77.29164230717194,28.559671759417725],[77.29165464225962,28.559868992853765],[77.29175362895263,28.561451756875485],[77.2914162007133,28.56254119906343],[77.29141500674095,28.56254505203431],[77.29133879067547,28.56279112632148],[77.29121364452944,28.563195175549097],[77.29101923567383,28.56377954461404],[77.29050281179175,28.565331819654048],[77.28994395596065,28.565747085389432],[77.28936573836273,28.56604721157526],[77.2889392565894,28.56622560358143],[77.28702553604585,28.566667019419885],[77.28685503471056,28.566706345296375],[77.28276228823496,28.567515326303248],[77.2810966449672,28.56802079467477],[77.27949276639833,28.568883293158596],[77.27747331515444,28.570540542687578],[77.27611214549897,28.57137505499336],[77.27385074561796,28.57309614871327],[77.27377076583006,28.57315701832659],[77.27306195305151,28.57383950927752],[77.27218111013062,28.574687626120173],[77.27105461504854,28.576208753774736],[77.27094592506431,28.576355517461014],[77.27052973726617,28.576532727188308],[77.26992438817074,28.576790477541202],[77.26979647349982,28.5768449417721],[77.26831966177517,28.57747373156952],[77.26807854207523,28.577577596504796],[77.26803386886658,28.577590498051734],[77.26792171299591,28.577616843146696],[77.26780806020311,28.577637593862047],[77.26769326790458,28.57765268647187],[77.26757769691197,28.577662072533204],[77.26746171149006,28.577665721591707],[77.26734567737107,28.577663623922085],[77.26722995857277,28.57765578516733],[77.26711491951934,28.577642229912477],[77.26700092299744,28.577623001718962],[77.26688832803492,28.5775981595507],[77.26677748797323,28.57756778321992],[77.26666875237515,28.577531967039604],[77.26655064520799,28.57748624981523],[77.2663085098916,28.57739252297939],[77.26610615049145,28.577227225448517],[77.26608663195266,28.57721249454168],[77.26551353413323,28.576813251627573],[77.26550337777473,28.576806454874557],[77.26478362232889,28.57634404277622],[77.26359878156634,28.57558219699252],[77.26301629593755,28.575207653733166],[77.26127929608323,28.574067727063046],[77.26127319435179,28.574063818204365],[77.25995766299653,28.57324132904651],[77.25882571752963,28.57253222864872],[77.2579199016453,28.57190435784316],[77.25666396084794,28.570945105500158],[77.256642520852,28.570930068541973],[77.25637107709316,28.57075553927287],[77.25636574900625,28.570752184835964],[77.2563215007093,28.570729248891812],[77.25631065278318,28.57072480880816],[77.25608784479395,28.570637952992957],[77.25591774436175,28.57056399789021],[77.2558519331902,28.570535384207723],[77.25565718901265,28.570432782742447],[77.2554325942705,28.570291496164067],[77.25526822154202,28.570182957406885],[77.25510660757512,28.570042505211045],[77.25489739540487,28.569831792822942],[77.2547130489933,28.569621000588874],[77.25454110043626,28.569359486465313],[77.25438332013071,28.56907418638845],[77.25412822398341,28.56849858372088],[77.2541211412894,28.568483823840175],[77.25407319596285,28.568391157722104],[77.25384162112297,28.56794358490701],[77.25354955841978,28.567385648906164],[77.25354497658181,28.567377255385047],[77.25326262575602,28.56688061922157],[77.25325841375377,28.56687346378025],[77.25313187391495,28.566667089029075],[77.25311039268568,28.566636719801213],[77.2529645858653,28.566456515011712],[77.25295938549188,28.56645026561608],[77.25294310279277,28.56643272155306],[77.25277319756448,28.566263660127298],[77.25275542794543,28.566247318198936],[77.25274186022416,28.56623641306506],[77.25254808441316,28.56608923267305],[77.25253830068881,28.566082089421734],[77.25225417848458,28.565882694583028],[77.25223789323833,28.5658719779743],[77.25222595467726,28.5658649570929],[77.2519591188487,28.565715408534622],[77.25192681311762,28.565699490956217],[77.25191826531363,28.565695956988115],[77.25168508864448,28.56560314259991],[77.2516512978781,28.56559163465388],[77.25139964608283,28.565519815553888],[77.25135922789212,28.56551105757773],[77.25094817795033,28.565446260741435],[77.2509357745364,28.56544452214965],[77.25092625469415,28.56544347737952],[77.24959558054249,28.565314979804437],[77.2477084250092,28.565149138506946],[77.24770029387741,28.56514851441768],[77.24631080365542,28.565057245589795],[77.2457949611281,28.56501292821851],[77.24487667516097,28.564910551525415],[77.24486872327074,28.564909751963807],[77.24240602956453,28.564689074351993],[77.24239625354119,28.564688329157622],[77.24099908410876,28.56460040850175],[77.24098769560484,28.564599867590648],[77.2405452777685,28.56458568930953],[77.24052729967485,28.564585550432874],[77.24051714430574,28.564585857107208],[77.23973504115799,28.564620257794587],[77.23971570279471,28.564621616493188],[77.2367274115703,28.564910596635233],[77.23441428089113,28.565095338704207],[77.23440683942309,28.565096008955393],[77.23256870244623,28.56528029771677],[77.231329679507,28.565408156442306],[77.2313104680357,28.565410651443976],[77.23057062372746,28.565526667400768],[77.23054909109764,28.565530708173767],[77.23003632576194,28.565642985521887],[77.2300082237573,28.5656503336925],[77.2299789728034,28.565660677370445],[77.22860996759678,28.56621376235078],[77.22553128433498,28.567491982836508],[77.22426151957342,28.56799167036761],[77.22399395243409,28.568063468781165],[77.22361746132933,28.568138458899217],[77.2230278010267,28.56824344614897],[77.22272836115197,28.568288634585105],[77.22181740336568,28.568349076722935],[77.22012852378043,28.568412425633866],[77.22012219009777,28.568412717872466],[77.2175065521645,28.56855570149558],[77.21527894828301,28.568656520997674],[77.21501090034667,28.56866934541909],[77.21255059277495,28.568787030980545],[77.21184571572357,28.568823442978427],[77.21088339012925,28.56884749155414],[77.21061410943739,28.568854219819208],[77.21059685602987,28.568855054092648],[77.20678960861447,28.569128321768115],[77.20676965007046,28.56913030035744],[77.20586045977448,28.569245485135376],[77.20568935793617,28.569255229494615],[77.20463776064784,28.569322183548774],[77.20427579464351,28.569331579503984],[77.20426859643588,28.56933183632973],[77.20352980963209,28.56936540430863],[77.20291910659589,28.569393149160195],[77.20291311371838,28.56939347025253],[77.20149520818134,28.569480947439462],[77.20147949032786,28.569482253700752],[77.20080606907767,28.569552761337643],[77.2004038181773,28.569562639072203],[77.20000474460045,28.56954495594078],[77.19834668736,28.569450598055038],[77.19592127441322,28.569250398773445],[77.19504122617434,28.56917886149014],[77.19464490344116,28.56914251358345],[77.1941816497854,28.56909987993966],[77.19416825751293,28.569098892906403],[77.19301898329766,28.569035114823848],[77.19299958689373,28.569034547763042],[77.19243977345093,28.569032854242437],[77.19243266590922,28.569032901446434],[77.19242618113958,28.569033063101024],[77.19140469099945,28.569067473279624],[77.1913775150014,28.5690693929679],[77.19047710457664,28.5691664831608],[77.18960602523637,28.569269566134384],[77.18958447549277,28.569268220376763],[77.18954454869247,28.56927200122819]]],"crs":null},"id":11,"type":"Feature","properties":{"area":110.88822351,"zone":"F","id":0,"SHAPE__Length":55041.21252615308,"objectid":11,"SHAPE__Area":110888223.50555038}},{"geometry":{"type":"Polygon","coordinates":[[[77.14064681509646,28.64107119180485],[77.14081263060305,28.641289367747095],[77.14086839125115,28.64136273584163],[77.14157814987816,28.64229660680134],[77.14254976122162,28.643506943068356],[77.14261355885913,28.64358641447287],[77.14302728516698,28.64410178068501],[77.14433168077885,28.64558579650902],[77.14438957976596,28.645651667050878],[77.14473601402685,28.64604579688701],[77.14610020436177,28.647652889141316],[77.14615245473874,28.647709988669966],[77.14653321870188,28.648122302738468],[77.1479714981052,28.64967971501956],[77.14802668617776,28.6497394731262],[77.14825138134833,28.649982773778017],[77.1482993807929,28.650034747086792],[77.14833057410887,28.650070099601354],[77.14915996994577,28.651010089747178],[77.14976267004955,28.65172916744721],[77.1498164799687,28.651793366967446],[77.15047649226445,28.652580806780037],[77.15152015435524,28.653802514955036],[77.15159260545894,28.653887324572462],[77.15173174524924,28.654050198549363],[77.1528606452874,28.655166268264125],[77.15304974070224,28.655390920614046],[77.1532901424086,28.65567214452277],[77.15353630119459,28.655956857584897],[77.1538793989321,28.656376105939685],[77.15423554410889,28.65679801047925],[77.15459581051823,28.657222712249],[77.154750637646,28.657408608666383],[77.15496335513444,28.657645865132157],[77.15519960597291,28.6579221380972],[77.1553891583081,28.658138277119],[77.15558542385659,28.658365052579004],[77.15587382155356,28.658702814521458],[77.15641888877549,28.659309863971295],[77.15688927535574,28.659847824695504],[77.15694636214252,28.659913111990157],[77.15723727351964,28.660245810215557],[77.15728629317164,28.660280612851793],[77.15768674133204,28.66062622218729],[77.15801378722624,28.660894596418817],[77.1582891174517,28.66110019702536],[77.15892426507224,28.661538635497106],[77.15923828873254,28.661719670047805],[77.15948645578882,28.661863248137124],[77.15966951222508,28.661959878752835],[77.1600897012647,28.662176628308263],[77.16102933982452,28.662579890004967],[77.1613817072905,28.6627361248112],[77.16262073947756,28.66325268633359],[77.1630538783158,28.66344253673649],[77.16337854675342,28.663593352834337],[77.16347107854766,28.663636335315015],[77.16364774520525,28.663718400145513],[77.1646329905345,28.664176058359697],[77.16787553355692,28.665686885258097],[77.16801453806036,28.66575165035766],[77.16804764348562,28.66576707440422],[77.16913402848041,28.666273233799515],[77.16935587441132,28.666340546999933],[77.1694340723846,28.666364273587114],[77.16963712889934,28.666425885428353],[77.16973091411973,28.66645434172393],[77.17012897411368,28.666517425752463],[77.17037940389254,28.666557112808732],[77.17042682988703,28.666564628137024],[77.17052874239965,28.66658077895138],[77.17123705980228,28.666617047775734],[77.17166834388335,28.666594070781528],[77.17201022583109,28.6665756823695],[77.17231514012884,28.666557225921927],[77.17254993174122,28.666524383986566],[77.17258508274816,28.66666914512574],[77.17266134779952,28.66698323119235],[77.17101612407954,28.667544967157],[77.16883264770911,28.668377334633256],[77.16657984965377,28.669295982824185],[77.16572617578981,28.669633584917023],[77.16558617025804,28.6696889520097],[77.16515044552332,28.669861264269308],[77.16487023212194,28.6699720779975],[77.16469005021155,28.670043331023603],[77.16177273449829,28.671196954537752],[77.16049327891898,28.67171680721901],[77.15938333973902,28.67216777039844],[77.15914001887585,28.672266629578687],[77.15845336523654,28.6725456058097],[77.156508084152,28.673372577188296],[77.15632725358687,28.673444309819043],[77.15377840142482,28.674455367815746],[77.1516479674955,28.67530040031998],[77.15113206695553,28.675515100067855],[77.14943903807347,28.676219660934176],[77.14907622457311,28.676361551509572],[77.14745102525819,28.67699712336942],[77.14641214771112,28.677403386250003],[77.14456661824433,28.678074235006246],[77.14417091652156,28.678202521244128],[77.14350608553434,28.67841805571895],[77.14336048012315,28.678465259447645],[77.14198688133067,28.678796155980688],[77.1416905347477,28.67886754256692],[77.14167236045344,28.678871920322653],[77.14139428736473,28.678939199441388],[77.14128742161043,28.678965055853997],[77.1405515255073,28.679143100390675],[77.14019557667122,28.67921227755938],[77.13982383273051,28.679284523260844],[77.13969997909315,28.679308592544274],[77.13957612438725,28.679332662635364],[77.13955513730049,28.679336741713307],[77.13939144440768,28.679368553438024],[77.13929369680753,28.67938754924513],[77.13923062295456,28.67939606343353],[77.13896084750209,28.67943247780485],[77.1383412634348,28.679516109688976],[77.13777508103871,28.679603045700315],[77.13743106657455,28.679636092218423],[77.1354727693041,28.67982419210708],[77.13511340975836,28.67985870657854],[77.13328061770089,28.680015026849173],[77.13045297324986,28.680256148869358],[77.12867411638419,28.68040780709632],[77.1260369039996,28.680632602098594],[77.12507646118193,28.680714456594554],[77.12394533286405,28.680810848841737],[77.12168342709484,28.68100400387923],[77.12009790820292,28.68113937641144],[77.11915249654935,28.681220086502048],[77.1174291394609,28.681367194313886],[77.11680735017248,28.681420265067338],[77.11664945000543,28.68143374234442],[77.11503342618157,28.681571658009222],[77.11495244210427,28.681578568644472],[77.11480427156174,28.68159121227074],[77.1138525112676,28.68167242781925],[77.11343612286484,28.68170952918552],[77.1118931362995,28.68184700308591],[77.11183560852298,28.68185212824692],[77.10942595278215,28.68206678244599],[77.10584918709438,28.682385322671514],[77.1057957635132,28.682390080036992],[77.10422750447522,28.6825297155531],[77.10210692597165,28.682717698394317],[77.1008794383334,28.682826495314803],[77.09753973871594,28.683122450411556],[77.09706542333639,28.683164475432267],[77.09561608091617,28.683292881251067],[77.09529436327512,28.683321381363434],[77.09502164486923,28.683345540781975],[77.095004579031,28.683347052912726],[77.09477392551717,28.683367485454266],[77.09388539609004,28.683446191174838],[77.0934994401243,28.68347755070338],[77.09035648146083,28.683732875649874],[77.08891798989798,28.683849709488438],[77.08643128445262,28.68405164320955],[77.08504926088513,28.684163850585957],[77.0815595315007,28.684447120708022],[77.07895590509042,28.684682975225517],[77.07815168202181,28.68475581642554],[77.07706124310187,28.684854574335084],[77.07674190195138,28.684883494016645],[77.07667445793093,28.68488960199608],[77.07625182174867,28.684927874819866],[77.07616951298643,28.684935328618458],[77.07615705420254,28.684434359211686],[77.07619898450862,28.68439931136468],[77.07632609441406,28.68405601964998],[77.07631745136786,28.683969850135636],[77.07630844613462,28.683852828727478],[77.07626963879524,28.68353255924871],[77.0761943025184,28.682897714949465],[77.07622126252238,28.68272731999463],[77.07618819947348,28.682588403908237],[77.07604511779202,28.681989860511987],[77.0760558326548,28.68120183469858],[77.07604261441317,28.681102230321983],[77.07599177784697,28.68072102844237],[77.0759858282985,28.680638993454615],[77.07595640019473,28.680354868302985],[77.0759493197452,28.680215553470312],[77.07594842246355,28.680206531424083],[77.07594160133233,28.680079686252466],[77.07592770549296,28.67999815573914],[77.07587360798298,28.67969817266974],[77.07579321062964,28.679171905426767],[77.07575010767475,28.678922683137337],[77.07570950662796,28.6786841988283],[77.07566740624141,28.678447084651697],[77.07563308684834,28.678217260939977],[77.0755984428086,28.67793221128475],[77.07559631097115,28.67786286924082],[77.07559716823326,28.677823379667043],[77.07560434531854,28.67778439320315],[77.07561769597801,28.677746691694566],[77.07576717136138,28.677410435654203],[77.07578159804541,28.677378687364264],[77.07596483618997,28.676992390406895],[77.07603748265754,28.676803358276853],[77.07608679842647,28.67667058805991],[77.07618252147975,28.67641250023247],[77.07627101362343,28.6760588811542],[77.07632005581473,28.675753820087294],[77.07632412080767,28.675729287750478],[77.0763518714488,28.67558741908043],[77.07643783373628,28.675299171976214],[77.07651958626637,28.675029848771896],[77.07660384850611,28.67481032837261],[77.07667021048896,28.674612636277523],[77.07672163493645,28.674354554720104],[77.07679744988128,28.674016621762984],[77.07686150051022,28.673701768333483],[77.07690652363662,28.673428967067444],[77.07700103056321,28.673012813916284],[77.07707090366932,28.672685147445144],[77.07717905159963,28.67223943331557],[77.07727755700255,28.671881244915],[77.07735933096855,28.67158061138061],[77.07742529148354,28.671301707433358],[77.07753428463634,28.670898952991493],[77.07767131736163,28.67043560596541],[77.07771142570103,28.67024590853073],[77.07776755784792,28.66996285756091],[77.07784587954778,28.669322790226655],[77.07789208344423,28.66894821604343],[77.07793816469794,28.66881429209897],[77.07797516427378,28.668467074920343],[77.07798961731184,28.668211879439937],[77.07800086065059,28.667711787986963],[77.07796426411923,28.666762645753746],[77.07793682373541,28.666277472364808],[77.07791735116359,28.66603139220233],[77.07790500721241,28.665735067950244],[77.07788888172301,28.66557631514875],[77.0778535815478,28.665268883802078],[77.07782750859651,28.66507002490158],[77.07682172208622,28.66505467628457],[77.07666656206263,28.665010502450905],[77.07652887354537,28.66496009247795],[77.07644155196603,28.66492442695307],[77.07634041831676,28.664874649809544],[77.07613656290724,28.664763181050223],[77.07589171875337,28.66463204918383],[77.0757931741389,28.664576262158036],[77.07564495655303,28.664472296703224],[77.07556521312864,28.66440905949846],[77.07541431437518,28.664306327748662],[77.07515164701908,28.664163530027512],[77.07491226471375,28.664034699189937],[77.07453290232337,28.66380774284493],[77.07380346511614,28.66339754397847],[77.07370971925121,28.663339394445764],[77.07311218303545,28.66324000108119],[77.0728402032293,28.663364074511367],[77.0726556712533,28.663387078609055],[77.07244708948959,28.66338891315093],[77.07217782091566,28.663415315353088],[77.07185074540898,28.66348356354523],[77.07147805325135,28.663560700282805],[77.07084391191515,28.663724689694565],[77.0704503419418,28.663841476132465],[77.07022371701012,28.663881779418027],[77.06996535849167,28.66395535253606],[77.06942327187905,28.66413638476256],[77.0693456505736,28.664165429649458],[77.06930774770302,28.66418233927829],[77.0690279369049,28.664289096632935],[77.06873245027724,28.664401834466435],[77.06871217991953,28.664371069176852],[77.06852648032141,28.664089215313194],[77.06844615712275,28.663968685145242],[77.06838525046636,28.663885818035876],[77.06826408074792,28.663711479269576],[77.06816369864606,28.663561891104543],[77.06783175406164,28.66303337827135],[77.06774654722383,28.66291220576793],[77.06766637720362,28.662758010671098],[77.06752265206605,28.662468704221215],[77.06739595471915,28.662260786907975],[77.06732126029353,28.662137305110726],[77.06721784482603,28.661998505487627],[77.06707982850321,28.6618344502337],[77.06700103751095,28.661750422584795],[77.0668790776982,28.66161835200618],[77.06677736058808,28.661524647627243],[77.06670317616768,28.661468482667576],[77.06660766135933,28.661401182883118],[77.06647772850967,28.661317936502552],[77.0662864916111,28.661214138677973],[77.06611342260999,28.66112582056244],[77.06599258927133,28.661051028536903],[77.06572539229379,28.66088321336451],[77.06564162152873,28.660825550927026],[77.06545278952711,28.660697764789354],[77.0652925934303,28.6605807998041],[77.06572129855641,28.66030953984645],[77.06613320355136,28.66015623043697],[77.06653467042398,28.6600328900993],[77.06660247983584,28.660011603257235],[77.06679257875997,28.660002145865885],[77.06698885477827,28.659997080247003],[77.06722248670516,28.659960950834034],[77.06746281888495,28.6599018791035],[77.06766438095592,28.6598727624822],[77.06783859762209,28.659842943463325],[77.06796570522458,28.659803129647837],[77.06810191833377,28.65975815248684],[77.06868148951102,28.65956493330816],[77.06907510420008,28.659476366499927],[77.06942451041209,28.65932052585371],[77.06959514945083,28.659254068174395],[77.06977272258615,28.6591633752772],[77.07019908673236,28.658847717063896],[77.0702070243841,28.658729008897676],[77.07022171504126,28.658314106752318],[77.07025155938625,28.658297493409066],[77.07051330751095,28.658151790867354],[77.07059464735423,28.65809774479494],[77.07103776226558,28.657803316751988],[77.07135516167541,28.657576022474245],[77.07137044972166,28.65756523682232],[77.07177901425094,28.65724864529952],[77.07208870860451,28.656919275753744],[77.07216297248588,28.656834217813326],[77.07238282801698,28.656600336582443],[77.07244004955331,28.656539649400067],[77.0725485642298,28.656424560158086],[77.07264510015716,28.656322176633882],[77.07284711092375,28.656098632380075],[77.0729387306551,28.655980222902105],[77.07306898174062,28.65581188562968],[77.07332705640825,28.655450582954966],[77.07347468369494,28.65529713643751],[77.07380736799249,28.654951332729798],[77.07386626698798,28.654896126167998],[77.07383351124123,28.654875035332363],[77.07444230567866,28.65424772101095],[77.07462831875642,28.654056047585772],[77.0742995049388,28.653776663754357],[77.0740210420041,28.65354005474089],[77.07398149775646,28.653506457060764],[77.07393970120707,28.65347094575444],[77.07365359864362,28.653171974369936],[77.07358772848956,28.653103140736267],[77.07341340573899,28.652920974152202],[77.07321017656,28.652708600750998],[77.07320940082666,28.652707907012857],[77.07317190069871,28.65267439958664],[77.07307025944489,28.652583577873692],[77.07292508546865,28.652453856618727],[77.07275836779777,28.65230488549736],[77.07243739619598,28.652079334617387],[77.07225270596803,28.651949549670153],[77.07218768031522,28.651903855950053],[77.07206677253156,28.65181889107956],[77.07168425881055,28.651422799044898],[77.07152505760261,28.651257945879482],[77.07145484218049,28.65118523622664],[77.0713655582257,28.651092781253332],[77.07121998127054,28.65094203462235],[77.07083751365414,28.650545980718682],[77.07078133062817,28.650487802738642],[77.0706967152191,28.6504001791009],[77.0706854195486,28.65038848267825],[77.07057363541324,28.650285217578972],[77.07051744284247,28.650233306256677],[77.07041940788044,28.650142742122373],[77.06986215257928,28.6496279445477],[77.06970411812904,28.649481948672193],[77.06947370097322,28.649269084982087],[77.06946725119258,28.64926312625415],[77.06919198260655,28.64900882430685],[77.06906267846709,28.648889368967815],[77.06902900153669,28.648858257085386],[77.06870312127288,28.648559032767132],[77.0686694941705,28.6485281555315],[77.06856483387699,28.648435443440377],[77.06778555818299,28.647745118599314],[77.06773695425174,28.64770244362256],[77.06727694983424,28.647298555481687],[77.0672240592788,28.647252118081468],[77.06693755732172,28.64700158645753],[77.06688702909143,28.64695740205382],[77.0660848178991,28.64625688370109],[77.06592559429986,28.646117840897798],[77.06548156175847,28.645729827863033],[77.0652859275033,28.645558873003058],[77.06505203363024,28.645356014828646],[77.0646733403452,28.64502756751502],[77.06430563537262,28.64470864884172],[77.0640880087026,28.644519894177044],[77.06403579506326,28.644474607290537],[77.06372186074228,28.64420231976765],[77.06364528675883,28.644135903306733],[77.0635569909502,28.64406263899434],[77.06348809472465,28.644005472494253],[77.06333369784939,28.64387735847988],[77.06322354037307,28.643792086790675],[77.06291908099371,28.64353428861536],[77.06257354686282,28.64324852774929],[77.06221382896386,28.642949231344254],[77.0621665372275,28.642910554963915],[77.0620179940289,28.64278907161308],[77.06183294242145,28.642637382675108],[77.06182616664641,28.642631761468785],[77.06178758210066,28.6425997532225],[77.06153541332341,28.642390563388624],[77.06142076579971,28.642296151109175],[77.06141164665685,28.6422886417874],[77.06132946613921,28.64223006021884],[77.06126439064452,28.642183672181627],[77.06122410333016,28.642154954294696],[77.06112668004134,28.64208550595623],[77.06098846144057,28.641986978258814],[77.06097322369546,28.64197611602798],[77.06065336665024,28.641748106849278],[77.06062735991685,28.641729568105262],[77.06055149419679,28.641675487307097],[77.0604970618511,28.641636684326947],[77.06041179334701,28.641575901441815],[77.06040167364306,28.641568686989444],[77.06037241898399,28.64154138186667],[77.06011762795562,28.64130356663249],[77.06005435258622,28.64124450717557],[77.05989419280944,28.641095017397276],[77.05970703471414,28.640920327233076],[77.0596955947518,28.640908877424803],[77.05965801374117,28.640871262435248],[77.05960620846803,28.640819411161456],[77.05943074649329,28.64064379197608],[77.05939919025704,28.640612207589488],[77.05943002460009,28.640544544209014],[77.0594298815725,28.64054444803007],[77.0594318114792,28.64054088065836],[77.06020291378647,28.638960148576107],[77.06036623707837,28.638641851394215],[77.06086094641547,28.63767771723675],[77.06091200794218,28.63757820223356],[77.0610019624883,28.6373950677568],[77.06126511996659,28.636859313606912],[77.06144071623486,28.636501819989018],[77.06170461407717,28.635964548733494],[77.06191735132023,28.63553143275236],[77.06195288882613,28.635459080062518],[77.06210397346698,28.63515148304789],[77.06229080282624,28.634771106769595],[77.06243703854975,28.634479706937434],[77.06283707597075,28.63368255148375],[77.06284192399104,28.633672890428304],[77.06307025672842,28.633217886711517],[77.063196045213,28.63296722363067],[77.0632598069376,28.632840162160928],[77.06351282566439,28.6323359577558],[77.06352659202189,28.63230880004925],[77.06361608399584,28.632132252657232],[77.06383463860642,28.631701094575984],[77.06393113089588,28.631510737607336],[77.06433716760165,28.630709708780948],[77.06436811046548,28.630648664030744],[77.06450587593525,28.630376877953374],[77.0645320399619,28.63032526132575],[77.06486656229053,28.62966530256574],[77.06494097100455,28.629512768738106],[77.06497308752458,28.629446931762875],[77.06499912173024,28.629393564714736],[77.06509144954057,28.62920429734049],[77.06513971845408,28.629105349550635],[77.06519324385677,28.628936937166742],[77.06524408489078,28.628797214573936],[77.06529808675225,28.62865314689627],[77.06537416710522,28.628475795935984],[77.0654255068629,28.628377330906694],[77.06545397006781,28.62832273928733],[77.06554211189012,28.628181015916663],[77.06562888337614,28.628052204936083],[77.06570232738525,28.627910258014992],[77.06586102367122,28.62760354101085],[77.06599172450406,28.627350930200507],[77.06604498607011,28.6272479871833],[77.0663239741425,28.626704379008558],[77.06643681018085,28.626484515939225],[77.06666738156545,28.62603523857772],[77.06673200351624,28.625908432334484],[77.06684156768183,28.625693434596386],[77.06709118592049,28.625203607807606],[77.06718551433072,28.62523945457535],[77.06730998225022,28.62499502889972],[77.06757567583433,28.624486408698417],[77.06794978922865,28.623771049721718],[77.06801899342737,28.623587359785276],[77.06810058179214,28.623392045601012],[77.06818925205725,28.623199149788988],[77.06828491506438,28.623008873111868],[77.06838747030561,28.622821411090747],[77.06849681115919,28.622636960241465],[77.06861282474809,28.622455710858404],[77.06873539098872,28.62227785063824],[77.06886438257315,28.622103563778072],[77.06899966496941,28.62193303097539],[77.0690206093052,28.621908360063454],[77.06922476033492,28.621697587361233],[77.0695576960021,28.621445109838266],[77.06976884445668,28.621314892987996],[77.06996514777194,28.621207597027002],[77.0703045067798,28.62103112095953],[77.0708045885879,28.620792899620447],[77.07107451258207,28.620664317195057],[77.07139619013024,28.620511079280647],[77.07178316235972,28.62032673528723],[77.07422030463147,28.61914304713149],[77.07560469616935,28.618498304893425],[77.07773585017459,28.617486056366847],[77.0780059415586,28.61735776579777],[77.07821919206776,28.617256473259594],[77.07897838219785,28.616895859432177],[77.08175260295266,28.61561093687326],[77.08255770863808,28.615222212891062],[77.08296926028336,28.61499850536271],[77.0832820993579,28.614839989316092],[77.08342824155778,28.61475952562668],[77.08511133627363,28.61401698038663],[77.08590632752747,28.613663750422464],[77.08622583925865,28.61352178201537],[77.08822739154327,28.612643681944675],[77.08839064160804,28.612572967088738],[77.08886159593537,28.612368964898618],[77.08969977552596,28.611995334791363],[77.09005354227558,28.61179980457622],[77.0903236759602,28.61168095961292],[77.09214047917446,28.610854869519695],[77.09297440643539,28.61054842453667],[77.09359695219449,28.610386599393102],[77.09420150287181,28.610122176875663],[77.09458183817334,28.609967524873216],[77.09495505212743,28.60980980845721],[77.09532557531163,28.60964722853978],[77.095693327618,28.609479820671027],[77.09592489000445,28.60937054394511],[77.09601899422292,28.60932613551663],[77.09624875639648,28.609214185456334],[77.09642876431585,28.609126477576833],[77.09657312491007,28.60906719716812],[77.09671826947309,28.60901501385939],[77.09686611868545,28.608969124644133],[77.09701632190593,28.608929635095382],[77.0971685242096,28.608896640928418],[77.09732236518613,28.608870218996],[77.0974774800693,28.608850432685003],[77.09763350271346,28.60883732735895],[77.09779006263433,28.60883093581754],[77.09794678898972,28.608831272821384],[77.0981033116373,28.60883833688007],[77.09825925912571,28.608852112088186],[77.09841426373332,28.608872564437878],[77.09855966258665,28.608898185843987],[77.09886917152878,28.608945696071803],[77.09919386156727,28.60898903543836],[77.09933945372582,28.609021686574614],[77.09946994115306,28.609044904989663],[77.09960157863756,28.60906235137404],[77.09973403810903,28.609073982984896],[77.09986699072576,28.609079769725053],[77.10000010386214,28.609079696896714],[77.10013304828217,28.609073765992623],[77.10026549091268,28.609061991198658],[77.10039710409707,28.609044401957426],[77.10052755942655,28.609021041259243],[77.10065653086089,28.608991968300685],[77.10078369976767,28.608957254796977],[77.10090154958962,28.608919305547573],[77.10145390653139,28.608673974049374],[77.10167580002417,28.60857952470282],[77.1025291854487,28.60822710040215],[77.10340382695313,28.60786566886466],[77.1041418342395,28.607570334643256],[77.10443833209607,28.60742649926632],[77.10518792774495,28.607119254003916],[77.10593651172718,28.60679596643251],[77.10691734720483,28.6063964869799],[77.10742260388929,28.606192431433165],[77.10783624485491,28.606015615007752],[77.10788701171919,28.60599388184514],[77.10817243854115,28.605871689519955],[77.1083508011865,28.60579533131828],[77.10876002873549,28.605625100059978],[77.10891628210858,28.605568967650303],[77.10899744613,28.605539810591566],[77.109129923801,28.60548489425425],[77.10953855911453,28.605296564067512],[77.10953909201791,28.605296318464543],[77.10919843757463,28.604938829161732],[77.10860497593492,28.604186067250666],[77.10828322525133,28.603956523923337],[77.10768324381806,28.603271270026713],[77.10751324959755,28.6030771133439],[77.10727103197655,28.60280046600945],[77.10599674465584,28.601326069112847],[77.10568710255298,28.60096779391074],[77.10554672170586,28.600805362809222],[77.10358661126112,28.59848378422895],[77.10318169996239,28.598004184242853],[77.10119580285995,28.595708557995017],[77.10053163823561,28.59494077579657],[77.09955590292927,28.59374385320787],[77.09873658404206,28.592738776563696],[77.09776227278391,28.591598066074635],[77.0975034636622,28.59129504978795],[77.0961737514977,28.58972394114732],[77.09615331209739,28.589699915184884],[77.09579853561564,28.589282885130533],[77.09527880218904,28.588671944967928],[77.095024327974,28.58825578356816],[77.09354144782654,28.586484715679543],[77.09258660424366,28.58537530317001],[77.09162558156021,28.584258678535853],[77.09155485211836,28.584176496657705],[77.09153127633196,28.58414910207674],[77.09148322291755,28.584093267481304],[77.0913595340185,28.583996485153694],[77.0913521514445,28.583990708634285],[77.09124362457253,28.58390579072766],[77.0912040183649,28.583859720645286],[77.09117426662904,28.583825112405577],[77.09111172779728,28.583752365895613],[77.09105967653784,28.583691819483036],[77.09105376052416,28.583684937542746],[77.09102085210942,28.58364665855835],[77.0909804016075,28.58360492174947],[77.09072415386515,28.5833405212823],[77.09068404825425,28.583294814243516],[77.09044846032248,28.583026317552925],[77.09038585294871,28.582954964910325],[77.08993878224085,28.582445439647568],[77.0897044280399,28.582178343643093],[77.08941889964662,28.581876753810942],[77.0889580601383,28.581345841680573],[77.08839654591544,28.5806887512111],[77.08789184568978,28.580093700836187],[77.08702067464941,28.579104549600398],[77.0867924812079,28.578837355803447],[77.08649780057839,28.578485919104338],[77.08372475498726,28.575246181265392],[77.08081376406595,28.57181106744845],[77.08044616792398,28.57137897697264],[77.07987479229624,28.570800279272994],[77.07966510554421,28.570525807687247],[77.07934951213473,28.5701536821557],[77.07868017521572,28.56928948987986],[77.07810531005043,28.568582403200036],[77.07773229632497,28.568138413430496],[77.07191294198248,28.56123962136599],[77.07164050381989,28.56091661888202],[77.06807395635788,28.556687875441504],[77.06804699067168,28.556656969085537],[77.0676654854407,28.55621970490265],[77.06619712224642,28.55453669068391],[77.06596599251371,28.55419858183723],[77.06561527598326,28.553822046001354],[77.06532323978695,28.55350850778416],[77.06386453943821,28.551781236973415],[77.05944945281286,28.54679698081835],[77.05933202559538,28.546655514529746],[77.05872800910835,28.545927833391158],[77.05853133220725,28.54569088636088],[77.05826862861004,28.545374392093702],[77.05762809000608,28.544602687276907],[77.05731202981238,28.544220775264453],[77.05660624811429,28.543367639560195],[77.05471789546851,28.54102891884563],[77.05342610119217,28.539533428490916],[77.05322644984481,28.539302289976753],[77.05268392222764,28.538610283199716],[77.05182051378029,28.537609814902048],[77.05151959676631,28.537225574233915],[77.0514542779114,28.537095316564805],[77.05108171879755,28.536680135967465],[77.05062137405487,28.536199592634144],[77.05024921142383,28.535734845921898],[77.0500571016219,28.535375345474872],[77.04921168001707,28.534428032463108],[77.0491157680193,28.534320560996886],[77.04901946138453,28.534212645141128],[77.04892816215316,28.5340864831527],[77.04885212096139,28.533984689610456],[77.04876189170136,28.533863901041244],[77.04873239506132,28.533824414759817],[77.0486564119383,28.533722697816],[77.04827929285166,28.533307059372312],[77.04776818071944,28.53268043897238],[77.04686422782915,28.531621247968673],[77.04663559052014,28.53135749429499],[77.04616386105975,28.530813305276304],[77.04613250376185,28.530777844676816],[77.04557202345099,28.530144015514836],[77.04538171611267,28.529923994321024],[77.04503798221751,28.529525619878694],[77.04390925273117,28.528215676199803],[77.04184906734751,28.525781987518858],[77.04201939893686,28.525684498436085],[77.04201725066845,28.52568202763314],[77.04188665488196,28.525531831513838],[77.04173418301221,28.525356474697453],[77.04224463615296,28.525090842218326],[77.04232183829443,28.525050956022675],[77.0427180820862,28.5248424453726],[77.04286805661492,28.524763525910483],[77.0429983892832,28.52467239708871],[77.0431287227628,28.524581269038805],[77.0433306023246,28.524401163177743],[77.0435944208625,28.524165797377385],[77.04379871543007,28.52398353491265],[77.04386911941562,28.52392530444084],[77.04414618909107,28.523696141241484],[77.04449365981948,28.523408745879166],[77.04498695823101,28.52306169236485],[77.04530103828299,28.522848487946177],[77.04543906230967,28.522754793913894],[77.04549840410847,28.522714510891515],[77.04608162922148,28.522318599580856],[77.04623621766481,28.522213660128163],[77.0468405670455,28.521803401374456],[77.0470584103167,28.52165551879709],[77.04750165623943,28.52135461983422],[77.04789052584856,28.52108818252498],[77.04803525392916,28.520988909469732],[77.04805275682675,28.520976903296024],[77.04819794335346,28.520877314561016],[77.04842780339874,28.520719645010594],[77.04845028813747,28.520704221358802],[77.04834724380312,28.52052193185564],[77.04826423211465,28.520375082006485],[77.04809936033222,28.52008341578568],[77.04794011925068,28.519801709317942],[77.04791239264638,28.519752659958616],[77.04747043108834,28.518970792144714],[77.04731386974255,28.518693819593135],[77.04721957537937,28.518527002305188],[77.04706724126872,28.51825750478244],[77.04616997046905,28.516670092919757],[77.04656770008383,28.516579477411288],[77.04769348381681,28.516322980366102],[77.04875868733237,28.516141993005597],[77.04878418941931,28.516137953819445],[77.04955293883,28.516016186213307],[77.04986102734456,28.51592688232551],[77.05073529846857,28.51560883731285],[77.05081103436636,28.515581284843126],[77.05093723375042,28.515535375507525],[77.05127875565651,28.515411132864525],[77.05139004912714,28.515370644843514],[77.05197930440029,28.515156275356],[77.05201343071116,28.51514386056014],[77.05221441560893,28.515070742431742],[77.05281539540836,28.514852102847907],[77.05307484179122,28.5147577141296],[77.05308962026916,28.51475233745292],[77.05368503203333,28.514535719244616],[77.05373157671991,28.51451878500979],[77.05416580140296,28.51436080620171],[77.05450770013563,28.514236856780947],[77.05459316252269,28.514205874218625],[77.05475061203548,28.514148793247763],[77.05512207874214,28.51401412183812],[77.0554066593551,28.513910949485943],[77.05571017416642,28.51380091190596],[77.0560787136428,28.513667299202663],[77.05610258468604,28.513658644413578],[77.05642245595253,28.51354267473058],[77.05659323422358,28.513480758161098],[77.05703461351193,28.513320732916657],[77.0573077090397,28.513211632602122],[77.05741964906156,28.51316691334719],[77.05796149913877,28.512950443088013],[77.05808266753282,28.512908353675886],[77.0581896498792,28.51287119295717],[77.05840530585094,28.512796281679723],[77.05888932790347,28.512628148301314],[77.05894729369746,28.51261513584771],[77.05903032992981,28.51259649530647],[77.05949801628005,28.512491506132296],[77.05966260965596,28.512446897188653],[77.0597814353661,28.512414692696442],[77.05989384355652,28.512384226786565],[77.05993502281068,28.512373065636275],[77.06024944958767,28.512367272664804],[77.06082881471478,28.512345749857214],[77.06097073894624,28.5122778915587],[77.06099591201574,28.51227760254334],[77.06124695954402,28.512274727011775],[77.06161106967241,28.512301004129203],[77.06161263384513,28.51230111664201],[77.0618246421359,28.512316416499644],[77.0621431524745,28.512373453981954],[77.06258813436189,28.51245313833045],[77.0625929679342,28.512454004269493],[77.06269172123248,28.512472051170807],[77.06293482051589,28.512516476630402],[77.06335631680393,28.512569000012743],[77.06336943737959,28.5125696552171],[77.06341805028893,28.512572083049616],[77.06372510924123,28.512587417577073],[77.06403890275507,28.512597993891564],[77.0644181639434,28.5125737529322],[77.06443926484296,28.512572404459426],[77.06469820553657,28.512555853000705],[77.06512216366023,28.512488332953367],[77.06521250494319,28.512473944933888],[77.06536833125132,28.512439754549018],[77.06567609878056,28.512372226396263],[77.06592321206574,28.512280325693407],[77.06600817101486,28.512248730174402],[77.06634024241283,28.512125232276137],[77.0668670090778,28.51199464294723],[77.06689246195411,28.512167152141064],[77.06695228314837,28.51224488710522],[77.0669869533274,28.512289937620142],[77.06707763811185,28.51240777747709],[77.06710480374284,28.512443076878498],[77.06735932724943,28.51271375367583],[77.06738944495201,28.512745783117936],[77.06753697497221,28.512902675109995],[77.06760043310483,28.51297015975211],[77.0676212099265,28.512992254896012],[77.06780444089671,28.513187112261345],[77.06782913303049,28.51321337071374],[77.06788545129066,28.513295700915982],[77.06796134163513,28.513406642265952],[77.06812116110653,28.513640274498144],[77.06813704528898,28.513663494372295],[77.0684449602631,28.514113618071036],[77.06872909396763,28.514502973285754],[77.06893219564516,28.514781286806752],[77.06939058834553,28.5153117438573],[77.06969556911676,28.5157261249047],[77.07024547585073,28.51625561633845],[77.07041783145435,28.51652393875835],[77.07060477712488,28.51684325792219],[77.07087072611569,28.517237194762565],[77.07099482443479,28.517481144548807],[77.07110345090544,28.517694677705173],[77.07130980558736,28.51810032236764],[77.07146303532751,28.51870562697019],[77.07163160127342,28.519292095654162],[77.07176762783646,28.519765349617686],[77.0716140173916,28.51985120967733],[77.07174491678077,28.52016207861771],[77.07175645944045,28.52019416110502],[77.07177697362776,28.520183063412354],[77.07201628634502,28.520053603944827],[77.07212611658646,28.519994189418764],[77.07225608270414,28.51992388223515],[77.0725368418141,28.51977199980926],[77.07293350485826,28.519576249190322],[77.07301919484591,28.519533961556],[77.07344577480085,28.519323444470135],[77.07372083008684,28.51918770297302],[77.07432038275985,28.518891818375756],[77.07444293948234,28.51883133511401],[77.07457114015814,28.518768065739298],[77.07463774702696,28.51872787601074],[77.0747305231796,28.51867189440857],[77.07483068416161,28.5186114569773],[77.07496761710146,28.51857890654111],[77.07510455096985,28.518546355955408],[77.07558932381755,28.518513674485074],[77.07595095888556,28.51845134143651],[77.07643493616268,28.51835783270154],[77.07660842838447,28.51833681658909],[77.07736290030647,28.518267193996945],[77.07748965575223,28.518253620366195],[77.07774560346786,28.518223834939672],[77.07845320110079,28.51814148586154],[77.07983990795252,28.518000530275053],[77.0802387576707,28.517941671122983],[77.08053047698405,28.51785878508117],[77.08060806701184,28.517833038487296],[77.08076384275351,28.517781347455763],[77.0808793206913,28.517743028195337],[77.0810233079196,28.51769524865012],[77.0813782079901,28.517577480256012],[77.08142169474719,28.51756394018632],[77.08142209684614,28.51756381491565],[77.08154271270679,28.517526260047838],[77.0816474892046,28.517493637285803],[77.0818731635173,28.517423371052427],[77.08209572021576,28.517354074434827],[77.08225467897617,28.5173056138319],[77.08253433095591,28.517220356804053],[77.0826544322079,28.517183741879474],[77.08277453335285,28.517147125950714],[77.08288073087247,28.517114749365643],[77.0830235765593,28.517071200068816],[77.08315747332357,28.517030378489277],[77.0834336953564,28.516946165736556],[77.08400187162594,28.5167733157717],[77.08424183833232,28.51670031249198],[77.08434510442964,28.51666889654864],[77.08435390398758,28.516666219627133],[77.08469722717369,28.516563419644207],[77.08496573851195,28.516482367587304],[77.08597809052475,28.516178155411307],[77.08607563512693,28.516148842776385],[77.08615890044763,28.516123820734215],[77.08708177502682,28.515846486569977],[77.087406077677,28.515749028871443],[77.08747825722793,28.51572733729268],[77.08770629107447,28.51565880836193],[77.08800650393883,28.515568588116057],[77.08876473020509,28.515340720516956],[77.08878685554559,28.5153340720399],[77.08923709699727,28.515198759436355],[77.08950084807067,28.515119493515872],[77.089566097465,28.515099883580017],[77.09042582634254,28.514841500276354],[77.09046688664546,28.514829159642087],[77.09071432069751,28.514754794088912],[77.09075652832097,28.514742305772515],[77.09147457128469,28.514529853768117],[77.09164104034767,28.51447908587331],[77.09227971767099,28.51428430684893],[77.09263001625087,28.514179020268365],[77.0927620003018,28.514139350454755],[77.09335754795318,28.51392003432152],[77.09345113306138,28.513885570193864],[77.09359761860118,28.513831366000982],[77.09361980338976,28.513823157513972],[77.09362559222181,28.513821015478943],[77.09362806721846,28.513827412757617],[77.09363654497379,28.51384932062546],[77.09367509936166,28.513932312008972],[77.0936794354912,28.513940871458576],[77.09378772000666,28.514154627573927],[77.09412302237567,28.514658412871487],[77.09412853981182,28.514666935140898],[77.09415315545513,28.514704957926778],[77.09485065255384,28.515782317387295],[77.09491603542241,28.515880430864755],[77.09495051041976,28.51593216481542],[77.09578941664226,28.517191011239962],[77.09614397870021,28.517723753294003],[77.09620926139725,28.51782184141324],[77.09657386640104,28.518369664780664],[77.09798914666544,28.520445846966922],[77.09898034828447,28.52192531892112],[77.09899852231773,28.52195248415191],[77.09904732968823,28.522025438286274],[77.10019194614314,28.5237362811576],[77.10109018107872,28.525072404039918],[77.10140949126573,28.525549244605017],[77.10195885046201,28.526369617153563],[77.10197873655213,28.526399312606127],[77.10202202588047,28.52646186585109],[77.10213459620637,28.526624527212327],[77.10298876214304,28.527858749956334],[77.10381703975331,28.529090029813116],[77.10481086656206,28.53055311479175],[77.10525766983683,28.531212896263423],[77.10542721709383,28.531442687335193],[77.105528923423,28.531572694462106],[77.10563694182223,28.531698667662308],[77.10575106834904,28.531820370064985],[77.1058710838258,28.531937569547264],[77.10599676414353,28.5320500430862],[77.1061278680586,28.532157579655056],[77.10628811315875,28.532268691972046],[77.10644178610275,28.53236837253064],[77.10670926219633,28.532517723194044],[77.10742276154286,28.53288929606072],[77.10877443680276,28.53358079950108],[77.1099656882181,28.534199127663406],[77.11101831727133,28.534730598812367],[77.1122789864369,28.535383864907587],[77.11256104321458,28.535530021399964],[77.1133133342194,28.535919838131523],[77.11455347793063,28.53654880323027],[77.11520173538679,28.536912441424686],[77.11534909947413,28.53699893099059],[77.11549209700448,28.537090960113595],[77.11563046193837,28.53718835609804],[77.1157639341636,28.537290936230914],[77.1158922677392,28.53739851126282],[77.11601522055427,28.537510879252626],[77.11613256362952,28.53762783083631],[77.11624408005964,28.537749147438664],[77.11634955994208,28.53787460315677],[77.11644880650579,28.538003964664508],[77.11656972837375,28.53817888922709],[77.11668405593889,28.53835723793233],[77.11679166370998,28.538538816950588],[77.11689243737511,28.538723429570513],[77.11698626459027,28.53891087544023],[77.11707304519445,28.539100950407867],[77.11715268407735,28.539293447535215],[77.11809285847583,28.541308124588983],[77.11863320614472,28.5424923239156],[77.11868738621015,28.542608650841082],[77.11874659009865,28.542723053171752],[77.11881072960448,28.542835360836623],[77.1188797104997,28.542945409272424],[77.11893827852293,28.543049211944794],[77.11900259388179,28.543150326179042],[77.11907250039722,28.54324850446223],[77.1191478246664,28.543343506768643],[77.11922838321335,28.543435100448214],[77.1193139794062,28.543523059372422],[77.11940440048281,28.5436071684925],[77.11949942771197,28.543687220973883],[77.1196250232926,28.54379117219029],[77.11975565366859,28.5438901676104],[77.1198910667334,28.54398401806108],[77.12003100441063,28.544072542583972],[77.12018837156168,28.544169809768963],[77.12035002598783,28.54426142983914],[77.12051570828328,28.544347257949862],[77.12068515097528,28.5444271547976],[77.12077710725396,28.544466162664417],[77.12131134510994,28.544712916868114],[77.12140678173031,28.544760764956276],[77.12157313711478,28.544836353399187],[77.12255243470327,28.54529062798082],[77.12259821172256,28.545313978734182],[77.12276757212157,28.54540036993079],[77.12297859191332,28.545516177249198],[77.12318527706246,28.545637927926766],[77.12338741151692,28.545765497233216],[77.12359487367681,28.545899033805483],[77.12436164362677,28.546474605034337],[77.12496721087804,28.546957640035455],[77.12524513686361,28.547184922269807],[77.12671513051293,28.54834696108908],[77.12778914340235,28.549191893340403],[77.12880061631154,28.54998355644064],[77.12965330447786,28.55064262291678],[77.13083924323301,28.551584489397808],[77.13121686251884,28.55196029034317],[77.13152667489933,28.552322690177643],[77.1317544079034,28.552700987098063],[77.13189072280964,28.552999108101165],[77.13199443729985,28.553256092968457],[77.13211746456777,28.553570604546305],[77.13294290782548,28.555801686793696],[77.13321697093612,28.55662197276905],[77.13350238322005,28.557609228634213],[77.13379673839026,28.558619919491225],[77.133933533592,28.559100029517186],[77.13403736406876,28.55952511500203],[77.13408998693113,28.559819178705705],[77.13413223469847,28.560113444358517],[77.13421745046338,28.561461721930275],[77.13439122811997,28.563871639741066],[77.13450301243228,28.56589114821295],[77.13454661361364,28.566543982819635],[77.13458920770209,28.567311728236653],[77.13463569605807,28.568105702937494],[77.13465787001257,28.568545490219464],[77.13469424228217,28.568907075312303],[77.13471156880152,28.569026282324018],[77.13474519880037,28.56925765725169],[77.13480991304131,28.56950689870958],[77.1349004300973,28.56977003477223],[77.13507951195068,28.570115611503194],[77.13525253820566,28.570361912556834],[77.13538501655097,28.57052944822913],[77.13555194102543,28.570710976797766],[77.13573208930909,28.570883254864327],[77.13590389009049,28.57103456535467],[77.13615237106356,28.5711957195792],[77.1365592889294,28.57146691142228],[77.13720016568405,28.571862604547277],[77.13812203961942,28.572414701381753],[77.13853063743322,28.57265184601049],[77.13890905034576,28.57287372902389],[77.13940800702623,28.57313712793301],[77.13971454415146,28.57328500053132],[77.14014714741842,28.57348609389483],[77.14054814138876,28.57364805700779],[77.14106738059928,28.57385830999776],[77.14143755820979,28.57399724081449],[77.14199626680845,28.574192215253152],[77.14252392799024,28.574418012465813],[77.14291089883721,28.57464480504797],[77.14333056335177,28.574947591095714],[77.1434524822933,28.57508857119162],[77.14387930823013,28.575586773378703],[77.14419779121813,28.576162554774534],[77.14446319144896,28.576887688174686],[77.14465167557302,28.577435698671014],[77.14472445379738,28.577652965001583],[77.14489557408356,28.57808327734489],[77.14514287849705,28.578825919213852],[77.14552476560348,28.580182326616285],[77.14592102047504,28.581660734221423],[77.14623691672647,28.582902794697574],[77.1465648862845,28.584117204753927],[77.14703768934503,28.585818078112748],[77.14704162002191,28.5858322181776],[77.14894862000595,28.586606198221393],[77.15103722458801,28.58747508835702],[77.1521287965245,28.58792825448006],[77.15307759739386,28.58832213871445],[77.15442370430448,28.5888675410314],[77.15702317735469,28.58993986090029],[77.15881765751115,28.590678653092187],[77.16100025303302,28.591589907791704],[77.16382475965538,28.59275394267862],[77.1646179024546,28.593089788856346],[77.16525029869435,28.59341532079011],[77.16566749530722,28.59362477057713],[77.16583423516278,28.593708480506862],[77.16611470593436,28.593846832736972],[77.16633506267384,28.59395553081668],[77.16633560954861,28.593961258896186],[77.16624065110523,28.594100772021964],[77.16623262539835,28.594112562474955],[77.1662056851879,28.594152142786008],[77.16618442856279,28.59418337353671],[77.16617854491412,28.594467114305008],[77.16616558562829,28.59509201190786],[77.166163928524,28.595171961329093],[77.16615758312285,28.595323837537013],[77.16615708717613,28.595347755483555],[77.16615695215928,28.595354281262892],[77.1661527694097,28.59555596771519],[77.16615033740271,28.595673248600598],[77.16614317651164,28.596018569978177],[77.16614325890315,28.596022586599002],[77.16614330948892,28.596025052676108],[77.16615095016029,28.59619115120277],[77.16615137845703,28.596196430928813],[77.16615811884473,28.596263168240775],[77.16616485818483,28.59632990376367],[77.16616619175484,28.596338447076658],[77.16619535611957,28.59649084404021],[77.16619589108365,28.596493548704924],[77.1661978838262,28.59650053494416],[77.16619830514958,28.596502733430427],[77.1661988401323,28.59650543899712],[77.16620215257794,28.596517052792912],[77.16631121373365,28.596826426329873],[77.16642432051877,28.597157450714647],[77.16642540228759,28.59715735673186],[77.1664465421534,28.59721922698457],[77.16646193476704,28.597264274587694],[77.16651700225245,28.59742543565878],[77.16654727105379,28.59751402232896],[77.16659713322481,28.597659949120917],[77.16659797224249,28.597665662601013],[77.16667320476942,28.598178161340716],[77.16667592755662,28.59819670697734],[77.16668288274313,28.59824409100361],[77.16673767632236,28.598617352398072],[77.16676253160097,28.598786666633675],[77.16677183282494,28.598850023533863],[77.16678581491122,28.59896720711707],[77.16678698179511,28.598976989231012],[77.16680991595094,28.599169206513306],[77.16681090137335,28.5991774693498],[77.16681245531751,28.59918703143152],[77.1668130642595,28.599189453392203],[77.16683615318527,28.599282594924745],[77.16685434103228,28.599355966033663],[77.16685810498912,28.59936810043035],[77.16687251376378,28.599405334439627],[77.16690673053036,28.59949375139545],[77.16690844708754,28.599497636321676],[77.16691261664415,28.59950616947611],[77.16699973818831,28.599664757893652],[77.16700210253083,28.599669021353524],[77.16720436363428,28.600000333888666],[77.1672154351173,28.60001846902454],[77.16731832663154,28.60018700825545],[77.16736010754705,28.600255447251225],[77.1674141280422,28.600343933588913],[77.16741969505443,28.600353053431093],[77.1674560804737,28.600412653128167],[77.16746936740236,28.600434416145262],[77.16752460585751,28.600524899591168],[77.16753728342883,28.60054566447699],[77.16755491549618,28.600574546612727],[77.16767238909118,28.600766969869863],[77.16789270047843,28.601127839630873],[77.16793096227805,28.601190513069653],[77.16800583022443,28.601313145207794],[77.16811896038381,28.601498450664046],[77.1683148924663,28.601819382241185],[77.1684182626602,28.601988697805584],[77.16849790444313,28.602119148351186],[77.1685210322661,28.602157029453398],[77.16860556863935,28.6022954970322],[77.16860820728195,28.60229981832801],[77.16863223344063,28.602339171119002],[77.16871733929908,28.60247856969644],[77.16882910935881,28.602661643161277],[77.1690114588624,28.602960317328687],[77.16904360669749,28.60301297347072],[77.16906424333735,28.603046775338335],[77.16908692828467,28.6030839307456],[77.16911231544573,28.603125512885953],[77.16912223650475,28.603141763298847],[77.16915790234825,28.603200180220274],[77.16916111134239,28.60320543708084],[77.16916423038371,28.60321054559948],[77.1691694358352,28.603219071113376],[77.16920620845096,28.603279301970858],[77.16921637604322,28.603295955366043],[77.16922649179625,28.60331252387169],[77.16923011026118,28.603318451802412],[77.16923180096198,28.603321220061645],[77.16923580982659,28.603327786886812],[77.16923883152653,28.60333273545003],[77.1692400284956,28.60333471217539],[77.16924149749882,28.603337140207167],[77.16924571495848,28.603344106118236],[77.16924944567413,28.603350272262947],[77.16925008809493,28.60335133391075],[77.16925775901662,28.603364009329262],[77.16925840991082,28.60336508527819],[77.16926696037525,28.603379216461967],[77.1692677223505,28.603380473799415],[77.16927575846049,28.603393755129627],[77.16927648026241,28.603394948144558],[77.16928445492553,28.603408124888812],[77.16928588689773,28.6034104921565],[77.16929304666698,28.603422323984613],[77.16929396108624,28.603423835134503],[77.16930249351797,28.603437934121505],[77.16930389481276,28.603440251351277],[77.16931140594596,28.60345266314568],[77.16931231611066,28.6034541662429],[77.16937047936726,28.60355029366103],[77.16936969485253,28.603551422358414],[77.16928322070322,28.603675850773673],[77.16716480218136,28.606723967407202],[77.16588436990803,28.608566239895623],[77.16528529556649,28.609428156097614],[77.1651256318531,28.609657869379035],[77.16496529408347,28.609888550597358],[77.16294236653265,28.612798887056343],[77.1623979381569,28.613582110844696],[77.16229070331038,28.613736379802567],[77.16219395181166,28.61387556642902],[77.16197762922596,28.614186766446135],[77.16103043431677,28.615549368959783],[77.160996075062,28.615598797108298],[77.16094602202742,28.61567080018322],[77.15968020532763,28.617491695783404],[77.15963024097051,28.617563569784743],[77.15845824391731,28.619249436780905],[77.15842276681104,28.6193004692945],[77.15803493996418,28.619858327513626],[77.15751966930247,28.620716122549922],[77.15748048340788,28.62078135653262],[77.15733698798459,28.621020237669565],[77.15656379844364,28.621595401384624],[77.15647499471771,28.621697376049674],[77.15626561784241,28.621937803682872],[77.15602097198344,28.62221873072461],[77.15594595254791,28.622304875046545],[77.15560270183005,28.622699024513274],[77.15546701848528,28.622854826686122],[77.15558746761013,28.62292333758513],[77.15560597916205,28.622937512339718],[77.15576744425289,28.623061158760166],[77.15587625658245,28.623144484418372],[77.15593105289933,28.623186445529637],[77.15576752198174,28.62334756714696],[77.15575865651637,28.623356302607885],[77.15568197169205,28.623459779407103],[77.1556652528138,28.623482339424815],[77.15553374871328,28.623659790825034],[77.15525163566073,28.62413445620848],[77.15523293766691,28.624165917263664],[77.15528798684656,28.624210678943268],[77.15528343330328,28.62421529265353],[77.15528279009773,28.624215944420435],[77.15527968827014,28.624219086846313],[77.15527965832024,28.62421912251244],[77.15527892555991,28.624219895709768],[77.15527835396003,28.62422049851569],[77.15527796255708,28.624220911679096],[77.15527101222811,28.624228239736677],[77.15527011628096,28.624229184259914],[77.15526489378273,28.62423469105998],[77.15526434019687,28.624235274631026],[77.15525932498083,28.62424056609314],[77.15525884042161,28.624241074577547],[77.15490379459985,28.62461556046154],[77.15434390026563,28.62520208158279],[77.15426564767965,28.62528405552683],[77.15409856227,28.6254590839238],[77.15347319963857,28.62611671342726],[77.15340103350724,28.62619302748866],[77.15302934180635,28.62588498606893],[77.15297991178683,28.625844020384264],[77.15203990439493,28.625408157179166],[77.1518413283278,28.62534822068022],[77.15170498702554,28.625635671813946],[77.15155614891158,28.625949468148793],[77.15151261691975,28.626041246691724],[77.15143297001644,28.62620916548852],[77.15087034631671,28.627395328472396],[77.1508324677621,28.62747518700744],[77.15039279599698,28.628402114269445],[77.15039058151392,28.62840565485769],[77.15037441369029,28.628431508853925],[77.15036997977546,28.628438598229177],[77.15008152766829,28.627922484248767],[77.1500347390129,28.62783876788115],[77.14973654435549,28.627281458788175],[77.14969975172295,28.627212694488456],[77.14964893404908,28.627117718916253],[77.14959414501662,28.627009071511633],[77.14951921182364,28.62686047852239],[77.14947295947776,28.62676875811758],[77.14924775766637,28.62632217395205],[77.14904907411952,28.62563996223339],[77.14879555715261,28.62456678549661],[77.14877157735587,28.624465277051865],[77.14869887368421,28.624157504682262],[77.14853426900457,28.623935854400376],[77.14847701903071,28.623858763713354],[77.1481522157757,28.623421391834654],[77.14794862821769,28.623197928902513],[77.14788187706873,28.62312466001744],[77.14781706263847,28.623057558304538],[77.14734884575721,28.622572814768628],[77.14700926841527,28.62222124733299],[77.14572332674595,28.62167663905946],[77.14546011831975,28.62156516528629],[77.14524965325323,28.621476028846768],[77.14459484863596,28.621198702651437],[77.14415989151827,28.621014484960632],[77.14332207982014,28.620222404851017],[77.14311767821293,28.62000376150972],[77.14282621690118,28.619691989157502],[77.14273145688901,28.619590625062813],[77.14234361741815,28.6191757543715],[77.1422380875123,28.61903974115723],[77.14172719885568,28.61838127518622],[77.14046123735874,28.618313415127535],[77.1396652649633,28.618308404022084],[77.13938433150004,28.61829309649623],[77.13908545227737,28.618534618687438],[77.13897017345725,28.618627773410058],[77.13874914897984,28.61880637981461],[77.13867546794012,28.618930050558784],[77.13836241842941,28.61919094273866],[77.13810063924774,28.619437384184703],[77.13784756720669,28.61967282583219],[77.13751721062472,28.619820077701725],[77.13744893864062,28.619866610135777],[77.13744077558292,28.619872174394104],[77.13743971531,28.619872686485284],[77.13736430177644,28.619922361476444],[77.13725327282224,28.61996266562769],[77.1372371933828,28.619970425533154],[77.13687432111627,28.620102147579217],[77.13676468212932,28.620113050348927],[77.13676392341046,28.620262291942424],[77.13675412393891,28.620364579358515],[77.13674388870405,28.620450048351714],[77.13673634509696,28.620557790720788],[77.13671492120558,28.620674894136656],[77.13669020009164,28.620783246650998],[77.13666093626638,28.620890019577377],[77.13658709007213,28.621124626769813],[77.13642849733748,28.62156574008044],[77.136290075665,28.62193233770169],[77.13599955251645,28.622684183245678],[77.13593206504576,28.622862809192718],[77.1355943330698,28.62377139331351],[77.13524361528282,28.624679715772984],[77.13487592822844,28.625600865839782],[77.13458099180498,28.626393014801565],[77.1344814235619,28.626653608440346],[77.13411467711441,28.627588149252468],[77.13369909478028,28.628647115766668],[77.13328434401883,28.62970394134315],[77.13288675196098,28.630774642906125],[77.1326121858356,28.63148014653618],[77.13258266072602,28.63155601162461],[77.13250442334846,28.631757041745036],[77.13249634214772,28.63177829103679],[77.13255387301065,28.631843456686745],[77.13395236657136,28.633427499413354],[77.13402778030681,28.633512917290126],[77.1351088036416,28.634737321622833],[77.13603789733509,28.635779688460936],[77.13831890745922,28.638338674163773],[77.13863314987614,28.638691198756863],[77.1393990822993,28.639596487955256],[77.14064681509646,28.64107119180485]]],"crs":null},"id":12,"type":"Feature","properties":{"area":123.17203694,"zone":"G","id":13,"SHAPE__Length":67431.5782383794,"objectid":12,"SHAPE__Area":123172036.93867235}},{"geometry":{"type":"Polygon","coordinates":[[[77.22342753216267,28.64503704599086],[77.22379735475005,28.64508715523279],[77.22373104232213,28.645535830961766],[77.22371160366446,28.64578379021134],[77.22369951390608,28.645938012394343],[77.22368918660509,28.646109401177288],[77.22368878768026,28.64611410135946],[77.22367950482985,28.646198980066387],[77.22367851426515,28.646205791361016],[77.22366288862969,28.646290267146014],[77.22366131297815,28.64629731903069],[77.22365351740483,28.64632704525205],[77.22363952504794,28.646380397328656],[77.22363742959384,28.646387342257757],[77.22360951634707,28.64646898275873],[77.2236080872224,28.646472896833398],[77.22359055031939,28.646514303252733],[77.22357299050452,28.646555642375812],[77.22356988326574,28.646562286317774],[77.22353010535984,28.646640004553173],[77.22352651127053,28.646646455281456],[77.22348059161583,28.646722443639746],[77.22347837646247,28.646725897828205],[77.22336225654375,28.646899312410305],[77.2233608305597,28.646901388498296],[77.2232403861236,28.647072491988443],[77.22323890940619,28.647074539133165],[77.22311411847633,28.64724335714478],[77.22301733269343,28.647373614050696],[77.2229225757929,28.64750609327384],[77.22256862610493,28.647980994098944],[77.22201874288396,28.64875041969591],[77.2213907699533,28.649640350116005],[77.22074931359036,28.65054148246942],[77.2201421216312,28.651395380996494],[77.21958296248063,28.652179372699752],[77.21952823488014,28.652260358497795],[77.21947868281855,28.652342407129368],[77.2194336541215,28.652426460438168],[77.21939320326946,28.652512433623762],[77.21933644869631,28.652650648698305],[77.21928655613334,28.65279103312837],[77.21927016845596,28.652845358847983],[77.2192439051065,28.65293242217846],[77.21920907137158,28.653082820424178],[77.21918022721093,28.653235436628485],[77.21915757411875,28.653389637703505],[77.2191279550812,28.65363395939516],[77.21911532630793,28.653759324563897],[77.21908125935778,28.65409749709679],[77.21905017121993,28.654380181408992],[77.21902925037962,28.654687671330695],[77.21902433507734,28.654759912233416],[77.21901510533156,28.654902666257474],[77.21901477508017,28.654906557768413],[77.21897504865106,28.6552839970818],[77.21894704235285,28.655550085826953],[77.21890040768162,28.655937566062743],[77.2188840024208,28.656303757004327],[77.2188831559739,28.656312910921066],[77.2188578916274,28.65649270263715],[77.21881271459524,28.656878069267112],[77.21880972232695,28.65690923325356],[77.21878899803532,28.65712503341395],[77.21876096283388,28.6574169736428],[77.21869607160728,28.658265418341642],[77.2186427946614,28.65890002391982],[77.21860855942548,28.659282165933263],[77.21857149972517,28.65966848573346],[77.21855528218309,28.65983753549851],[77.21848250165105,28.66061864799976],[77.21840790749665,28.661540624351222],[77.21840448324654,28.66159970455011],[77.21839911754667,28.661794519529465],[77.21839179350725,28.662060457693837],[77.2184506800479,28.662111613415924],[77.21848772657765,28.66214379672137],[77.21859176583085,28.662234177701034],[77.21874202813616,28.662364711880997],[77.21878472897866,28.662401807332582],[77.2189869711402,28.66253657260704],[77.21922577299709,28.66272100476664],[77.21927219200263,28.662756855309148],[77.2190574979942,28.662825908995845],[77.2186517050484,28.662961151903463],[77.21782103770347,28.66312562370526],[77.21702509153089,28.663276879149016],[77.21699188344648,28.663283189480506],[77.21654460096067,28.663368184965535],[77.21565014691254,28.66354093523192],[77.21562509765354,28.66354577271016],[77.21548149791305,28.663573505911984],[77.21547832319983,28.66357411908818],[77.21545477162975,28.663578667655887],[77.21542344628625,28.66358471761627],[77.21415969899608,28.663855506843333],[77.21283506565914,28.664422710253334],[77.2127317652749,28.664461232570545],[77.21268329110107,28.664479308975377],[77.21186220772408,28.664785499164502],[77.21095663546933,28.66514150333736],[77.21055857774161,28.665302289522224],[77.2102129733709,28.665422582873806],[77.20986475958223,28.665533520760125],[77.20945360195054,28.665619418466918],[77.2091783883766,28.665671751124187],[77.209119850197,28.665682928428716],[77.20907234694225,28.665691998348922],[77.20905674926101,28.665694976885185],[77.20886174544565,28.66573220942526],[77.20883800245835,28.66573674284845],[77.20877705035993,28.66574838076288],[77.2085875794329,28.66578320738346],[77.20849292239535,28.66580060668436],[77.20845309987189,28.665807926068197],[77.20838323186315,28.66582076855346],[77.20836066843528,28.66582491542234],[77.208237534661,28.665503681703008],[77.20823527427648,28.665498093783047],[77.20811939255232,28.665211650712735],[77.20793577268749,28.664758652167333],[77.20792988208001,28.664741860326345],[77.20792018090638,28.664709265897027],[77.20791132275659,28.664679504401033],[77.20787294086293,28.664550551687213],[77.2076906063276,28.664028271085645],[77.20768113185414,28.664000870954844],[77.2076377692577,28.663875463220013],[77.20762682352547,28.663852833961858],[77.20762373769611,28.66384612532719],[77.20761837806053,28.663832404280818],[77.20760054879004,28.66378084567255],[77.20758143891592,28.663739395410715],[77.20755817423965,28.66369963068854],[77.20753094468037,28.66366187593332],[77.2074999714798,28.663626437015743],[77.20746550619829,28.663593602168838],[77.20742782857494,28.6635636375113],[77.20737893927841,28.663531292303194],[77.20737204827851,28.663526550421796],[77.20735133917141,28.663511675724063],[77.20713176220929,28.66338139334816],[77.20701527255474,28.66332514450165],[77.20699776530998,28.663315728654805],[77.20696883882347,28.66329856706148],[77.20695722641612,28.663292831131933],[77.2068693287165,28.663266817797577],[77.20676593232912,28.66324248718502],[77.20666100320153,28.66322394883921],[77.20655495921055,28.663211276248227],[77.20644822082768,28.663204520302152],[77.20633666728061,28.663203672374927],[77.20599773720726,28.663208136138984],[77.20598000219697,28.663207766500715],[77.20569280147362,28.663191973949214],[77.20566007467352,28.663189602783177],[77.20565170027587,28.663189248399387],[77.2056400068571,28.66318833454681],[77.20562777982082,28.66318690155526],[77.20561680728514,28.66318519097226],[77.20560534319246,28.663182966880893],[77.20559399591052,28.663180312302966],[77.20558196145412,28.663176986798266],[77.20557174125861,28.663173734591105],[77.2055608719719,28.663169822566363],[77.20554965979616,28.663165266487177],[77.20549683449124,28.663142333205766],[77.20548238703729,28.663135891739593],[77.20547046577339,28.66312976461028],[77.20545825176742,28.663122652450053],[77.2054457362797,28.66311438216364],[77.20543531146205,28.663106634519153],[77.2054239286658,28.663097106045303],[77.20538154500522,28.663060154423675],[77.20537334271619,28.66305277749142],[77.20536584897776,28.66304543142189],[77.20535757929646,28.66303654607459],[77.20535034116988,28.663027972349884],[77.20534355136965,28.66301911793031],[77.2053394739723,28.66301336376053],[77.2053372256319,28.66301000150725],[77.205331376587,28.663000640018364],[77.20532601487683,28.662991053140498],[77.20532115322618,28.66298126232098],[77.20531812366842,28.66297444804523],[77.20528860400415,28.662911261489977],[77.20528601989436,28.662906324816145],[77.20513371346297,28.662666116550763],[77.20512598728598,28.662654458653634],[77.20501045314737,28.662477159871347],[77.20480906499112,28.662152582776383],[77.20480152364604,28.66213929323339],[77.204766050547,28.66207061930027],[77.20471395600597,28.661978674712458],[77.20465739570237,28.661890757520204],[77.20459566265193,28.661805591679716],[77.20452893054076,28.661723410752256],[77.20445738219978,28.66164444544317],[77.20438121858177,28.661568912628432],[77.20430003265142,28.661496475159886],[77.20421986870446,28.66143112103054],[77.20413636978157,28.66136839625557],[77.20405005293765,28.661308713774623],[77.20395726791271,28.661249760920914],[77.20394552065545,28.66124176670223],[77.20384204455632,28.661165255331944],[77.20383239440284,28.661157701560118],[77.20373547599036,28.661077441741746],[77.20372632043214,28.66106942245438],[77.2036346546685,28.66098449797946],[77.203626911434,28.660976948338423],[77.20353989871697,28.660886716631463],[77.20353181784597,28.660877843422842],[77.20345150404356,28.660784404180333],[77.20344400027142,28.660775146224008],[77.20336975051123,28.66067788270861],[77.2033631730778,28.660668748620527],[77.20329489370071,28.660567487325835],[77.20328861242423,28.66055754628676],[77.20322717000481,28.660453565183136],[77.20322153010949,28.660443329483506],[77.20316679147776,28.660336473752402],[77.2031618110257,28.660325975581294],[77.20311391565532,28.6602165073302],[77.20311063213286,28.660208495290778],[77.20306902834164,28.66009992164491],[77.20302067502728,28.659973734342913],[77.20301534715776,28.659960465504074],[77.20293842685336,28.659768930772053],[77.20290249780325,28.65966021328027],[77.20284438518067,28.659462287443993],[77.20282796647976,28.659399714436493],[77.20279940306692,28.659244491747486],[77.20279310121548,28.659197073920453],[77.20278644750675,28.659088471006395],[77.202785840145,28.658980392279283],[77.20279116408707,28.658888418375266],[77.20279823520154,28.65883390937711],[77.20280011858013,28.65881938992188],[77.2028031242653,28.65879622009365],[77.20282163155406,28.658704868085074],[77.2028466147239,28.658614723516212],[77.20285140059707,28.658601202573344],[77.20287700303157,28.658528881484035],[77.20300826611279,28.65819874692593],[77.20312829241102,28.657896872267166],[77.20328068733195,28.657514979876282],[77.20330241199444,28.657460539147223],[77.2033045205974,28.657455470108506],[77.20335767429076,28.657332795447378],[77.20341778568269,28.6571960808383],[77.20346958041918,28.657062489016695],[77.20349481935841,28.656985296018572],[77.20351540037171,28.656905535150354],[77.2035423034705,28.65678178899966],[77.20355972769552,28.65670163738957],[77.20357313955049,28.656639946766308],[77.20364086569244,28.656311110200804],[77.20365068118056,28.656262928394053],[77.203775338672,28.655629805063718],[77.20378771980525,28.65556692033914],[77.20381714696906,28.655417460482692],[77.20381918215861,28.655407125122288],[77.20382213552811,28.65539212626971],[77.20371780010082,28.65525385572082],[77.20368614525806,28.65521190335828],[77.20364198767591,28.655153384714065],[77.20361278845019,28.655114687488933],[77.20354640698602,28.655026714687924],[77.20331509849832,28.654720167953737],[77.20289839264679,28.654167896816055],[77.20257427872839,28.65372572550699],[77.20252003429427,28.65365681655642],[77.20234807200559,28.653432431364738],[77.20221996191368,28.65326119971267],[77.20221717663406,28.653257385059657],[77.20193395995737,28.65285977717282],[77.2016574022314,28.652466566300863],[77.20152191834423,28.652273934380432],[77.2015197631376,28.652270801515186],[77.20142755271948,28.652132758537146],[77.20101112018811,28.651535483928786],[77.20058814329154,28.65092435678139],[77.20048655466952,28.65078489278724],[77.20038597277286,28.65064096950942],[77.20011397385093,28.65024335710586],[77.19975769260598,28.649720756873776],[77.19961526215654,28.649520752032455],[77.19938717484253,28.649203248272052],[77.19932776559493,28.649130276639266],[77.19914824715381,28.64890977555913],[77.19909603118798,28.648845639426167],[77.19909223636115,28.64884083324432],[77.19900149508783,28.648722298864463],[77.19864647983113,28.648255085601246],[77.19864049266374,28.648246778055043],[77.19863647393296,28.648240650943357],[77.19863547743178,28.648239070083797],[77.19854498265637,28.6480968067318],[77.19835418893133,28.647861010653386],[77.19800422320023,28.647430033039175],[77.19769960366159,28.647073072572482],[77.19746655537249,28.646793705662358],[77.1974542077725,28.646778498653557],[77.19734542988212,28.64664437730843],[77.19694260441163,28.646147679334206],[77.19685634336255,28.646037755082354],[77.19677883510369,28.6459389853618],[77.19677825196874,28.645938243219735],[77.19677489069434,28.64593396047221],[77.19676658677501,28.64592337876351],[77.19664551143605,28.64571418869236],[77.19663630276877,28.64569827832851],[77.19662477754189,28.64567064608248],[77.19654010176453,28.64546764339231],[77.19652442396037,28.645416996277657],[77.19651786468884,28.64535600184287],[77.19652316626285,28.64529570918305],[77.1965234910112,28.64529200455344],[77.19653407892906,28.64529351466932],[77.1965544136923,28.64529642131932],[77.19660283267031,28.6453033441326],[77.19662265453019,28.645306178788722],[77.19673577509185,28.645322351571128],[77.19683714230489,28.645336844495894],[77.19697575984118,28.645351066853923],[77.19763343600839,28.64541854202426],[77.19779324672777,28.645434937869382],[77.19779762453737,28.64543538743556],[77.19783437965495,28.64543761053498],[77.19787433508041,28.64543389609021],[77.19791288702343,28.645424141071782],[77.19793440408392,28.64541561534508],[77.19799100813388,28.645390241124673],[77.19801488844476,28.64537953590972],[77.20085726553572,28.644105327328212],[77.20312943459886,28.643086673529236],[77.20356360579466,28.64289201714079],[77.20369639097662,28.642832484896125],[77.20389060600851,28.642748718190326],[77.20391541302507,28.64271606514306],[77.20391904362295,28.642710084386223],[77.20411983849644,28.6423659237986],[77.20436071866911,28.64205490993553],[77.2044410885715,28.641956818527316],[77.20455968503498,28.641854544407387],[77.20479434375552,28.641700790448496],[77.20793047382092,28.639871781232156],[77.20818641055477,28.639722511940928],[77.21159069222078,28.637736951599912],[77.21174426825014,28.637647378331287],[77.2131810523342,28.636809326920893],[77.21354005245539,28.636599923281793],[77.21390774209767,28.63638545026191],[77.21411566424851,28.636264167876302],[77.21694805218115,28.63461195740275],[77.21704853084617,28.634723734526684],[77.21715486634122,28.63483121288541],[77.21726682249606,28.634934152716177],[77.21738415007414,28.635032325297676],[77.21750658881727,28.63512551291678],[77.21763386744568,28.635213508868446],[77.21776570265473,28.63529611837495],[77.21790180318534,28.635373157616762],[77.2180418647315,28.635444454718485],[77.21813711539288,28.63548779941757],[77.21845061682419,28.63561102024134],[77.21848267545424,28.635622380850343],[77.21863539944917,28.635669261807898],[77.21879045670687,28.63570974421334],[77.2189475037207,28.63574373804598],[77.21910619115205,28.635771167818543],[77.21926616792017,28.63579197251041],[77.21942707711293,28.63580610563461],[77.21958856214036,28.6358135360392],[77.21975026467136,28.635814247038915],[77.21991045181908,28.63580831756337],[77.2200701513309,28.63579579393274],[77.22022901194218,28.63577670356244],[77.22038668986858,28.63575108908563],[77.22054283952924,28.63571900489604],[77.22069711977616,28.63568052155713],[77.2208491948789,28.635635723981466],[77.22099873244203,28.635584709660012],[77.2211454054502,28.635527588628715],[77.22128889539243,28.635464486123833],[77.22142888813481,28.635395540845064],[77.22301783773266,28.63757688251484],[77.22312590650633,28.6377266972969],[77.22319657760946,28.63861709997186],[77.22321008272942,28.63878725133008],[77.22324225518163,28.63919259100511],[77.22327710766048,28.639631682267918],[77.2235287552011,28.64280788346067],[77.22354169271406,28.642971175858726],[77.22363256058289,28.644117997991085],[77.22363712161528,28.644175555887394],[77.22364420885141,28.64426500470136],[77.22364164957074,28.644268676576605],[77.22363756212211,28.644275687599556],[77.22360549436195,28.64433317024589],[77.22359730090332,28.64435004558676],[77.22356805189503,28.644421827204702],[77.22356371854616,28.644434199067593],[77.22353851399072,28.64451782609949],[77.22353577694518,28.64452819757385],[77.22349418776766,28.64471384674399],[77.22343411076925,28.645005146331094],[77.22342753216267,28.64503704599086]]],"crs":null},"id":13,"type":"Feature","properties":{"area":5.40654882,"zone":"A (OWC)","id":0,"SHAPE__Length":10018.580230542693,"objectid":13,"SHAPE__Area":5406548.815427298}},{"geometry":{"type":"Polygon","coordinates":[[[77.23360174595271,28.66770448313358],[77.2335614597364,28.66773014440929],[77.23349955341958,28.66777106070952],[77.23331282554554,28.667896272148333],[77.23322131209154,28.667960108164248],[77.23314865696047,28.66801227701667],[77.2331106062616,28.6680395993507],[77.23303653395412,28.668097402738294],[77.23296698374543,28.66815942267199],[77.23287891133528,28.668247233629298],[77.23279538328553,28.668338432473476],[77.23275426437851,28.66838915243844],[77.23271743171982,28.668442372248176],[77.23268507988429,28.668497811699794],[77.23264100904531,28.668580592827904],[77.23251393554698,28.668532085212778],[77.23210362023914,28.668375141426072],[77.2319701460655,28.668319583843907],[77.23045145596637,28.6676710087896],[77.23027090918397,28.667593902118607],[77.23011811854359,28.66752864933509],[77.22952610374165,28.66727581315116],[77.22946828494321,28.667251120332207],[77.22939752153837,28.667220898657497],[77.22932675919483,28.667190676926555],[77.2291902673343,28.66713238357714],[77.22911378797835,28.667099720508777],[77.22912197296804,28.667066857661325],[77.22913015793421,28.667033993911534],[77.22913437912307,28.667017045622757],[77.22915834189014,28.666920832581567],[77.22919882605119,28.66675527594366],[77.22920468588971,28.66672324357983],[77.22920675285837,28.66669016930497],[77.22920783730804,28.666587255648267],[77.22921200478906,28.66652588045676],[77.22922288134718,28.66646132614638],[77.22924012560587,28.666397859760664],[77.22926361643252,28.666335945255067],[77.22929344530117,28.666275554954243],[77.22928567926417,28.666274085844847],[77.2292202148274,28.666261698564362],[77.22910562541067,28.666240016673303],[77.22884739362195,28.66619115347065],[77.22859882106357,28.666144118426388],[77.2275017361405,28.66593651969381],[77.2250394207274,28.665470545507084],[77.22498785081356,28.665460786126044],[77.22488815282647,28.665441918109778],[77.22480012275868,28.665425257376757],[77.2245811996273,28.665383825005414],[77.2238813082776,28.665251364883815],[77.22175712756582,28.664849319991056],[77.22167598810788,28.664833961550563],[77.22162330022532,28.66482398913045],[77.22149745038575,28.664800168441733],[77.22117313536451,28.664738781190927],[77.22053630654388,28.66461823782587],[77.2202721029355,28.664568226985438],[77.22020834949072,28.66455790948514],[77.22014629259634,28.66454140159978],[77.22013753463945,28.664538095856393],[77.2200867017971,28.664518909059606],[77.22003031747825,28.664490710256427],[77.21997783857428,28.66445715554256],[77.21992991732232,28.664418661000774],[77.21988714689516,28.66437570413543],[77.21985005924152,28.664328818493928],[77.21981911364745,28.664278584831386],[77.21981831393124,28.66427685024237],[77.21979469461468,28.664225627535735],[77.21959778323772,28.663669331421172],[77.21950571784625,28.663409233983952],[77.2193007191428,28.662830077219947],[77.21927219200263,28.662756855309148],[77.21922577299709,28.66272100476664],[77.2189869711402,28.66253657260704],[77.21878472897866,28.662401807332582],[77.21874202813616,28.662364711880997],[77.21859176583085,28.662234177701034],[77.21848772657765,28.66214379672137],[77.2184506800479,28.662111613415924],[77.21839179350725,28.662060457693837],[77.21839911754667,28.661794519529465],[77.21840448324654,28.66159970455011],[77.21840790749665,28.661540624351222],[77.21848250165105,28.66061864799976],[77.21855528218309,28.65983753549851],[77.21857149972517,28.65966848573346],[77.21860855942548,28.659282165933263],[77.2186427946614,28.65890002391982],[77.21869607160728,28.658265418341642],[77.21876096283388,28.6574169736428],[77.21878899803532,28.65712503341395],[77.21880972232695,28.65690923325356],[77.21881271459524,28.656878069267112],[77.2188578916274,28.65649270263715],[77.2188831559739,28.656312910921066],[77.2188840024208,28.656303757004327],[77.21890040768162,28.655937566062743],[77.21894704235285,28.655550085826953],[77.21897504865106,28.6552839970818],[77.21901477508017,28.654906557768413],[77.21901510533156,28.654902666257474],[77.21902433507734,28.654759912233416],[77.21902925037962,28.654687671330695],[77.21905017121993,28.654380181408992],[77.21908125935778,28.65409749709679],[77.21911532630793,28.653759324563897],[77.2191279550812,28.65363395939516],[77.21915757411875,28.653389637703505],[77.21918022721093,28.653235436628485],[77.21920907137158,28.653082820424178],[77.2192439051065,28.65293242217846],[77.21927016845596,28.652845358847983],[77.21928655613334,28.65279103312837],[77.21933644869631,28.652650648698305],[77.21939320326946,28.652512433623762],[77.2194336541215,28.652426460438168],[77.21947868281855,28.652342407129368],[77.21952823488014,28.652260358497795],[77.21958296248063,28.652179372699752],[77.2201421216312,28.651395380996494],[77.22074931359036,28.65054148246942],[77.2213907699533,28.649640350116005],[77.22201874288396,28.64875041969591],[77.22256862610493,28.647980994098944],[77.2229225757929,28.64750609327384],[77.22301733269343,28.647373614050696],[77.22311411847633,28.64724335714478],[77.22323890940619,28.647074539133165],[77.2232403861236,28.647072491988443],[77.2233608305597,28.646901388498296],[77.22336225654375,28.646899312410305],[77.22347837646247,28.646725897828205],[77.22348059161583,28.646722443639746],[77.22352651127053,28.646646455281456],[77.22353010535984,28.646640004553173],[77.22356988326574,28.646562286317774],[77.22357299050452,28.646555642375812],[77.22359055031939,28.646514303252733],[77.2236080872224,28.646472896833398],[77.22360951634707,28.64646898275873],[77.22363742959384,28.646387342257757],[77.22363952504794,28.646380397328656],[77.22365351740483,28.64632704525205],[77.22366131297815,28.64629731903069],[77.22366288862969,28.646290267146014],[77.22367851426515,28.646205791361016],[77.22367950482985,28.646198980066387],[77.22368878768026,28.64611410135946],[77.22368918660509,28.646109401177288],[77.22369951390608,28.645938012394343],[77.22371160366446,28.64578379021134],[77.22373104232213,28.645535830961766],[77.22379735475005,28.64508715523279],[77.22398294222933,28.645112767247866],[77.22408445829053,28.64512677790086],[77.22438610043868,28.645160698767636],[77.22451048617557,28.645161228800333],[77.22462876111142,28.645142932102456],[77.22474197784075,28.64510649607534],[77.22571803639119,28.644611088828338],[77.22593555259128,28.644495191312206],[77.22671241583248,28.644081256839446],[77.22731367550732,28.64376171231484],[77.22798428235441,28.643405307859066],[77.22799492172601,28.6434001982848],[77.22821805323626,28.643301823576166],[77.22822486480409,28.64329896227258],[77.22836340109225,28.643245154812046],[77.22837113376418,28.643242419099195],[77.22853509231945,28.64318925060583],[77.2285449808085,28.643186409029415],[77.22869359275975,28.643148154834222],[77.22870619902744,28.643145374084675],[77.22891042284671,28.643108882359506],[77.22891348862274,28.643108374447518],[77.22905843533903,28.64308572273958],[77.22923029240606,28.64305466263634],[77.22935078790793,28.64302250886843],[77.22962331349132,28.642912928200488],[77.23051507521919,28.642554351010716],[77.23052359837287,28.642551179895374],[77.23052665217278,28.642550107322396],[77.23061705515659,28.64252140845934],[77.23062738215265,28.642518560414388],[77.23182161389167,28.642221682070474],[77.23190812527054,28.64219461013919],[77.23206776772473,28.642144653037533],[77.2322202489969,28.642096935935104],[77.23237538308639,28.64201208163502],[77.23263636012679,28.641869301411695],[77.23277679936997,28.641792407869],[77.23278007967774,28.641790732403802],[77.23315307659382,28.641600638826954],[77.23316193679281,28.641596439719333],[77.23338496418354,28.641499221541324],[77.2333982388341,28.641494068098627],[77.2335336430223,28.641449223423663],[77.23354150352746,28.641446838104716],[77.23530146779109,28.640956021566208],[77.23531156193859,28.64095349281193],[77.23550548837214,28.640912157335702],[77.23551301057624,28.640910799762594],[77.23567127092566,28.64088506657707],[77.23568462010162,28.640883435956923],[77.23647294498096,28.640817799383232],[77.23722266462462,28.64076516161346],[77.23734373354115,28.640756660695825],[77.23780481378088,28.640724286165806],[77.23861482019653,28.640630011717793],[77.23870022641647,28.64061259908745],[77.23878025128752,28.640586393418104],[77.23882717978643,28.640563166451862],[77.23885358007557,28.640545882832914],[77.23886273048944,28.64054033959714],[77.23902417401334,28.640450086342],[77.23902709655029,28.640448523113243],[77.23903670554904,28.640443817711542],[77.23937450457973,28.640292107212776],[77.23937925560648,28.640290054486826],[77.23955676426624,28.64021701736074],[77.23956060738995,28.64021550837234],[77.23964074440619,28.640184882845467],[77.23971504591371,28.640156486744647],[77.23973671984494,28.640148203670137],[77.23974250857957,28.64014613377035],[77.23975239241572,28.6401431507188],[77.23992104597917,28.64009708134721],[77.2399528523867,28.640096650929696],[77.24000928556623,28.640095888070704],[77.241120947421,28.64008086038009],[77.24102749656579,28.640321537907152],[77.2410000040159,28.640392341867557],[77.24099705332259,28.640399939078],[77.24110496978749,28.64041168644198],[77.24113132330925,28.64041290690423],[77.2411405440835,28.640412507093828],[77.24134323486071,28.64040027079924],[77.24136408029477,28.64039795254565],[77.24157963654268,28.64036322865852],[77.24159749324758,28.640359407934913],[77.24177271505842,28.640314143359404],[77.24207954630151,28.64023938541017],[77.24208808610163,28.64023702354751],[77.24225032439868,28.640189963961213],[77.24268471373459,28.640075556509295],[77.24292693796136,28.64002118050313],[77.24338645046525,28.63992344824892],[77.24350896754572,28.639905945720077],[77.24402785021724,28.639851601359215],[77.24474384720597,28.639798992922376],[77.24642628366486,28.639717434071382],[77.2464840557686,28.639714633351407],[77.24656488010059,28.639710714865323],[77.24680977410732,28.63970160951525],[77.2471376108077,28.63968941953426],[77.24728894917152,28.639683791944805],[77.2473900076408,28.63968003435871],[77.24741555582139,28.639679083477844],[77.24740053036514,28.64085236845932],[77.24741670874234,28.64127745661371],[77.24741693425445,28.641393506057586],[77.24741726539563,28.641563336074817],[77.24747130070175,28.64428151047255],[77.24747599339683,28.644517569293114],[77.24748444143115,28.64494246610778],[77.24746997018738,28.645542228094122],[77.24722630568883,28.646482943721573],[77.24718379689945,28.646640112102943],[77.2471698423772,28.64668402691273],[77.24715931140196,28.646716153638526],[77.24715016609979,28.64674404919741],[77.24695030906081,28.647353713143257],[77.24674785083612,28.647969223376172],[77.24663279370736,28.648304480186397],[77.2464329264008,28.648886856408108],[77.24635127399884,28.64911867155776],[77.24626579958442,28.64934941321535],[77.24616620287895,28.649604879319757],[77.24611194296432,28.64973703663731],[77.24606191454498,28.649858884823274],[77.24595296173872,28.650111361595943],[77.24574069662135,28.65054361327015],[77.2456578107199,28.650749110460744],[77.24557562181613,28.650972829951844],[77.24556400239031,28.651007820372527],[77.24547736817806,28.651276908218666],[77.24543303740356,28.65142599948562],[77.24537275691729,28.65165508312445],[77.2453596875196,28.65173314922179],[77.2453539235827,28.651811898085494],[77.24535008943856,28.65185718055893],[77.24533560350004,28.652026775303217],[77.24533071109153,28.652104855568016],[77.24532961265467,28.652174305894178],[77.24533226639724,28.652259944715425],[77.24534122992647,28.652531491040754],[77.24534611374695,28.652593095294453],[77.2453977094594,28.653243901485176],[77.24544027673481,28.653780813573206],[77.2454719756576,28.65409027853475],[77.24549517937284,28.654436192460924],[77.24551549145245,28.654833537474257],[77.24553109448377,28.65510641717415],[77.24554379601399,28.655328545604338],[77.24556358782289,28.65567468385853],[77.2455759047954,28.65589008683694],[77.24559992152604,28.656254937443443],[77.24563663637058,28.656826026640463],[77.24563835073832,28.656852701662103],[77.24564333697603,28.656930262533525],[77.24564530686393,28.65696522784559],[77.24564724906888,28.65712080670253],[77.24564530220903,28.65717553705507],[77.24564530108462,28.65721156364376],[77.24564274219044,28.657247518974863],[77.24563681839206,28.65728771844013],[77.2456276982356,28.65732744941612],[77.24562306681727,28.657343489127047],[77.24558481974881,28.657463463542403],[77.24554067543632,28.657581851237644],[77.24549071602843,28.65769842798555],[77.24543503801017,28.657812970222626],[77.24537374824726,28.65792526143077],[77.24530696080332,28.658035086776454],[77.2452348052167,28.658142237484817],[77.24515873447922,28.658243999795932],[77.24507696502987,28.658342264656653],[77.24498970223904,28.658436781430463],[77.24489716712586,28.658527313657302],[77.24479959311745,28.65861363098718],[77.24469722724469,28.65869551728067],[77.24459032693981,28.658772764346477],[77.24447916221636,28.65884517822117],[77.24436401455014,28.658912574676503],[77.24435320322596,28.658920734460526],[77.24431894902489,28.658946585654352],[77.24393141483768,28.659239053554284],[77.24385961597432,28.659293239175568],[77.24369232563743,28.65941912350173],[77.24349467398056,28.659567852728152],[77.24336960699343,28.659660387507163],[77.24324281045494,28.659751070515505],[77.24303079307687,28.659899013089635],[77.24290240633567,28.659985950674056],[77.24277191048554,28.66007040937267],[77.24258205524583,28.660189164815815],[77.24239077633604,28.660306127327743],[77.24236732016911,28.660320245666256],[77.24231775456619,28.66035007998477],[77.24187419058273,28.66061883045025],[77.24163311439759,28.660744984265534],[77.24134419733397,28.660896172809277],[77.24120525793053,28.660980833942933],[77.24097493048825,28.66115891639743],[77.2409410512935,28.661186792485484],[77.24090919069896,28.661216463141816],[77.24088732086784,28.66123914545996],[77.24083771305305,28.66128799704411],[77.2407830012601,28.661332405524746],[77.24072369333815,28.661371960078107],[77.24060973654603,28.661438551536733],[77.24049370166604,28.661502290947393],[77.24029990852614,28.66160318500644],[77.24010392844215,28.66170073690353],[77.23990583428485,28.661794909332244],[77.23984453995376,28.661826275833533],[77.23912485422834,28.66219456354435],[77.23903566400016,28.662240204847663],[77.23848313815603,28.662540587743393],[77.23815968511639,28.662706155548644],[77.2379650483107,28.66280578456054],[77.23757019756646,28.663011647445913],[77.23682819082818,28.663383223036845],[77.23663339106675,28.663513348671522],[77.23641004254007,28.66366254327812],[77.23621301425867,28.663780123032268],[77.23611580581404,28.663841973385715],[77.23602299166677,28.663908867846004],[77.23593490630533,28.663980564502808],[77.23585186952141,28.664056803643398],[77.23579060394822,28.664115710562058],[77.23572980650677,28.664174168513778],[77.2356898775737,28.66421006610902],[77.23565429680936,28.66424936109811],[77.23562343404556,28.664291644964404],[77.23559760935983,28.664336478433462],[77.23557708909954,28.66438339695199],[77.2355459590761,28.664478047457248],[77.23552239189954,28.664574383000687],[77.23550650345399,28.664671934296564],[77.23549837163435,28.66477022546707],[77.2354912559351,28.66493560335281],[77.23548535153546,28.66507284564819],[77.23546575011149,28.665528479207627],[77.23542956216156,28.666002489791353],[77.2354174647267,28.66616094472151],[77.23540850934181,28.666229412371322],[77.23539251894287,28.66629687649211],[77.23536962786282,28.666362774554823],[77.23534002498074,28.666426559369366],[77.23530526402216,28.666485522828946],[77.23526459038429,28.666541465687327],[77.2352183359928,28.666593928617072],[77.23516688450172,28.666642479406402],[77.23511065712981,28.666686720411636],[77.2350501156902,28.66672628670262],[77.2349450487954,28.6667981387099],[77.23492239366817,28.666813385786725],[77.23464735866062,28.666998490674],[77.23463734324025,28.667005230859488],[77.23423899605415,28.667273325032763],[77.23423076884376,28.667278861820186],[77.23405275860583,28.667398664678128],[77.23395831532197,28.66746270381051],[77.23394684462738,28.667470483019663],[77.23379576154116,28.667572928095794],[77.2337805643677,28.667583232889214],[77.23360174595271,28.66770448313358]]],"crs":null},"id":14,"type":"Feature","properties":{"area":6.2848222,"zone":"A (WC)","id":0,"SHAPE__Length":10079.18818117927,"objectid":14,"SHAPE__Area":6284822.200016124}},{"geometry":{"type":"Polygon","coordinates":[[[77.0913521514445,28.583990708634285],[77.0913595340185,28.583996485153694],[77.09141196901913,28.584037513660046],[77.09148322291755,28.584093267481304],[77.09153127633196,28.58414910207674],[77.09162558156021,28.584258678535853],[77.09258660424366,28.58537530317001],[77.09354144782654,28.586484715679543],[77.095024327974,28.58825578356816],[77.09527880218904,28.588671944967928],[77.09579853561564,28.589282885130533],[77.09615331209739,28.589699915184884],[77.0961737514977,28.58972394114732],[77.0975034636622,28.59129504978795],[77.09776227278391,28.591598066074635],[77.09873658404206,28.592738776563696],[77.09955590292927,28.59374385320787],[77.10053163823561,28.59494077579657],[77.10119580285995,28.595708557995017],[77.10318169996239,28.598004184242853],[77.10358661126112,28.59848378422895],[77.10554672170586,28.600805362809222],[77.10568710255298,28.60096779391074],[77.10599674465584,28.601326069112847],[77.10727103197655,28.60280046600945],[77.10751324959755,28.6030771133439],[77.10768324381806,28.603271270026713],[77.10828322525133,28.603956523923337],[77.10860497593492,28.604186067250666],[77.10919843757463,28.604938829161732],[77.10953909201791,28.605296318464543],[77.10953855911453,28.605296564067512],[77.109129923801,28.60548489425425],[77.10899744613,28.605539810591566],[77.10891628210858,28.605568967650303],[77.10876002873549,28.605625100059978],[77.1083508011865,28.60579533131828],[77.10817243854115,28.605871689519955],[77.10788701171919,28.60599388184514],[77.10783624485491,28.606015615007752],[77.10742260388929,28.606192431433165],[77.10691734720483,28.6063964869799],[77.10593651172718,28.60679596643251],[77.10518792774495,28.607119254003916],[77.10443833209607,28.60742649926632],[77.1041418342395,28.607570334643256],[77.10340382695313,28.60786566886466],[77.1025291854487,28.60822710040215],[77.10167580002417,28.60857952470282],[77.10145390653139,28.608673974049374],[77.10090154958962,28.608919305547573],[77.10078369976767,28.608957254796977],[77.10065653086089,28.608991968300685],[77.10052755942655,28.609021041259243],[77.10039710409707,28.609044401957426],[77.10026549091268,28.609061991198658],[77.10013304828217,28.609073765992623],[77.10000010386214,28.609079696896714],[77.09986699072576,28.609079769725053],[77.09973403810903,28.609073982984896],[77.09960157863756,28.60906235137404],[77.09946994115306,28.609044904989663],[77.09933945372582,28.609021686574614],[77.09919386156727,28.60898903543836],[77.09886917152878,28.608945696071803],[77.09855966258665,28.608898185843987],[77.09841426373332,28.608872564437878],[77.09825925912571,28.608852112088186],[77.0981033116373,28.60883833688007],[77.09794678898972,28.608831272821384],[77.09779006263433,28.60883093581754],[77.09763350271346,28.60883732735895],[77.0974774800693,28.608850432685003],[77.09732236518613,28.608870218996],[77.0971685242096,28.608896640928418],[77.09701632190593,28.608929635095382],[77.09686611868545,28.608969124644133],[77.09671826947309,28.60901501385939],[77.09657312491007,28.60906719716812],[77.09642876431585,28.609126477576833],[77.09624875639648,28.609214185456334],[77.09601899422292,28.60932613551663],[77.09592489000445,28.60937054394511],[77.095693327618,28.609479820671027],[77.09532557531163,28.60964722853978],[77.09495505212743,28.60980980845721],[77.09458183817334,28.609967524873216],[77.09420150287181,28.610122176875663],[77.09359695219449,28.610386599393102],[77.09297440643539,28.61054842453667],[77.09214047917446,28.610854869519695],[77.0903236759602,28.61168095961292],[77.09005354227558,28.61179980457622],[77.08969977552596,28.611995334791363],[77.08886159593537,28.612368964898618],[77.08839064160804,28.612572967088738],[77.08822739154327,28.612643681944675],[77.08622583925865,28.61352178201537],[77.08590632752747,28.613663750422464],[77.08511133627363,28.61401698038663],[77.08342824155778,28.61475952562668],[77.0832820993579,28.614839989316092],[77.08296926028336,28.61499850536271],[77.08255770863808,28.615222212891062],[77.08175260295266,28.61561093687326],[77.07897838219785,28.616895859432177],[77.07821919206776,28.617256473259594],[77.0780059415586,28.61735776579777],[77.07773585017459,28.617486056366847],[77.07560469616935,28.618498304893425],[77.07422030463147,28.61914304713149],[77.07178316235972,28.62032673528723],[77.07139619013024,28.620511079280647],[77.07107451258207,28.620664317195057],[77.0708045885879,28.620792899620447],[77.0703045067798,28.62103112095953],[77.06996514777194,28.621207597027002],[77.06976884445668,28.621314892987996],[77.0695576960021,28.621445109838266],[77.06922476033492,28.621697587361233],[77.0690206093052,28.621908360063454],[77.06899966496941,28.62193303097539],[77.06886438257315,28.622103563778072],[77.06873539098872,28.62227785063824],[77.06861282474809,28.622455710858404],[77.06849681115919,28.622636960241465],[77.06838747030561,28.622821411090747],[77.06828491506438,28.623008873111868],[77.06818925205725,28.623199149788988],[77.06810058179214,28.623392045601012],[77.06801899342737,28.623587359785276],[77.06794978922865,28.623771049721718],[77.06757567583433,28.624486408698417],[77.06730998225022,28.62499502889972],[77.06718551433072,28.62523945457535],[77.06692135458623,28.625139070170952],[77.06580052116654,28.624678224206388],[77.06579838892159,28.624677388677966],[77.06504095944189,28.624383186847414],[77.06323006963468,28.623674796596163],[77.06205838010166,28.623188997186737],[77.06139753034743,28.62292626093163],[77.06063944016576,28.62267118568811],[77.0595716016414,28.6223717658617],[77.05870843838346,28.622133873347742],[77.05807305505789,28.621954936992193],[77.05742664446862,28.62181395280518],[77.05625340722712,28.621566650528507],[77.05586347300813,28.621482769271392],[77.05543561565567,28.621390728483814],[77.05413594889474,28.621150602127024],[77.05315552020592,28.621006071069743],[77.05166239393428,28.620757585301522],[77.05126608964002,28.620705097932657],[77.05105798742129,28.62067753632598],[77.05095564751456,28.62066398215321],[77.05075243481545,28.620642112869717],[77.04922621275206,28.620477857964104],[77.04758780904098,28.620280154862787],[77.04649633549131,28.620156021426727],[77.04501209261475,28.619966882952667],[77.0444826044517,28.619900454707413],[77.04382210796827,28.619857828829357],[77.04324375630252,28.61986655096846],[77.04254480374395,28.619902898092104],[77.04228951905691,28.61991617264463],[77.04177583967899,28.619942882672177],[77.04104703194945,28.61998190432946],[77.0400523072844,28.619965895002892],[77.03913270770806,28.61990053331636],[77.0386320708691,28.61982829339244],[77.03797744206716,28.619719568139672],[77.03683370194774,28.619548356242817],[77.03657622234972,28.6195090250966],[77.03554591012855,28.619348319496755],[77.03439012340036,28.619168033087128],[77.03297254559311,28.618960306437103],[77.03273374015585,28.61892531129003],[77.03185674133962,28.618796788990732],[77.03124491020053,28.618725594866028],[77.0311354361383,28.618716072992314],[77.03094878042954,28.61871802877823],[77.03022377159614,28.61872889305213],[77.02780092652183,28.618916408861363],[77.02705588173383,28.618979571437634],[77.02704240207726,28.618980714220225],[77.02673624836875,28.619013583774866],[77.02663964811835,28.61902738701048],[77.02646804321435,28.619051907357363],[77.02634094576862,28.619093686028037],[77.02621384717582,28.619135463697475],[77.02556257296115,28.619349539151578],[77.02551309682107,28.619365801680885],[77.0245395126856,28.61969634449651],[77.0237904258855,28.619930980075882],[77.02327352160478,28.62005197997358],[77.02323671834841,28.620056732599405],[77.0231921123135,28.620062492328362],[77.02280428840244,28.62011257102677],[77.02266632029222,28.62013219732472],[77.02261264974679,28.620139831884355],[77.02254484205281,28.62014947760708],[77.02254402922138,28.620149592606367],[77.02249986083679,28.620008551796154],[77.02236775404397,28.619586698301493],[77.02222618571369,28.619134626537612],[77.02218987769285,28.61894426449464],[77.02222641297584,28.618757910913146],[77.02224207371889,28.618601819361402],[77.02225757236081,28.61845840000303],[77.02225832181865,28.618420139462952],[77.02226044312445,28.618311799749716],[77.0222519951514,28.618183581269307],[77.0222287946542,28.618072416121766],[77.02218051121469,28.6180007111036],[77.0221341467009,28.617951439420757],[77.02209869690158,28.617913765971654],[77.02179762650712,28.61761026101392],[77.02136841568314,28.61721287054576],[77.02069578883244,28.616786216280442],[77.02036041444168,28.61656136939945],[77.02028094693651,28.616508091461345],[77.02001356175282,28.616328826106013],[77.01921603946381,28.615796886910505],[77.01875478410805,28.615519676043238],[77.01857453848899,28.61539419035983],[77.01847805951665,28.615301647468204],[77.01838870991484,28.615156324942067],[77.01835853921581,28.615109791092504],[77.01822722840474,28.614907263114223],[77.0180447995972,28.614574167353293],[77.0179778690973,28.614365366475432],[77.01797211647974,28.61434741970556],[77.0178731319755,28.613989806947952],[77.01782689595663,28.613847638169673],[77.01775961015339,28.613640740051174],[77.01773438296213,28.613563169412227],[77.01745198188746,28.612941535162264],[77.01722593619722,28.612423622250795],[77.01719835773103,28.612360435543238],[77.0170626854486,28.612028000177524],[77.01687594428215,28.61164026018357],[77.01673381016425,28.611314011371153],[77.01671598983944,28.61127310619109],[77.01666415529358,28.611191996978356],[77.01658254865252,28.611094951375794],[77.01650509485273,28.611032432585574],[77.01642065004222,28.61096135164497],[77.01641808723589,28.610959194370512],[77.01630252067356,28.61089219296572],[77.01623520525845,28.61086299834713],[77.0160558395661,28.610774588423787],[77.01562597934888,28.610562707521375],[77.01507127331905,28.61028688965373],[77.01465087342586,28.61003119045676],[77.01424940376283,28.609796233183204],[77.01419175238074,28.609761351675104],[77.01373605542778,28.60948563753675],[77.0133933900257,28.609255813489185],[77.01324458774886,28.60913401452858],[77.01311224907761,28.609024739049243],[77.01298494444241,28.608897817291957],[77.01269582610963,28.608552067593337],[77.01246712799106,28.60822775767438],[77.01240750321139,28.608145070399708],[77.01228230412627,28.607971446412368],[77.01198517990787,28.607596487597643],[77.01162619397907,28.6071434556797],[77.01148014137445,28.606901092801138],[77.01138064997278,28.606735994304994],[77.01131754357888,28.60650080838712],[77.01133674296032,28.60638520905734],[77.01133672680105,28.606233885829884],[77.01133729123653,28.606232384071323],[77.01134732592807,28.606205707091274],[77.01141920923062,28.606014594560566],[77.01149306784544,28.605818228098144],[77.01156649785476,28.605620577605567],[77.01162125071068,28.605473200557856],[77.01191246050067,28.60477558607787],[77.01194431073668,28.604699286474958],[77.01206278768987,28.604493693306885],[77.01210348027405,28.60436278687387],[77.01220022503573,28.60422898200708],[77.0124779034503,28.603891102653755],[77.01262796058857,28.60370851291717],[77.01278254198785,28.603520416507354],[77.012894030681,28.60340508436264],[77.0130698011357,28.603242260835877],[77.01353957912184,28.602770292969126],[77.01385501708113,28.602568344400648],[77.0141120386178,28.602367681781264],[77.01451017175314,28.60205684689071],[77.01458620923893,28.60199626403968],[77.01464810128047,28.60194695052461],[77.01471224698555,28.601849746679175],[77.01476524976592,28.60176068154582],[77.01496766186973,28.601340000667914],[77.0149934172643,28.601286472383492],[77.01505447322066,28.601159575710657],[77.0151561724356,28.600976005794298],[77.0153180955211,28.600742627064218],[77.01546916122389,28.600525564274022],[77.0155648537993,28.60038347488316],[77.01559694050286,28.6003358304025],[77.01578696760049,28.600053667578475],[77.01581048564893,28.600018746306286],[77.0158444185298,28.599880961573096],[77.01589345302034,28.59970934801489],[77.01589495566145,28.599697976869074],[77.01594507280153,28.599318631733546],[77.01594532610939,28.599300624365707],[77.0159480993532,28.5991036218153],[77.01593610455595,28.599018380527223],[77.01592586936162,28.598983694060763],[77.01592515996849,28.598940591433],[77.01591859245605,28.598893920513245],[77.01591091896724,28.598848014083206],[77.01589973433603,28.598781106331458],[77.01588578997432,28.598697691495275],[77.0158763934177,28.598623651177856],[77.0158706578185,28.598578459459752],[77.01586419041568,28.59852749639066],[77.01582617491052,28.59822795497246],[77.01571079142454,28.59780029559957],[77.01570771179321,28.597788880692402],[77.01553334713454,28.597257923082605],[77.01544508967125,28.59703035777331],[77.01535237951997,28.59686094620773],[77.01521362084138,28.5966595631351],[77.01497951637991,28.596249354811174],[77.01490150420817,28.596112658261532],[77.01472077906435,28.59584208824756],[77.01425261955838,28.59530389799718],[77.01419246784586,28.595230278551316],[77.01395419366436,28.59509207212884],[77.01321328639422,28.59466231715578],[77.01299817279178,28.5945262031862],[77.01260083197566,28.594274782290476],[77.01159768019507,28.593835620739704],[77.01141712798052,28.593697965367735],[77.01134194742029,28.593596924971003],[77.01128835332173,28.5934588874845],[77.0112667450788,28.59331815121095],[77.01125540924902,28.59312327237432],[77.01125442022503,28.592924439360452],[77.01126863749796,28.592770253633176],[77.01128903304007,28.592665469133678],[77.01130211451904,28.592598265829796],[77.01130205363903,28.592589807221586],[77.01134990077549,28.592447393646996],[77.01135461908144,28.592430808883798],[77.01141182022359,28.592332016792106],[77.01141649910635,28.59231975124879],[77.01156872618257,28.592191298679374],[77.01170313803064,28.592132671360034],[77.01185970457482,28.59205366231138],[77.01204780444853,28.592004112427308],[77.01231203525413,28.591984080675697],[77.0125072622777,28.59200067113917],[77.0127057542407,28.59205017651084],[77.01271561393027,28.592054309986512],[77.01303049384885,28.592125923549606],[77.01338709151545,28.592241832135358],[77.01358820118202,28.59226643493746],[77.0136115905462,28.592276772280833],[77.01363107528543,28.59228366559809],[77.01380689434774,28.592332048739202],[77.01386599048712,28.592352932917432],[77.01407584950756,28.59242271638824],[77.01409234455546,28.592436882749],[77.01431929539281,28.59250980927573],[77.01432735399197,28.59251331067405],[77.01435510687341,28.592520160456672],[77.01461418596182,28.592556374519127],[77.01464157854575,28.592559609379755],[77.01466511274504,28.592562898858446],[77.0148778652708,28.5925931477521],[77.01489795689172,28.59259674371169],[77.01493774257128,28.592600351994317],[77.01499707631177,28.592610413898743],[77.01513185834514,28.592633270461768],[77.01515279960068,28.592640619248268],[77.01546429248624,28.592706497834442],[77.01569539169084,28.59272731027904],[77.01571093723298,28.592730816691404],[77.01573799289842,28.592734286434464],[77.01593657534563,28.592772910537708],[77.01595223996101,28.592776441319504],[77.01617949548971,28.592782803957327],[77.01619484627933,28.592782748038697],[77.0162255957864,28.592782683307874],[77.01641763283384,28.592769231267134],[77.01642879409374,28.592765701332407],[77.01645204372922,28.592765808544062],[77.01672562795015,28.592706482552583],[77.01687666802222,28.592664767279157],[77.01711165244909,28.592608338234733],[77.017143982145,28.59260852410219],[77.01730965928287,28.59257602643189],[77.01748734906172,28.592541172459267],[77.01750578213331,28.592541271753365],[77.01780980440167,28.592481811032222],[77.01784192349265,28.59247755761967],[77.0180887956706,28.59243513216481],[77.01811598466713,28.592426532377445],[77.01835037166991,28.592365978274334],[77.01836818579977,28.592357604615447],[77.01838597865284,28.59234924119686],[77.0185905411695,28.592208238972795],[77.01882092561839,28.592039087716422],[77.01882920658127,28.592031110402413],[77.01885399527085,28.592007231600654],[77.01899521623642,28.591850015610817],[77.01899888494205,28.59184223239176],[77.01900949479952,28.591815053665695],[77.01901679502292,28.591799574405762],[77.01913352670535,28.591611322217325],[77.01919562837487,28.59133727545274],[77.01920649998716,28.591178219512138],[77.01922151354438,28.590963031030313],[77.0192177097266,28.590855926006423],[77.01919100104853,28.590577611714288],[77.0191779516261,28.59044656707111],[77.01917768997072,28.590442345282412],[77.01915139994205,28.59033214347318],[77.01915079246398,28.59032191721125],[77.01915055084064,28.590317834085333],[77.01914742780619,28.590265163746373],[77.01914707025713,28.59025913418215],[77.01914867632115,28.590053913226345],[77.0191462707142,28.589998073089454],[77.01915601454823,28.589772310861957],[77.01914071808406,28.589620184764176],[77.0191100171819,28.589523471904812],[77.01910813878416,28.5895190666499],[77.01908695934601,28.58945575129657],[77.01908356187089,28.58945151213376],[77.0190816836713,28.58944588690374],[77.01907995643035,28.589443078354428],[77.0190485934821,28.589375746692298],[77.01904687144605,28.58937171267924],[77.01904669954948,28.58936769348307],[77.0190449850473,28.589363679209427],[77.0190325856396,28.5893227845383],[77.01903095163628,28.589313193470385],[77.01897114103387,28.588962022025207],[77.01874471673229,28.58821771007386],[77.0185080713739,28.58757155985011],[77.01827652202826,28.58672429313154],[77.01821216854056,28.586488811776782],[77.01817347864323,28.5862387951323],[77.0181689597567,28.586052967265903],[77.01821142389782,28.58587683520205],[77.01828108767371,28.5857053325044],[77.01828614070737,28.585694352441163],[77.0183890695711,28.585527228174286],[77.01839437870466,28.585521948930555],[77.01850604949499,28.58542768347544],[77.01852206229128,28.58541722695685],[77.01870899222715,28.58536593426481],[77.01873098584136,28.585360850594014],[77.01903381943598,28.585305778291733],[77.01965850421311,28.58517247217677],[77.01998601836651,28.585070157838583],[77.02051430035397,28.58494598260829],[77.02097075930487,28.58487750465402],[77.02107618209266,28.58485480871059],[77.02144376310147,28.58477567330275],[77.02176486298083,28.584677612893923],[77.02308605971962,28.584254474445952],[77.02355920394496,28.584118021618366],[77.02373328429168,28.584067816230164],[77.02408189385206,28.58396727718523],[77.02476817182277,28.58371655039134],[77.02509872240519,28.583642985122296],[77.0253141509923,28.583619331706537],[77.02575954292007,28.583502835135523],[77.0257805744557,28.58349357332501],[77.02626051451011,28.583410794916844],[77.02684507276379,28.583305195677617],[77.0271991955579,28.58321258552655],[77.02727165237437,28.583193636000804],[77.02734820021885,28.583173617361272],[77.02823328852767,28.58296363876478],[77.02888963918952,28.58285662326509],[77.02963175461456,28.58269102590886],[77.03021268635158,28.582561392138484],[77.0314119197729,28.582233833062045],[77.03209124342641,28.58208386852264],[77.03299874462553,28.581883526947934],[77.03322437894224,28.581801663160064],[77.03339911580042,28.581677188345655],[77.03358344347113,28.581572019497997],[77.0337401010849,28.58145721505939],[77.03389772024958,28.58136370574595],[77.03402427024803,28.58130090964737],[77.03417562837187,28.581275463759834],[77.0343917063484,28.581243664417656],[77.03461549811493,28.581209425480818],[77.03475330506616,28.581170869098255],[77.03501613005928,28.581074260523955],[77.03521046977573,28.581002468539534],[77.03531298226198,28.5809639169842],[77.03541792282986,28.58092373718198],[77.03675657811974,28.58041119075945],[77.03679678254588,28.580395796695022],[77.03684027791805,28.580376178962762],[77.0370433182623,28.580284601667845],[77.03728603890269,28.580175126532403],[77.03732051383581,28.580144372103284],[77.0374450565524,28.58003326915952],[77.037469307818,28.579998421862875],[77.03787147875173,28.579420509897727],[77.03795715132955,28.579297399293196],[77.03799409715545,28.579244308919776],[77.03807252067539,28.579037705254425],[77.03815809592095,28.578812259666385],[77.0381711941032,28.578750638654835],[77.03824891906964,28.578384989691656],[77.03825792165455,28.57834263565379],[77.0382764662265,28.578045426202266],[77.03828228380011,28.57795220270804],[77.0382717848841,28.577845998800672],[77.03826763316081,28.57780399403695],[77.0382623308457,28.5777859682397],[77.03822005985867,28.577651104281284],[77.03821808190348,28.577646918265973],[77.0381626217025,28.577529559392875],[77.03809307336623,28.57742671610515],[77.03803906210881,28.577337621998495],[77.03802514466301,28.577314665309135],[77.03797845949845,28.57727046176639],[77.03795939165059,28.57725240727764],[77.03794418489797,28.577228055079587],[77.0375520133911,28.576752163344096],[77.03732384028193,28.57621991380878],[77.03728416056687,28.57614832155795],[77.03719520230314,28.57598781815981],[77.03709775032554,28.57584971927375],[77.0369871746667,28.575708703413387],[77.03692084591785,28.57551894078875],[77.0368949564188,28.575414636237298],[77.03686429121308,28.57533302962198],[77.036784725699,28.5750660889344],[77.03672072706615,28.57482352852314],[77.03669101871431,28.574573053081686],[77.03665259570704,28.574415590171817],[77.036646452859,28.57439041501726],[77.03650978672647,28.5741634218048],[77.03623348376047,28.57381640706316],[77.03597632334102,28.573398145036293],[77.03580957856686,28.573126938294553],[77.03565116879331,28.572869286643055],[77.03508965070836,28.572172639426235],[77.03484572425322,28.571937444011528],[77.03470562760896,28.571802361358444],[77.03457670635068,28.571634127577315],[77.03455993443399,28.571619395722948],[77.03440337237724,28.571422842102987],[77.03438659946221,28.571408108434987],[77.03400879496166,28.57095897205029],[77.03380054058738,28.57071139639275],[77.03356029337564,28.570514849266544],[77.03327527286145,28.570281671686775],[77.0331353892695,28.57017036079761],[77.03295565933465,28.570027342087098],[77.03280504015802,28.56990748770333],[77.0326385615562,28.569726640412046],[77.03261795833926,28.569704258779495],[77.03223364673622,28.569286773846088],[77.03205242519783,28.56916758001111],[77.03186224515477,28.5688649002326],[77.03152712221103,28.568618429459434],[77.03140926769544,28.568387221560855],[77.03056974558311,28.567549969837998],[77.03054597860495,28.567519542977934],[77.03049519838994,28.567454534707796],[77.03025507354162,28.56714712532571],[77.03018948726638,28.567063160959936],[77.03017196792733,28.567040732761058],[77.02972617182239,28.566470013200643],[77.02915619579458,28.565706191265367],[77.02848461872183,28.564621870016094],[77.0283042701879,28.564391203437996],[77.02826919850456,28.564346346967778],[77.0279394546273,28.563924599955012],[77.02714529727668,28.56270184775585],[77.02699227957453,28.562470137359306],[77.02667669483893,28.561992251405616],[77.02639131955007,28.561560106357824],[77.02586768323116,28.560783512743956],[77.0257611124634,28.560629876705626],[77.02542483629617,28.560145089196226],[77.02530829166975,28.559949233706227],[77.02524255918837,28.55983876680528],[77.02512966171923,28.55964903957834],[77.02506521376753,28.559540731669262],[77.02457609119875,28.558718731577123],[77.02452870624325,28.558639097138478],[77.0242937425425,28.558244220542253],[77.02414469649331,28.55797374358232],[77.02409274460325,28.557879465202905],[77.0239975634296,28.557706737193705],[77.02362465256887,28.557029998301527],[77.02359853721902,28.5569791533227],[77.02341296518091,28.55661785460034],[77.02326933066622,28.55633820370304],[77.02321442250187,28.556292645275956],[77.02318852564362,28.556271157557674],[77.02318176297682,28.556265545617055],[77.02306095443079,28.556165307373007],[77.02297710653619,28.556016463438016],[77.02294991055685,28.55596818716153],[77.02294726467538,28.555963489275094],[77.02294598778379,28.555961223563823],[77.02280983047108,28.555719521680754],[77.02254751764309,28.55522417464536],[77.02250957865074,28.55515252963309],[77.02247460213724,28.55510796867151],[77.02230779207325,28.554895444784066],[77.02224310523287,28.55481303082099],[77.02223000195556,28.55479633682029],[77.02217504552529,28.554726319566015],[77.02212718622042,28.55466193276392],[77.02210135426851,28.55462717931341],[77.02193301597381,28.554400706598443],[77.0215047342543,28.553824513322432],[77.02087486090181,28.55333214406832],[77.02054096189465,28.553160385301954],[77.0198578210204,28.55256088570882],[77.01970563504656,28.55243949808219],[77.0196587524619,28.552402103099123],[77.01967165745242,28.55239056669983],[77.0195842536925,28.552342681238006],[77.01899524261157,28.551878235764313],[77.01842368449407,28.551427545059315],[77.0179681062983,28.55099945644218],[77.01730923906001,28.550380337451198],[77.01606504268545,28.54908814580348],[77.0152420390594,28.54833102532692],[77.01498386577632,28.547927798515115],[77.01464649664683,28.547422936302066],[77.01455823127027,28.54721264756866],[77.01441606356165,28.54690571014371],[77.01409914372059,28.5465257721586],[77.01357411196952,28.5458746020716],[77.01326910558056,28.545617940534143],[77.0129209601911,28.545290540996934],[77.01258564740661,28.54497584482479],[77.01118796197116,28.54342273905325],[77.01094582550975,28.5433908170782],[77.01092302865852,28.54338686321523],[77.01067623949889,28.54337515743668],[77.010350972058,28.54336650667157],[77.01005828485138,28.54332219800739],[77.00983372155153,28.543262737435867],[77.00967279030921,28.543158652335137],[77.0095411600373,28.543036540952393],[77.0095357525909,28.54303177085269],[77.00926242980545,28.542629790009652],[77.00910555514403,28.54215538646211],[77.00893482706427,28.541576027281845],[77.00892905180027,28.541552194943232],[77.00866983374944,28.541019715586344],[77.00837340256679,28.540719865519662],[77.00812667224459,28.540742869390687],[77.00827945368677,28.540703566603906],[77.0084035942066,28.540616440294816],[77.00869434864407,28.54039917797318],[77.00910390842692,28.540128884975086],[77.00933582687237,28.53998721521421],[77.00966949531627,28.539813589724186],[77.01011356102968,28.5403048808077],[77.01050918628896,28.540246812601488],[77.01136532036342,28.540118202788737],[77.0122597451,28.540083121099403],[77.01255575712288,28.5402313677616],[77.01267758633696,28.54026716618271],[77.01346769972426,28.54061326833653],[77.01406934963484,28.54002013610874],[77.01419348616591,28.53999808425847],[77.01475148209087,28.539762077806117],[77.01541739674079,28.539558568673545],[77.0165045514167,28.539123358635244],[77.01658721995136,28.539095148468366],[77.01708609158563,28.53872136366719],[77.01729275230059,28.538154632092603],[77.01754548032491,28.537466673965245],[77.01793522955937,28.537331076833016],[77.01807854351672,28.53725326348761],[77.0182083587917,28.53717110191694],[77.01906261833685,28.53662532961988],[77.01959596829397,28.536278164350794],[77.02049078278202,28.535769891922918],[77.02107712538334,28.5354450714303],[77.0214431600278,28.535169929697112],[77.02169054473717,28.534963433517387],[77.02234327745866,28.534468264968645],[77.02272648303901,28.53409530649469],[77.0231967473962,28.533700135902382],[77.02334952864562,28.53356869563505],[77.02387742222426,28.53321297468974],[77.0241023098127,28.533051411148755],[77.0246196135457,28.53285183292672],[77.02475169418202,28.532778455723626],[77.0249481641613,28.532720780882077],[77.02639743592268,28.53241285567067],[77.02809740289543,28.532066013353752],[77.02900389757666,28.531892641741134],[77.02912069954016,28.53187030275929],[77.02985657761278,28.531749233563975],[77.03041350557808,28.531605699015266],[77.0304378538363,28.531615637017847],[77.03100186039796,28.531458536612092],[77.03174976877219,28.531233057873482],[77.03213203230275,28.531156687673565],[77.03255118484208,28.53092103836575],[77.03312567815695,28.530582541999404],[77.03406281021479,28.53008861649942],[77.03462836494867,28.52978043151477],[77.0385377871031,28.52759099954086],[77.03864119517871,28.527580862104113],[77.03876071546532,28.527518423560608],[77.03883010365792,28.52743725418711],[77.0391521345205,28.52725556117166],[77.03988340872851,28.526866114148067],[77.04062873046806,28.526485910645516],[77.04183135657577,28.525797598230803],[77.04184906734751,28.525781987518858],[77.04390925273117,28.528215676199803],[77.04503798221751,28.529525619878694],[77.04538171611267,28.529923994321024],[77.04557202345099,28.530144015514836],[77.04613250376185,28.530777844676816],[77.04616386105975,28.530813305276304],[77.04663559052014,28.53135749429499],[77.04686422782915,28.531621247968673],[77.04776818071944,28.53268043897238],[77.04827929285166,28.533307059372312],[77.0486564119383,28.533722697816],[77.04873239506132,28.533824414759817],[77.04876189170136,28.533863901041244],[77.04885212096139,28.533984689610456],[77.04892816215316,28.5340864831527],[77.04901946138453,28.534212645141128],[77.0491157680193,28.534320560996886],[77.04921168001707,28.534428032463108],[77.0500571016219,28.535375345474872],[77.05024921142383,28.535734845921898],[77.05062137405487,28.536199592634144],[77.05108171879755,28.536680135967465],[77.0514542779114,28.537095316564805],[77.05151959676631,28.537225574233915],[77.05182051378029,28.537609814902048],[77.05268392222764,28.538610283199716],[77.05322644984481,28.539302289976753],[77.05342610119217,28.539533428490916],[77.05471789546851,28.54102891884563],[77.05660624811429,28.543367639560195],[77.05731202981238,28.544220775264453],[77.05762809000608,28.544602687276907],[77.05826862861004,28.545374392093702],[77.05853133220725,28.54569088636088],[77.05872800910835,28.545927833391158],[77.05933202559538,28.546655514529746],[77.05944945281286,28.54679698081835],[77.06386453943821,28.551781236973415],[77.06532323978695,28.55350850778416],[77.06561527598326,28.553822046001354],[77.06596599251371,28.55419858183723],[77.06619712224642,28.55453669068391],[77.0676654854407,28.55621970490265],[77.06804699067168,28.556656969085537],[77.06807395635788,28.556687875441504],[77.07164050381989,28.56091661888202],[77.07191294198248,28.56123962136599],[77.07773229632497,28.568138413430496],[77.07810531005043,28.568582403200036],[77.07868017521572,28.56928948987986],[77.07934951213473,28.5701536821557],[77.07966510554421,28.570525807687247],[77.07987479229624,28.570800279272994],[77.08044616792398,28.57137897697264],[77.08081376406595,28.57181106744845],[77.08372475498726,28.575246181265392],[77.08649780057839,28.578485919104338],[77.0867924812079,28.578837355803447],[77.08702067464941,28.579104549600398],[77.08789184568978,28.580093700836187],[77.08839654591544,28.5806887512111],[77.0889580601383,28.581345841680573],[77.08941889964662,28.581876753810942],[77.08965902766455,28.582130389850207],[77.0897044280399,28.582178343643093],[77.08993878224085,28.582445439647568],[77.09038585294871,28.582954964910325],[77.09044846032248,28.583026317552925],[77.09072415386515,28.5833405212823],[77.0909804016075,28.58360492174947],[77.09102085210942,28.58364665855835],[77.09105376052416,28.583684937542746],[77.09105967653784,28.583691819483036],[77.09111172779728,28.583752365895613],[77.09117426662904,28.583825112405577],[77.09118914248556,28.58384241607537],[77.0912040183649,28.583859720645286],[77.09124362457253,28.58390579072766],[77.0913521514445,28.583990708634285]]],"crs":null},"id":15,"type":"Feature","properties":{"area":57.0819782,"zone":"K- II","id":13,"SHAPE__Length":37086.06184528761,"objectid":15,"SHAPE__Area":57081978.196057215}},{"geometry":{"type":"Polygon","coordinates":[[[77.13841773515165,28.74512935650314],[77.1379061582024,28.745677203977856],[77.13789656750616,28.74568747491762],[77.1378478887758,28.74567865196157],[77.13779921109433,28.745669829873336],[77.13734234813282,28.745587024985088],[77.13726533740504,28.745573066594964],[77.13689447114453,28.745505846706084],[77.13670044534442,28.745461425653666],[77.13658769794166,28.745435612844062],[77.1363276669057,28.7453760803117],[77.13587514959197,28.745241632079924],[77.13516372093586,28.745071516128544],[77.13457676702222,28.74497415513182],[77.13391799653853,28.74493033717606],[77.13323000447276,28.74493822302132],[77.1327812889119,28.74501028496443],[77.13230686421444,28.74510398390025],[77.13195180581694,28.745156670850072],[77.13155209801376,28.745167990021628],[77.13103924328527,28.74518251274643],[77.13068100568974,28.745171294685605],[77.13011197030798,28.74510375644903],[77.1295412124152,28.74500281295245],[77.12927237622606,28.74494319245833],[77.12910969120004,28.744907113441435],[77.12906760091948,28.744892199448906],[77.12869697641379,28.744790032345282],[77.12839149803331,28.744654932941867],[77.12811017708951,28.744523570422782],[77.12799988555264,28.74448281295713],[77.12786309818522,28.744432264990216],[77.1275844002733,28.744380186126783],[77.12722466015266,28.74431793963264],[77.12672306505253,28.744235917030334],[77.12624261627013,28.74414636579194],[77.12573966369098,28.744039406964234],[77.12512878880212,28.743900975201925],[77.12443273017314,28.743773816867858],[77.12376023157218,28.74366623434632],[77.12304263237515,28.743565003594586],[77.12285238858632,28.743541018345873],[77.12277626092504,28.74353928725075],[77.12269114699966,28.7435416872302],[77.12260633248636,28.743548413473594],[77.1225400217081,28.74355709663162],[77.12235542604722,28.743611524422658],[77.12188027861924,28.743776463325705],[77.12185495045206,28.743785255113096],[77.12182944337064,28.743794110159087],[77.12175585199711,28.74382775469744],[77.12163975633838,28.74369684078724],[77.12156346853585,28.743610815394852],[77.12137108588213,28.743393875770032],[77.11999641481867,28.741843692833143],[77.11423667721107,28.735347899323614],[77.11417822404788,28.735281970463724],[77.11416952238926,28.735272156023406],[77.11384868865687,28.735494346230368],[77.11370781094335,28.735591909119893],[77.11016214595882,28.738047311682934],[77.11006418039283,28.738115150469856],[77.11006146359072,28.73811205468725],[77.10977917677945,28.737790383041887],[77.10587161200603,28.733337345470517],[77.10569536718458,28.733183995767],[77.10380644843244,28.73103120046139],[77.10041781061115,28.731863700584004],[77.1005583673456,28.730042728705357],[77.10054838642542,28.729970561400016],[77.10054756719035,28.729909592783965],[77.10053696895172,28.729786242822314],[77.10026478911625,28.727436252708245],[77.10026355314632,28.72742266605661],[77.10014702355201,28.7271967699814],[77.10000356647573,28.727042699622316],[77.09987452959605,28.726912781760674],[77.09974566744424,28.726805463790868],[77.09959791693458,28.726659822206745],[77.09923843639667,28.726220248362388],[77.09923463194689,28.726213149454303],[77.0992288902508,28.726202438925537],[77.09912001038221,28.72598419907254],[77.09898246631516,28.725567521621702],[77.09891862236552,28.724988965676427],[77.09888208459101,28.72462317253271],[77.09889104818375,28.72439263412871],[77.09884982629114,28.723868464266243],[77.09883490858445,28.72349957341384],[77.0988023978201,28.722885251473414],[77.09878610808133,28.72271146219759],[77.098683937187,28.722408753774392],[77.09841162610246,28.721893036863747],[77.09811635519534,28.721420962833644],[77.09780794767606,28.720972897421284],[77.09736227281296,28.720232236720648],[77.09727667474773,28.720044247130506],[77.09687467687687,28.7191171823798],[77.09667723280681,28.718637864822785],[77.09641489965499,28.718334374145375],[77.09603008562891,28.717939783621347],[77.09591839559062,28.71781788722982],[77.09538545391794,28.717118521140016],[77.0953359427973,28.71702135647666],[77.09516366066947,28.716683250805644],[77.0949517204403,28.716267309983365],[77.09487922279453,28.71612503216723],[77.09456824992733,28.715693027229147],[77.09373854059832,28.714593445258934],[77.09366153609206,28.714402048000583],[77.09367103501607,28.71427899116999],[77.09373391947578,28.71404907022334],[77.09384426054142,28.713819173233034],[77.09398274094117,28.71351352651984],[77.09407583530012,28.713295314255056],[77.09432292506587,28.712566007132885],[77.09445255560031,28.712020117580977],[77.0944547000314,28.711969027240922],[77.09445245239618,28.711843816222586],[77.094442714259,28.711718884538477],[77.09442551098431,28.71159457918204],[77.09440089048171,28.71147124860082],[77.09436892202052,28.71134923459427],[77.09432969429103,28.711228877757772],[77.09428331635544,28.711110513858493],[77.09422991863465,28.710994472015916],[77.09416964885145,28.710881076569052],[77.09409908961729,28.710764729269975],[77.09397756005343,28.71053989168897],[77.09318713717977,28.709370270090645],[77.09314616839917,28.70930689350929],[77.0930951567116,28.709201031930064],[77.09176682988554,28.70727853146145],[77.09080542990267,28.706123695772526],[77.08974116417886,28.704851999960034],[77.0886273812178,28.703565314887076],[77.08862730450619,28.70356521411058],[77.0884301788446,28.70324857827238],[77.0883297956742,28.703139791842442],[77.08715463748071,28.70186623993873],[77.0871540168398,28.701865546615124],[77.08688038933023,28.7015639987135],[77.08597608918188,28.700567409963853],[77.08587347351154,28.700460451517536],[77.08570957543827,28.700289617656644],[77.0848708352542,28.699415370216087],[77.0844067637795,28.69892184156964],[77.08384655267307,28.698356247423654],[77.0832496123936,28.697821254390245],[77.08316430677148,28.69774893035142],[77.08280381741434,28.697443296120525],[77.08256102882729,28.697247896326413],[77.08246122574346,28.697177304574957],[77.0824179752773,28.697143544428982],[77.08227260326845,28.697033826806265],[77.08210652981626,28.69691360259867],[77.082017625807,28.69687457892256],[77.0819733857523,28.696856829176923],[77.081789413504,28.696843152798433],[77.08167404897114,28.696818511156398],[77.08154323544088,28.696793896907156],[77.08140018322896,28.69675561039724],[77.08115532335553,28.696706445388205],[77.08093900744998,28.696646645568332],[77.08088700499107,28.696632902943087],[77.08068259374322,28.6965788811605],[77.08047739999137,28.696530040456068],[77.0802935087904,28.69649197390626],[77.0800892128531,28.696467605808984],[77.0798726934247,28.69644868944891],[77.07981184194081,28.69645345539484],[77.07968054207447,28.696439189118625],[77.07964569055173,28.696430845249722],[77.07962203599693,28.696405188858115],[77.07960299764804,28.69637372908743],[77.07958841736688,28.69632883117716],[77.07950283958118,28.696016187195955],[77.07940078102045,28.69564333143831],[77.07934722358011,28.69544759800052],[77.07928487409905,28.6952197355891],[77.07925725649044,28.695036361203858],[77.07925521735787,28.695022819019574],[77.07920634695616,28.694797192831274],[77.0791444108745,28.694539162264945],[77.07913486387642,28.69449939057128],[77.07908119715671,28.694275807775547],[77.07905109405074,28.694080395817572],[77.07902943311953,28.693939786157273],[77.07899823378239,28.693737257314027],[77.07898133391976,28.693631301878888],[77.07896433118181,28.693524695645863],[77.07895334421278,28.693455811194436],[77.07891187155674,28.69319578673818],[77.07890819910365,28.693172760139547],[77.07887977093166,28.693131531683814],[77.07885604886532,28.69309712910448],[77.07882992268839,28.693059239921705],[77.078820177686,28.693045108723013],[77.07877749540455,28.693004068602026],[77.0787283978273,28.692956859559906],[77.07862604269168,28.69287826969172],[77.07849450543135,28.69278309148193],[77.07846967321787,28.692756246534472],[77.07841092729473,28.692692737290486],[77.078314961779,28.6925957392076],[77.07823945214905,28.692550825181296],[77.07817330893424,28.6925046140663],[77.07810407080275,28.692472208067606],[77.07809233745449,28.69246671634861],[77.07801566508131,28.6924244214273],[77.07794618626146,28.69231513089968],[77.07787262621537,28.6922358120809],[77.07778208084237,28.692172525672227],[77.07770776446726,28.69213359791301],[77.07762461306831,28.692097166254136],[77.07755258898035,28.692077094992104],[77.07749960106526,28.69208824023728],[77.07745726747078,28.692099469988122],[77.0774361285709,28.69208401128957],[77.0773487264757,28.69205011888085],[77.07727819473787,28.692030113882797],[77.07724957103012,28.69202199492764],[77.07721899003757,28.692013321318548],[77.07711611335824,28.691965374572252],[77.07710018610095,28.691958044170114],[77.07701646558972,28.691919514855275],[77.0769313663288,28.69187293182507],[77.0768567843903,28.691841932698033],[77.07678935916736,28.69183304681175],[77.07675911641067,28.691829060849777],[77.07668463247543,28.69181924470311],[77.07667870319177,28.691816433871164],[77.07659102234379,28.691774878250936],[77.0765650317083,28.691762559952572],[77.07638940439283,28.69163368527975],[77.07630856294689,28.691540049258425],[77.07628781169596,28.691516013315045],[77.07623970783587,28.691459385002318],[77.07614124155329,28.69134346956444],[77.07600520475557,28.691131365243915],[77.07574477922675,28.690691402507596],[77.07572804964741,28.69061736694036],[77.0755586030472,28.690364029900437],[77.07555058482355,28.690344856867267],[77.07550052310754,28.69022515114517],[77.07547871974757,28.690159748238017],[77.07538365525988,28.690003651225677],[77.07536105205921,28.689979339445184],[77.07509046778787,28.689688295131884],[77.07466943242089,28.68928180502888],[77.07438390041065,28.689017156463915],[77.07435261690392,28.68898816101609],[77.07435813902903,28.68896659848838],[77.07440252532326,28.688793299206274],[77.07440319988841,28.688790664022164],[77.07442814701028,28.688756393181396],[77.07448514880703,28.688678091319417],[77.07456319111294,28.688570885003045],[77.07474878019038,28.688315940668137],[77.07486178048099,28.688160711856092],[77.07488331308024,28.688131132116926],[77.07510606796082,28.687774046208496],[77.07516568293818,28.68765957341858],[77.07521255767273,28.687569562939032],[77.07523407347422,28.68752824877102],[77.07532641480218,28.687350933748753],[77.07545679440565,28.687100575489442],[77.0760640885942,28.686207434203713],[77.07619088001694,28.686019834194845],[77.07636256389111,28.685765807750276],[77.07637584863045,28.685746151728324],[77.07641390725068,28.685689839661293],[77.07648101809748,28.6855758333142],[77.07656242811372,28.685437535466534],[77.07665860154687,28.685274158465607],[77.07671094933404,28.685185232022878],[77.07676395736112,28.685095181968908],[77.07676414640271,28.685094857842447],[77.07689264027562,28.684869842700852],[77.07706124310187,28.684854574335084],[77.07815168202181,28.68475581642554],[77.07895590509042,28.684682975225517],[77.0815595315007,28.684447120708022],[77.08504926088513,28.684163850585957],[77.08643128445262,28.68405164320955],[77.08891798989798,28.683849709488438],[77.09035648146083,28.683732875649874],[77.0934994401243,28.68347755070338],[77.09388539609004,28.683446191174838],[77.09477392551717,28.683367485454266],[77.095004579031,28.683347052912726],[77.09502164486923,28.683345540781975],[77.09529436327512,28.683321381363434],[77.09561608091617,28.683292881251067],[77.09706542333639,28.683164475432267],[77.09753973871594,28.683122450411556],[77.1008794383334,28.682826495314803],[77.10210692597165,28.682717698394317],[77.10422750447522,28.6825297155531],[77.1057957635132,28.682390080036992],[77.10584918709438,28.682385322671514],[77.10942595278215,28.68206678244599],[77.1118931362995,28.68184700308591],[77.11343612286484,28.68170952918552],[77.1138525112676,28.68167242781925],[77.11480427156174,28.68159121227074],[77.11495244210427,28.681578568644472],[77.11503342618157,28.681571658009222],[77.11664945000543,28.68143374234442],[77.11680735017248,28.681420265067338],[77.1174291394609,28.681367194313886],[77.11915249654935,28.681220086502048],[77.12009790820292,28.68113937641144],[77.12168342709484,28.68100400387923],[77.1225787970557,28.680927548595598],[77.12394533286405,28.680810848841737],[77.12507646118193,28.680714456594554],[77.1260369039996,28.680632602098594],[77.12867411638419,28.68040780709632],[77.13045297324986,28.680256148869358],[77.13328061770089,28.680015026849173],[77.13511340975836,28.67985870657854],[77.1354727693041,28.67982419210708],[77.13743106657455,28.679636092218423],[77.13777508103871,28.679603045700315],[77.1383412634348,28.679516109688976],[77.13896084750209,28.67943247780485],[77.13923062295456,28.67939606343353],[77.13929369680753,28.67938754924513],[77.13939144440768,28.679368553438024],[77.13955513730049,28.679336741713307],[77.13957612438725,28.679332662635364],[77.13969997909315,28.679308592544274],[77.13982383273051,28.679284523260844],[77.14019557667122,28.67921227755938],[77.1405515255073,28.679143100390675],[77.14128742161043,28.678965055853997],[77.14139428736473,28.678939199441388],[77.14167236045344,28.678871920322653],[77.1416905347477,28.67886754256692],[77.14198688133067,28.678796155980688],[77.14336048012315,28.678465259447645],[77.14350608553434,28.67841805571895],[77.14417091652156,28.678202521244128],[77.14456661824433,28.678074235006246],[77.14641214771112,28.677403386250003],[77.14745102525819,28.67699712336942],[77.14907622457311,28.676361551509572],[77.14943903807347,28.676219660934176],[77.15113206695553,28.675515100067855],[77.1516479674955,28.67530040031998],[77.15377840142482,28.674455367815746],[77.15632725358687,28.673444309819043],[77.156508084152,28.673372577188296],[77.15845336523654,28.6725456058097],[77.15938333973902,28.67216777039844],[77.1597373987027,28.672023919368655],[77.1598142893641,28.672071971023357],[77.15983609053602,28.672085595102892],[77.16000997276635,28.672157918739487],[77.16018597867694,28.672226130787475],[77.1602800732234,28.672259989707264],[77.16036398247468,28.67229018452339],[77.1605438583654,28.672350033224618],[77.16077128142068,28.67243056282212],[77.16100141104516,28.67250487081315],[77.16123402884075,28.67257288578282],[77.16146891452851,28.672634544468323],[77.16170584379235,28.672689786379657],[77.16194459149557,28.672738560966696],[77.16218493153292,28.672780820403208],[77.16242663387357,28.67281652504785],[77.1627396836832,28.67292104284776],[77.16299314540142,28.67300566483383],[77.16311229184006,28.67304544367955],[77.16379566370745,28.673279624039406],[77.16447669595762,28.67351904626146],[77.16466612479901,28.673599896128085],[77.16485232537232,28.673686384340872],[77.1650350797646,28.67377841063485],[77.16521417710851,28.673875869219682],[77.16538941047679,28.673978647024413],[77.16556057587796,28.674086624616148],[77.16572747636575,28.67419967703616],[77.16588991690674,28.674317672979754],[77.16616003739661,28.674529710645917],[77.16643523625586,28.674736608191246],[77.16671538769036,28.67493826924999],[77.16700036398684,28.67513460380368],[77.16729003534606,28.675325520063453],[77.1675842680043,28.675510932620657],[77.16782392993697,28.675655232448705],[77.16788292817603,28.67569075516557],[77.16795732966995,28.675727924999546],[77.168093305976,28.675795858061115],[77.16810653392265,28.675802465635897],[77.16815561573702,28.675826986684115],[77.16816194787262,28.67581571489276],[77.16820468283603,28.67573964213549],[77.16831957000377,28.675548647276305],[77.16846363320774,28.675309147853064],[77.16867084015048,28.674964673766066],[77.16908173072589,28.67412286397067],[77.16935296859552,28.67349182156169],[77.16969400992124,28.67279258074126],[77.16985617751806,28.672832571539143],[77.17026729113945,28.67287531483906],[77.17068956232647,28.672847532780747],[77.17112601977277,28.67279600999281],[77.17125958970249,28.672775254726023],[77.17139480894316,28.672746224145346],[77.17152762946479,28.672709580514322],[77.17165750089359,28.672665476136306],[77.17178388574614,28.67261409288503],[77.17190625946675,28.67255564400866],[77.17202411550464,28.672490372243114],[77.1721042843772,28.67243934784751],[77.17281897769202,28.672152165059085],[77.17296190667302,28.67208091112144],[77.17308986578395,28.67202442785376],[77.17322089011155,28.671973703277274],[77.17335464784263,28.67192886903139],[77.17349079652931,28.67189003707691],[77.17362899244225,28.67185730676439],[77.17377031821295,28.671830489263176],[77.17569941803781,28.671536554482213],[77.17778281271383,28.67111004163498],[77.17880570326977,28.670904693711325],[77.18031905755949,28.6706008672953],[77.18062989563263,28.67053273371905],[77.18093583661062,28.670472882838745],[77.18124339643147,28.670419881506742],[77.18155237842053,28.670373764460034],[77.1818625857553,28.670334559221505],[77.18217381854627,28.670302293365086],[77.18248587673698,28.670276986348632],[77.18279856226124,28.670258654892862],[77.18311575995475,28.67024716143817],[77.18325627969303,28.67024190457553],[77.18329329229577,28.670239603093613],[77.18407072364676,28.67020593810403],[77.18486288250939,28.67017381472854],[77.18618485303564,28.670109594593537],[77.18639779274208,28.670104696743284],[77.1866200756883,28.670092888599775],[77.18684177285138,28.670074406341367],[77.18706262682224,28.670049271275495],[77.18728238238809,28.670017511893896],[77.18749655224356,28.66997990902241],[77.18750078147526,28.669979166661367],[77.18771757326414,28.669934278438316],[77.18793250307081,28.669882900976596],[77.18814532346582,28.669825092423675],[77.18835578620518,28.669760920866644],[77.18854749354333,28.669695936146812],[77.19050103491368,28.669184982564225],[77.19205980848672,28.66877902676927],[77.19229555145058,28.668717630270333],[77.19240376195785,28.66898917060688],[77.19262914546584,28.66955473857333],[77.19294848731147,28.67028583481827],[77.1931034015304,28.67064437357869],[77.19340025988559,28.67127150012142],[77.19352969912977,28.671534806561976],[77.19369491345839,28.67188307645908],[77.1937111595521,28.671918949491147],[77.19384154098714,28.671887488447442],[77.19397354512074,28.67186182880951],[77.19406666578219,28.671847578975655],[77.19416035870621,28.671836636586466],[77.19424282441425,28.671831681438483],[77.19432546533797,28.6718330709474],[77.19440765621232,28.67184079630255],[77.19448945115569,28.671849993331723],[77.19457032125412,28.67186419582417],[77.19464987124655,28.671883337105953],[77.19472771549658,28.671907321474965],[77.19480347410833,28.67193603418897],[77.19498920026766,28.672007312286166],[77.19499322864732,28.672008859327],[77.19505418722463,28.67203225388132],[77.19503563283644,28.672054482046963],[77.19493348100212,28.672191027102503],[77.19492033085604,28.672217004104223],[77.1944366133721,28.67317251402895],[77.19393973698304,28.67415399950268],[77.19259214115124,28.676795150464027],[77.19189430694821,28.6782105855915],[77.19176672767065,28.678469352880473],[77.19170955918824,28.678585307061887],[77.19161171883364,28.67877530158583],[77.18996444512821,28.681974017767942],[77.18987020601783,28.68215700623801],[77.18979011598518,28.6823225365994],[77.18966928248769,28.682572273031976],[77.189021383511,28.683911323733124],[77.18846212467606,28.684993659079623],[77.18719078641615,28.687453995302626],[77.18522011089416,28.691343636494075],[77.18437891868092,28.69311988322286],[77.18408297774364,28.693692336941368],[77.18262580695324,28.696510924771125],[77.1824183997305,28.69694510296833],[77.1823050535808,28.697182375041294],[77.18229646672108,28.697198836767484],[77.18201153551671,28.697745093381776],[77.18172874573301,28.698198790396],[77.1814903617105,28.698514935980857],[77.18109101828095,28.69901025890992],[77.17971433482602,28.70051037728778],[77.17929600379222,28.700966205310305],[77.17790806019609,28.70244879450948],[77.17738250964926,28.703023108998305],[77.17619554109952,28.70432018424843],[77.17488089786994,28.705756729194476],[77.1748002116412,28.7058448950277],[77.17372888319285,28.70700135109514],[77.17332184456693,28.707440725126006],[77.17329199926589,28.707472940802006],[77.17176088429649,28.70912564380456],[77.17081181794741,28.71018435566614],[77.17053484345034,28.710493324611335],[77.17026036437737,28.710799507335047],[77.17019327049556,28.710874350423467],[77.16738589225001,28.713891614208713],[77.16696776643005,28.71434098152719],[77.1644624076531,28.71700489726169],[77.16291069256032,28.718723031896182],[77.16245370958497,28.71922901293251],[77.16199672122478,28.719734991737933],[77.16161450150253,28.72014860306374],[77.16141721174503,28.720362095650945],[77.16072489147989,28.721111261595667],[77.16043684176998,28.72142295831199],[77.15990499958842,28.721998456084748],[77.15663597422325,28.725536858665844],[77.15522500606305,28.72703505414991],[77.15504450519983,28.72722670945483],[77.15479316272165,28.727499349003903],[77.1540587300775,28.72829599899052],[77.15264860720771,28.729825536970846],[77.15234835341033,28.730151210018246],[77.15232406862752,28.73017755104073],[77.15225782939486,28.730249397518325],[77.15124231536474,28.7313394269785],[77.15121227610614,28.73137166924066],[77.15111042097976,28.731480995573218],[77.15072021585344,28.731899823494665],[77.15005608088815,28.73261266542457],[77.14877750187695,28.733987013981633],[77.14765090835209,28.735197954432575],[77.14731493189251,28.735563383915856],[77.143522352148,28.73964567240485],[77.1435181749238,28.73965016890629],[77.14045860674922,28.74294315450421],[77.14035201147382,28.743057877399572],[77.14030106561022,28.743112438303612],[77.13841773515165,28.74512935650314]]],"crs":null},"id":16,"type":"Feature","properties":{"area":54.34396881,"zone":"H","id":13,"SHAPE__Length":33308.14108109077,"objectid":16,"SHAPE__Area":54343968.81114258}},{"geometry":{"type":"Polygon","coordinates":[[[77.07541431437518,28.664306327748662],[77.07556521312864,28.66440905949846],[77.07564495655303,28.664472296703224],[77.0757931741389,28.664576262158036],[77.07589171875337,28.66463204918383],[77.07613656290724,28.664763181050223],[77.07634041831676,28.664874649809544],[77.07644155196603,28.66492442695307],[77.07652887354537,28.66496009247795],[77.07666656206263,28.665010502450905],[77.07682172208622,28.66505467628457],[77.07782750859651,28.66507002490158],[77.0778535815478,28.665268883802078],[77.07788888172301,28.66557631514875],[77.07790500721241,28.665735067950244],[77.07791735116359,28.66603139220233],[77.07793682373541,28.666277472364808],[77.07796426411923,28.666762645753746],[77.07800086065059,28.667711787986963],[77.07798961731184,28.668211879439937],[77.07797516427378,28.668467074920343],[77.07793816469794,28.66881429209897],[77.07789208344423,28.66894821604343],[77.07784587954778,28.669322790226655],[77.07776755784792,28.66996285756091],[77.07771142570103,28.67024590853073],[77.07767131736163,28.67043560596541],[77.07753428463634,28.670898952991493],[77.07742529148354,28.671301707433358],[77.07735933096855,28.67158061138061],[77.07727755700255,28.671881244915],[77.07717905159963,28.67223943331557],[77.07707090366932,28.672685147445144],[77.07700103056321,28.673012813916284],[77.07690652363662,28.673428967067444],[77.07686150051022,28.673701768333483],[77.07679744988128,28.674016621762984],[77.07672163493645,28.674354554720104],[77.07667021048896,28.674612636277523],[77.07660384850611,28.67481032837261],[77.07651958626637,28.675029848771896],[77.07643783373628,28.675299171976214],[77.0763518714488,28.67558741908043],[77.07632412080767,28.675729287750478],[77.07632005581473,28.675753820087294],[77.07627101362343,28.6760588811542],[77.07618252147975,28.67641250023247],[77.07608679842647,28.67667058805991],[77.07603748265754,28.676803358276853],[77.07596483618997,28.676992390406895],[77.07578159804541,28.677378687364264],[77.07576717136138,28.677410435654203],[77.07561769597801,28.677746691694566],[77.07560434531854,28.67778439320315],[77.07559716823326,28.677823379667043],[77.07559631097115,28.67786286924082],[77.0755984428086,28.67793221128475],[77.07563308684834,28.678217260939977],[77.07566740624141,28.678447084651697],[77.07570950662796,28.6786841988283],[77.07575010767475,28.678922683137337],[77.07579321062964,28.679171905426767],[77.07587360798298,28.67969817266974],[77.07592770549296,28.67999815573914],[77.07594160133233,28.680079686252466],[77.07594842246355,28.680206531424083],[77.0759493197452,28.680215553470312],[77.07595640019473,28.680354868302985],[77.0759858282985,28.680638993454615],[77.07599177784697,28.68072102844237],[77.07604261441317,28.681102230321983],[77.0760558326548,28.68120183469858],[77.07604511779202,28.681989860511987],[77.07618819947348,28.682588403908237],[77.07622126252238,28.68272731999463],[77.0761943025184,28.682897714949465],[77.07626963879524,28.68353255924871],[77.07630844613462,28.683852828727478],[77.07631745136786,28.683969850135636],[77.07632609441406,28.68405601964998],[77.07619898450862,28.68439931136468],[77.07615705420254,28.684434359211686],[77.07616951298643,28.684935328618458],[77.07605756269444,28.68494546590001],[77.07597850301987,28.68495262520267],[77.07403944274496,28.685128202048247],[77.07264128187147,28.685254784745556],[77.07237104464758,28.6852792487903],[77.07219572421097,28.685295119529894],[77.07003263055506,28.685480241189723],[77.06981187607681,28.685499131937966],[77.06951623415402,28.68552443010372],[77.06949716729727,28.685526061680537],[77.06934757747642,28.685538861624032],[77.06710434261655,28.68573079289653],[77.06681575783027,28.68575548200854],[77.06541133302042,28.685875622842083],[77.06514489722639,28.685898412899064],[77.06373202747808,28.686019258130262],[77.06371259569089,28.686020919728136],[77.06292472631006,28.68608830090355],[77.06273636272118,28.686104409762436],[77.06193408688341,28.6861700404819],[77.06071838052344,28.68626948196949],[77.05894597075361,28.686414441017533],[77.05749037841113,28.6865334714098],[77.05721453933559,28.686556026204112],[77.05655929894432,28.68660960113295],[77.05639026038193,28.6866240828607],[77.05466332506946,28.686772011652234],[77.05460959929997,28.686776613665543],[77.05454107726761,28.68678248252345],[77.05355800738373,28.68686668188274],[77.05261545062427,28.68694740457872],[77.05231214765877,28.686973378043305],[77.0521837596654,28.68698437305124],[77.0518354340592,28.68701420090533],[77.05183399161709,28.687014324742695],[77.0518305223871,28.687014621883606],[77.05102075757677,28.687083961674187],[77.0510193049025,28.687084085658018],[77.05101540354872,28.687084420007817],[77.04987973678219,28.687181658040803],[77.04886476177366,28.687268554581504],[77.04865308981226,28.68728638739744],[77.04689512821639,28.687434479897583],[77.04606835456785,28.687504120637936],[77.04539703404525,28.687560663266982],[77.04467660194547,28.687621339335887],[77.0437370144128,28.687700465946634],[77.04371927316807,28.687701960195977],[77.04197123075534,28.687849152602208],[77.04124685928551,28.687910141573525],[77.04012240880607,28.68800480729555],[77.03892291992024,28.688105940866073],[77.03802011817346,28.688182051802162],[77.03719505080481,28.68825160482358],[77.03598554680862,28.688353556296942],[77.03585873794354,28.688364244153348],[77.03499270893705,28.688437236202933],[77.0336477051175,28.68855058639963],[77.03348421513493,28.688564363452453],[77.03319230135972,28.688588961840235],[77.03253630336052,28.688644238968823],[77.03186255976871,28.688701008412078],[77.03156645823887,28.68872865201582],[77.03132655992167,28.68875104868583],[77.03091895514548,28.68878910040009],[77.02986197815943,28.68888776938635],[77.02963113107013,28.688909318041322],[77.0294822455601,28.688923214987735],[77.0280372952981,28.689058083115178],[77.02798876368104,28.689062613005724],[77.02714828381951,28.689141053586802],[77.02680334506464,28.68917324535269],[77.02676894728448,28.689176455010976],[77.0267142683505,28.68918155747921],[77.02665800921984,28.689186808117906],[77.02649874465911,28.689201671179827],[77.02644209221768,28.68920695739746],[77.02643504040348,28.689207528622262],[77.02619841194364,28.689226681150938],[77.02495497892875,28.689327319291273],[77.02446259711856,28.689367166424223],[77.02368671925667,28.689429954250958],[77.02334964587094,28.689457230036837],[77.0230882782126,28.689478379453302],[77.02293260370361,28.689490975749436],[77.022582862583,28.689519274604525],[77.02167440993863,28.68959277732926],[77.0216725626737,28.689592926747565],[77.02164074027156,28.689595501086814],[77.02124056523456,28.689627876997246],[77.02123735193368,28.689628137051024],[77.0212363271522,28.689628220035857],[77.02121737122548,28.68962975386225],[77.02101382760364,28.689646220357176],[77.02012253188947,28.689718324904355],[77.02006035407948,28.68972335439702],[77.01925824907549,28.688258726811497],[77.01923975995378,28.68822496579849],[77.01828880476774,28.686416370161666],[77.0182466764702,28.686336246822364],[77.01755264045681,28.685016228031238],[77.01661918532481,28.683454503054055],[77.01642746110953,28.68313372942425],[77.01603420413034,28.68247576584665],[77.01598813440619,28.682394771864903],[77.01508497043967,28.680806928523612],[77.01461832118743,28.679957370624194],[77.01352323334943,28.677963647432765],[77.01171902271915,28.674872828021623],[77.0110580977791,28.67378787048363],[77.0103714807981,28.672660708435266],[77.01026805281464,28.67244487395348],[77.01002964153241,28.671947346890114],[77.00993981112588,28.67175485849479],[77.00971445417306,28.671271961395224],[77.00948742790376,28.670932412561108],[77.00933298783342,28.670701424482026],[77.00885153092993,28.669981328637604],[77.00775661607634,28.667881678150632],[77.00425862546865,28.661744342424615],[77.00372083846725,28.660802161288423],[77.00184605257881,28.65751745203313],[77.00090701457634,28.65597171977763],[77.00025055446834,28.654891097507065],[76.99961021809176,28.653836994138846],[76.99881553759845,28.652528777015856],[76.99827160544582,28.65143010901835],[76.997645038516,28.650164497190783],[76.99744634288771,28.649763142324264],[76.99576975838389,28.646376377131563],[76.99569461748186,28.646224583689307],[76.9954729469231,28.645818302180132],[76.99519912313909,28.6453164297022],[76.99468751433625,28.644378719855467],[76.99346366757949,28.642298111655293],[76.99298316683318,28.641398399555342],[76.99227871521637,28.64007931808601],[76.99134141938997,28.638324176624618],[76.99093848609841,28.637569640037682],[76.99186480076219,28.633883873084695],[76.99210401552142,28.632932010270334],[76.99256782591641,28.631127670257328],[76.99256913019708,28.631122597016937],[76.99267259846785,28.630720072150975],[76.993731334172,28.626601087750544],[76.99373867147352,28.626572544049672],[76.99374247915618,28.626557728292504],[76.99380188031553,28.62625933159536],[76.99380777863603,28.62622970549367],[76.99412790845054,28.62462154489465],[76.99420897705737,28.624214294552097],[76.99451022319276,28.622700947415602],[76.99472126238825,28.621475396466163],[76.99517258901767,28.618854371835397],[76.99547610307019,28.61708648137795],[76.99587496031073,28.614763169396273],[76.99612239083966,28.613355826932615],[76.996146140314,28.6132207391313],[76.99619364844807,28.612950516458028],[76.99621703406818,28.612817500384406],[76.9962299603097,28.612743976904984],[76.99679302129117,28.611063510435407],[76.99708846960617,28.610181719347104],[76.99754766279132,28.60610484057795],[76.9975790042736,28.605834381013448],[76.99801698566922,28.602054710918758],[76.998100376538,28.60165213783765],[76.99839690438114,28.600304592468348],[76.99849375597562,28.599864455279615],[76.99880239586992,28.59753181169819],[76.99882679495255,28.597347404843184],[76.999044249539,28.596116904640386],[76.99984754479155,28.5923047024584],[76.99998683289002,28.591614208053038],[77.00007534602393,28.59117541813403],[77.00106495056609,28.586269381484975],[77.00124270783029,28.585150140518223],[77.00130734839531,28.584743128292786],[77.00138064898627,28.58428158453485],[77.00171047386428,28.582989438665315],[77.00188163730778,28.582318864113653],[77.00212856338096,28.581351457574396],[77.00272111531716,28.578396685773534],[77.00278220684996,28.578086779526448],[77.00279455231762,28.578024152658003],[77.00287483114977,28.57761690875454],[77.00327008146807,28.575611822892082],[77.00370384893375,28.573595818755127],[77.00376285519471,28.57330223304248],[77.00384470972551,28.57289496529725],[77.00450778534227,28.569595722200294],[77.00474869984154,28.56836434365064],[77.00504223977217,28.56686394722664],[77.00518244233575,28.56613780105426],[77.00526766439856,28.565696404431748],[77.00858123824763,28.562639765586393],[77.0096261510094,28.56166141291219],[77.01094979681996,28.560422047741017],[77.01333140145843,28.558191982832103],[77.01359451639027,28.557945601518355],[77.01422403343054,28.55735611441424],[77.01566309817015,28.55603766161326],[77.01851912529432,28.55342086760077],[77.01965875247912,28.5524021040012],[77.01970563504656,28.55243949808219],[77.0198578210204,28.55256088570882],[77.02054096189465,28.553160385301954],[77.02087486090181,28.55333214406832],[77.0215047342543,28.553824513322432],[77.02193301597381,28.554400706598443],[77.02210135426851,28.55462717931341],[77.02212718622042,28.55466193276392],[77.02217504552529,28.554726319566015],[77.02223000195556,28.55479633682029],[77.02224310523287,28.55481303082099],[77.02230779207325,28.554895444784066],[77.02247460213724,28.55510796867151],[77.02250957865074,28.55515252963309],[77.02254751764309,28.55522417464536],[77.02280983047108,28.555719521680754],[77.02294598778379,28.555961223563823],[77.02294726467538,28.555963489275094],[77.02294991055685,28.55596818716153],[77.02297710653619,28.556016463438016],[77.02306095443079,28.556165307373007],[77.02318176297682,28.556265545617055],[77.02318852564362,28.556271157557674],[77.02321442250187,28.556292645275956],[77.02326933066622,28.55633820370304],[77.02341296518091,28.55661785460034],[77.02359853721902,28.5569791533227],[77.02362465256887,28.557029998301527],[77.0239975634296,28.557706737193705],[77.02409274460325,28.557879465202905],[77.02414469649331,28.55797374358232],[77.0242937425425,28.558244220542253],[77.02452870624325,28.558639097138478],[77.02457609119875,28.558718731577123],[77.02506521376753,28.559540731669262],[77.02512966171923,28.55964903957834],[77.02524255918837,28.55983876680528],[77.02530829166975,28.559949233706227],[77.02542483629617,28.560145089196226],[77.0257611124634,28.560629876705626],[77.02586768323116,28.560783512743956],[77.02639131955007,28.561560106357824],[77.02667669483893,28.561992251405616],[77.02699227957453,28.562470137359306],[77.02714529727668,28.56270184775585],[77.0279394546273,28.563924599955012],[77.02826919850456,28.564346346967778],[77.0283042701879,28.564391203437996],[77.02848461872183,28.564621870016094],[77.02915619579458,28.565706191265367],[77.02972617182239,28.566470013200643],[77.03017196792733,28.567040732761058],[77.03018948726638,28.567063160959936],[77.03025507354162,28.56714712532571],[77.03049519838994,28.567454534707796],[77.03054597860495,28.567519542977934],[77.03056974558311,28.567549969837998],[77.03140926769544,28.568387221560855],[77.03152712221103,28.568618429459434],[77.03186224515477,28.5688649002326],[77.03205242519783,28.56916758001111],[77.03223364673622,28.569286773846088],[77.03261795833926,28.569704258779495],[77.0326385615562,28.569726640412046],[77.03280504015802,28.56990748770333],[77.03295565933465,28.570027342087098],[77.0331353892695,28.57017036079761],[77.03327527286145,28.570281671686775],[77.03356029337564,28.570514849266544],[77.03380054058738,28.57071139639275],[77.03400879496166,28.57095897205029],[77.03438659946221,28.571408108434987],[77.03440337237724,28.571422842102987],[77.03455993443399,28.571619395722948],[77.03457670635068,28.571634127577315],[77.03470562760896,28.571802361358444],[77.03484572425322,28.571937444011528],[77.03508965070836,28.572172639426235],[77.03565116879331,28.572869286643055],[77.03580957856686,28.573126938294553],[77.03597632334102,28.573398145036293],[77.03623348376047,28.57381640706316],[77.03650978672647,28.5741634218048],[77.036646452859,28.57439041501726],[77.03665259570704,28.574415590171817],[77.03669101871431,28.574573053081686],[77.03672072706615,28.57482352852314],[77.036784725699,28.5750660889344],[77.03686429121308,28.57533302962198],[77.0368949564188,28.575414636237298],[77.03692084591785,28.57551894078875],[77.0369871746667,28.575708703413387],[77.03709775032554,28.57584971927375],[77.03719520230314,28.57598781815981],[77.03728416056687,28.57614832155795],[77.03732384028193,28.57621991380878],[77.0375520133911,28.576752163344096],[77.03794418489797,28.577228055079587],[77.03795939165059,28.57725240727764],[77.03797845949845,28.57727046176639],[77.03802514466301,28.577314665309135],[77.03803906210881,28.577337621998495],[77.03809307336623,28.57742671610515],[77.0381626217025,28.577529559392875],[77.03821808190348,28.577646918265973],[77.03822005985867,28.577651104281284],[77.0382623308457,28.5777859682397],[77.03826763316081,28.57780399403695],[77.0382717848841,28.577845998800672],[77.03828228380011,28.57795220270804],[77.0382764662265,28.578045426202266],[77.03825792165455,28.57834263565379],[77.03824891906964,28.578384989691656],[77.0381711941032,28.578750638654835],[77.03815809592095,28.578812259666385],[77.03807252067539,28.579037705254425],[77.03799409715545,28.579244308919776],[77.03795715132955,28.579297399293196],[77.03787147875173,28.579420509897727],[77.037469307818,28.579998421862875],[77.0374450565524,28.58003326915952],[77.03732051383581,28.580144372103284],[77.03728603890269,28.580175126532403],[77.0370433182623,28.580284601667845],[77.03684027791805,28.580376178962762],[77.03679678254588,28.580395796695022],[77.03675657811974,28.58041119075945],[77.03541792282986,28.58092373718198],[77.03531298226198,28.5809639169842],[77.03521046977573,28.581002468539534],[77.03501613005928,28.581074260523955],[77.03475330506616,28.581170869098255],[77.03461549811493,28.581209425480818],[77.0343917063484,28.581243664417656],[77.03417562837187,28.581275463759834],[77.03402427024803,28.58130090964737],[77.03389772024958,28.58136370574595],[77.0337401010849,28.58145721505939],[77.03358344347113,28.581572019497997],[77.03339911580042,28.581677188345655],[77.03322437894224,28.581801663160064],[77.03299874462553,28.581883526947934],[77.03209124342641,28.58208386852264],[77.0314119197729,28.582233833062045],[77.03021268635158,28.582561392138484],[77.02963175461456,28.58269102590886],[77.02888963918952,28.58285662326509],[77.02823328852767,28.58296363876478],[77.02734820021885,28.583173617361272],[77.02727165237437,28.583193636000804],[77.0271991955579,28.58321258552655],[77.02684507276379,28.583305195677617],[77.02626051451011,28.583410794916844],[77.0257805744557,28.58349357332501],[77.02575954292007,28.583502835135523],[77.0253141509923,28.583619331706537],[77.02509872240519,28.583642985122296],[77.02476817182277,28.58371655039134],[77.02408189385206,28.58396727718523],[77.02373328429168,28.584067816230164],[77.02355920394496,28.584118021618366],[77.02308605971962,28.584254474445952],[77.02176486298083,28.584677612893923],[77.02144376310147,28.58477567330275],[77.02107618209266,28.58485480871059],[77.02097075930487,28.58487750465402],[77.02051430035397,28.58494598260829],[77.01998601836651,28.585070157838583],[77.01965850421311,28.58517247217677],[77.01903381943598,28.585305778291733],[77.01873098584136,28.585360850594014],[77.01870899222715,28.58536593426481],[77.01852206229128,28.58541722695685],[77.01850604949499,28.58542768347544],[77.01839437870466,28.585521948930555],[77.0183890695711,28.585527228174286],[77.01828614070737,28.585694352441163],[77.01828108767371,28.5857053325044],[77.01821142389782,28.58587683520205],[77.0181689597567,28.586052967265903],[77.01817347864323,28.5862387951323],[77.01821216854056,28.586488811776782],[77.01827652202826,28.58672429313154],[77.0185080713739,28.58757155985011],[77.01874471673229,28.58821771007386],[77.01897114103387,28.588962022025207],[77.01903095163628,28.589313193470385],[77.0190325856396,28.5893227845383],[77.0190449850473,28.589363679209427],[77.01904669954948,28.58936769348307],[77.01904687144605,28.58937171267924],[77.0190485934821,28.589375746692298],[77.01907995643035,28.589443078354428],[77.0190816836713,28.58944588690374],[77.01908356187089,28.58945151213376],[77.01908695934601,28.58945575129657],[77.01910813878416,28.5895190666499],[77.0191100171819,28.589523471904812],[77.01914071808406,28.589620184764176],[77.01915601454823,28.589772310861957],[77.0191462707142,28.589998073089454],[77.01914867632115,28.590053913226345],[77.01914707025713,28.59025913418215],[77.01914742780619,28.590265163746373],[77.01915055084064,28.590317834085333],[77.01915079246398,28.59032191721125],[77.01915139994205,28.59033214347318],[77.01917768997072,28.590442345282412],[77.0191779516261,28.59044656707111],[77.01919100104853,28.590577611714288],[77.0192177097266,28.590855926006423],[77.01922151354438,28.590963031030313],[77.01920649998716,28.591178219512138],[77.01919562837487,28.59133727545274],[77.01913352670535,28.591611322217325],[77.01901679502292,28.591799574405762],[77.01900949479952,28.591815053665695],[77.01899888494205,28.59184223239176],[77.01899521623642,28.591850015610817],[77.01885399527085,28.592007231600654],[77.01882920658127,28.592031110402413],[77.01882092561839,28.592039087716422],[77.0185905411695,28.592208238972795],[77.01838597865284,28.59234924119686],[77.01836818579977,28.592357604615447],[77.01835037166991,28.592365978274334],[77.01811598466713,28.592426532377445],[77.0180887956706,28.59243513216481],[77.01784192349265,28.59247755761967],[77.01780980440167,28.592481811032222],[77.01750578213331,28.592541271753365],[77.01748734906172,28.592541172459267],[77.01730965928287,28.59257602643189],[77.017143982145,28.59260852410219],[77.01711165244909,28.592608338234733],[77.01687666802222,28.592664767279157],[77.01672562795015,28.592706482552583],[77.01645204372922,28.592765808544062],[77.01642879409374,28.592765701332407],[77.01641763283384,28.592769231267134],[77.0162255957864,28.592782683307874],[77.01619484627933,28.592782748038697],[77.01617949548971,28.592782803957327],[77.01595223996101,28.592776441319504],[77.01593657534563,28.592772910537708],[77.01573799289842,28.592734286434464],[77.01571093723298,28.592730816691404],[77.01569539169084,28.59272731027904],[77.01546429248624,28.592706497834442],[77.01515279960068,28.592640619248268],[77.01513185834514,28.592633270461768],[77.01499707631177,28.592610413898743],[77.01493774257128,28.592600351994317],[77.01489795689172,28.59259674371169],[77.0148778652708,28.5925931477521],[77.01466511274504,28.592562898858446],[77.01464157854575,28.592559609379755],[77.01461418596182,28.592556374519127],[77.01435510687341,28.592520160456672],[77.01432735399197,28.59251331067405],[77.01431929539281,28.59250980927573],[77.01409234455546,28.592436882749],[77.01407584950756,28.59242271638824],[77.01386599048712,28.592352932917432],[77.01380689434774,28.592332048739202],[77.01363107528543,28.59228366559809],[77.0136115905462,28.592276772280833],[77.01358820118202,28.59226643493746],[77.01338709151545,28.592241832135358],[77.01303049384885,28.592125923549606],[77.01271561393027,28.592054309986512],[77.0127057542407,28.59205017651084],[77.0125072622777,28.59200067113917],[77.01231203525413,28.591984080675697],[77.01204780444853,28.592004112427308],[77.01185970457482,28.59205366231138],[77.01170313803064,28.592132671360034],[77.01156872618257,28.592191298679374],[77.01141649910635,28.59231975124879],[77.01141182022359,28.592332016792106],[77.01135461908144,28.592430808883798],[77.01134990077549,28.592447393646996],[77.01130205363903,28.592589807221586],[77.01130211451904,28.592598265829796],[77.01128903304007,28.592665469133678],[77.01126863749796,28.592770253633176],[77.01125442022503,28.592924439360452],[77.01125540924902,28.59312327237432],[77.0112667450788,28.59331815121095],[77.01128835332173,28.5934588874845],[77.01134194742029,28.593596924971003],[77.01141712798052,28.593697965367735],[77.01159768019507,28.593835620739704],[77.01260083197566,28.594274782290476],[77.01299817279178,28.5945262031862],[77.01321328639422,28.59466231715578],[77.01395419366436,28.59509207212884],[77.01419246784586,28.595230278551316],[77.01425261955838,28.59530389799718],[77.01472077906435,28.59584208824756],[77.01490150420817,28.596112658261532],[77.01497951637991,28.596249354811174],[77.01521362084138,28.5966595631351],[77.01535237951997,28.59686094620773],[77.01544508967125,28.59703035777331],[77.01553334713454,28.597257923082605],[77.01570771179321,28.597788880692402],[77.01571079142454,28.59780029559957],[77.01582617491052,28.59822795497246],[77.01586419041568,28.59852749639066],[77.0158706578185,28.598578459459752],[77.0158763934177,28.598623651177856],[77.01588578997432,28.598697691495275],[77.01589973433603,28.598781106331458],[77.01591091896724,28.598848014083206],[77.01591859245605,28.598893920513245],[77.01592515996849,28.598940591433],[77.01592586936162,28.598983694060763],[77.01593610455595,28.599018380527223],[77.0159480993532,28.5991036218153],[77.01594532610939,28.599300624365707],[77.01594507280153,28.599318631733546],[77.01589495566145,28.599697976869074],[77.01589345302034,28.59970934801489],[77.0158444185298,28.599880961573096],[77.01581048564893,28.600018746306286],[77.01578696760049,28.600053667578475],[77.01559694050286,28.6003358304025],[77.0155648537993,28.60038347488316],[77.01546916122389,28.600525564274022],[77.0153180955211,28.600742627064218],[77.0151561724356,28.600976005794298],[77.01505447322066,28.601159575710657],[77.0149934172643,28.601286472383492],[77.01496766186973,28.601340000667914],[77.01476524976592,28.60176068154582],[77.01471224698555,28.601849746679175],[77.01464810128047,28.60194695052461],[77.01458620923893,28.60199626403968],[77.01451017175314,28.60205684689071],[77.0141120386178,28.602367681781264],[77.01385501708113,28.602568344400648],[77.01353957912184,28.602770292969126],[77.0130698011357,28.603242260835877],[77.012894030681,28.60340508436264],[77.01278254198785,28.603520416507354],[77.01262796058857,28.60370851291717],[77.0124779034503,28.603891102653755],[77.01220022503573,28.60422898200708],[77.01210348027405,28.60436278687387],[77.01206278768987,28.604493693306885],[77.01194431073668,28.604699286474958],[77.01191246050067,28.60477558607787],[77.01162125071068,28.605473200557856],[77.01156649785476,28.605620577605567],[77.01149306784544,28.605818228098144],[77.01141920923062,28.606014594560566],[77.01134732592807,28.606205707091274],[77.01133729123653,28.606232384071323],[77.01133672680105,28.606233885829884],[77.01133674296032,28.60638520905734],[77.01131754357888,28.60650080838712],[77.01138064997278,28.606735994304994],[77.01148014137445,28.606901092801138],[77.01162619397907,28.6071434556797],[77.01198517990787,28.607596487597643],[77.01228230412627,28.607971446412368],[77.01240750321139,28.608145070399708],[77.01246712799106,28.60822775767438],[77.01269582610963,28.608552067593337],[77.01298494444241,28.608897817291957],[77.01311224907761,28.609024739049243],[77.01324458774886,28.60913401452858],[77.0133933900257,28.609255813489185],[77.01373605542778,28.60948563753675],[77.01419175238074,28.609761351675104],[77.01424940376283,28.609796233183204],[77.01465087342586,28.61003119045676],[77.01507127331905,28.61028688965373],[77.01562597934888,28.610562707521375],[77.0160558395661,28.610774588423787],[77.01623520525845,28.61086299834713],[77.01630252067356,28.61089219296572],[77.01641808723589,28.610959194370512],[77.01642065004222,28.61096135164497],[77.01650509485273,28.611032432585574],[77.01658254865252,28.611094951375794],[77.01666415529358,28.611191996978356],[77.01671598983944,28.61127310619109],[77.01673381016425,28.611314011371153],[77.01687594428215,28.61164026018357],[77.0170626854486,28.612028000177524],[77.01719835773103,28.612360435543238],[77.01722593619722,28.612423622250795],[77.01745198188746,28.612941535162264],[77.01773438296213,28.613563169412227],[77.01775961015339,28.613640740051174],[77.01782689595663,28.613847638169673],[77.0178731319755,28.613989806947952],[77.01797211647974,28.61434741970556],[77.0179778690973,28.614365366475432],[77.0180447995972,28.614574167353293],[77.01822722840474,28.614907263114223],[77.01835853921581,28.615109791092504],[77.01838870991484,28.615156324942067],[77.01847805951665,28.615301647468204],[77.01857453848899,28.61539419035983],[77.01875478410805,28.615519676043238],[77.01921603946381,28.615796886910505],[77.02001356175282,28.616328826106013],[77.02028094693651,28.616508091461345],[77.02036041444168,28.61656136939945],[77.02069578883244,28.616786216280442],[77.02136841568314,28.61721287054576],[77.02179762650712,28.61761026101392],[77.02209869690158,28.617913765971654],[77.0221341467009,28.617951439420757],[77.02218051121469,28.6180007111036],[77.0222287946542,28.618072416121766],[77.0222519951514,28.618183581269307],[77.02226044312445,28.618311799749716],[77.02225832181865,28.618420139462952],[77.02225757236081,28.61845840000303],[77.02224207371889,28.618601819361402],[77.02222641297584,28.618757910913146],[77.02218987769285,28.61894426449464],[77.02222618571369,28.619134626537612],[77.02236775404397,28.619586698301493],[77.02249986083679,28.620008551796154],[77.02254402922138,28.620149592606367],[77.02254484205281,28.62014947760708],[77.02261264974679,28.620139831884355],[77.02266632029222,28.62013219732472],[77.02280428840244,28.62011257102677],[77.0231921123135,28.620062492328362],[77.02323671834841,28.620056732599405],[77.02327352160478,28.62005197997358],[77.0237904258855,28.619930980075882],[77.0245395126856,28.61969634449651],[77.02551309682107,28.619365801680885],[77.02556257296115,28.619349539151578],[77.02621384717582,28.619135463697475],[77.02634094576862,28.619093686028037],[77.02646804321435,28.619051907357363],[77.02663964811835,28.61902738701048],[77.02673624836875,28.619013583774866],[77.02704240207726,28.618980714220225],[77.02705588173383,28.618979571437634],[77.02780092652183,28.618916408861363],[77.03022377159614,28.61872889305213],[77.03094878042954,28.61871802877823],[77.0311354361383,28.618716072992314],[77.03124491020053,28.618725594866028],[77.03185674133962,28.618796788990732],[77.03273374015585,28.61892531129003],[77.03297254559311,28.618960306437103],[77.03439012340036,28.619168033087128],[77.03554591012855,28.619348319496755],[77.03657622234972,28.6195090250966],[77.03683370194774,28.619548356242817],[77.03797744206716,28.619719568139672],[77.0386320708691,28.61982829339244],[77.03913270770806,28.61990053331636],[77.0400523072844,28.619965895002892],[77.04104703194945,28.61998190432946],[77.04177583967899,28.619942882672177],[77.04228951905691,28.61991617264463],[77.04254480374395,28.619902898092104],[77.04324375630252,28.61986655096846],[77.04382210796827,28.619857828829357],[77.0444826044517,28.619900454707413],[77.04501209261475,28.619966882952667],[77.04649633549131,28.620156021426727],[77.04758780904098,28.620280154862787],[77.04922621275206,28.620477857964104],[77.05075243481545,28.620642112869717],[77.05095564751456,28.62066398215321],[77.05105798742129,28.62067753632598],[77.05126608964002,28.620705097932657],[77.05166239393428,28.620757585301522],[77.05315552020592,28.621006071069743],[77.05413594889474,28.621150602127024],[77.05543561565567,28.621390728483814],[77.05586347300813,28.621482769271392],[77.05625340722712,28.621566650528507],[77.05742664446862,28.62181395280518],[77.05807305505789,28.621954936992193],[77.05870843838346,28.622133873347742],[77.0595716016414,28.6223717658617],[77.06063944016576,28.62267118568811],[77.06139753034743,28.62292626093163],[77.06205838010166,28.623188997186737],[77.06323006963468,28.623674796596163],[77.06504095944189,28.624383186847414],[77.06579838892159,28.624677388677966],[77.06580052116654,28.624678224206388],[77.06692135458623,28.625139070170952],[77.06709118592049,28.625203607807606],[77.06684156768183,28.625693434596386],[77.06673200351624,28.625908432334484],[77.06666738156545,28.62603523857772],[77.06643681018085,28.626484515939225],[77.0663239741425,28.626704379008558],[77.06604498607011,28.6272479871833],[77.06599172450406,28.627350930200507],[77.06586102367122,28.62760354101085],[77.06570232738525,28.627910258014992],[77.06562888337614,28.628052204936083],[77.06554211189012,28.628181015916663],[77.06545397006781,28.62832273928733],[77.0654255068629,28.628377330906694],[77.06537416710522,28.628475795935984],[77.06529808675225,28.62865314689627],[77.06524408489078,28.628797214573936],[77.06519324385677,28.628936937166742],[77.06513971845408,28.629105349550635],[77.06509144954057,28.62920429734049],[77.06499912173024,28.629393564714736],[77.06497308752458,28.629446931762875],[77.06494097100455,28.629512768738106],[77.06486656229053,28.62966530256574],[77.0645320399619,28.63032526132575],[77.06450587593525,28.630376877953374],[77.06436811046548,28.630648664030744],[77.06433716760165,28.630709708780948],[77.06393113089588,28.631510737607336],[77.06383463860642,28.631701094575984],[77.06361608399584,28.632132252657232],[77.06352659202189,28.63230880004925],[77.06351282566439,28.6323359577558],[77.0632598069376,28.632840162160928],[77.063196045213,28.63296722363067],[77.06307025672842,28.633217886711517],[77.06284192399104,28.633672890428304],[77.06283707597075,28.63368255148375],[77.06243703854975,28.634479706937434],[77.06229080282624,28.634771106769595],[77.06210397346698,28.63515148304789],[77.06195288882613,28.635459080062518],[77.06191735132023,28.63553143275236],[77.06170461407717,28.635964548733494],[77.06144071623486,28.636501819989018],[77.06126511996659,28.636859313606912],[77.0610019624883,28.6373950677568],[77.06091200794218,28.63757820223356],[77.06086094641547,28.63767771723675],[77.06037244034563,28.638629763293793],[77.06036623707837,28.638641851394215],[77.06020291378647,28.638960148576107],[77.0594318114792,28.64054088065836],[77.0594298815725,28.64054444803007],[77.05943002460009,28.640544544209014],[77.05939919025704,28.640612207589488],[77.05943074649329,28.64064379197608],[77.05960620846803,28.640819411161456],[77.05965801374117,28.640871262435248],[77.0596955947518,28.640908877424803],[77.05970703471414,28.640920327233076],[77.05989419280944,28.641095017397276],[77.06005435258622,28.64124450717557],[77.06011762795562,28.64130356663249],[77.06037241898399,28.64154138186667],[77.06040167364306,28.641568686989444],[77.06041179334701,28.641575901441815],[77.0604970618511,28.641636684326947],[77.06055149419679,28.641675487307097],[77.06062735991685,28.641729568105262],[77.06065336665024,28.641748106849278],[77.06097322369546,28.64197611602798],[77.06098846144057,28.641986978258814],[77.06112668004134,28.64208550595623],[77.06122410333016,28.642154954294696],[77.06126439064452,28.642183672181627],[77.06132946613921,28.64223006021884],[77.06141164665685,28.6422886417874],[77.06142076579971,28.642296151109175],[77.06153541332341,28.642390563388624],[77.06178758210066,28.6425997532225],[77.06182616664641,28.642631761468785],[77.06183294242145,28.642637382675108],[77.0620179940289,28.64278907161308],[77.0621665372275,28.642910554963915],[77.06221382896386,28.642949231344254],[77.06257354686282,28.64324852774929],[77.06291908099371,28.64353428861536],[77.06322354037307,28.643792086790675],[77.06333369784939,28.64387735847988],[77.06348809472465,28.644005472494253],[77.0635569909502,28.64406263899434],[77.06364528675883,28.644135903306733],[77.06372186074228,28.64420231976765],[77.06403579506326,28.644474607290537],[77.0640880087026,28.644519894177044],[77.06430563537262,28.64470864884172],[77.0646733403452,28.64502756751502],[77.06505203363024,28.645356014828646],[77.0652859275033,28.645558873003058],[77.06548156175847,28.645729827863033],[77.06592559429986,28.646117840897798],[77.0660848178991,28.64625688370109],[77.06688702909143,28.64695740205382],[77.06693755732172,28.64700158645753],[77.0672240592788,28.647252118081468],[77.06727694983424,28.647298555481687],[77.06773695425174,28.64770244362256],[77.06778555818299,28.647745118599314],[77.06856483387699,28.648435443440377],[77.0686694941705,28.6485281555315],[77.06870312127288,28.648559032767132],[77.06902900153669,28.648858257085386],[77.06906267846709,28.648889368967815],[77.06919198260655,28.64900882430685],[77.06946725119258,28.64926312625415],[77.06947370097322,28.649269084982087],[77.06970411812904,28.649481948672193],[77.06986215257928,28.6496279445477],[77.07041940788044,28.650142742122373],[77.07051744284247,28.650233306256677],[77.07057363541324,28.650285217578972],[77.0706854195486,28.65038848267825],[77.0706967152191,28.6504001791009],[77.07078133062817,28.650487802738642],[77.07083751365414,28.650545980718682],[77.07121998127054,28.65094203462235],[77.0713655582257,28.651092781253332],[77.07145484218049,28.65118523622664],[77.07152505760261,28.651257945879482],[77.07168425881055,28.651422799044898],[77.07206677253156,28.65181889107956],[77.07218768031522,28.651903855950053],[77.07225270596803,28.651949549670153],[77.07243739619598,28.652079334617387],[77.07275836779777,28.65230488549736],[77.07292508546865,28.652453856618727],[77.07307025944489,28.652583577873692],[77.07317190069871,28.65267439958664],[77.07320940082666,28.652707907012857],[77.07321017656,28.652708600750998],[77.07341340573899,28.652920974152202],[77.07358772848956,28.653103140736267],[77.07365359864362,28.653171974369936],[77.07393970120707,28.65347094575444],[77.07398149775646,28.653506457060764],[77.0740210420041,28.65354005474089],[77.0742995049388,28.653776663754357],[77.07462831875642,28.654056047585772],[77.07444230567866,28.65424772101095],[77.07383351124123,28.654875035332363],[77.07386626698798,28.654896126167998],[77.07380736799249,28.654951332729798],[77.07347468369494,28.65529713643751],[77.07332705640825,28.655450582954966],[77.07306898174062,28.65581188562968],[77.0729387306551,28.655980222902105],[77.07284711092375,28.656098632380075],[77.07264510015716,28.656322176633882],[77.0725485642298,28.656424560158086],[77.07244004955331,28.656539649400067],[77.07238282801698,28.656600336582443],[77.07216297248588,28.656834217813326],[77.07208870860451,28.656919275753744],[77.07177901425094,28.65724864529952],[77.07137044972166,28.65756523682232],[77.07135516167541,28.657576022474245],[77.07103776226558,28.657803316751988],[77.07059464735423,28.65809774479494],[77.07051330751095,28.658151790867354],[77.07025155938625,28.658297493409066],[77.07022171504126,28.658314106752318],[77.0702070243841,28.658729008897676],[77.07019908673236,28.658847717063896],[77.06977272258615,28.6591633752772],[77.06959514945083,28.659254068174395],[77.06942451041209,28.65932052585371],[77.06907510420008,28.659476366499927],[77.06868148951102,28.65956493330816],[77.06810191833377,28.65975815248684],[77.06796570522458,28.659803129647837],[77.06783859762209,28.659842943463325],[77.06766438095592,28.6598727624822],[77.06746281888495,28.6599018791035],[77.06722248670516,28.659960950834034],[77.06698885477827,28.659997080247003],[77.06679257875997,28.660002145865885],[77.06660247983584,28.660011603257235],[77.06653467042398,28.6600328900993],[77.06613320355136,28.66015623043697],[77.06572129855641,28.66030953984645],[77.0652925934303,28.6605807998041],[77.06545278952711,28.660697764789354],[77.06564162152873,28.660825550927026],[77.06572539229379,28.66088321336451],[77.06599258927133,28.661051028536903],[77.06611342260999,28.66112582056244],[77.0662864916111,28.661214138677973],[77.06647772850967,28.661317936502552],[77.06660766135933,28.661401182883118],[77.06670317616768,28.661468482667576],[77.06677736058808,28.661524647627243],[77.0668790776982,28.66161835200618],[77.06700103751095,28.661750422584795],[77.06707982850321,28.6618344502337],[77.06721784482603,28.661998505487627],[77.06732126029353,28.662137305110726],[77.06739595471915,28.662260786907975],[77.06752265206605,28.662468704221215],[77.06766637720362,28.662758010671098],[77.06774654722383,28.66291220576793],[77.06783175406164,28.66303337827135],[77.06816369864606,28.663561891104543],[77.06826408074792,28.663711479269576],[77.06838525046636,28.663885818035876],[77.06844615712275,28.663968685145242],[77.06852648032141,28.664089215313194],[77.06871217991953,28.664371069176852],[77.06873245027724,28.664401834466435],[77.0690279369049,28.664289096632935],[77.06930774770302,28.66418233927829],[77.0693456505736,28.664165429649458],[77.06942327187905,28.66413638476256],[77.06996535849167,28.66395535253606],[77.07022371701012,28.663881779418027],[77.0704503419418,28.663841476132465],[77.07084391191515,28.663724689694565],[77.07147805325135,28.663560700282805],[77.07185074540898,28.66348356354523],[77.07217782091566,28.663415315353088],[77.07244708948959,28.66338891315093],[77.0726556712533,28.663387078609055],[77.0728402032293,28.663364074511367],[77.07311218303545,28.66324000108119],[77.07370971925121,28.663339394445764],[77.07380346511614,28.66339754397847],[77.07453290232337,28.66380774284493],[77.07491226471375,28.664034699189937],[77.07515164701908,28.664163530027512],[77.07541431437518,28.664306327748662]]],"crs":null},"id":17,"type":"Feature","properties":{"area":64.52655134,"zone":"K- I","id":13,"SHAPE__Length":46570.49656899879,"objectid":17,"SHAPE__Area":64526551.341381535}},{"geometry":{"type":"Polygon","coordinates":[[[77.12512878880212,28.743900975201925],[77.12573966369098,28.744039406964234],[77.12624261627013,28.74414636579194],[77.12672306505253,28.744235917030334],[77.12722466015266,28.74431793963264],[77.1275844002733,28.744380186126783],[77.12786309818522,28.744432264990216],[77.12799988555264,28.74448281295713],[77.12719225355718,28.745678477213815],[77.12690620129361,28.74610195791638],[77.12645035479896,28.746646554560126],[77.12625821511294,28.746876100218344],[77.12543349076918,28.747625248281054],[77.12521200400963,28.747826435826276],[77.12493907760535,28.74809749458356],[77.12476603401387,28.748231529623354],[77.12472080258655,28.748266564215452],[77.1239208331397,28.74888619058494],[77.1237335462491,28.74903125507257],[77.123620966399,28.749118453912388],[77.1232660394032,28.74939336178236],[77.12311082300857,28.749513582952876],[77.12292595219134,28.749656773154847],[77.12141857765933,28.750824270983443],[77.12126168457544,28.75094578511453],[77.11966193707009,28.752184778103086],[77.11965679775143,28.752188759361562],[77.11735853272062,28.753968666863123],[77.1162324515563,28.75484073397446],[77.11570310189808,28.755250667300416],[77.11558810008411,28.75533972583947],[77.1154962043349,28.755410889923006],[77.11531760153896,28.755549199945506],[77.11434146544295,28.756305110189768],[77.11413707408212,28.756463386882462],[77.1141355406144,28.75646457394231],[77.11400927760204,28.7565623486018],[77.11311606875115,28.757254021147062],[77.11264576784292,28.75761820060873],[77.11223170886105,28.757974502704975],[77.11217802107599,28.758020701583494],[77.11211100915868,28.758078365838372],[77.11203814936827,28.758141061573834],[77.11193503795857,28.758229788723206],[77.11191763647918,28.75824476282072],[77.11190788822562,28.75825268130262],[77.11189295511137,28.758264128523656],[77.11125706318326,28.758751588961033],[77.11093308073835,28.758999943346904],[77.11071668951747,28.75918340718506],[77.1105366880878,28.75934825527517],[77.11035474463723,28.759520989791277],[77.1089458289988,28.760858569415724],[77.10877434472344,28.761007590474275],[77.10800193080847,28.761678815872877],[77.10612721456494,28.76329511949866],[77.10586822644221,28.763580169652307],[77.10586582324912,28.763582674908598],[77.10524541458848,28.76422978913832],[77.10514519241529,28.76433432342414],[77.10483252272228,28.764660446453863],[77.10433398676821,28.765093990758064],[77.10431899167976,28.76510703162196],[77.10405240010262,28.76533797876456],[77.10376331442131,28.76555716783766],[77.10330871589046,28.76589867000798],[77.1025972170294,28.766395878533462],[77.10253247585743,28.766441120744],[77.10250489996862,28.766460024614226],[77.10201759001019,28.766794071822655],[77.10170858101166,28.766955087876614],[77.10139957103286,28.76711610326873],[77.10106055331337,28.767295595624308],[77.1010000367798,28.767327635731917],[77.10099641529938,28.767329553514152],[77.09917019637463,28.768256539964266],[77.09849122999407,28.76860114764134],[77.09790662130276,28.768910942695925],[77.0977420415149,28.768998155760965],[77.09725951508084,28.769223812762835],[77.0962485486957,28.769735693135203],[77.09290973258486,28.77142614088723],[77.09099864994441,28.77240179315043],[77.0909624148978,28.772419574655547],[77.08993798009746,28.772922301991343],[77.08887729934773,28.773442803903766],[77.08796559426372,28.77389222176378],[77.08715880982639,28.77428991347571],[77.0860829786217,28.774836345040157],[77.08520550309339,28.77532362278986],[77.08490782297972,28.775500794856285],[77.08477720008793,28.775578538382362],[77.08459048907616,28.775703157061347],[77.0838338345644,28.77620817626222],[77.08319236282172,28.776672926695845],[77.08223723452046,28.777387599046982],[77.08215980511348,28.777445535383823],[77.08195110451429,28.777609086681707],[77.08138737280842,28.778050863157215],[77.08061650875258,28.77864612898016],[77.07984563690944,28.779241391686078],[77.07910387287261,28.779834253963834],[77.0786422825776,28.780203180029254],[77.07764408446762,28.780968099030687],[77.07711295838936,28.78139355040243],[77.07705442568485,28.781440436884786],[77.07696335696366,28.781509972754275],[77.07636733536586,28.781965067860448],[77.07523541652806,28.78285012393824],[77.07502130550797,28.783033248972465],[77.07426167846134,28.783613844003174],[77.07326521306746,28.784388061946053],[77.07226873283186,28.78516227319935],[77.07220058661375,28.7852152189864],[77.07180068546936,28.785525914890414],[77.07139339799237,28.785842346188744],[77.07123255516768,28.785516395813847],[77.06979047146991,28.782721142323773],[77.06902759982344,28.781186292481674],[77.06883964444532,28.780808128676156],[77.0674842352688,28.77808097686089],[77.06621302799475,28.77552232706551],[77.0659351989635,28.77496310071946],[77.06362558016959,28.770313930700755],[77.06296758942852,28.76898933211695],[77.06295104574387,28.76895602695197],[77.06293259686878,28.768919576553685],[77.06271184658148,28.768483433169006],[77.06268465036084,28.768429700808007],[77.06240919071662,28.767885459869937],[77.0623272024741,28.767723469190894],[77.06194313739194,28.766964633720683],[77.06170387745827,28.76649189787192],[77.06154798943311,28.766176449608327],[77.06149390576847,28.766067007125166],[77.06133378945337,28.765742996981295],[77.06100748556192,28.765082687085982],[77.06096370599784,28.764994094745077],[77.06087838873218,28.764821445114528],[77.06066382134586,28.76438723610673],[77.06061457909537,28.764287587912847],[77.06039954906608,28.763852438006353],[77.06037679813548,28.763806397144563],[77.06007919422278,28.76320413816616],[77.05993070981332,28.76290364867871],[77.05984595171559,28.76273212210295],[77.05974775098396,28.7625333890723],[77.05960710008382,28.762248747922083],[77.05865114633194,28.76031409384799],[77.0584047951024,28.759815516312848],[77.05819032769455,28.75938357466901],[77.05796664144239,28.758933059947555],[77.05793649010954,28.758872333356656],[77.05762583714397,28.758246654611234],[77.05697545244105,28.756936702353347],[77.05693771164378,28.756867039022016],[77.05534064598815,28.753918994360475],[77.05435107644793,28.752092237077008],[77.05408496242164,28.751602261447037],[77.05118547538399,28.74628355884328],[77.05081552939635,28.745595728369608],[77.04843094502597,28.741161874321495],[77.04829791067704,28.740914499660846],[77.04363830778914,28.73224917552331],[77.04241157271728,28.730016848585272],[77.04227562966939,28.72976760577569],[77.03838218035855,28.72260557750087],[77.03763296388249,28.72122725449301],[77.03409447983566,28.7147169713072],[77.03361762202809,28.713839549481566],[77.0268669085932,28.701753956682158],[77.02237091388936,28.693703066203437],[77.02187927633575,28.69282260959391],[77.02185574314433,28.69278100372312],[77.02159479560892,28.692319654126337],[77.02144206956618,28.69204963645234],[77.02081976381533,28.690949388148713],[77.02023066833326,28.689907831759175],[77.02012253188947,28.689718324904355],[77.02121737122548,28.68962975386225],[77.0212363271522,28.689628220035857],[77.02123735193368,28.689628137051024],[77.0216725626737,28.689592926747565],[77.02167440993863,28.68959277732926],[77.022582862583,28.689519274604525],[77.02334964587094,28.689457230036837],[77.02643504040348,28.689207528622262],[77.02644209221768,28.68920695739746],[77.02665800921984,28.689186808117906],[77.0267142683505,28.68918155747921],[77.02714828381951,28.689141053586802],[77.0294822455601,28.688923214987735],[77.03132655992167,28.68875104868583],[77.03186255976871,28.688701008412078],[77.03253630336052,28.688644238968823],[77.03348421513493,28.688564363452453],[77.03499270893705,28.688437236202933],[77.03585873794354,28.688364244153348],[77.03598554680862,28.688353556296942],[77.03719505080481,28.68825160482358],[77.03802011817346,28.688182051802162],[77.03892291992024,28.688105940866073],[77.04012240880607,28.68800480729555],[77.04124685928551,28.687910141573525],[77.04197123075534,28.687849152602208],[77.0437370144128,28.687700465946634],[77.04539703404525,28.687560663266982],[77.04606835456785,28.687504120637936],[77.04689512821639,28.687434479897583],[77.04865308981226,28.68728638739744],[77.04886476177366,28.687268554581504],[77.04987973678219,28.687181658040803],[77.05101540354872,28.687084420007817],[77.0510193049025,28.687084085658018],[77.05102075757677,28.687083961674187],[77.0518305223871,28.687014621883606],[77.05183399161709,28.687014324742695],[77.0518354340592,28.68701420090533],[77.0521837596654,28.68698437305124],[77.05231214765877,28.686973378043305],[77.05261545062427,28.68694740457872],[77.05454107726761,28.68678248252345],[77.05460959929997,28.686776613665543],[77.05466332506946,28.686772011652234],[77.05639026038193,28.6866240828607],[77.05655929894432,28.68660960113295],[77.05721453933559,28.686556026204112],[77.05894597075361,28.686414441017533],[77.06071838052344,28.68626948196949],[77.06193408688341,28.6861700404819],[77.06273636272118,28.686104409762436],[77.06292472631006,28.68608830090355],[77.06371259569089,28.686020919728136],[77.06514489722639,28.685898412899064],[77.06541133302042,28.685875622842083],[77.06681575783027,28.68575548200854],[77.06949716729727,28.685526061680537],[77.06951623415402,28.68552443010372],[77.06981187607681,28.685499131937966],[77.07003263055506,28.685480241189723],[77.07219572421097,28.685295119529894],[77.07237104464758,28.6852792487903],[77.07264128187147,28.685254784745556],[77.07403944274496,28.685128202048247],[77.07597850301987,28.68495262520267],[77.07605756269444,28.68494546590001],[77.07625182174867,28.684927874819866],[77.07667445793093,28.68488960199608],[77.07674190195138,28.684883494016645],[77.07689264027562,28.684869842700852],[77.07676414640271,28.685094857842447],[77.07671094933404,28.685185232022878],[77.07665860154687,28.685274158465607],[77.07656242811372,28.685437535466534],[77.07648101809748,28.6855758333142],[77.07641390725068,28.685689839661293],[77.07637584863045,28.685746151728324],[77.07636256389111,28.685765807750276],[77.07619088001694,28.686019834194845],[77.0760640885942,28.686207434203713],[77.07545679440565,28.687100575489442],[77.07532641480218,28.687350933748753],[77.07523407347422,28.68752824877102],[77.07521255767273,28.687569562939032],[77.07516568293818,28.68765957341858],[77.07510606796082,28.687774046208496],[77.07488331308024,28.688131132116926],[77.07486178048099,28.688160711856092],[77.07474878019038,28.688315940668137],[77.07456319111294,28.688570885003045],[77.07448514880703,28.688678091319417],[77.07442814701028,28.688756393181396],[77.07440319988841,28.688790664022164],[77.07440252532326,28.688793299206274],[77.07435813902903,28.68896659848838],[77.07435261690392,28.68898816101609],[77.07438390041065,28.689017156463915],[77.07466943242089,28.68928180502888],[77.07509046778787,28.689688295131884],[77.07536105205921,28.689979339445184],[77.07538365525988,28.690003651225677],[77.07547871974757,28.690159748238017],[77.07550052310754,28.69022515114517],[77.07555058482355,28.690344856867267],[77.0755586030472,28.690364029900437],[77.07572804964741,28.69061736694036],[77.07574477922675,28.690691402507596],[77.07600520475557,28.691131365243915],[77.07614124155329,28.69134346956444],[77.07623970783587,28.691459385002318],[77.07628781169596,28.691516013315045],[77.07630856294689,28.691540049258425],[77.07638940439283,28.69163368527975],[77.0765650317083,28.691762559952572],[77.07659102234379,28.691774878250936],[77.07667870319177,28.691816433871164],[77.07668463247543,28.69181924470311],[77.07675911641067,28.691829060849777],[77.07678935916736,28.69183304681175],[77.0768567843903,28.691841932698033],[77.0769313663288,28.69187293182507],[77.07701646558972,28.691919514855275],[77.07710018610095,28.691958044170114],[77.07711611335824,28.691965374572252],[77.07721899003757,28.692013321318548],[77.07724957103012,28.69202199492764],[77.0773487264757,28.69205011888085],[77.0774361285709,28.69208401128957],[77.07745726747078,28.692099469988122],[77.07749960106526,28.69208824023728],[77.07755258898035,28.692077094992104],[77.07762461306831,28.692097166254136],[77.07770776446726,28.69213359791301],[77.07778208084237,28.692172525672227],[77.07787262621537,28.6922358120809],[77.07794618626146,28.69231513089968],[77.07801566508131,28.6924244214273],[77.07809233745449,28.69246671634861],[77.07810407080275,28.692472208067606],[77.07817330893424,28.6925046140663],[77.07823945214905,28.692550825181296],[77.078314961779,28.6925957392076],[77.07841092729473,28.692692737290486],[77.07846967321787,28.692756246534472],[77.07849450543135,28.69278309148193],[77.07862604269168,28.69287826969172],[77.0787283978273,28.692956859559906],[77.07877749540455,28.693004068602026],[77.078820177686,28.693045108723013],[77.07882992268839,28.693059239921705],[77.07885604886532,28.69309712910448],[77.07887977093166,28.693131531683814],[77.07890819910365,28.693172760139547],[77.07891187155674,28.69319578673818],[77.07895334421278,28.693455811194436],[77.07896433118181,28.693524695645863],[77.07898133391976,28.693631301878888],[77.07899823378239,28.693737257314027],[77.07902943311953,28.693939786157273],[77.07905109405074,28.694080395817572],[77.07908119715671,28.694275807775547],[77.07913486387642,28.69449939057128],[77.0791444108745,28.694539162264945],[77.07920634695616,28.694797192831274],[77.07925521735787,28.695022819019574],[77.07925725649044,28.695036361203858],[77.07928487409905,28.6952197355891],[77.07934722358011,28.69544759800052],[77.07940078102045,28.69564333143831],[77.07950283958118,28.696016187195955],[77.07958841736688,28.69632883117716],[77.07960299764804,28.69637372908743],[77.07962203599693,28.696405188858115],[77.07964569055173,28.696430845249722],[77.07968054207447,28.696439189118625],[77.07981184194081,28.69645345539484],[77.0798726934247,28.69644868944891],[77.0800892128531,28.696467605808984],[77.0802935087904,28.69649197390626],[77.08047739999137,28.696530040456068],[77.08068259374322,28.6965788811605],[77.08088700499107,28.696632902943087],[77.08093900744998,28.696646645568332],[77.08115532335553,28.696706445388205],[77.08140018322896,28.69675561039724],[77.08154323544088,28.696793896907156],[77.08167404897114,28.696818511156398],[77.081789413504,28.696843152798433],[77.0819733857523,28.696856829176923],[77.082017625807,28.69687457892256],[77.08210652981626,28.69691360259867],[77.08227260326845,28.697033826806265],[77.0824179752773,28.697143544428982],[77.08246122574346,28.697177304574957],[77.08256102882729,28.697247896326413],[77.08280381741434,28.697443296120525],[77.08316430677148,28.69774893035142],[77.0832496123936,28.697821254390245],[77.08384655267307,28.698356247423654],[77.08414835890565,28.69866095383028],[77.0844067637795,28.69892184156964],[77.0848708352542,28.699415370216087],[77.08570957543827,28.700289617656644],[77.08587347351154,28.700460451517536],[77.08597608918188,28.700567409963853],[77.08715401682191,28.701865545713055],[77.08715463645764,28.701866239954512],[77.0883297956742,28.703139791842442],[77.0884301788446,28.70324857827238],[77.0886273055293,28.703565214094777],[77.0886273812178,28.703565314887076],[77.08974116417886,28.704851999960034],[77.09080542990267,28.706123695772526],[77.09176682988554,28.70727853146145],[77.0930951567116,28.709201031930064],[77.09314616839917,28.70930689350929],[77.09318713717977,28.709370270090645],[77.09397756005343,28.71053989168897],[77.09409908961729,28.710764729269975],[77.09416964885145,28.710881076569052],[77.09422991863465,28.710994472015916],[77.09428331635544,28.711110513858493],[77.09432969429103,28.711228877757772],[77.09436892202052,28.71134923459427],[77.09440089048171,28.71147124860082],[77.09442551098431,28.71159457918204],[77.094442714259,28.711718884538477],[77.09445245239618,28.711843816222586],[77.0944547000314,28.711969027240922],[77.09445255560031,28.712020117580977],[77.09432292506587,28.712566007132885],[77.09407583530012,28.713295314255056],[77.09398274094117,28.71351352651984],[77.09384426054142,28.713819173233034],[77.09373391947578,28.71404907022334],[77.09367103501607,28.71427899116999],[77.09366153609206,28.714402048000583],[77.09373854059832,28.714593445258934],[77.09456824992733,28.715693027229147],[77.09487922279453,28.71612503216723],[77.0949517204403,28.716267309983365],[77.09516366066947,28.716683250805644],[77.0953359427973,28.71702135647666],[77.09538545391794,28.717118521140016],[77.09591839559062,28.71781788722982],[77.09603008562891,28.717939783621347],[77.09641489965499,28.718334374145375],[77.09667723280681,28.718637864822785],[77.09687467687687,28.7191171823798],[77.09727667474773,28.720044247130506],[77.09736227281296,28.720232236720648],[77.09780794767606,28.720972897421284],[77.09811635519534,28.721420962833644],[77.09841162610246,28.721893036863747],[77.098683937187,28.722408753774392],[77.09878610808133,28.72271146219759],[77.0988023978201,28.722885251473414],[77.09883490858445,28.72349957341384],[77.09884982629114,28.723868464266243],[77.09889104818375,28.72439263412871],[77.09888208459101,28.72462317253271],[77.09891862236552,28.724988965676427],[77.09898246631516,28.725567521621702],[77.09912001038221,28.72598419907254],[77.0992288902508,28.726202438925537],[77.09923463194689,28.726213149454303],[77.09923843639667,28.726220248362388],[77.09959791693458,28.726659822206745],[77.09974566744424,28.726805463790868],[77.09987452959605,28.726912781760674],[77.10000356647573,28.727042699622316],[77.10014702355201,28.7271967699814],[77.10026355314632,28.72742266605661],[77.10026478911625,28.727436252708245],[77.10053696895172,28.729786242822314],[77.10054756719035,28.729909592783965],[77.10054838642542,28.729970561400016],[77.1005583673456,28.730042728705357],[77.10041781061115,28.731863700584004],[77.10380644843244,28.73103120046139],[77.10569536718458,28.733183995767],[77.10587161200603,28.733337345470517],[77.10977917677945,28.737790383041887],[77.11006146359072,28.73811205468725],[77.11006418039283,28.738115150469856],[77.11016214595882,28.738047311682934],[77.11384868865687,28.735494346230368],[77.11416952238926,28.735272156023406],[77.11417822404788,28.735281970463724],[77.11999641481867,28.741843692833143],[77.12137108588213,28.743393875770032],[77.12156346853585,28.743610815394852],[77.12163975633838,28.74369684078724],[77.12175585199711,28.74382775469744],[77.12182944337064,28.743794110159087],[77.12185495045206,28.743785255113096],[77.12188027861924,28.743776463325705],[77.12235542604722,28.743611524422658],[77.1225400217081,28.74355709663162],[77.12260633248636,28.743548413473594],[77.12269114699966,28.7435416872302],[77.12277626092504,28.74353928725075],[77.12285238858632,28.743541018345873],[77.12304263237515,28.743565003594586],[77.12376023157218,28.74366623434632],[77.12443273017314,28.743773816867858],[77.12512878880212,28.743900975201925]]],"crs":null},"id":18,"type":"Feature","properties":{"area":55.91453262,"zone":"M","id":13,"SHAPE__Length":34543.88082729947,"objectid":18,"SHAPE__Area":55914532.620575964}},{"geometry":{"type":"Polygon","coordinates":[[[77.08530434526806,28.882153875883805],[77.08502037652758,28.882215396178715],[77.0848944719142,28.882242672086527],[77.08412711421316,28.88240891247318],[77.08397660885949,28.882551068069088],[77.08397582587179,28.882551645016203],[77.08378531701949,28.882691913573616],[77.08366886330687,28.882777655968525],[77.08327925576916,28.883077719616153],[77.08318332433923,28.883151602127576],[77.08265883614499,28.883497190633047],[77.08241860265868,28.883153540824484],[77.08240400906075,28.88308402372435],[77.08239551089623,28.882947705020797],[77.08236516559305,28.882460919938932],[77.08236071768799,28.882389266366825],[77.08233427687783,28.881963320210424],[77.08224457710337,28.881669548730894],[77.08218253115847,28.881587292878972],[77.08212078648255,28.88150543656492],[77.08210996861433,28.88149524543852],[77.08204522857663,28.88135321907231],[77.08187017035648,28.88102506721312],[77.08165264857577,28.880748532709916],[77.08164246186834,28.88073713624999],[77.08115911833166,28.880217300096888],[77.08115845047212,28.880216298943253],[77.08113654839299,28.880174773586166],[77.08109517028743,28.880096323169656],[77.08105040630423,28.879936493082095],[77.0807967043437,28.879709157586433],[77.08021076979547,28.87918366659448],[77.08000946523872,28.879018823534995],[77.0798576469572,28.878929302118788],[77.07965798408685,28.878754910339097],[77.0790092641817,28.87822643344886],[77.07834024277977,28.877646713750174],[77.07833672545738,28.877646141815898],[77.07798202112073,28.877355407784325],[77.07797960106639,28.877349190404445],[77.0779698567101,28.877337422285986],[77.07793061148072,28.87729002730393],[77.07836973882988,28.876097925278568],[77.07899889633426,28.87451614043982],[77.07900840068916,28.874459916191768],[77.0790675539644,28.87430556287713],[77.07915562718566,28.874054097777442],[77.07922255637307,28.873895163470745],[77.07927000136718,28.87375521271496],[77.07928173620667,28.8737278653478],[77.07928993459852,28.873708758167936],[77.079292681982,28.873707170140914],[77.07936662746482,28.873443092306847],[77.07937372035647,28.873391798392372],[77.07936485946048,28.87332411868515],[77.07935954046545,28.873269882642628],[77.07934640495733,28.873220008007188],[77.0793461878038,28.8732141491512],[77.07933965798406,28.87319690601443],[77.07933577191602,28.873001798786525],[77.07932189138278,28.87295208632556],[77.07932444060975,28.87294127088367],[77.07932416845028,28.872937642445883],[77.07932213878678,28.872910519213978],[77.07930476773245,28.872678398616024],[77.07927794514016,28.872557890617667],[77.0792698536006,28.87241050475454],[77.07928036999051,28.87233845576397],[77.07926595480839,28.872134865195267],[77.07924528035481,28.872050517404364],[77.07924286483063,28.872040663724007],[77.07922714376959,28.871986179434156],[77.0792088163719,28.871947053614754],[77.07919722206336,28.871861109397095],[77.07921334063091,28.87177367826418],[77.0792153305371,28.87174414613263],[77.07920732767754,28.871730653091085],[77.07918146372545,28.871726512734302],[77.07914013523781,28.87172261189136],[77.0790925217801,28.871715454180336],[77.07907629291913,28.871711594630245],[77.07906998570493,28.87171066964664],[77.0789894334873,28.871681570122433],[77.07891001800793,28.8716403162435],[77.07881099141993,28.87158358733763],[77.07863973202993,28.871500057444315],[77.0785485674994,28.87145035864302],[77.07853494686242,28.87144188505955],[77.0785310038202,28.871439432990684],[77.07848563945002,28.87141121238245],[77.07844221261122,28.871372545779447],[77.07837550517814,28.87130172855626],[77.07832889518293,28.871262113974197],[77.07823477859351,28.871174965607498],[77.07818525444367,28.871111403890325],[77.0781341830142,28.871039370004176],[77.07807933802853,28.870985599898667],[77.07800778362177,28.87092359143756],[77.07789852963666,28.870837890736023],[77.07780564823447,28.870743441468612],[77.07775203800186,28.87068236975178],[77.07773237543873,28.870652860194067],[77.07768239549613,28.87057785246181],[77.07764646636605,28.87052974835762],[77.07763150660031,28.870516763092752],[77.07759268152388,28.870503986978516],[77.07751007418435,28.87051011493859],[77.07747454750091,28.87050917477607],[77.07746147547635,28.870505389064764],[77.07745837733322,28.870504492125526],[77.07745320275903,28.870502993787067],[77.07744525307716,28.87049983289364],[77.07740969423901,28.870454619380332],[77.07736986818706,28.87039333499007],[77.07725050767175,28.87028472955788],[77.07718717664082,28.870220166679115],[77.0770911043757,28.870103918773825],[77.07693823200653,28.869904802401166],[77.07681530099524,28.86976748007084],[77.07672488509472,28.869674284967253],[77.07665394269722,28.869607296438634],[77.07659131960584,28.869569682030306],[77.07650301268818,28.869537001917053],[77.07641484220848,28.869511128365364],[77.07634973227758,28.86947809070634],[77.07633477407984,28.869460323092405],[77.07632382499101,28.869450758733347],[77.0762073069627,28.86931688841613],[77.0761080149234,28.869250336363024],[77.07597847443246,28.86916493928999],[77.0758624532813,28.869088453329802],[77.07578852505367,28.86905328736327],[77.07573200579787,28.869026402448974],[77.07571726962648,28.8690158244435],[77.07571248961898,28.86901318306351],[77.07569105121787,28.869001342216325],[77.07567013440867,28.868981449361826],[77.07561127285003,28.868954299106026],[77.07559676889028,28.868951843588533],[77.0755297137141,28.868950607121715],[77.07548549353312,28.868930863823135],[77.07545660122355,28.86890407571047],[77.07544850889282,28.868886045243723],[77.07545583461697,28.86886550804068],[77.07546316136325,28.868844970821595],[77.07549603451905,28.868812692867014],[77.07550806466253,28.868769388652023],[77.07549427580146,28.86872421372441],[77.07548962812902,28.868711108173528],[77.07548949963682,28.868710883676208],[77.07547530185651,28.868680821286343],[77.07544433504454,28.86863490576105],[77.0754000035786,28.868585884630356],[77.07529659979478,28.868474025091796],[77.07527551137544,28.868451213175742],[77.07517899620224,28.86833781099481],[77.07510473306998,28.868249597461862],[77.07508072593042,28.86820911837869],[77.07506401839994,28.868171079484757],[77.07505595798521,28.86813035393863],[77.07504339651443,28.868082039008232],[77.07501544062639,28.868028232440057],[77.07500720838335,28.868012386748966],[77.07492860129274,28.86785147790281],[77.07487305547042,28.86776928307267],[77.07485693438353,28.86774790504361],[77.07479518821899,28.86763269135923],[77.07476678173886,28.86758972644138],[77.0747116713576,28.86751653606392],[77.07466803097232,28.867436786232183],[77.0746197638919,28.867343065168413],[77.07458670342145,28.867284853563273],[77.07455667605032,28.86725728958235],[77.07453917000828,28.867250652896296],[77.07452075622507,28.86725012609774],[77.07448898880817,28.867256997969378],[77.07422119121571,28.86735430662616],[77.07406268432914,28.86740525462349],[77.07404550902325,28.86741284380734],[77.07400650254347,28.86743291569781],[77.07395684615837,28.867455369324613],[77.07395393594044,28.867457115844346],[77.07385391378818,28.86751714562667],[77.07377835338605,28.867562493893658],[77.07361869992371,28.86764626834829],[77.0735009115239,28.867702992747436],[77.07342984151141,28.867741786025512],[77.07342377180304,28.867744032294986],[77.07339655250745,28.867760881916876],[77.07336378735066,28.867774715665668],[77.07335953877568,28.867779887130865],[77.07335686790036,28.86779141717062],[77.07335999488373,28.86780285800688],[77.07336017226918,28.867811791626416],[77.07336009599484,28.867811976868534],[77.07335848653202,28.867814756343606],[77.0733581451549,28.867815270491345],[77.07335450006538,28.867818260842782],[77.07333285380747,28.86782901721521],[77.07332465938975,28.86783648708421],[77.07324417801614,28.867886360905125],[77.07316318199953,28.867953633469348],[77.07313537401294,28.867972949954854],[77.07310478715857,28.868006310126678],[77.07307582463571,28.86803232226174],[77.07302868027755,28.868068001585563],[77.07295388098501,28.868120127489792],[77.07289101354681,28.86815988700208],[77.07288307287332,28.86816490952241],[77.07278082777239,28.86822352545675],[77.07268566651618,28.86829174288338],[77.07257372318035,28.868348080654673],[77.0724124965893,28.868422168321448],[77.07232107078364,28.868464180387136],[77.07213421614108,28.868567831305647],[77.07213026705818,28.868686600956753],[77.07213285182482,28.868742004666966],[77.07213188175837,28.86874673769549],[77.07212706582574,28.86875137195906],[77.07212263242025,28.868752451605605],[77.07131397677283,28.86876236354801],[77.07128355737586,28.868764107863928],[77.07127183290991,28.868757905222278],[77.07124994896351,28.868724765447872],[77.07120474663694,28.868665749773236],[77.07119380841982,28.868649109894385],[77.07108288000231,28.86851699144099],[77.07104737767538,28.868481793454148],[77.0709997460051,28.86841997550622],[77.0709584822795,28.868369855413206],[77.070900569111,28.868307961735578],[77.07077857480311,28.86817758305168],[77.07068690125249,28.868079609049477],[77.07066125044275,28.868051680068053],[77.07057423309287,28.867956666154665],[77.0704933783933,28.867865838896343],[77.07043515255333,28.867812134542188],[77.07039963931332,28.867799833242444],[77.07035902934575,28.86777583434658],[77.07028875140855,28.867727667514536],[77.0701830284998,28.867651919624297],[77.07008003038558,28.867567077033385],[77.0699064765803,28.867428715535386],[77.06989331086415,28.867423273883766],[77.06987334629711,28.867420736489287],[77.06984295499674,28.86742269117306],[77.06982882242183,28.867426854891214],[77.06971077276894,28.86748109963333],[77.06963599334264,28.867512884734253],[77.06957543337839,28.86753040985846],[77.06955228842278,28.867533317904385],[77.06952901702017,28.867529845933564],[77.0695114180393,28.867519903990797],[77.06948013903842,28.86747825874297],[77.06934528758856,28.867259488452074],[77.06929267638213,28.867165832911773],[77.06925010833527,28.867098033687835],[77.0692422675796,28.867092637429593],[77.06923564565659,28.86709071074117],[77.06918628208919,28.867102538994267],[77.06908226897549,28.867145497364834],[77.06848855769903,28.867417099320168],[77.06785047161668,28.86768181570913],[77.0671505928197,28.86791317436949],[77.06639486363092,28.868191356243003],[77.06577021897131,28.868474527356387],[77.06560023464577,28.868529986096426],[77.06539480426497,28.868610168621817],[77.06509968575784,28.868715302386306],[77.06439784191093,28.86900629310231],[77.06378258417476,28.869258340081174],[77.06342117052728,28.86945442771457],[77.06305082018683,28.869721126270523],[77.06234326263608,28.87017665005543],[77.06205325490033,28.87034455248408],[77.06166650709673,28.870545114327534],[77.06116328120896,28.870837817670107],[77.06112923770104,28.870804583342178],[77.0609869293344,28.870671980672135],[77.06083058156437,28.870505959299887],[77.0606798529825,28.870352315271518],[77.0604969696029,28.870174354882536],[77.06041807151124,28.870098761963884],[77.06034624752132,28.8700182371343],[77.06031532018666,28.8699612875868],[77.0602704157795,28.8698461846041],[77.06002608453761,28.8698506634771],[77.0599583552603,28.86970281110497],[77.05988520924012,28.869586417197105],[77.05975012298877,28.869390752761923],[77.059685861502,28.869323202525585],[77.05947593366598,28.869124920887607],[77.05905976920829,28.86869746308379],[77.05889631388088,28.868552449618644],[77.05867792238773,28.868351677440607],[77.05864691599645,28.86832688306677],[77.0585694266459,28.868253765901624],[77.05823622180012,28.867821114745198],[77.05814193573335,28.867688600883415],[77.05796189935324,28.867400093719144],[77.05779730491903,28.8671712407524],[77.05765231469691,28.866985449239657],[77.05742274363273,28.86674013010449],[77.05729881343107,28.866603848967728],[77.05720651609788,28.866471224586746],[77.05708546151308,28.866315160570952],[77.05702772400836,28.8662507386665],[77.05698132149404,28.866171497556106],[77.05691940083247,28.866086041819408],[77.05683569166801,28.865947307407414],[77.05670501828676,28.865686101054887],[77.0566656023425,28.865636555330692],[77.0565081505842,28.86529166463009],[77.05641678107203,28.86512452772284],[77.05636322443607,28.865082373675452],[77.05601874017712,28.864572060167614],[77.05579777648518,28.864277285783242],[77.05561345843621,28.864011026949907],[77.05554068846422,28.863869320368035],[77.05544787905943,28.86371454633361],[77.0553551046139,28.863546169472848],[77.05516141800355,28.863352336276943],[77.05489251874896,28.863029022229536],[77.05450418318355,28.86257371040414],[77.0544282269702,28.862456071893202],[77.05436200808178,28.862396578217005],[77.05422912932852,28.862301696198],[77.05378193502837,28.861950122793086],[77.05366916027486,28.861873223521062],[77.05363819189854,28.861834823251673],[77.05357640956638,28.861697424328597],[77.05346817910541,28.861500570145452],[77.05335650613348,28.86131674794204],[77.05329442018183,28.86129807500775],[77.05327097232913,28.86108036253036],[77.05321030470677,28.861059219091498],[77.05318211636363,28.860981966454588],[77.05315956035037,28.860967080974046],[77.05312006119159,28.860950925082612],[77.0530748960954,28.86094217858501],[77.05304809701454,28.8609297587487],[77.05302558843763,28.860896322055584],[77.05298345716284,28.860805957428063],[77.05288662134143,28.860572023082256],[77.0527700766202,28.86031455174717],[77.05269792838745,28.860171492138814],[77.05262346092363,28.860025409892973],[77.05250406095742,28.859780300004534],[77.05231965343562,28.85949615903586],[77.05225351929798,28.85940450928581],[77.05219021355704,28.859311629001724],[77.05213953753088,28.8592496922119],[77.05210293427739,28.859206333439165],[77.05207619348357,28.85917165174715],[77.05206573041939,28.859133182488552],[77.05204703410867,28.858999556128545],[77.05194654232022,28.858585195824958],[77.05187695164803,28.85811595061602],[77.05195937981787,28.858109955996095],[77.05196287263901,28.858106398272405],[77.05196157654775,28.858083097941538],[77.05195305871764,28.857929976590928],[77.05195693350802,28.85786389146445],[77.05194195013523,28.85775938816114],[77.05191910416306,28.857643806043214],[77.05191828048106,28.8576075071362],[77.05191824810477,28.857606067550876],[77.05192667175643,28.85757406450375],[77.05194169188348,28.85754879148375],[77.05197099993279,28.857526716176476],[77.05201058251193,28.857501069225194],[77.05204889433004,28.857476579414907],[77.05207167189607,28.857451188283154],[77.05207365345666,28.857420422011135],[77.05205827117936,28.857361460495408],[77.0520191466608,28.857212927716038],[77.05199618813562,28.857117388404557],[77.05198826843072,28.857103089237718],[77.0518419854255,28.85688557238106],[77.05182614557341,28.856855173031537],[77.05182054949636,28.85685120957349],[77.05180755670654,28.85684016011982],[77.05179454989113,28.856828448586544],[77.05179208115175,28.856825751279324],[77.05178799563643,28.856688027015498],[77.05175506429035,28.856424989406054],[77.05175504492017,28.8564248381137],[77.05174280849249,28.85632710083241],[77.0515339856143,28.855903021579884],[77.05142651274721,28.855655637282034],[77.05132862878173,28.85546156130813],[77.05119866413457,28.855189329401355],[77.05108465097526,28.85505528989506],[77.0510402552387,28.85498384234867],[77.05113728768222,28.854912675467116],[77.05113740237914,28.85486824421369],[77.05109164731606,28.85472812757452],[77.05125335124033,28.85461535027943],[77.05109724844971,28.854430967367726],[77.0510513155646,28.85435951612994],[77.0510467142038,28.85435546802019],[77.05099318603342,28.854248995652963],[77.05092279657805,28.854123640093363],[77.05086622224073,28.854006390856163],[77.05080497671239,28.853912021130323],[77.05068371824004,28.853796194375843],[77.05064998577657,28.853762467741095],[77.05059171362564,28.853707148666963],[77.05051814512619,28.8536221787852],[77.05047076981455,28.853514371905426],[77.05038036324353,28.85340244000912],[77.05019220112715,28.853168858961443],[77.05015232373191,28.853133772930295],[77.05007108095731,28.85304474812427],[77.0500021441399,28.852953054784304],[77.04990091750605,28.852863990883748],[77.04979817552838,28.852766844528215],[77.04971370730706,28.852672297689846],[77.0496401446119,28.852585980937448],[77.04952214670669,28.852444372383033],[77.04942723881275,28.852290692630234],[77.04937998083052,28.852138454855734],[77.04932985640151,28.852047409013252],[77.04924256898983,28.851919325369686],[77.04923643374626,28.85191392809973],[77.04916910856987,28.85179396307472],[77.04904801655348,28.851660427082265],[77.04892997865875,28.851534975230717],[77.0488151559574,28.85134668741464],[77.04872804519017,28.85115128322983],[77.04858424798134,28.850883060753045],[77.04840128752237,28.850648738195574],[77.0482647832105,28.850531327002024],[77.04817294607507,28.850380345264657],[77.04808863351346,28.850291313400618],[77.04791130193706,28.85013277503195],[77.04784837582262,28.85009494886264],[77.04779466289366,28.850061181149247],[77.04773489243837,28.84999239395856],[77.04763066784096,28.849876393808035],[77.04752793434209,28.849777900036553],[77.04742345983146,28.84962636704588],[77.047371414428,28.849542784525465],[77.04733005527319,28.849487499363082],[77.04732855339016,28.849474031779152],[77.0472672961418,28.849386392473548],[77.04718914795379,28.849291986970748],[77.04711248397638,28.849217779581323],[77.04706344606984,28.849159785799237],[77.0470231335005,28.84910810469354],[77.0469573535198,28.84898679573128],[77.04685779849267,28.84884926172353],[77.04678125516722,28.848729277341263],[77.0467245664379,28.84852409971304],[77.04666964986319,28.84836376598553],[77.0466329736987,28.84828156132434],[77.04660697333102,28.84823169208976],[77.0465103306668,28.848156098468227],[77.04628633776929,28.848005722664812],[77.04614639440847,28.847853007062138],[77.04605863955938,28.84777907198709],[77.04598214301383,28.847693686251674],[77.0458943970214,28.847616473743525],[77.04583659586696,28.847537682504758],[77.04576593747481,28.847367078015765],[77.04570571442916,28.847262347824238],[77.04562226915445,28.846973705161925],[77.04558157807256,28.84679332681741],[77.04556800744415,28.84670406347817],[77.04556439465973,28.846654883864105],[77.04556452093412,28.846607351077378],[77.04556653482929,28.84655326686768],[77.04553327224323,28.846394211010296],[77.04552048140641,28.846277812451827],[77.0455205024101,28.846269617372723],[77.04550189839951,28.846228602796504],[77.04545709290763,28.846189174968515],[77.0452984822001,28.84592544724473],[77.04527642184948,28.84577624870217],[77.04517655700845,28.845520997381026],[77.0451002353324,28.84537004938134],[77.04507600988069,28.845332301535905],[77.04507046948797,28.845304426652188],[77.04508178407109,28.84527166817296],[77.0451080763921,28.84523566248203],[77.04525245828177,28.84512286113705],[77.04525627481515,28.845095004934148],[77.04519309999782,28.844926054100686],[77.04515249686698,28.844712894236014],[77.04550798321006,28.84456358075253],[77.04549900202882,28.844303804441694],[77.04552338542331,28.84399589361502],[77.04551829000972,28.843466247423944],[77.0454831506095,28.842717893500268],[77.0454564360617,28.842324316641918],[77.04541427927573,28.841996728827684],[77.04537541656384,28.841911742511755],[77.0453256367139,28.8417555175986],[77.04525782354084,28.84145177888047],[77.04522033493804,28.841296475505207],[77.0452017829775,28.84118824165531],[77.04515822339434,28.84100421330226],[77.04506933064516,28.840544840005848],[77.04504924074645,28.84039495540787],[77.04501671170041,28.840300676550942],[77.04497286347443,28.840226114255895],[77.04493504554061,28.8401955301568],[77.04490333157749,28.8401802125798],[77.04486442473066,28.840173852113903],[77.04481421899688,28.840179134030027],[77.04475069301972,28.840186183421288],[77.0446933274108,28.840187860863338],[77.04465649928513,28.840169840761696],[77.0445986894571,28.840120929731764],[77.04422355314644,28.839793658965807],[77.04404506520942,28.839622524023508],[77.0439499090839,28.839577053556013],[77.04385110331991,28.839498847517035],[77.04374130930597,28.839397950641988],[77.04329834278015,28.83906016637162],[77.04287499659634,28.838734734574352],[77.04276455455266,28.838636455226105],[77.04259965322927,28.83842939714726],[77.04254197977885,28.8383775587042],[77.04245358013526,28.83831596065008],[77.04226762837726,28.83805035064497],[77.04218299171829,28.83796182191025],[77.0420408578113,28.837755727510107],[77.0419661271023,28.83752990381117],[77.04186196985758,28.837529689873385],[77.04186820088408,28.837305298391293],[77.04186627818201,28.837014273853274],[77.04196480293776,28.83701506485304],[77.04222586500201,28.836450571298776],[77.04228055124152,28.836445023138683],[77.04228010031932,28.8364335318308],[77.04226820363513,28.836129899688743],[77.04234445797339,28.836031847587293],[77.04237708074376,28.835988381907615],[77.04244487605405,28.83590293591106],[77.04246791973937,28.835862416060355],[77.0425304013777,28.835715369490728],[77.04270735836091,28.83537410457751],[77.04274594597024,28.835284599230867],[77.04276898581759,28.83520466107626],[77.0427735673871,28.835164169991597],[77.04276669477332,28.835151486557],[77.04238029432308,28.833960761057224],[77.04214123536808,28.833835607990366],[77.04192605334705,28.83367102743153],[77.04185794625656,28.833549072786525],[77.04182430577814,28.833425148974985],[77.04152563727351,28.833192380821508],[77.0412834641979,28.833075954393912],[77.04082278315477,28.83262426191376],[77.04047221388764,28.832257715856194],[77.04026438279375,28.83196424694687],[77.04013191029101,28.83186799914535],[77.03988529245348,28.832018005866924],[77.039703537099,28.83213087469049],[77.03940419795468,28.832307913513183],[77.03912452432236,28.83245434392212],[77.03906348068986,28.83248679994236],[77.0390006261093,28.83252607411158],[77.03879873557513,28.832627062275115],[77.03859556337555,28.832728135390383],[77.0383890742621,28.83282844265457],[77.03814483310427,28.83292356610533],[77.03804196787384,28.832975062666616],[77.0379022979236,28.833029168964746],[77.0377879939888,28.833069321980506],[77.03771588000417,28.833088647316618],[77.03763074138531,28.833105258543302],[77.03751034048555,28.83312112568719],[77.03731019704104,28.83314388012821],[77.03723120332721,28.833155803706187],[77.03713146000305,28.833186487529787],[77.03699180448025,28.83323522032478],[77.03658472628904,28.833400072300417],[77.03634222365388,28.833492913251487],[77.03629631496689,28.833520342844793],[77.03625245379399,28.833563883873644],[77.03582445550535,28.833838994442917],[77.03559645682412,28.833977413825938],[77.03511281746817,28.834195256760196],[77.03503491217289,28.834226621931016],[77.03495119356278,28.834249454083125],[77.03490054894776,28.834272354694416],[77.03483335540895,28.83429948147586],[77.03478566335856,28.834309606768368],[77.03449694267954,28.83435928674611],[77.03430816382678,28.83438360052887],[77.03411159061349,28.834413010574586],[77.03402306422457,28.83441537984333],[77.03396726181467,28.834431163765057],[77.03382447745362,28.83446861202842],[77.03369606240258,28.83450357323635],[77.0335474682148,28.834564496774753],[77.03351569873016,28.83462566628795],[77.03334059428978,28.834740316941577],[77.0332619335688,28.83479048227194],[77.0331909307557,28.834841502994337],[77.03312667662094,28.834875760729954],[77.03306532354972,28.83489995812488],[77.03299818101664,28.83492306164095],[77.0329879018024,28.834966268660157],[77.03296745612334,28.8350119966052],[77.03292092068445,28.83504495579805],[77.03284388773889,28.83508420634332],[77.03243553672773,28.83526896952747],[77.03233091896806,28.83531181346249],[77.03220021633355,28.83533950715158],[77.0320767571694,28.83537230242886],[77.03195907841311,28.835414009270117],[77.03184289335138,28.835440462458276],[77.0315136559511,28.835521877345787],[77.03139021717838,28.835547042640616],[77.03122182053629,28.83555939810686],[77.0311389085787,28.83562533555854],[77.03109971692543,28.83569155019194],[77.03099384064305,28.835774426972012],[77.03085797461063,28.835787357702916],[77.0306466482414,28.835800127960102],[77.03034667883873,28.835901475395026],[77.03017211533842,28.835951340466508],[77.02946406059027,28.8362652358261],[77.02892773222663,28.836473336450535],[77.02883273935183,28.83651846107081],[77.02871621716989,28.836552207397418],[77.02858891520002,28.836585929907304],[77.02846809336155,28.836615889626067],[77.02837097623373,28.836649676724978],[77.02830839296644,28.836670317360785],[77.02825229859526,28.836683417183288],[77.02820053801425,28.836688971617853],[77.02815534064544,28.83666054452191],[77.02809289513658,28.836632079043866],[77.02798077632896,28.836633726364894],[77.0278901812837,28.83664864058727],[77.0277757898651,28.83669183378834],[77.02753113199485,28.836739567935098],[77.02745129491896,28.83676205927227],[77.02734770885506,28.836795832822734],[77.02721176630745,28.836835201607695],[77.02716210339202,28.83686153599903],[77.02711888630306,28.836895439543962],[77.02709072445585,28.83694259554453],[77.02706684353825,28.837001093348917],[77.02704514472123,28.837050152622467],[77.02700406309738,28.83709161520689],[77.02641100657662,28.837494662920214],[77.02590341034526,28.837820305918125],[77.02559888005176,28.83800473632962],[77.02528592969509,28.838165066290593],[77.0250403400356,28.838290327939117],[77.02333746748504,28.83918948218897],[77.02322211571041,28.83917768453837],[77.0231029450317,28.83914011710653],[77.02294853681519,28.83909248862001],[77.02269796145009,28.839075681876707],[77.02256080003849,28.839057172730406],[77.02232040223666,28.839049026447277],[77.02216322688082,28.839030817943534],[77.02192582398091,28.839004998398853],[77.02159830121589,28.83897759156936],[77.02133121817891,28.83896984356503],[77.02110729837074,28.838988390361155],[77.02086419006675,28.83901289360501],[77.02080497244062,28.839018861984435],[77.0207593833283,28.839028230862258],[77.0205368841593,28.83907395575245],[77.0204585545506,28.8390900519146],[77.02052294122134,28.838728558582105],[77.02054833878081,28.83858596666521],[77.02061040760047,28.838312685078215],[77.02087183908083,28.837161620274827],[77.02090009643403,28.83706644908349],[77.02106610684423,28.836507326709118],[77.02117504679165,28.83614041285246],[77.02142206046447,28.8353084517053],[77.02154155027898,28.834905997815994],[77.02158936079348,28.834744966568003],[77.02160201981681,28.834702330035014],[77.02165563335386,28.834521750615277],[77.0219605507395,28.833676798840898],[77.02216924734145,28.83309847371449],[77.02217797052302,28.833074301598757],[77.02239047936081,28.83248540521591],[77.02240770376044,28.832437674252912],[77.02244103204822,28.832345314143993],[77.02272269404212,28.83173576752541],[77.02286682946405,28.831423838715917],[77.02310068906523,28.830917730770185],[77.0231419591582,28.83082841490065],[77.02319990160666,28.830703016130585],[77.02340454919397,28.830260120975797],[77.02356335261243,28.82991644180753],[77.02387597457393,28.82929220352229],[77.0241745249263,28.828696055541418],[77.02439035934682,28.828265072282782],[77.02451722908691,28.828011733087383],[77.02474315093635,28.82756059987738],[77.02477436342389,28.82749827303775],[77.02489385794392,28.827305851337485],[77.02568952428916,28.82602457003159],[77.02571254018517,28.825991049823095],[77.02591355499399,28.82569829350404],[77.0263317488033,28.82508923401136],[77.02678874213393,28.824421194274382],[77.02718440203262,28.82384100851279],[77.02734039212156,28.82362976087806],[77.02768431141544,28.82316401163475],[77.02811310687538,28.82257447449297],[77.02858043453425,28.82198275686619],[77.02904337140293,28.821410777892684],[77.02951134918634,28.82085574200581],[77.03003440992501,28.820235765315793],[77.030240797249,28.819997370710716],[77.03061591541031,28.819600474514914],[77.03096891790243,28.819219962491573],[77.03136126008982,28.818804932009265],[77.0316050986203,28.818550070950224],[77.03194370843347,28.818186292897437],[77.03245724339632,28.81766216230455],[77.03305938272156,28.81704392047114],[77.03330663575574,28.8167948394761],[77.03360045976248,28.816493276743685],[77.03386447940727,28.81623578875181],[77.03430492533737,28.815858470984136],[77.03548670195936,28.814848878387068],[77.03569119390845,28.814668320471124],[77.03704579679605,28.813518936568343],[77.03835142439553,28.81238384970343],[77.03893399921664,28.811883470384174],[77.04002162450611,28.810962274321025],[77.04100623791803,28.810115883469695],[77.04233602647696,28.808968710072953],[77.04260249527393,28.80876696810116],[77.04357849551465,28.807936830622154],[77.0444552814163,28.807233174490257],[77.0449488247282,28.806855977037106],[77.04544236445257,28.806478777937144],[77.0467605590268,28.805444712508237],[77.04721296014033,28.805108329273917],[77.04761215419599,28.804840835907815],[77.04769735287658,28.804774972775753],[77.04770450480257,28.804769443161465],[77.04777811211416,28.804712539876704],[77.04793456134738,28.804591595622913],[77.04783805214025,28.804437743396175],[77.04896032924574,28.80357948751245],[77.04922592719392,28.803376369526887],[77.05021149087092,28.802622640857685],[77.05287331719137,28.800560074259344],[77.0532392659876,28.800273979776772],[77.05343078506463,28.800124250950702],[77.0561059148482,28.798032778072283],[77.05662913733318,28.797629495138768],[77.05725802210459,28.797144762499812],[77.05754401586991,28.79692432230499],[77.05823049683224,28.796395184448034],[77.05906464374523,28.795752215597027],[77.05951571234635,28.7953921083638],[77.0596208161788,28.795308339389425],[77.06094386081627,28.79425383805238],[77.06125853057398,28.794003033833395],[77.06141938577247,28.79387762236716],[77.06287364858267,28.7927437785346],[77.0652287520154,28.790905040921544],[77.06743846690429,28.789167710052634],[77.06749643686706,28.789238905794907],[77.06756730575526,28.789312088435302],[77.06774390108603,28.789179447636407],[77.06793047213752,28.78902448771269],[77.06806910964835,28.7889093390253],[77.06872659118822,28.788396147340812],[77.06940953645673,28.78784775489486],[77.07084588835744,28.786731426360145],[77.0714689194747,28.786247567548624],[77.07157174267832,28.78616434725189],[77.07139339799237,28.785842346188744],[77.07180068546936,28.785525914890414],[77.07220058661375,28.7852152189864],[77.07226873283186,28.78516227319935],[77.07326521306746,28.784388061946053],[77.07426167846134,28.783613844003174],[77.07502130550797,28.783033248972465],[77.07523541652806,28.78285012393824],[77.07636733536586,28.781965067860448],[77.07696335696366,28.781509972754275],[77.07705442568485,28.781440436884786],[77.07711295838936,28.78139355040243],[77.07764408446762,28.780968099030687],[77.0786422825776,28.780203180029254],[77.07910387287261,28.779834253963834],[77.07984563690944,28.779241391686078],[77.08061650875258,28.77864612898016],[77.08138737280842,28.778050863157215],[77.08195110451429,28.777609086681707],[77.08215980511348,28.777445535383823],[77.08223723452046,28.777387599046982],[77.08319236282172,28.776672926695845],[77.0838338345644,28.77620817626222],[77.08459048907616,28.775703157061347],[77.08477720008793,28.775578538382362],[77.08490782297972,28.775500794856285],[77.08520550309339,28.77532362278986],[77.0860829786217,28.774836345040157],[77.08715880982639,28.77428991347571],[77.08796559426372,28.77389222176378],[77.08887729934773,28.773442803903766],[77.08993798009746,28.772922301991343],[77.0909624148978,28.772419574655547],[77.09099864994441,28.77240179315043],[77.09290973258486,28.77142614088723],[77.0962485486957,28.769735693135203],[77.09725951508084,28.769223812762835],[77.0977420415149,28.768998155760965],[77.09790662130276,28.768910942695925],[77.09849122999407,28.76860114764134],[77.09917019637463,28.768256539964266],[77.10099641529938,28.767329553514152],[77.1010000367798,28.767327635731917],[77.10106055331337,28.767295595624308],[77.10139957103286,28.76711610326873],[77.10170858101166,28.766955087876614],[77.10201759001019,28.766794071822655],[77.10250489996862,28.766460024614226],[77.10253247585743,28.766441120744],[77.1025972170294,28.766395878533462],[77.10330871589046,28.76589867000798],[77.10376331442131,28.76555716783766],[77.10405240010262,28.76533797876456],[77.10431899167976,28.76510703162196],[77.10433398676821,28.765093990758064],[77.10483252272228,28.764660446453863],[77.10514519241529,28.76433432342414],[77.10524541458848,28.76422978913832],[77.10586582324912,28.763582674908598],[77.10586822644221,28.763580169652307],[77.10612721456494,28.76329511949866],[77.10800193080847,28.761678815872877],[77.10877434472344,28.761007590474275],[77.1089458289988,28.760858569415724],[77.11035474463723,28.759520989791277],[77.1105366880878,28.75934825527517],[77.11071668951747,28.75918340718506],[77.11093308073835,28.758999943346904],[77.11125706318326,28.758751588961033],[77.11189295511137,28.758264128523656],[77.11190788822562,28.75825268130262],[77.11191763647918,28.75824476282072],[77.11193503795857,28.758229788723206],[77.11203814936827,28.758141061573834],[77.11211100915868,28.758078365838372],[77.11217802107599,28.758020701583494],[77.11223170886105,28.757974502704975],[77.11264576784292,28.75761820060873],[77.11311606875115,28.757254021147062],[77.11400927760204,28.7565623486018],[77.1141355406144,28.75646457394231],[77.11413707408212,28.756463386882462],[77.11434146544295,28.756305110189768],[77.11531760153896,28.755549199945506],[77.1154962043349,28.755410889923006],[77.11558810008411,28.75533972583947],[77.11570310189808,28.755250667300416],[77.1162324515563,28.75484073397446],[77.11735853272062,28.753968666863123],[77.11965679775143,28.752188759361562],[77.11966193707009,28.752184778103086],[77.12126168457544,28.75094578511453],[77.12141857765933,28.750824270983443],[77.12292595219134,28.749656773154847],[77.12311082300857,28.749513582952876],[77.1232660394032,28.74939336178236],[77.123620966399,28.749118453912388],[77.1237335462491,28.74903125507257],[77.1239208331397,28.74888619058494],[77.12472080258655,28.748266564215452],[77.12476603401387,28.748231529623354],[77.12493907760535,28.74809749458356],[77.12521200400963,28.747826435826276],[77.12543349076918,28.747625248281054],[77.12625821511294,28.746876100218344],[77.12645035479896,28.746646554560126],[77.12690620129361,28.74610195791638],[77.12719225355718,28.745678477213815],[77.12799988555264,28.74448281295713],[77.12811017708951,28.744523570422782],[77.12839149803331,28.744654932941867],[77.12869697641379,28.744790032345282],[77.12906760091948,28.744892199448906],[77.12910969120004,28.744907113441435],[77.12927237622606,28.74494319245833],[77.1295412124152,28.74500281295245],[77.13011197030798,28.74510375644903],[77.13068100568974,28.745171294685605],[77.13103924328527,28.74518251274643],[77.13155209801376,28.745167990021628],[77.13195180581694,28.745156670850072],[77.13230686421444,28.74510398390025],[77.1327812889119,28.74501028496443],[77.13323000447276,28.74493822302132],[77.13391799653853,28.74493033717606],[77.13457676702222,28.74497415513182],[77.13516372093586,28.745071516128544],[77.13587514959197,28.745241632079924],[77.1363276669057,28.7453760803117],[77.13658769794166,28.745435612844062],[77.13670044534442,28.745461425653666],[77.13689447114453,28.745505846706084],[77.13726533740504,28.745573066594964],[77.13734234813282,28.745587024985088],[77.13779921109433,28.745669829873336],[77.13784788879417,28.745678652863567],[77.13789656750616,28.74568747491762],[77.13780312717458,28.745787538535957],[77.13686509878006,28.74680646047679],[77.13577630019093,28.747989123772257],[77.13414752531952,28.749757359224006],[77.13327279655978,28.75070695488416],[77.13039216594828,28.753847517562484],[77.13014141014091,28.754120888935002],[77.13000236940792,28.754265847352276],[77.12990307840816,28.75436936284301],[77.12798237732038,28.756462545320524],[77.12822985413881,28.756638745214527],[77.12824702973695,28.756977401919332],[77.12837612122975,28.759522591149892],[77.12904354095797,28.7597030586956],[77.13058170645034,28.759070039713592],[77.13221828778725,28.76061387709457],[77.13642193598278,28.76488076323812],[77.14022487189075,28.7648528834456],[77.14093904374316,28.764703244785768],[77.14149159245517,28.764587468200695],[77.1423000993824,28.76441805447544],[77.1430203568613,28.7642671282837],[77.14316903350966,28.76423597359112],[77.14370654032572,28.76412333846587],[77.1440041546577,28.764060972763854],[77.1450028824228,28.763851679463738],[77.14540335784135,28.76376775373372],[77.1455685445384,28.76373313649185],[77.14611173297206,28.763619300015623],[77.14656535660748,28.763524232209893],[77.14671472728033,28.763492927309752],[77.14671459940683,28.763493333566334],[77.14649782792837,28.76414741632557],[77.14620313613187,28.765036601425575],[77.14590843982344,28.765925786940013],[77.14558609228256,28.766951074398964],[77.14526373908333,28.76797636217906],[77.14497127792679,28.768919055667432],[77.14467881308447,28.769861749563745],[77.14440486389843,28.770780528850473],[77.14413436483431,28.771882724591947],[77.14389126246486,28.773021643729507],[77.14364815458053,28.7741605616441],[77.14342749740837,28.77518227857729],[77.14320683656695,28.776203994331336],[77.14298617209289,28.777225710710088],[77.14293520609215,28.777451274433062],[77.14270647972708,28.778463545087412],[77.14242678172435,28.779701379924983],[77.14213310014094,28.780949222284566],[77.1419881012274,28.78168836430173],[77.14192320554659,28.782099295840847],[77.1419210059897,28.78212030706841],[77.14191333721644,28.782193569794345],[77.14188006582603,28.78251142510334],[77.14180268242364,28.78323260069477],[77.1417236307202,28.78394690200297],[77.14162087331066,28.784875411874477],[77.14151811360914,28.785803921661316],[77.1414708696112,28.786249764739374],[77.14145327128443,28.7867622585086],[77.14145152244905,28.786813194075158],[77.14150272503946,28.787293173421645],[77.14150984982528,28.78737325909368],[77.1415382518345,28.787521291247433],[77.14157424382536,28.787717393114704],[77.14163736176,28.78795960086073],[77.14167671100292,28.788104021579485],[77.1417552437827,28.788340953539628],[77.1418428317599,28.788594096571796],[77.14198773141881,28.788925697791658],[77.1420314667103,28.789000910300505],[77.14209434545543,28.78912247705114],[77.1421622716232,28.789239477508115],[77.14221465645535,28.789343419471848],[77.14231352423312,28.78951256176275],[77.1425159826703,28.7898059817234],[77.14298602960501,28.79049674751416],[77.14359981666867,28.79143165964573],[77.14388861191888,28.79200424322765],[77.14409907083231,28.792517055284897],[77.14425423024848,28.793042816151942],[77.14431778859445,28.793312491468228],[77.14432024965059,28.793325035614497],[77.14436054165347,28.79352865982579],[77.14439068450437,28.79365445188653],[77.14443910691509,28.794073761314593],[77.14444579593236,28.794262783534766],[77.14445452284704,28.794412561947112],[77.14446073535179,28.79457630614315],[77.14446401711918,28.794726579794624],[77.14446056214051,28.794909969604795],[77.14444366908714,28.79516727772052],[77.14433395758587,28.79634498440187],[77.14422363067028,28.79741737178443],[77.14414318570937,28.798199291468816],[77.14411330223497,28.798489759037633],[77.14398439050956,28.79962866981612],[77.14385547781822,28.80076757952245],[77.14375550712847,28.801733917082398],[77.14364019919637,28.80248931080018],[77.1435171087238,28.803019696810544],[77.14344462916685,28.803237943554233],[77.14337003734934,28.803442293473417],[77.14328932539838,28.803644830428308],[77.14320254878977,28.80384541367426],[77.14311251403775,28.804038025519112],[77.14288655987997,28.80452371872161],[77.14270797609778,28.804854627153098],[77.14250146355366,28.805168132563534],[77.142202363691,28.805638818087154],[77.14183851774266,28.806082803579773],[77.14156223875229,28.806402937026732],[77.14126041678134,28.806729092000847],[77.14090951980278,28.80702976404996],[77.14090448496513,28.807034329181402],[77.14065733844652,28.807258397317867],[77.14017403404667,28.80766829252167],[77.13960411292163,28.80812148328681],[77.13940873407097,28.80827325495098],[77.13807901471174,28.80953116122096],[77.13781902573571,28.809826776994075],[77.13781255304986,28.809834136614842],[77.13771036058729,28.80995033220585],[77.13770500421744,28.809956422668325],[77.13758470092438,28.810093210097005],[77.13757870475933,28.810100027104045],[77.13751259887941,28.810175190651517],[77.13742622891884,28.810263825063807],[77.13740259773283,28.810290346690234],[77.13736382858376,28.810332533554654],[77.13732946818952,28.810373846636327],[77.13725974044202,28.810457684251947],[77.13721142140061,28.810515780732604],[77.13701320294511,28.810825242959314],[77.13683049427867,28.8111896339419],[77.13671770807765,28.811441990631636],[77.13655656539822,28.81191502931266],[77.13625209176013,28.81289509198104],[77.1359678777407,28.813855704888507],[77.13562778600019,28.815087525989036],[77.13552680826525,28.815437450103776],[77.1354601257172,28.815644881340763],[77.13540740866284,28.815808873917693],[77.13530048350303,28.816132142019228],[77.13520995636668,28.816429320841237],[77.13501017269898,28.816986123035264],[77.1348290079257,28.817511854343074],[77.1345707249574,28.818370805463537],[77.13429609041805,28.819299100903233],[77.13427119537823,28.819380923159652],[77.13399294019969,28.820295441528504],[77.13368978479983,28.821291781638163],[77.1336115746986,28.821541573461342],[77.13333477669732,28.82242561010874],[77.13299221580282,28.823519661364397],[77.13297976168117,28.82355943877282],[77.13248804891307,28.825121940870442],[77.13208216037113,28.82642421693638],[77.13180101368175,28.827339343682482],[77.1316805954738,28.8277313004395],[77.1315905056039,28.82802453536364],[77.13151986357697,28.82825446906623],[77.13142544624556,28.828564915669055],[77.13101900321108,28.829901292275835],[77.13096527403056,28.83008271610185],[77.13072813987068,28.830883426178538],[77.13043727164421,28.831865559606562],[77.13036177481088,28.832107037489564],[77.13004208846067,28.83312954872571],[77.12964689668907,28.834393537867683],[77.12933812243845,28.835345727301068],[77.12926971912566,28.835585393641086],[77.12919733759838,28.835838995368867],[77.12909626087897,28.83629125288275],[77.12908558663194,28.83634852150793],[77.12893769249499,28.837141981131158],[77.12873038812775,28.838253134014085],[77.12852308012626,28.839364286638105],[77.12848365513297,28.839575599292292],[77.12831576850853,28.840475439905184],[77.12818287904959,28.841187692793756],[77.12804888881587,28.841911385827647],[77.12793771374596,28.842517605042996],[77.12776697175553,28.843448617897643],[77.12759622622316,28.84437962968938],[77.12742547923425,28.845310642189826],[77.12725472974581,28.846241654513136],[77.12708397775756,28.847172666659286],[77.12691322326941,28.848103678628245],[77.12674246626271,28.849034689518],[77.12657170574951,28.849965701148637],[77.12654534305786,28.850109436458737],[77.12640094376023,28.850896712585833],[77.12623017927017,28.851827723845737],[77.12605941227915,28.852758734928305],[77.12605323782732,28.85279239721251],[77.12588864278692,28.85368974583352],[77.12573024036443,28.854587121110537],[77.1255718357438,28.855484497134007],[77.125413429931,28.856381872985825],[77.12535588481332,28.8567078599681],[77.12525502087678,28.857279248698248],[77.12504744256834,28.858455148904877],[77.1249954501835,28.85874967313256],[77.12485588729578,28.859540255798137],[77.12485404701832,28.85944979134838],[77.12474686560117,28.85944705985909],[77.1247685145507,28.859194743705682],[77.12462114421142,28.859191172230783],[77.12458479303714,28.858885249053127],[77.12456627376767,28.85870596157235],[77.12446215926096,28.858482834261192],[77.12424053327149,28.85800786871247],[77.12428838037886,28.85772582451784],[77.12406203843321,28.85770728835357],[77.12393298190813,28.857616488924254],[77.12348926799336,28.85769126318406],[77.12339767832657,28.85772528752086],[77.12321091609174,28.85779466647596],[77.12320491337516,28.857796895833822],[77.12262225757291,28.857902302145472],[77.12210083110408,28.857971380608898],[77.12179012123704,28.85801387749067],[77.12145892138818,28.858056347886084],[77.12138927746808,28.858071556638915],[77.12119565477299,28.85817149019317],[77.12113051501876,28.858205110300986],[77.12102912212849,28.858270248289458],[77.12096501139828,28.858267731923807],[77.12092123185673,28.858266014437472],[77.1208845847953,28.8585133673782],[77.1208794911232,28.85868647207443],[77.12084897564762,28.858832341656626],[77.1208166681905,28.858999850917225],[77.1208123681661,28.859117801882427],[77.12081074325141,28.859192493191628],[77.12080544199661,28.85943619668138],[77.12084871199546,28.859588764100646],[77.12086855632927,28.859796712321987],[77.12086728457453,28.859953910053388],[77.1206886533837,28.859961943246258],[77.1206698424355,28.859962788714917],[77.12065783835264,28.860043813139352],[77.12011688612883,28.860100739140762],[77.11991096965514,28.860122407235362],[77.1198977555124,28.860192572716578],[77.11987460982446,28.860315468653216],[77.11984242538152,28.860486353935546],[77.11962709398088,28.860506255059647],[77.11962696457992,28.86051189907301],[77.11962352100494,28.86052453737626],[77.11961810709559,28.860537813000654],[77.1195932459769,28.860565891450854],[77.1195710771686,28.860590929268728],[77.11945593066298,28.86070255156122],[77.11942886017174,28.86072913896561],[77.11941921395722,28.860738613048095],[77.11935051033684,28.8608048635456],[77.11928846304855,28.860859162361916],[77.11923149946426,28.860909976900192],[77.11919206479674,28.86096090738948],[77.11916339406298,28.86099632709566],[77.11908963499287,28.861063281339124],[77.11906760796208,28.86107804074426],[77.11902947039533,28.861116324239905],[77.11898610033077,28.861151218004906],[77.11894792197816,28.86118193647268],[77.11878872369542,28.861310025430907],[77.11866443860744,28.861406109070995],[77.11856854717784,28.861480242154048],[77.11854817236319,28.861491926691187],[77.11852881556312,28.861505846420993],[77.11843247833754,28.861547852489142],[77.11832937992394,28.861632384726338],[77.11822692760033,28.86173271113717],[77.1180634254134,28.861870330988666],[77.11798661830973,28.861925734613894],[77.11796376596918,28.86194221845101],[77.1179060593036,28.861983844457665],[77.11787668116489,28.86200503608665],[77.11785283375565,28.86202223751962],[77.11785319990499,28.862028567602902],[77.1178561329801,28.862079348963945],[77.11778889122455,28.862084945884654],[77.11773646442337,28.86210687952246],[77.11765736854233,28.862167858957655],[77.11752294802848,28.862249505517937],[77.11737910643451,28.862322990829732],[77.11728555262559,28.86237242059127],[77.11713932177665,28.86243560482301],[77.11699312460206,28.86248149700158],[77.11695709042428,28.862510091567824],[77.11692887600084,28.862530105286623],[77.11690238139528,28.862559673340655],[77.11684658964633,28.862638266997195],[77.11683017595251,28.862653241056204],[77.11681625097759,28.862665944675555],[77.11676349339722,28.86267648820031],[77.11667762600365,28.862679480786372],[77.11666203805629,28.86268002425922],[77.11665120258111,28.862689909328033],[77.1166508072823,28.862779290386577],[77.11665252146062,28.862969722102424],[77.11665295327307,28.863017731270144],[77.11665257869582,28.863083605694943],[77.11665378273948,28.863100887179538],[77.11665850059897,28.863168550254166],[77.11664600623654,28.86320117186735],[77.11661730896475,28.863213202483685],[77.1165674777825,28.86322093357855],[77.11653074550081,28.863224455507346],[77.11649775414917,28.863238739770306],[77.11635542423308,28.863340898362985],[77.11629734307465,28.863381968383447],[77.1162814166707,28.863393229950532],[77.11620761820697,28.863454619856295],[77.11616841829444,28.86350238243649],[77.11613653836669,28.86354122467785],[77.11606108461048,28.863629841661638],[77.1160398123717,28.863649980800478],[77.11594630775717,28.86373850489099],[77.11588429066512,28.863782223389983],[77.11582227249578,28.86382594187892],[77.11565891494557,28.863933424950744],[77.11553942333494,28.86398303337511],[77.11553355445467,28.863985469636802],[77.11552194647837,28.863998621287656],[77.11552410421416,28.864193687449617],[77.11551899943633,28.864326541421622],[77.11557880064929,28.864540497009006],[77.11558421969698,28.86456063212999],[77.11560904056572,28.86465286015761],[77.11561646548994,28.86467096973956],[77.11561970605463,28.864684962921626],[77.11562056918832,28.864688863480673],[77.11562188577032,28.86469480781329],[77.11562185778756,28.864701774788944],[77.11558388323984,28.864721060839745],[77.11553843311698,28.86474240504416],[77.11546032708388,28.86478111471115],[77.11534766242706,28.864835456588644],[77.11533307574125,28.864843599482352],[77.11514219402022,28.864924608799196],[77.11514110358155,28.864925071642034],[77.115185781086,28.865420055635113],[77.11414364872779,28.865587310014856],[77.11415539472178,28.865617867483166],[77.11384163169792,28.865691775365118],[77.11379918452191,28.86571182765403],[77.11378961052446,28.865854195028632],[77.11377084933505,28.86585593566307],[77.11349679471195,28.865861368126005],[77.1132734991276,28.86586579383654],[77.1131687862391,28.86586786893657],[77.11311388572703,28.86586895627272],[77.11311688365011,28.866154986792164],[77.11311743303341,28.86620731069691],[77.11311832207996,28.866292172883604],[77.11311890306185,28.866347577594507],[77.1131191010162,28.866366426828986],[77.11257901482502,28.86636975240223],[77.11245565044563,28.8663705114811],[77.11245322732984,28.866371625890622],[77.11245701434937,28.866473451646417],[77.11235257602625,28.866485483958574],[77.11233216739676,28.866486408388514],[77.11212511551125,28.866495793738082],[77.11211643017941,28.866501649448903],[77.11211655394774,28.866507768611136],[77.11211736977556,28.86651176828646],[77.11211663418591,28.86651234374354],[77.11211472533402,28.866560624258348],[77.11212656284384,28.866666320979444],[77.1121350578264,28.86674216926106],[77.11218319272214,28.867062610245394],[77.1121930931993,28.867140186920363],[77.11219031835573,28.86720494138991],[77.11218399104506,28.867221212216617],[77.11216486164346,28.867227161251407],[77.11197450830383,28.867280967654125],[77.11180397504187,28.867314024633696],[77.11171298708875,28.867406749997212],[77.11162860063973,28.867466810194497],[77.11159208523199,28.867492799748444],[77.11128595223302,28.86776159236395],[77.11108432228505,28.86795817138985],[77.11106727197419,28.867984528976653],[77.11105465152502,28.868023345395603],[77.11103983321244,28.86811122913124],[77.11103782432372,28.8681687812855],[77.1110354327511,28.868171762907615],[77.11102299328132,28.868174155745145],[77.11098583893613,28.86817991780001],[77.110973377852,28.868184182311232],[77.11096633586978,28.868195383514824],[77.11096548108192,28.868230523772247],[77.11098283836118,28.868314969233943],[77.11101259104527,28.8683812009741],[77.11103360827995,28.868406151954726],[77.11105094946346,28.868421606221794],[77.11107427080906,28.868438488054544],[77.11107700846743,28.868446387983067],[77.11107738295692,28.868464910542627],[77.11106202284338,28.868485995765425],[77.11102045225479,28.868512123021073],[77.11100532618312,28.86854478540203],[77.11101654996548,28.868579350262664],[77.11105675303212,28.868615777305305],[77.11110245102108,28.868663699080102],[77.11110827358225,28.868691400049716],[77.11109558964716,28.868714759516827],[77.11105909359561,28.868731543526025],[77.11105856828071,28.868731670857237],[77.11104028552586,28.86873195727231],[77.11100954811933,28.868731455303774],[77.11098579815427,28.868732313689957],[77.11090369398075,28.868734977648156],[77.11077307870403,28.868737712087814],[77.11057162615526,28.868746448988404],[77.11050386256954,28.868744065380632],[77.1104838757237,28.86874437840936],[77.11047760200314,28.868746329057956],[77.11047344968011,28.86874917222654],[77.11047275396061,28.86876678310048],[77.11047657038736,28.868803308292748],[77.11048058115493,28.86884168914866],[77.11048057209588,28.868842204495493],[77.11047960044158,28.868897281675277],[77.1104804138184,28.8689375225915],[77.1104806672777,28.868950062192354],[77.1104758566772,28.868972368942476],[77.11047582236218,28.868972446174144],[77.11047582089054,28.868973793309152],[77.11047003619925,28.868997301820155],[77.11045835199431,28.869018201284426],[77.11045890932395,28.869018947768605],[77.1104511872106,28.86903317052605],[77.11044514520205,28.869037102572392],[77.1104430899786,28.869037760043916],[77.11042795305949,28.869038100872206],[77.1103267260045,28.86904037733694],[77.11026564260094,28.86926592809093],[77.11023773695221,28.869384092582248],[77.11021266586701,28.869490256496295],[77.11019848352595,28.869550309130553],[77.11015923099801,28.869716524752],[77.11014826802378,28.869725137306432],[77.11008795499323,28.869737015659137],[77.11006509903609,28.869737032496243],[77.11003784145046,28.869731768603312],[77.11002087671089,28.869727084310256],[77.11000581951353,28.869724020425878],[77.10999086231696,28.86972590491153],[77.10998356754227,28.869735918108315],[77.10997939750331,28.86975761840277],[77.10997847928103,28.869762396847346],[77.10997125118111,28.869775709559477],[77.10996806383125,28.869778271430135],[77.10995835747285,28.86983851742469],[77.10991944996016,28.869891924769885],[77.10985745997579,28.869957426838127],[77.10979535138584,28.870017063175112],[77.10974579790305,28.87003837233355],[77.1097402218799,28.87004015773629],[77.10973429126192,28.870041794399757],[77.10973220621815,28.870042752789157],[77.10972836166847,28.870043431046902],[77.10972443833911,28.870043254269085],[77.1096546068067,28.870016032946484],[77.10965440243241,28.870016013588998],[77.10917258336156,28.86984949884696],[77.10916420348796,28.869845227759477],[77.1091027228942,28.86982468858748],[77.1090891031842,28.86982088207689],[77.10906669746248,28.86981461991045],[77.1090014885813,28.869741393227514],[77.10890483268867,28.86973759239311],[77.10871387788639,28.869732548605068],[77.10864975520545,28.86973085510414],[77.10856623067454,28.869721805665016],[77.1085626300314,28.869722633461336],[77.10832936953943,28.86968224268148],[77.10805427514333,28.86968078091518],[77.10771273513639,28.869684267510547],[77.10771168063208,28.86968428039533],[77.10736485177425,28.869686923989896],[77.10680350213849,28.869743536378188],[77.10680194217271,28.86974491509956],[77.10673254577455,28.86975435343807],[77.10649800381931,28.869783078396733],[77.10632126457463,28.869802546976647],[77.10603995117599,28.869852125924364],[77.10603970297736,28.869852423948892],[77.10594936870595,28.86986830482422],[77.1058484882467,28.86988603953279],[77.10569636566689,28.86992368444155],[77.10558637699381,28.869949368773234],[77.10547913677642,28.869974410954118],[77.10547219483698,28.869975714951092],[77.1052483547838,28.87003277468742],[77.10518300332551,28.870054692634827],[77.10518244333049,28.870054880036275],[77.10499399455026,28.870095870721382],[77.10484920450926,28.870127364751543],[77.10470989694959,28.870172416478066],[77.10456884946295,28.870218368652758],[77.10449692286902,28.87024180104677],[77.10448683581063,28.87024970381502],[77.1044749786863,28.870264532211056],[77.1044721050241,28.870269289735756],[77.10446042104878,28.870278977804055],[77.1044458188074,28.870287447342893],[77.10442222745095,28.87030113082509],[77.10435875298369,28.870323378180537],[77.10432625158118,28.870336791153598],[77.10430624147251,28.870340748879187],[77.10422691622315,28.870365669954253],[77.10405668891484,28.870401737059158],[77.10374547494264,28.870461992975272],[77.10359683049712,28.870494692670764],[77.10324373691114,28.870551200770993],[77.10319958288132,28.870554097839417],[77.10301064964582,28.870566495364653],[77.1030106008727,28.870539392312956],[77.10300039188893,28.870538297462222],[77.10281219494794,28.870516458549577],[77.10277144027326,28.870509954730533],[77.10276833796497,28.87051028555797],[77.10269816623908,28.87050092034692],[77.10256713396714,28.87048553006448],[77.10239139232525,28.87046439308402],[77.10219406204584,28.87044472413912],[77.10219059972604,28.870205613254353],[77.10219050353066,28.870199002790425],[77.10216077653516,28.87020238003215],[77.10215445384775,28.87020389706441],[77.1020135654265,28.870218915499084],[77.10174409270074,28.870249340191158],[77.10160586059322,28.870264946568803],[77.1010623218723,28.870336782205083],[77.1009933791056,28.870345892936655],[77.10090100524054,28.870361904223447],[77.10088161992931,28.87037822478051],[77.10087577669466,28.870383143123217],[77.10058623573575,28.870443576316877],[77.10035432098255,28.870469072766685],[77.10019325317829,28.87049455910683],[77.09986115440095,28.870544592001195],[77.09968171146501,28.870583492380142],[77.09966252410105,28.87058520163432],[77.09960726933998,28.870590122896278],[77.09946553102345,28.870587955218763],[77.09936892106485,28.870604777662],[77.0992425553524,28.870625345223157],[77.09915065136597,28.87062896499646],[77.09901164084107,28.87063878907489],[77.09887376231352,28.87064312480199],[77.09878161643589,28.870634713364478],[77.09873948280831,28.870634410472558],[77.09863741604715,28.87063367673778],[77.0984386751297,28.870640054372245],[77.09829353945386,28.870654349198734],[77.09813969114334,28.870673354136493],[77.09810146956478,28.8706692492421],[77.09808501001514,28.870673876209782],[77.09806213561598,28.870688803432166],[77.09804088685974,28.870702247240754],[77.09803916480607,28.87070281001259],[77.0977432071512,28.87073114611588],[77.09768661218578,28.87073656476972],[77.09758673135647,28.870754486228883],[77.09753552107269,28.870759654977665],[77.09750245456758,28.870761626889596],[77.09747788259314,28.870755124906783],[77.0974293758841,28.870762513571126],[77.09740839541897,28.870776203943432],[77.09738386593294,28.870791155914134],[77.09731134822927,28.870806855705247],[77.09720103421596,28.870836256683575],[77.09705454949727,28.87087787626283],[77.09704314419457,28.87088142110259],[77.09694514067594,28.870911881768066],[77.09689648005234,28.870919676864883],[77.09686498064889,28.87091725264416],[77.09685159584434,28.870910175843754],[77.09683132899524,28.87089009226041],[77.09681407951786,28.870855391552503],[77.09680185237171,28.870823527085275],[77.09679006401582,28.870813511041547],[77.09677598688138,28.870807586402005],[77.09669438283561,28.870845431383668],[77.09652777471537,28.870879071475187],[77.09645572358178,28.870897393726235],[77.09634354951098,28.87091662347204],[77.09621003860796,28.870944927334662],[77.09612103165409,28.870963797401586],[77.09607712748412,28.87098084879112],[77.09603800814892,28.87098804040778],[77.0960189995713,28.870992995510704],[77.09590185166978,28.87101237534779],[77.09581772066473,28.871026796881132],[77.0957189895383,28.871056016511684],[77.09560960684865,28.871096770574965],[77.09559247709821,28.871103152695067],[77.09549528384287,28.87112652035987],[77.09542121920289,28.87114076074459],[77.09529048427099,28.871206231877686],[77.0952689730616,28.871220514865506],[77.09524513229127,28.87122894392547],[77.09496403761753,28.871285280044635],[77.09489946419468,28.87129642390232],[77.09477443048381,28.871305715964855],[77.09477006307957,28.871306041012435],[77.09464903430877,28.871315285135708],[77.09459242146866,28.871338897459825],[77.09457109824521,28.871347790746896],[77.09443828749703,28.87141105115502],[77.09425911868914,28.871502185463182],[77.09422024614766,28.87151643404867],[77.09407596556046,28.871582761507746],[77.09403326465537,28.87160239124377],[77.09385452844892,28.871686763768253],[77.09384741977244,28.871690961605342],[77.09374107770535,28.87172495300612],[77.09356976940137,28.871777874111633],[77.09349225448284,28.87180611286456],[77.09344306865773,28.87183064245471],[77.09337616920568,28.871871200307737],[77.09333644748132,28.871890348643284],[77.09323244222475,28.871949956367366],[77.0931761206492,28.871982352802867],[77.0927136791812,28.87224360262215],[77.09254239521722,28.872318930471447],[77.09250774236251,28.87233394766836],[77.0923158918077,28.87241708634255],[77.09209147555141,28.87252365848975],[77.09197137449839,28.872602205238547],[77.09191730787487,28.87263473128079],[77.09182925221518,28.87269566935845],[77.09177612975037,28.872741198037037],[77.09175542458318,28.872752417330872],[77.09171524179239,28.872786240905608],[77.09167077566649,28.87282366974491],[77.09155187016628,28.87292022444736],[77.09151368359969,28.872956479330895],[77.09137220818226,28.87309128403847],[77.09131584760767,28.873136428804788],[77.0912805324114,28.873164715143186],[77.09122924362084,28.8731969018598],[77.09119361711188,28.873215738805264],[77.09110037155044,28.87327109691031],[77.09097609260718,28.873347335535353],[77.09056121345702,28.873593275441237],[77.09044605517973,28.873661541107037],[77.0903781627005,28.87369926170992],[77.09012674993829,28.873861221636815],[77.09004586420599,28.87391332764912],[77.09002344323854,28.873930005096817],[77.08995512191822,28.873973920060923],[77.08976302467522,28.87410633861704],[77.0895277015829,28.87425860726626],[77.08952687920052,28.8742589015345],[77.08942809755987,28.874327176776426],[77.0893120317927,28.874400372178037],[77.08925508415966,28.874446534897462],[77.08924183228616,28.87446377022472],[77.08923970322998,28.87446787076652],[77.08923004221765,28.874476550829744],[77.08919592918572,28.874502211292402],[77.08913977125904,28.874546810682737],[77.08907795607041,28.874593216630014],[77.0890417150566,28.874620423192045],[77.08877075810182,28.874787479418018],[77.08858776246844,28.874906511457755],[77.08854927685351,28.874931544781212],[77.08843089946635,28.875008544166334],[77.08840977950388,28.87502228228187],[77.08828337970195,28.87511133418322],[77.08826974941334,28.875123295979538],[77.08798493172029,28.87531844453235],[77.08795042935303,28.875342914292013],[77.08791514927991,28.87537478225364],[77.08790760879505,28.875391344269133],[77.08790543471491,28.875396118599067],[77.08790503292425,28.87540790875323],[77.08789735036923,28.87547107903601],[77.08790621750661,28.87553826882032],[77.08791731305904,28.875596378598],[77.08791281413954,28.875619761723748],[77.08790314719022,28.875633024528888],[77.08788511871974,28.875642046204767],[77.08784308306637,28.875661612327075],[77.08778358802496,28.87569671845864],[77.08777442713415,28.87570212347693],[77.08777046170165,28.875716406842443],[77.0877702666267,28.875717109141135],[77.08783165622502,28.87601683931211],[77.08785687930293,28.87612678787963],[77.0879686772547,28.87609535286727],[77.08797444514511,28.876095896891186],[77.08798407325749,28.876101907628062],[77.08798717299345,28.876109636441413],[77.0879979255344,28.876132501699843],[77.0881049558075,28.876273922048806],[77.08817494905735,28.87639376687713],[77.08821606466881,28.87646306804546],[77.08826234945575,28.876542488581574],[77.08829015851332,28.876615956119746],[77.0882930998603,28.87665849958228],[77.08829124581389,28.876662976615272],[77.08827324633428,28.876673454195952],[77.08827113050671,28.87667734879677],[77.08825052973087,28.87668374953774],[77.08823773804114,28.876699720752885],[77.08823445290597,28.876728279563732],[77.08822894899647,28.876776134878288],[77.0882236703067,28.8768432415983],[77.08823474203842,28.876982946801515],[77.08824827237257,28.87709417908661],[77.08825175583888,28.87718641595672],[77.08825274499387,28.877212595042778],[77.08824794191815,28.877215906006295],[77.08818733710135,28.877220529385177],[77.08817660612861,28.87722134806],[77.08817724721084,28.877253392923695],[77.08818082735259,28.877292920953387],[77.08817489308294,28.877579416411937],[77.08817530568099,28.877684484537355],[77.08817452940858,28.877725720450027],[77.08817421294029,28.87774249082806],[77.08816653044525,28.877752523372514],[77.08816498542886,28.877753233059977],[77.08816349275737,28.87775502197873],[77.08810855164548,28.877787326466507],[77.08810811717629,28.877788001797914],[77.08810042596669,28.87779995635429],[77.08806779338873,28.878006783627402],[77.08800439841664,28.878189003050075],[77.08797031208688,28.878284585887936],[77.08791824669397,28.87843058135365],[77.08789816833233,28.878590205561064],[77.08788106259199,28.878726194196314],[77.08778729224994,28.879305075801433],[77.08773717959646,28.87967254078641],[77.08773169462546,28.8797302235376],[77.08771179408407,28.879939499838052],[77.08767322952147,28.879949360362087],[77.0876340881384,28.879966720634542],[77.0876338486576,28.87999677334667],[77.08761928633601,28.88000312285009],[77.087616395743,28.88014043860293],[77.08761191973765,28.880353065186764],[77.08761512248716,28.880513178539555],[77.08760245772277,28.880696702286862],[77.08760027188622,28.88072836416614],[77.08754098750737,28.88087680108116],[77.08748694571995,28.880978705893874],[77.0874440789335,28.88105953866883],[77.08731416541849,28.881268076985094],[77.08715451587578,28.881426498858392],[77.0869755491124,28.881576789702613],[77.08669424820317,28.881740169667637],[77.08667731942374,28.881750001583423],[77.08636439158562,28.88190658115255],[77.08601257351395,28.882034258196494],[77.08593509191958,28.882053006596653],[77.08562178216998,28.88212881999046],[77.0856176840903,28.882128795912706],[77.08542541841634,28.882127645256926],[77.08530434526806,28.882153875883805]]],"crs":null},"id":19,"type":"Feature","properties":{"area":96.33146551,"zone":"P- I","id":0,"SHAPE__Length":48679.89218557343,"objectid":19,"SHAPE__Area":96331465.51484518}}]}
