{
 "type": "FeatureCollection",
 "features": [
  {
   "type": "Feature",
   "id": "crash-zone-azadpur-sabzi-mandi",
   "geometry": {
    "type": "Point",
    "coordinates": [
     77.1748,
     28.7098
    ]
   },
   "properties": {
    "id": "crash-zone-azadpur-sabzi-mandi",
    "name": "Azadpur Sabzi Mandi",
    "roadName": "GTK Road",
    "listedInMainTable": true,
    "simpleCrashes": 9,
    "fatalCrashes": 11,
    "totalCrashes": 20,
    "personsKilled": 11,
    "personsInjured": 9,
    "blackspot": true,
    "blackspotRank": 1,
    "pedestrianRisk": true,
    "twoWheelerRisk": true,
    "htvRisk": true,
    "hitAndRunRisk": true,
    "nightRisk": true,
    "dayRisk": true,
    "cctvPriorityCandidate": true,
    "coordinateConfidence": "high",
    "estimatedAccuracyM": 250,
    "properties": {
     "feature_id": "crash-zone-azadpur-sabzi-mandi",
     "location_name": "Azadpur Sabzi Mandi",
     "road_name": "GTK Road",
     "listed_in_table_6_29": true,
     "table_6_29_rank": 1,
     "all_simple_crashes": 9,
     "all_fatal_crashes": 11,
     "all_total_crashes": 20,
     "pedestrian_crash_prone": true,
     "pedestrian_simple_crashes": 4,
     "pedestrian_fatal_crashes": 7,
     "pedestrian_total_crashes": 11,
     "two_wheeler_crash_prone": true,
     "two_wheeler_simple_crashes": 4,
     "two_wheeler_fatal_crashes": 4,
     "two_wheeler_total_crashes": 8,
     "htv_crash_prone": true,
     "htv_simple_crashes": 3,
     "htv_fatal_crashes": 5,
     "htv_total_crashes": 8,
     "hit_and_run_crash_prone": true,
     "hit_and_run_simple_crashes": 3,
     "hit_and_run_fatal_crashes": 4,
     "hit_and_run_total_crashes": 7,
     "day_time_crash_prone": true,
     "day_simple_crashes": null,
     "day_fatal_crashes": null,
     "day_total_crashes": null,
     "night_time_crash_prone": true,
     "night_simple_crashes": null,
     "night_fatal_crashes": null,
     "night_total_crashes": null,
     "blackspot_2024": true,
     "blackspot_rank": 1,
     "blackspot_noninjury_crashes": 1,
     "blackspot_simple_crashes": 8,
     "blackspot_fatal_crashes": 11,
     "blackspot_total_crashes": 20,
     "blackspot_persons_killed": 11,
     "blackspot_persons_injured": 9,
     "cctv_priority_candidate": true,
     "cctv_priority_reason": "Listed in Table 6.37 as a hit-and-run crash-prone zone; the report recommends CCTV installation at these locations.",
     "zone_radius_m_derived": 250,
     "geometry_status": "coordinates_not_published_in_report",
     "osm_search_query": "Azadpur Sabzi Mandi, GTK Road, Delhi, India",
     "source": "Delhi Road Crash Report 2024, Delhi Traffic Police",
     "source_pdf_pages": [
      112,
      113,
      114,
      115,
      120,
      122,
      123,
      125,
      127,
      128,
      129,
      132
     ],
     "day_time_simple_crashes": 5,
     "day_time_fatal_crashes": 5,
     "day_time_total_crashes": 10,
     "night_time_simple_crashes": 4,
     "night_time_fatal_crashes": 6,
     "night_time_total_crashes": 10,
     "coordinate_is_approximate": true,
     "coordinate_method": "landmark_centre",
     "coordinate_confidence": "high",
     "estimated_accuracy_m": 250,
     "coordinate_source": "Approximate Delhi landmark/intersection/locality centre derived from the report place name",
     "coordinate_warning": "Not the Delhi Traffic Police geotag and not a surveyed crash location.",
     "coordinate_order": "[longitude, latitude]",
     "zone_radius_m": 250,
     "zone_diameter_m": 500
    },
    "analysisYear": 2024,
    "officialVendsWithin500m": 3,
    "officialVendsWithin1km": 4,
    "officialVendsWithin2km": 12,
    "osmOnlyShopsWithin500m": 0,
    "osmOnlyShopsWithin1km": 0,
    "osmOnlyShopsWithin2km": 0,
    "nearestOfficialVend": "AZADPUR",
    "nearestOfficialVendDistanceM": 423,
    "nearestOfficialVendCoordinateConfidence": "medium",
    "analysisWarning": "Spatial association only; coordinates are approximate. This does not establish that any nearby vend contributed to crashes at this location."
   }
  },
  {
   "type": "Feature",
   "id": "crash-zone-wazirabad",
   "geometry": {
    "type": "Point",
    "coordinates": [
     77.229,
     28.714
    ]
   },
   "properties": {
    "id": "crash-zone-wazirabad",
    "name": "Wazirabad",
    "roadName": "Outer Ring Road",
    "listedInMainTable": true,
    "simpleCrashes": 6,
    "fatalCrashes": 9,
    "totalCrashes": 15,
    "personsKilled": 10,
    "personsInjured": 7,
    "blackspot": true,
    "blackspotRank": 2,
    "pedestrianRisk": false,
    "twoWheelerRisk": true,
    "htvRisk": false,
    "hitAndRunRisk": true,
    "nightRisk": true,
    "dayRisk": true,
    "cctvPriorityCandidate": true,
    "coordinateConfidence": "medium",
    "estimatedAccuracyM": 700,
    "properties": {
     "feature_id": "crash-zone-wazirabad",
     "location_name": "Wazirabad",
     "road_name": "Outer Ring Road",
     "listed_in_table_6_29": true,
     "table_6_29_rank": 2,
     "all_simple_crashes": 6,
     "all_fatal_crashes": 9,
     "all_total_crashes": 15,
     "pedestrian_crash_prone": false,
     "pedestrian_simple_crashes": null,
     "pedestrian_fatal_crashes": null,
     "pedestrian_total_crashes": null,
     "two_wheeler_crash_prone": true,
     "two_wheeler_simple_crashes": 4,
     "two_wheeler_fatal_crashes": 7,
     "two_wheeler_total_crashes": 11,
     "htv_crash_prone": false,
     "htv_simple_crashes": null,
     "htv_fatal_crashes": null,
     "htv_total_crashes": null,
     "hit_and_run_crash_prone": true,
     "hit_and_run_simple_crashes": 3,
     "hit_and_run_fatal_crashes": 5,
     "hit_and_run_total_crashes": 8,
     "day_time_crash_prone": true,
     "day_simple_crashes": null,
     "day_fatal_crashes": null,
     "day_total_crashes": null,
     "night_time_crash_prone": true,
     "night_simple_crashes": null,
     "night_fatal_crashes": null,
     "night_total_crashes": null,
     "blackspot_2024": true,
     "blackspot_rank": 2,
     "blackspot_noninjury_crashes": 0,
     "blackspot_simple_crashes": 6,
     "blackspot_fatal_crashes": 9,
     "blackspot_total_crashes": 15,
     "blackspot_persons_killed": 10,
     "blackspot_persons_injured": 7,
     "cctv_priority_candidate": true,
     "cctv_priority_reason": "Listed in Table 6.37 as a hit-and-run crash-prone zone; the report recommends CCTV installation at these locations.",
     "zone_radius_m_derived": 250,
     "geometry_status": "coordinates_not_published_in_report",
     "osm_search_query": "Wazirabad, Outer Ring Road, Delhi, India",
     "source": "Delhi Road Crash Report 2024, Delhi Traffic Police",
     "source_pdf_pages": [
      112,
      113,
      114,
      115,
      122,
      125,
      127,
      128,
      129,
      132
     ],
     "day_time_simple_crashes": 4,
     "day_time_fatal_crashes": 4,
     "day_time_total_crashes": 8,
     "night_time_simple_crashes": 2,
     "night_time_fatal_crashes": 5,
     "night_time_total_crashes": 7,
     "coordinate_is_approximate": true,
     "coordinate_method": "locality_intersection_centre",
     "coordinate_confidence": "medium",
     "estimated_accuracy_m": 700,
     "coordinate_source": "Approximate Delhi landmark/intersection/locality centre derived from the report place name",
     "coordinate_warning": "Not the Delhi Traffic Police geotag and not a surveyed crash location.",
     "coordinate_order": "[longitude, latitude]",
     "zone_radius_m": 250,
     "zone_diameter_m": 500
    },
    "analysisYear": 2024,
    "officialVendsWithin500m": 0,
    "officialVendsWithin1km": 0,
    "officialVendsWithin2km": 3,
    "osmOnlyShopsWithin500m": 0,
    "osmOnlyShopsWithin1km": 0,
    "osmOnlyShopsWithin2km": 0,
    "nearestOfficialVend": "MAJNU KA TILA",
    "nearestOfficialVendDistanceM": 1338,
    "nearestOfficialVendCoordinateConfidence": "medium",
    "analysisWarning": "Spatial association only; coordinates are approximate. This does not establish that any nearby vend contributed to crashes at this location."
   }
  },
  {
   "type": "Feature",
   "id": "crash-zone-akshardham-mandir",
   "geometry": {
    "type": "Point",
    "coordinates": [
     77.2773,
     28.6127
    ]
   },
   "properties": {
    "id": "crash-zone-akshardham-mandir",
    "name": "Akshardham Mandir",
    "roadName": "NH-24",
    "listedInMainTable": true,
    "simpleCrashes": 11,
    "fatalCrashes": 8,
    "totalCrashes": 19,
    "personsKilled": 8,
    "personsInjured": 14,
    "blackspot": true,
    "blackspotRank": 3,
    "pedestrianRisk": false,
    "twoWheelerRisk": true,
    "htvRisk": false,
    "hitAndRunRisk": true,
    "nightRisk": true,
    "dayRisk": true,
    "cctvPriorityCandidate": true,
    "coordinateConfidence": "high",
    "estimatedAccuracyM": 200,
    "properties": {
     "feature_id": "crash-zone-akshardham-mandir",
     "location_name": "Akshardham Mandir",
     "road_name": "NH-24",
     "listed_in_table_6_29": true,
     "table_6_29_rank": 3,
     "all_simple_crashes": 11,
     "all_fatal_crashes": 8,
     "all_total_crashes": 19,
     "pedestrian_crash_prone": false,
     "pedestrian_simple_crashes": null,
     "pedestrian_fatal_crashes": null,
     "pedestrian_total_crashes": null,
     "two_wheeler_crash_prone": true,
     "two_wheeler_simple_crashes": 4,
     "two_wheeler_fatal_crashes": 6,
     "two_wheeler_total_crashes": 10,
     "htv_crash_prone": false,
     "htv_simple_crashes": null,
     "htv_fatal_crashes": null,
     "htv_total_crashes": null,
     "hit_and_run_crash_prone": true,
     "hit_and_run_simple_crashes": 4,
     "hit_and_run_fatal_crashes": 4,
     "hit_and_run_total_crashes": 8,
     "day_time_crash_prone": true,
     "day_simple_crashes": null,
     "day_fatal_crashes": null,
     "day_total_crashes": null,
     "night_time_crash_prone": true,
     "night_simple_crashes": null,
     "night_fatal_crashes": null,
     "night_total_crashes": null,
     "blackspot_2024": true,
     "blackspot_rank": 3,
     "blackspot_noninjury_crashes": 0,
     "blackspot_simple_crashes": 11,
     "blackspot_fatal_crashes": 8,
     "blackspot_total_crashes": 19,
     "blackspot_persons_killed": 8,
     "blackspot_persons_injured": 14,
     "cctv_priority_candidate": true,
     "cctv_priority_reason": "Listed in Table 6.37 as a hit-and-run crash-prone zone; the report recommends CCTV installation at these locations.",
     "zone_radius_m_derived": 250,
     "geometry_status": "coordinates_not_published_in_report",
     "osm_search_query": "Akshardham Mandir, NH-24, Delhi, India",
     "source": "Delhi Road Crash Report 2024, Delhi Traffic Police",
     "source_pdf_pages": [
      112,
      113,
      114,
      115,
      122,
      125,
      127,
      128,
      129,
      132
     ],
     "day_time_simple_crashes": 8,
     "day_time_fatal_crashes": 4,
     "day_time_total_crashes": 12,
     "night_time_simple_crashes": 3,
     "night_time_fatal_crashes": 4,
     "night_time_total_crashes": 7,
     "coordinate_is_approximate": true,
     "coordinate_method": "landmark_centre",
     "coordinate_confidence": "high",
     "estimated_accuracy_m": 200,
     "coordinate_source": "Approximate Delhi landmark/intersection/locality centre derived from the report place name",
     "coordinate_warning": "Not the Delhi Traffic Police geotag and not a surveyed crash location.",
     "coordinate_order": "[longitude, latitude]",
     "zone_radius_m": 250,
     "zone_diameter_m": 500
    },
    "analysisYear": 2024,
    "officialVendsWithin500m": 0,
    "officialVendsWithin1km": 0,
    "officialVendsWithin2km": 7,
    "osmOnlyShopsWithin500m": 0,
    "osmOnlyShopsWithin1km": 0,
    "osmOnlyShopsWithin2km": 2,
    "nearestOfficialVend": "PANDAV NAGAR",
    "nearestOfficialVendDistanceM": 1247,
    "nearestOfficialVendCoordinateConfidence": "medium",
    "analysisWarning": "Spatial association only; coordinates are approximate. This does not establish that any nearby vend contributed to crashes at this location."
   }
  },
  {
   "type": "Feature",
   "id": "crash-zone-isbt-kashmiri-gate",
   "geometry": {
    "type": "Point",
    "coordinates": [
     77.2295,
     28.6679
    ]
   },
   "properties": {
    "id": "crash-zone-isbt-kashmiri-gate",
    "name": "ISBT Kashmiri Gate",
    "roadName": "Ring Road",
    "listedInMainTable": true,
    "simpleCrashes": 9,
    "fatalCrashes": 8,
    "totalCrashes": 17,
    "personsKilled": 8,
    "personsInjured": 11,
    "blackspot": true,
    "blackspotRank": 4,
    "pedestrianRisk": true,
    "twoWheelerRisk": false,
    "htvRisk": false,
    "hitAndRunRisk": true,
    "nightRisk": true,
    "dayRisk": true,
    "cctvPriorityCandidate": true,
    "coordinateConfidence": "high",
    "estimatedAccuracyM": 250,
    "properties": {
     "feature_id": "crash-zone-isbt-kashmiri-gate",
     "location_name": "ISBT Kashmiri Gate",
     "road_name": "Ring Road",
     "listed_in_table_6_29": true,
     "table_6_29_rank": 4,
     "all_simple_crashes": 9,
     "all_fatal_crashes": 8,
     "all_total_crashes": 17,
     "pedestrian_crash_prone": true,
     "pedestrian_simple_crashes": 5,
     "pedestrian_fatal_crashes": 7,
     "pedestrian_total_crashes": 12,
     "two_wheeler_crash_prone": false,
     "two_wheeler_simple_crashes": null,
     "two_wheeler_fatal_crashes": null,
     "two_wheeler_total_crashes": null,
     "htv_crash_prone": false,
     "htv_simple_crashes": null,
     "htv_fatal_crashes": null,
     "htv_total_crashes": null,
     "hit_and_run_crash_prone": true,
     "hit_and_run_simple_crashes": 1,
     "hit_and_run_fatal_crashes": 6,
     "hit_and_run_total_crashes": 7,
     "day_time_crash_prone": true,
     "day_simple_crashes": null,
     "day_fatal_crashes": null,
     "day_total_crashes": null,
     "night_time_crash_prone": true,
     "night_simple_crashes": null,
     "night_fatal_crashes": null,
     "night_total_crashes": null,
     "blackspot_2024": true,
     "blackspot_rank": 4,
     "blackspot_noninjury_crashes": 0,
     "blackspot_simple_crashes": 9,
     "blackspot_fatal_crashes": 8,
     "blackspot_total_crashes": 17,
     "blackspot_persons_killed": 8,
     "blackspot_persons_injured": 11,
     "cctv_priority_candidate": true,
     "cctv_priority_reason": "Listed in Table 6.37 as a hit-and-run crash-prone zone; the report recommends CCTV installation at these locations.",
     "zone_radius_m_derived": 250,
     "geometry_status": "coordinates_not_published_in_report",
     "osm_search_query": "ISBT Kashmiri Gate, Ring Road, Delhi, India",
     "source": "Delhi Road Crash Report 2024, Delhi Traffic Police",
     "source_pdf_pages": [
      112,
      113,
      114,
      115,
      120,
      125,
      127,
      128,
      129,
      132
     ],
     "day_time_simple_crashes": 5,
     "day_time_fatal_crashes": 3,
     "day_time_total_crashes": 8,
     "night_time_simple_crashes": 4,
     "night_time_fatal_crashes": 5,
     "night_time_total_crashes": 9,
     "coordinate_is_approximate": true,
     "coordinate_method": "transport_hub_centre",
     "coordinate_confidence": "high",
     "estimated_accuracy_m": 250,
     "coordinate_source": "Approximate Delhi landmark/intersection/locality centre derived from the report place name",
     "coordinate_warning": "Not the Delhi Traffic Police geotag and not a surveyed crash location.",
     "coordinate_order": "[longitude, latitude]",
     "zone_radius_m": 250,
     "zone_diameter_m": 500
    },
    "analysisYear": 2024,
    "officialVendsWithin500m": 2,
    "officialVendsWithin1km": 2,
    "officialVendsWithin2km": 7,
    "osmOnlyShopsWithin500m": 0,
    "osmOnlyShopsWithin1km": 0,
    "osmOnlyShopsWithin2km": 0,
    "nearestOfficialVend": "KASHMERE GATE",
    "nearestOfficialVendDistanceM": 153,
    "nearestOfficialVendCoordinateConfidence": "medium",
    "analysisWarning": "Spatial association only; coordinates are approximate. This does not establish that any nearby vend contributed to crashes at this location."
   }
  },
  {
   "type": "Feature",
   "id": "crash-zone-anand-vihar-isbt",
   "geometry": {
    "type": "Point",
    "coordinates": [
     77.315,
     28.6469
    ]
   },
   "properties": {
    "id": "crash-zone-anand-vihar-isbt",
    "name": "Anand Vihar ISBT",
    "roadName": "Road No.56",
    "listedInMainTable": true,
    "simpleCrashes": 8,
    "fatalCrashes": 8,
    "totalCrashes": 16,
    "personsKilled": 8,
    "personsInjured": 13,
    "blackspot": true,
    "blackspotRank": 5,
    "pedestrianRisk": true,
    "twoWheelerRisk": false,
    "htvRisk": false,
    "hitAndRunRisk": true,
    "nightRisk": true,
    "dayRisk": false,
    "cctvPriorityCandidate": true,
    "coordinateConfidence": "high",
    "estimatedAccuracyM": 300,
    "properties": {
     "feature_id": "crash-zone-anand-vihar-isbt",
     "location_name": "Anand Vihar ISBT",
     "road_name": "Road No.56",
     "listed_in_table_6_29": true,
     "table_6_29_rank": 5,
     "all_simple_crashes": 8,
     "all_fatal_crashes": 8,
     "all_total_crashes": 16,
     "pedestrian_crash_prone": true,
     "pedestrian_simple_crashes": 5,
     "pedestrian_fatal_crashes": 7,
     "pedestrian_total_crashes": 12,
     "two_wheeler_crash_prone": false,
     "two_wheeler_simple_crashes": null,
     "two_wheeler_fatal_crashes": null,
     "two_wheeler_total_crashes": null,
     "htv_crash_prone": false,
     "htv_simple_crashes": null,
     "htv_fatal_crashes": null,
     "htv_total_crashes": null,
     "hit_and_run_crash_prone": true,
     "hit_and_run_simple_crashes": 0,
     "hit_and_run_fatal_crashes": 3,
     "hit_and_run_total_crashes": 3,
     "day_time_crash_prone": false,
     "day_simple_crashes": null,
     "day_fatal_crashes": null,
     "day_total_crashes": null,
     "night_time_crash_prone": true,
     "night_simple_crashes": null,
     "night_fatal_crashes": null,
     "night_total_crashes": null,
     "blackspot_2024": true,
     "blackspot_rank": 5,
     "blackspot_noninjury_crashes": 0,
     "blackspot_simple_crashes": 8,
     "blackspot_fatal_crashes": 8,
     "blackspot_total_crashes": 16,
     "blackspot_persons_killed": 8,
     "blackspot_persons_injured": 13,
     "cctv_priority_candidate": true,
     "cctv_priority_reason": "Listed in Table 6.37 as a hit-and-run crash-prone zone; the report recommends CCTV installation at these locations.",
     "zone_radius_m_derived": 250,
     "geometry_status": "coordinates_not_published_in_report",
     "osm_search_query": "Anand Vihar ISBT, Road No.56, Delhi, India",
     "source": "Delhi Road Crash Report 2024, Delhi Traffic Police",
     "source_pdf_pages": [
      112,
      113,
      114,
      115,
      120,
      125,
      128,
      129,
      132
     ],
     "night_time_simple_crashes": 6,
     "night_time_fatal_crashes": 6,
     "night_time_total_crashes": 12,
     "coordinate_is_approximate": true,
     "coordinate_method": "transport_hub_centre",
     "coordinate_confidence": "high",
     "estimated_accuracy_m": 300,
     "coordinate_source": "Approximate Delhi landmark/intersection/locality centre derived from the report place name",
     "coordinate_warning": "Not the Delhi Traffic Police geotag and not a surveyed crash location.",
     "coordinate_order": "[longitude, latitude]",
     "zone_radius_m": 250,
     "zone_diameter_m": 500
    },
    "analysisYear": 2024,
    "officialVendsWithin500m": 0,
    "officialVendsWithin1km": 0,
    "officialVendsWithin2km": 2,
    "osmOnlyShopsWithin500m": 0,
    "osmOnlyShopsWithin1km": 0,
    "osmOnlyShopsWithin2km": 0,
    "nearestOfficialVend": "ADITYA MEGA MALL, CBD",
    "nearestOfficialVendDistanceM": 1556,
    "nearestOfficialVendCoordinateConfidence": "medium",
    "analysisWarning": "Spatial association only; coordinates are approximate. This does not establish that any nearby vend contributed to crashes at this location."
   }
  },
  {
   "type": "Feature",
   "id": "crash-zone-sgt-nagar",
   "geometry": {
    "type": "Point",
    "coordinates": [
     77.139,
     28.748
    ]
   },
   "properties": {
    "id": "crash-zone-sgt-nagar",
    "name": "SGT Nagar",
    "roadName": "GTK Road",
    "listedInMainTable": true,
    "simpleCrashes": 11,
    "fatalCrashes": 7,
    "totalCrashes": 18,
    "personsKilled": 8,
    "personsInjured": 16,
    "blackspot": true,
    "blackspotRank": 6,
    "pedestrianRisk": false,
    "twoWheelerRisk": true,
    "htvRisk": false,
    "hitAndRunRisk": true,
    "nightRisk": true,
    "dayRisk": true,
    "cctvPriorityCandidate": true,
    "coordinateConfidence": "medium",
    "estimatedAccuracyM": 700,
    "properties": {
     "feature_id": "crash-zone-sgt-nagar",
     "location_name": "SGT Nagar",
     "road_name": "GTK Road",
     "listed_in_table_6_29": true,
     "table_6_29_rank": 6,
     "all_simple_crashes": 11,
     "all_fatal_crashes": 7,
     "all_total_crashes": 18,
     "pedestrian_crash_prone": false,
     "pedestrian_simple_crashes": null,
     "pedestrian_fatal_crashes": null,
     "pedestrian_total_crashes": null,
     "two_wheeler_crash_prone": true,
     "two_wheeler_simple_crashes": 7,
     "two_wheeler_fatal_crashes": 4,
     "two_wheeler_total_crashes": 11,
     "htv_crash_prone": false,
     "htv_simple_crashes": null,
     "htv_fatal_crashes": null,
     "htv_total_crashes": null,
     "hit_and_run_crash_prone": true,
     "hit_and_run_simple_crashes": 5,
     "hit_and_run_fatal_crashes": 4,
     "hit_and_run_total_crashes": 9,
     "day_time_crash_prone": true,
     "day_simple_crashes": null,
     "day_fatal_crashes": null,
     "day_total_crashes": null,
     "night_time_crash_prone": true,
     "night_simple_crashes": null,
     "night_fatal_crashes": null,
     "night_total_crashes": null,
     "blackspot_2024": true,
     "blackspot_rank": 6,
     "blackspot_noninjury_crashes": 0,
     "blackspot_simple_crashes": 11,
     "blackspot_fatal_crashes": 7,
     "blackspot_total_crashes": 18,
     "blackspot_persons_killed": 8,
     "blackspot_persons_injured": 16,
     "cctv_priority_candidate": true,
     "cctv_priority_reason": "Listed in Table 6.37 as a hit-and-run crash-prone zone; the report recommends CCTV installation at these locations.",
     "zone_radius_m_derived": 250,
     "geometry_status": "coordinates_not_published_in_report",
     "osm_search_query": "SGT Nagar, GTK Road, Delhi, India",
     "source": "Delhi Road Crash Report 2024, Delhi Traffic Police",
     "source_pdf_pages": [
      112,
      113,
      114,
      115,
      122,
      125,
      127,
      128,
      129,
      132
     ],
     "day_time_simple_crashes": 5,
     "day_time_fatal_crashes": 4,
     "day_time_total_crashes": 9,
     "night_time_simple_crashes": 6,
     "night_time_fatal_crashes": 3,
     "night_time_total_crashes": 9,
     "coordinate_is_approximate": true,
     "coordinate_method": "locality_centre",
     "coordinate_confidence": "medium",
     "estimated_accuracy_m": 700,
     "coordinate_source": "Approximate Delhi landmark/intersection/locality centre derived from the report place name",
     "coordinate_warning": "Not the Delhi Traffic Police geotag and not a surveyed crash location.",
     "coordinate_order": "[longitude, latitude]",
     "zone_radius_m": 250,
     "zone_diameter_m": 500
    },
    "analysisYear": 2024,
    "officialVendsWithin500m": 2,
    "officialVendsWithin1km": 2,
    "officialVendsWithin2km": 4,
    "osmOnlyShopsWithin500m": 0,
    "osmOnlyShopsWithin1km": 0,
    "osmOnlyShopsWithin2km": 0,
    "nearestOfficialVend": "SANJAY GANDHI TPT NAGAR",
    "nearestOfficialVendDistanceM": 0,
    "nearestOfficialVendCoordinateConfidence": "medium",
    "analysisWarning": "Spatial association only; coordinates are approximate. This does not establish that any nearby vend contributed to crashes at this location."
   }
  },
  {
   "type": "Feature",
   "id": "crash-zone-rajoukari-flyover",
   "geometry": {
    "type": "Point",
    "coordinates": [
     77.116,
     28.513
    ]
   },
   "properties": {
    "id": "crash-zone-rajoukari-flyover",
    "name": "Rajoukari Flyover",
    "roadName": "NH-8",
    "listedInMainTable": true,
    "simpleCrashes": 9,
    "fatalCrashes": 7,
    "totalCrashes": 16,
    "personsKilled": 7,
    "personsInjured": 14,
    "blackspot": true,
    "blackspotRank": 7,
    "pedestrianRisk": false,
    "twoWheelerRisk": true,
    "htvRisk": false,
    "hitAndRunRisk": true,
    "nightRisk": true,
    "dayRisk": false,
    "cctvPriorityCandidate": true,
    "coordinateConfidence": "medium",
    "estimatedAccuracyM": 600,
    "properties": {
     "feature_id": "crash-zone-rajoukari-flyover",
     "location_name": "Rajoukari Flyover",
     "road_name": "NH-8",
     "listed_in_table_6_29": true,
     "table_6_29_rank": 7,
     "all_simple_crashes": 9,
     "all_fatal_crashes": 7,
     "all_total_crashes": 16,
     "pedestrian_crash_prone": false,
     "pedestrian_simple_crashes": null,
     "pedestrian_fatal_crashes": null,
     "pedestrian_total_crashes": null,
     "two_wheeler_crash_prone": true,
     "two_wheeler_simple_crashes": 3,
     "two_wheeler_fatal_crashes": 4,
     "two_wheeler_total_crashes": 7,
     "htv_crash_prone": false,
     "htv_simple_crashes": null,
     "htv_fatal_crashes": null,
     "htv_total_crashes": null,
     "hit_and_run_crash_prone": true,
     "hit_and_run_simple_crashes": 2,
     "hit_and_run_fatal_crashes": 4,
     "hit_and_run_total_crashes": 6,
     "day_time_crash_prone": false,
     "day_simple_crashes": null,
     "day_fatal_crashes": null,
     "day_total_crashes": null,
     "night_time_crash_prone": true,
     "night_simple_crashes": null,
     "night_fatal_crashes": null,
     "night_total_crashes": null,
     "blackspot_2024": true,
     "blackspot_rank": 7,
     "blackspot_noninjury_crashes": 0,
     "blackspot_simple_crashes": 9,
     "blackspot_fatal_crashes": 7,
     "blackspot_total_crashes": 16,
     "blackspot_persons_killed": 7,
     "blackspot_persons_injured": 14,
     "cctv_priority_candidate": true,
     "cctv_priority_reason": "Listed in Table 6.37 as a hit-and-run crash-prone zone; the report recommends CCTV installation at these locations.",
     "zone_radius_m_derived": 250,
     "geometry_status": "coordinates_not_published_in_report",
     "osm_search_query": "Rajoukari Flyover, NH-8, Delhi, India",
     "source": "Delhi Road Crash Report 2024, Delhi Traffic Police",
     "source_pdf_pages": [
      112,
      113,
      114,
      115,
      122,
      125,
      128,
      129,
      132
     ],
     "night_time_simple_crashes": 5,
     "night_time_fatal_crashes": 6,
     "night_time_total_crashes": 11,
     "coordinate_is_approximate": true,
     "coordinate_method": "flyover_area_centre",
     "coordinate_confidence": "medium",
     "estimated_accuracy_m": 600,
     "coordinate_source": "Approximate Delhi landmark/intersection/locality centre derived from the report place name",
     "coordinate_warning": "Not the Delhi Traffic Police geotag and not a surveyed crash location.",
     "coordinate_order": "[longitude, latitude]",
     "zone_radius_m": 250,
     "zone_diameter_m": 500
    },
    "analysisYear": 2024,
    "officialVendsWithin500m": 0,
    "officialVendsWithin1km": 0,
    "officialVendsWithin2km": 0,
    "osmOnlyShopsWithin500m": 0,
    "osmOnlyShopsWithin1km": 0,
    "osmOnlyShopsWithin2km": 0,
    "nearestOfficialVend": "KAPASHERA (DML)",
    "nearestOfficialVendDistanceM": 3469,
    "nearestOfficialVendCoordinateConfidence": "medium",
    "analysisWarning": "Spatial association only; coordinates are approximate. This does not establish that any nearby vend contributed to crashes at this location."
   }
  },
  {
   "type": "Feature",
   "id": "crash-zone-near-yashobhoomi-convention-centre-dwarka",
   "geometry": {
    "type": "Point",
    "coordinates": [
     77.039,
     28.5528
    ]
   },
   "properties": {
    "id": "crash-zone-near-yashobhoomi-convention-centre-dwarka",
    "name": "Near Yashobhoomi Convention Centre Dwarka",
    "roadName": "UER II",
    "listedInMainTable": true,
    "simpleCrashes": 5,
    "fatalCrashes": 7,
    "totalCrashes": 12,
    "personsKilled": 7,
    "personsInjured": 7,
    "blackspot": true,
    "blackspotRank": 8,
    "pedestrianRisk": false,
    "twoWheelerRisk": true,
    "htvRisk": false,
    "hitAndRunRisk": false,
    "nightRisk": true,
    "dayRisk": false,
    "cctvPriorityCandidate": false,
    "coordinateConfidence": "high",
    "estimatedAccuracyM": 300,
    "properties": {
     "feature_id": "crash-zone-near-yashobhoomi-convention-centre-dwarka",
     "location_name": "Near Yashobhoomi Convention Centre Dwarka",
     "road_name": "UER II",
     "listed_in_table_6_29": true,
     "table_6_29_rank": 8,
     "all_simple_crashes": 5,
     "all_fatal_crashes": 7,
     "all_total_crashes": 12,
     "pedestrian_crash_prone": false,
     "pedestrian_simple_crashes": null,
     "pedestrian_fatal_crashes": null,
     "pedestrian_total_crashes": null,
     "two_wheeler_crash_prone": true,
     "two_wheeler_simple_crashes": 2,
     "two_wheeler_fatal_crashes": 3,
     "two_wheeler_total_crashes": 5,
     "htv_crash_prone": false,
     "htv_simple_crashes": null,
     "htv_fatal_crashes": null,
     "htv_total_crashes": null,
     "hit_and_run_crash_prone": false,
     "hit_and_run_simple_crashes": null,
     "hit_and_run_fatal_crashes": null,
     "hit_and_run_total_crashes": null,
     "day_time_crash_prone": false,
     "day_simple_crashes": null,
     "day_fatal_crashes": null,
     "day_total_crashes": null,
     "night_time_crash_prone": true,
     "night_simple_crashes": null,
     "night_fatal_crashes": null,
     "night_total_crashes": null,
     "blackspot_2024": true,
     "blackspot_rank": 8,
     "blackspot_noninjury_crashes": 0,
     "blackspot_simple_crashes": 5,
     "blackspot_fatal_crashes": 7,
     "blackspot_total_crashes": 12,
     "blackspot_persons_killed": 7,
     "blackspot_persons_injured": 7,
     "cctv_priority_candidate": false,
     "cctv_priority_reason": null,
     "zone_radius_m_derived": 250,
     "geometry_status": "coordinates_not_published_in_report",
     "osm_search_query": "Near Yashobhoomi Convention Centre Dwarka, UER II, Delhi, India",
     "source": "Delhi Road Crash Report 2024, Delhi Traffic Police",
     "source_pdf_pages": [
      112,
      113,
      114,
      115,
      122,
      128,
      129,
      132
     ],
     "night_time_simple_crashes": 3,
     "night_time_fatal_crashes": 6,
     "night_time_total_crashes": 9,
     "coordinate_is_approximate": true,
     "coordinate_method": "landmark_centre",
     "coordinate_confidence": "high",
     "estimated_accuracy_m": 300,
     "coordinate_source": "Approximate Delhi landmark/intersection/locality centre derived from the report place name",
     "coordinate_warning": "Not the Delhi Traffic Police geotag and not a surveyed crash location.",
     "coordinate_order": "[longitude, latitude]",
     "zone_radius_m": 250,
     "zone_diameter_m": 500
    },
    "analysisYear": 2024,
    "officialVendsWithin500m": 0,
    "officialVendsWithin1km": 0,
    "officialVendsWithin2km": 0,
    "osmOnlyShopsWithin500m": 0,
    "osmOnlyShopsWithin1km": 0,
    "osmOnlyShopsWithin2km": 0,
    "nearestOfficialVend": "DWARKA SEC 19",
    "nearestOfficialVendDistanceM": 2829,
    "nearestOfficialVendCoordinateConfidence": "medium",
    "analysisWarning": "Spatial association only; coordinates are approximate. This does not establish that any nearby vend contributed to crashes at this location."
   }
  },
  {
   "type": "Feature",
   "id": "crash-zone-bhalswa-chowk",
   "geometry": {
    "type": "Point",
    "coordinates": [
     77.165,
     28.738
    ]
   },
   "properties": {
    "id": "crash-zone-bhalswa-chowk",
    "name": "Bhalswa Chowk",
    "roadName": "Outer Ring Road",
    "listedInMainTable": true,
    "simpleCrashes": 13,
    "fatalCrashes": 6,
    "totalCrashes": 19,
    "personsKilled": 6,
    "personsInjured": 17,
    "blackspot": true,
    "blackspotRank": 9,
    "pedestrianRisk": false,
    "twoWheelerRisk": true,
    "htvRisk": false,
    "hitAndRunRisk": false,
    "nightRisk": false,
    "dayRisk": true,
    "cctvPriorityCandidate": false,
    "coordinateConfidence": "medium",
    "estimatedAccuracyM": 500,
    "properties": {
     "feature_id": "crash-zone-bhalswa-chowk",
     "location_name": "Bhalswa Chowk",
     "road_name": "Outer Ring Road",
     "listed_in_table_6_29": true,
     "table_6_29_rank": 9,
     "all_simple_crashes": 13,
     "all_fatal_crashes": 6,
     "all_total_crashes": 19,
     "pedestrian_crash_prone": false,
     "pedestrian_simple_crashes": null,
     "pedestrian_fatal_crashes": null,
     "pedestrian_total_crashes": null,
     "two_wheeler_crash_prone": true,
     "two_wheeler_simple_crashes": 8,
     "two_wheeler_fatal_crashes": 3,
     "two_wheeler_total_crashes": 11,
     "htv_crash_prone": false,
     "htv_simple_crashes": null,
     "htv_fatal_crashes": null,
     "htv_total_crashes": null,
     "hit_and_run_crash_prone": false,
     "hit_and_run_simple_crashes": null,
     "hit_and_run_fatal_crashes": null,
     "hit_and_run_total_crashes": null,
     "day_time_crash_prone": true,
     "day_simple_crashes": null,
     "day_fatal_crashes": null,
     "day_total_crashes": null,
     "night_time_crash_prone": false,
     "night_simple_crashes": null,
     "night_fatal_crashes": null,
     "night_total_crashes": null,
     "blackspot_2024": true,
     "blackspot_rank": 9,
     "blackspot_noninjury_crashes": 0,
     "blackspot_simple_crashes": 13,
     "blackspot_fatal_crashes": 6,
     "blackspot_total_crashes": 19,
     "blackspot_persons_killed": 6,
     "blackspot_persons_injured": 17,
     "cctv_priority_candidate": false,
     "cctv_priority_reason": null,
     "zone_radius_m_derived": 250,
     "geometry_status": "coordinates_not_published_in_report",
     "osm_search_query": "Bhalswa Chowk, Outer Ring Road, Delhi, India",
     "source": "Delhi Road Crash Report 2024, Delhi Traffic Police",
     "source_pdf_pages": [
      112,
      113,
      114,
      115,
      122,
      127,
      132
     ],
     "day_time_simple_crashes": 8,
     "day_time_fatal_crashes": 4,
     "day_time_total_crashes": 12,
     "coordinate_is_approximate": true,
     "coordinate_method": "intersection_centre",
     "coordinate_confidence": "medium",
     "estimated_accuracy_m": 500,
     "coordinate_source": "Approximate Delhi landmark/intersection/locality centre derived from the report place name",
     "coordinate_warning": "Not the Delhi Traffic Police geotag and not a surveyed crash location.",
     "coordinate_order": "[longitude, latitude]",
     "zone_radius_m": 250,
     "zone_diameter_m": 500
    },
    "analysisYear": 2024,
    "officialVendsWithin500m": 0,
    "officialVendsWithin1km": 1,
    "officialVendsWithin2km": 8,
    "osmOnlyShopsWithin500m": 0,
    "osmOnlyShopsWithin1km": 0,
    "osmOnlyShopsWithin2km": 0,
    "nearestOfficialVend": "JHARODA MAJRA (DML)",
    "nearestOfficialVendDistanceM": 536,
    "nearestOfficialVendCoordinateConfidence": "medium",
    "analysisWarning": "Spatial association only; coordinates are approximate. This does not establish that any nearby vend contributed to crashes at this location."
   }
  },
  {
   "type": "Feature",
   "id": "crash-zone-libaspur-bus-stand",
   "geometry": {
    "type": "Point",
    "coordinates": [
     77.151,
     28.747
    ]
   },
   "properties": {
    "id": "crash-zone-libaspur-bus-stand",
    "name": "Libaspur Bus Stand",
    "roadName": "GTK Road",
    "listedInMainTable": true,
    "simpleCrashes": 12,
    "fatalCrashes": 6,
    "totalCrashes": 18,
    "personsKilled": 6,
    "personsInjured": 18,
    "blackspot": true,
    "blackspotRank": 10,
    "pedestrianRisk": true,
    "twoWheelerRisk": false,
    "htvRisk": true,
    "hitAndRunRisk": true,
    "nightRisk": true,
    "dayRisk": true,
    "cctvPriorityCandidate": true,
    "coordinateConfidence": "medium",
    "estimatedAccuracyM": 500,
    "properties": {
     "feature_id": "crash-zone-libaspur-bus-stand",
     "location_name": "Libaspur Bus Stand",
     "road_name": "GTK Road",
     "listed_in_table_6_29": true,
     "table_6_29_rank": 10,
     "all_simple_crashes": 12,
     "all_fatal_crashes": 6,
     "all_total_crashes": 18,
     "pedestrian_crash_prone": true,
     "pedestrian_simple_crashes": 6,
     "pedestrian_fatal_crashes": 3,
     "pedestrian_total_crashes": 9,
     "two_wheeler_crash_prone": false,
     "two_wheeler_simple_crashes": null,
     "two_wheeler_fatal_crashes": null,
     "two_wheeler_total_crashes": null,
     "htv_crash_prone": true,
     "htv_simple_crashes": 1,
     "htv_fatal_crashes": 3,
     "htv_total_crashes": 4,
     "hit_and_run_crash_prone": true,
     "hit_and_run_simple_crashes": 5,
     "hit_and_run_fatal_crashes": 3,
     "hit_and_run_total_crashes": 8,
     "day_time_crash_prone": true,
     "day_simple_crashes": null,
     "day_fatal_crashes": null,
     "day_total_crashes": null,
     "night_time_crash_prone": true,
     "night_simple_crashes": null,
     "night_fatal_crashes": null,
     "night_total_crashes": null,
     "blackspot_2024": true,
     "blackspot_rank": 10,
     "blackspot_noninjury_crashes": 0,
     "blackspot_simple_crashes": 12,
     "blackspot_fatal_crashes": 6,
     "blackspot_total_crashes": 18,
     "blackspot_persons_killed": 6,
     "blackspot_persons_injured": 18,
     "cctv_priority_candidate": true,
     "cctv_priority_reason": "Listed in Table 6.37 as a hit-and-run crash-prone zone; the report recommends CCTV installation at these locations.",
     "zone_radius_m_derived": 250,
     "geometry_status": "coordinates_not_published_in_report",
     "osm_search_query": "Libaspur Bus Stand, GTK Road, Delhi, India",
     "source": "Delhi Road Crash Report 2024, Delhi Traffic Police",
     "source_pdf_pages": [
      112,
      113,
      114,
      115,
      120,
      123,
      125,
      127,
      128,
      129,
      132
     ],
     "day_time_simple_crashes": 10,
     "day_time_fatal_crashes": 2,
     "day_time_total_crashes": 12,
     "night_time_simple_crashes": 2,
     "night_time_fatal_crashes": 4,
     "night_time_total_crashes": 6,
     "coordinate_is_approximate": true,
     "coordinate_method": "bus_stand_area_centre",
     "coordinate_confidence": "medium",
     "estimated_accuracy_m": 500,
     "coordinate_source": "Approximate Delhi landmark/intersection/locality centre derived from the report place name",
     "coordinate_warning": "Not the Delhi Traffic Police geotag and not a surveyed crash location.",
     "coordinate_order": "[longitude, latitude]",
     "zone_radius_m": 250,
     "zone_diameter_m": 500
    },
    "analysisYear": 2024,
    "officialVendsWithin500m": 2,
    "officialVendsWithin1km": 2,
    "officialVendsWithin2km": 6,
    "osmOnlyShopsWithin500m": 0,
    "osmOnlyShopsWithin1km": 0,
    "osmOnlyShopsWithin2km": 0,
    "nearestOfficialVend": "MAIN BURARI ROAD, LIBASPUR",
    "nearestOfficialVendDistanceM": 0,
    "nearestOfficialVendCoordinateConfidence": "medium",
    "analysisWarning": "Spatial association only; coordinates are approximate. This does not establish that any nearby vend contributed to crashes at this location."
   }
  },
  {
   "type": "Feature",
   "id": "crash-zone-mukundpur-chowk",
   "geometry": {
    "type": "Point",
    "coordinates": [
     77.181,
     28.732
    ]
   },
   "properties": {
    "id": "crash-zone-mukundpur-chowk",
    "name": "Mukundpur Chowk",
    "roadName": "Outer Ring Road",
    "listedInMainTable": true,
    "simpleCrashes": 8,
    "fatalCrashes": 6,
    "totalCrashes": 14,
    "personsKilled": null,
    "personsInjured": null,
    "blackspot": false,
    "blackspotRank": null,
    "pedestrianRisk": true,
    "twoWheelerRisk": false,
    "htvRisk": false,
    "hitAndRunRisk": true,
    "nightRisk": true,
    "dayRisk": false,
    "cctvPriorityCandidate": true,
    "coordinateConfidence": "medium",
    "estimatedAccuracyM": 500,
    "properties": {
     "feature_id": "crash-zone-mukundpur-chowk",
     "location_name": "Mukundpur Chowk",
     "road_name": "Outer Ring Road",
     "listed_in_table_6_29": true,
     "table_6_29_rank": 11,
     "all_simple_crashes": 8,
     "all_fatal_crashes": 6,
     "all_total_crashes": 14,
     "pedestrian_crash_prone": true,
     "pedestrian_simple_crashes": 3,
     "pedestrian_fatal_crashes": 3,
     "pedestrian_total_crashes": 6,
     "two_wheeler_crash_prone": false,
     "two_wheeler_simple_crashes": null,
     "two_wheeler_fatal_crashes": null,
     "two_wheeler_total_crashes": null,
     "htv_crash_prone": false,
     "htv_simple_crashes": null,
     "htv_fatal_crashes": null,
     "htv_total_crashes": null,
     "hit_and_run_crash_prone": true,
     "hit_and_run_simple_crashes": 1,
     "hit_and_run_fatal_crashes": 3,
     "hit_and_run_total_crashes": 4,
     "day_time_crash_prone": false,
     "day_simple_crashes": null,
     "day_fatal_crashes": null,
     "day_total_crashes": null,
     "night_time_crash_prone": true,
     "night_simple_crashes": null,
     "night_fatal_crashes": null,
     "night_total_crashes": null,
     "blackspot_2024": false,
     "blackspot_rank": null,
     "blackspot_noninjury_crashes": null,
     "blackspot_simple_crashes": null,
     "blackspot_fatal_crashes": null,
     "blackspot_total_crashes": null,
     "blackspot_persons_killed": null,
     "blackspot_persons_injured": null,
     "cctv_priority_candidate": true,
     "cctv_priority_reason": "Listed in Table 6.37 as a hit-and-run crash-prone zone; the report recommends CCTV installation at these locations.",
     "zone_radius_m_derived": 250,
     "geometry_status": "coordinates_not_published_in_report",
     "osm_search_query": "Mukundpur Chowk, Outer Ring Road, Delhi, India",
     "source": "Delhi Road Crash Report 2024, Delhi Traffic Police",
     "source_pdf_pages": [
      112,
      113,
      114,
      115,
      120,
      125,
      128,
      129
     ],
     "night_time_simple_crashes": 2,
     "night_time_fatal_crashes": 5,
     "night_time_total_crashes": 7,
     "coordinate_is_approximate": true,
     "coordinate_method": "intersection_centre",
     "coordinate_confidence": "medium",
     "estimated_accuracy_m": 500,
     "coordinate_source": "Approximate Delhi landmark/intersection/locality centre derived from the report place name",
     "coordinate_warning": "Not the Delhi Traffic Police geotag and not a surveyed crash location.",
     "coordinate_order": "[longitude, latitude]",
     "zone_radius_m": 250,
     "zone_diameter_m": 500
    },
    "analysisYear": 2024,
    "officialVendsWithin500m": 0,
    "officialVendsWithin1km": 0,
    "officialVendsWithin2km": 1,
    "osmOnlyShopsWithin500m": 0,
    "osmOnlyShopsWithin1km": 0,
    "osmOnlyShopsWithin2km": 0,
    "nearestOfficialVend": "JHARODA MAJRA (DML)",
    "nearestOfficialVendDistanceM": 1393,
    "nearestOfficialVendCoordinateConfidence": "medium",
    "analysisWarning": "Spatial association only; coordinates are approximate. This does not establish that any nearby vend contributed to crashes at this location."
   }
  },
  {
   "type": "Feature",
   "id": "crash-zone-geeta-colony-flyover",
   "geometry": {
    "type": "Point",
    "coordinates": [
     77.271,
     28.657
    ]
   },
   "properties": {
    "id": "crash-zone-geeta-colony-flyover",
    "name": "Geeta Colony Flyover",
    "roadName": "Yamuna Pusta Road",
    "listedInMainTable": true,
    "simpleCrashes": 5,
    "fatalCrashes": 6,
    "totalCrashes": 11,
    "personsKilled": null,
    "personsInjured": null,
    "blackspot": false,
    "blackspotRank": null,
    "pedestrianRisk": false,
    "twoWheelerRisk": true,
    "htvRisk": false,
    "hitAndRunRisk": true,
    "nightRisk": false,
    "dayRisk": true,
    "cctvPriorityCandidate": true,
    "coordinateConfidence": "medium",
    "estimatedAccuracyM": 500,
    "properties": {
     "feature_id": "crash-zone-geeta-colony-flyover",
     "location_name": "Geeta Colony Flyover",
     "road_name": "Yamuna Pusta Road",
     "listed_in_table_6_29": true,
     "table_6_29_rank": 12,
     "all_simple_crashes": 5,
     "all_fatal_crashes": 6,
     "all_total_crashes": 11,
     "pedestrian_crash_prone": false,
     "pedestrian_simple_crashes": null,
     "pedestrian_fatal_crashes": null,
     "pedestrian_total_crashes": null,
     "two_wheeler_crash_prone": true,
     "two_wheeler_simple_crashes": 3,
     "two_wheeler_fatal_crashes": 3,
     "two_wheeler_total_crashes": 6,
     "htv_crash_prone": false,
     "htv_simple_crashes": null,
     "htv_fatal_crashes": null,
     "htv_total_crashes": null,
     "hit_and_run_crash_prone": true,
     "hit_and_run_simple_crashes": 1,
     "hit_and_run_fatal_crashes": 3,
     "hit_and_run_total_crashes": 4,
     "day_time_crash_prone": true,
     "day_simple_crashes": null,
     "day_fatal_crashes": null,
     "day_total_crashes": null,
     "night_time_crash_prone": false,
     "night_simple_crashes": null,
     "night_fatal_crashes": null,
     "night_total_crashes": null,
     "blackspot_2024": false,
     "blackspot_rank": null,
     "blackspot_noninjury_crashes": null,
     "blackspot_simple_crashes": null,
     "blackspot_fatal_crashes": null,
     "blackspot_total_crashes": null,
     "blackspot_persons_killed": null,
     "blackspot_persons_injured": null,
     "cctv_priority_candidate": true,
     "cctv_priority_reason": "Listed in Table 6.37 as a hit-and-run crash-prone zone; the report recommends CCTV installation at these locations.",
     "zone_radius_m_derived": 250,
     "geometry_status": "coordinates_not_published_in_report",
     "osm_search_query": "Geeta Colony Flyover, Yamuna Pusta Road, Delhi, India",
     "source": "Delhi Road Crash Report 2024, Delhi Traffic Police",
     "source_pdf_pages": [
      112,
      113,
      114,
      115,
      122,
      125,
      127
     ],
     "day_time_simple_crashes": 4,
     "day_time_fatal_crashes": 4,
     "day_time_total_crashes": 8,
     "coordinate_is_approximate": true,
     "coordinate_method": "flyover_area_centre",
     "coordinate_confidence": "medium",
     "estimated_accuracy_m": 500,
     "coordinate_source": "Approximate Delhi landmark/intersection/locality centre derived from the report place name",
     "coordinate_warning": "Not the Delhi Traffic Police geotag and not a surveyed crash location.",
     "coordinate_order": "[longitude, latitude]",
     "zone_radius_m": 250,
     "zone_diameter_m": 500
    },
    "analysisYear": 2024,
    "officialVendsWithin500m": 0,
    "officialVendsWithin1km": 5,
    "officialVendsWithin2km": 10,
    "osmOnlyShopsWithin500m": 0,
    "osmOnlyShopsWithin1km": 0,
    "osmOnlyShopsWithin2km": 0,
    "nearestOfficialVend": "KANTI NAGAR EXTN.",
    "nearestOfficialVendDistanceM": 695,
    "nearestOfficialVendCoordinateConfidence": "medium",
    "analysisWarning": "Spatial association only; coordinates are approximate. This does not establish that any nearby vend contributed to crashes at this location."
   }
  },
  {
   "type": "Feature",
   "id": "crash-zone-chandgi-ram-akhara",
   "geometry": {
    "type": "Point",
    "coordinates": [
     77.224,
     28.698
    ]
   },
   "properties": {
    "id": "crash-zone-chandgi-ram-akhara",
    "name": "Chandgi Ram Akhara",
    "roadName": "Outer Ring Road",
    "listedInMainTable": true,
    "simpleCrashes": 4,
    "fatalCrashes": 6,
    "totalCrashes": 10,
    "personsKilled": null,
    "personsInjured": null,
    "blackspot": false,
    "blackspotRank": null,
    "pedestrianRisk": false,
    "twoWheelerRisk": true,
    "htvRisk": false,
    "hitAndRunRisk": true,
    "nightRisk": true,
    "dayRisk": true,
    "cctvPriorityCandidate": true,
    "coordinateConfidence": "high",
    "estimatedAccuracyM": 300,
    "properties": {
     "feature_id": "crash-zone-chandgi-ram-akhara",
     "location_name": "Chandgi Ram Akhara",
     "road_name": "Outer Ring Road",
     "listed_in_table_6_29": true,
     "table_6_29_rank": 13,
     "all_simple_crashes": 4,
     "all_fatal_crashes": 6,
     "all_total_crashes": 10,
     "pedestrian_crash_prone": false,
     "pedestrian_simple_crashes": null,
     "pedestrian_fatal_crashes": null,
     "pedestrian_total_crashes": null,
     "two_wheeler_crash_prone": true,
     "two_wheeler_simple_crashes": 1,
     "two_wheeler_fatal_crashes": 6,
     "two_wheeler_total_crashes": 7,
     "htv_crash_prone": false,
     "htv_simple_crashes": null,
     "htv_fatal_crashes": null,
     "htv_total_crashes": null,
     "hit_and_run_crash_prone": true,
     "hit_and_run_simple_crashes": 3,
     "hit_and_run_fatal_crashes": 4,
     "hit_and_run_total_crashes": 7,
     "day_time_crash_prone": true,
     "day_simple_crashes": null,
     "day_fatal_crashes": null,
     "day_total_crashes": null,
     "night_time_crash_prone": true,
     "night_simple_crashes": null,
     "night_fatal_crashes": null,
     "night_total_crashes": null,
     "blackspot_2024": false,
     "blackspot_rank": null,
     "blackspot_noninjury_crashes": null,
     "blackspot_simple_crashes": null,
     "blackspot_fatal_crashes": null,
     "blackspot_total_crashes": null,
     "blackspot_persons_killed": null,
     "blackspot_persons_injured": null,
     "cctv_priority_candidate": true,
     "cctv_priority_reason": "Listed in Table 6.37 as a hit-and-run crash-prone zone; the report recommends CCTV installation at these locations.",
     "zone_radius_m_derived": 250,
     "geometry_status": "coordinates_not_published_in_report",
     "osm_search_query": "Chandgi Ram Akhara, Outer Ring Road, Delhi, India",
     "source": "Delhi Road Crash Report 2024, Delhi Traffic Police",
     "source_pdf_pages": [
      112,
      113,
      114,
      115,
      122,
      125,
      127,
      128,
      129
     ],
     "day_time_simple_crashes": 3,
     "day_time_fatal_crashes": 3,
     "day_time_total_crashes": 6,
     "night_time_simple_crashes": 1,
     "night_time_fatal_crashes": 3,
     "night_time_total_crashes": 4,
     "coordinate_is_approximate": true,
     "coordinate_method": "landmark_centre",
     "coordinate_confidence": "high",
     "estimated_accuracy_m": 300,
     "coordinate_source": "Approximate Delhi landmark/intersection/locality centre derived from the report place name",
     "coordinate_warning": "Not the Delhi Traffic Police geotag and not a surveyed crash location.",
     "coordinate_order": "[longitude, latitude]",
     "zone_radius_m": 250,
     "zone_diameter_m": 500
    },
    "analysisYear": 2024,
    "officialVendsWithin500m": 0,
    "officialVendsWithin1km": 2,
    "officialVendsWithin2km": 5,
    "osmOnlyShopsWithin500m": 0,
    "osmOnlyShopsWithin1km": 0,
    "osmOnlyShopsWithin2km": 0,
    "nearestOfficialVend": "MAJNU KA TILA",
    "nearestOfficialVendDistanceM": 592,
    "nearestOfficialVendCoordinateConfidence": "medium",
    "analysisWarning": "Spatial association only; coordinates are approximate. This does not establish that any nearby vend contributed to crashes at this location."
   }
  },
  {
   "type": "Feature",
   "id": "crash-zone-hanuman-mandir-jj-colony-bawana",
   "geometry": {
    "type": "Point",
    "coordinates": [
     77.039,
     28.801
    ]
   },
   "properties": {
    "id": "crash-zone-hanuman-mandir-jj-colony-bawana",
    "name": "Hanuman Mandir JJ Colony Bawana",
    "roadName": "Bawana Road",
    "listedInMainTable": true,
    "simpleCrashes": 14,
    "fatalCrashes": 5,
    "totalCrashes": 19,
    "personsKilled": null,
    "personsInjured": null,
    "blackspot": false,
    "blackspotRank": null,
    "pedestrianRisk": true,
    "twoWheelerRisk": true,
    "htvRisk": false,
    "hitAndRunRisk": false,
    "nightRisk": false,
    "dayRisk": true,
    "cctvPriorityCandidate": false,
    "coordinateConfidence": "medium",
    "estimatedAccuracyM": 800,
    "properties": {
     "feature_id": "crash-zone-hanuman-mandir-jj-colony-bawana",
     "location_name": "Hanuman Mandir JJ Colony Bawana",
     "road_name": "Bawana Road",
     "listed_in_table_6_29": true,
     "table_6_29_rank": 14,
     "all_simple_crashes": 14,
     "all_fatal_crashes": 5,
     "all_total_crashes": 19,
     "pedestrian_crash_prone": true,
     "pedestrian_simple_crashes": 10,
     "pedestrian_fatal_crashes": 1,
     "pedestrian_total_crashes": 11,
     "two_wheeler_crash_prone": true,
     "two_wheeler_simple_crashes": 3,
     "two_wheeler_fatal_crashes": 3,
     "two_wheeler_total_crashes": 6,
     "htv_crash_prone": false,
     "htv_simple_crashes": null,
     "htv_fatal_crashes": null,
     "htv_total_crashes": null,
     "hit_and_run_crash_prone": false,
     "hit_and_run_simple_crashes": null,
     "hit_and_run_fatal_crashes": null,
     "hit_and_run_total_crashes": null,
     "day_time_crash_prone": true,
     "day_simple_crashes": null,
     "day_fatal_crashes": null,
     "day_total_crashes": null,
     "night_time_crash_prone": false,
     "night_simple_crashes": null,
     "night_fatal_crashes": null,
     "night_total_crashes": null,
     "blackspot_2024": false,
     "blackspot_rank": null,
     "blackspot_noninjury_crashes": null,
     "blackspot_simple_crashes": null,
     "blackspot_fatal_crashes": null,
     "blackspot_total_crashes": null,
     "blackspot_persons_killed": null,
     "blackspot_persons_injured": null,
     "cctv_priority_candidate": false,
     "cctv_priority_reason": null,
     "zone_radius_m_derived": 250,
     "geometry_status": "coordinates_not_published_in_report",
     "osm_search_query": "Hanuman Mandir JJ Colony Bawana, Bawana Road, Delhi, India",
     "source": "Delhi Road Crash Report 2024, Delhi Traffic Police",
     "source_pdf_pages": [
      112,
      113,
      114,
      115,
      120,
      122,
      127
     ],
     "day_time_simple_crashes": 8,
     "day_time_fatal_crashes": 4,
     "day_time_total_crashes": 12,
     "coordinate_is_approximate": true,
     "coordinate_method": "locality_landmark_centre",
     "coordinate_confidence": "medium",
     "estimated_accuracy_m": 800,
     "coordinate_source": "Approximate Delhi landmark/intersection/locality centre derived from the report place name",
     "coordinate_warning": "Not the Delhi Traffic Police geotag and not a surveyed crash location.",
     "coordinate_order": "[longitude, latitude]",
     "zone_radius_m": 250,
     "zone_diameter_m": 500
    },
    "analysisYear": 2024,
    "officialVendsWithin500m": 2,
    "officialVendsWithin1km": 3,
    "officialVendsWithin2km": 4,
    "osmOnlyShopsWithin500m": 0,
    "osmOnlyShopsWithin1km": 0,
    "osmOnlyShopsWithin2km": 0,
    "nearestOfficialVend": "BAWANA CL",
    "nearestOfficialVendDistanceM": 449,
    "nearestOfficialVendCoordinateConfidence": "medium",
    "analysisWarning": "Spatial association only; coordinates are approximate. This does not establish that any nearby vend contributed to crashes at this location."
   }
  },
  {
   "type": "Feature",
   "id": "crash-zone-seelampur-t-point",
   "geometry": {
    "type": "Point",
    "coordinates": [
     77.268,
     28.67
    ]
   },
   "properties": {
    "id": "crash-zone-seelampur-t-point",
    "name": "Seelampur T Point",
    "roadName": "G.T. Road",
    "listedInMainTable": true,
    "simpleCrashes": 12,
    "fatalCrashes": 5,
    "totalCrashes": 17,
    "personsKilled": null,
    "personsInjured": null,
    "blackspot": false,
    "blackspotRank": null,
    "pedestrianRisk": false,
    "twoWheelerRisk": true,
    "htvRisk": false,
    "hitAndRunRisk": false,
    "nightRisk": true,
    "dayRisk": false,
    "cctvPriorityCandidate": false,
    "coordinateConfidence": "medium",
    "estimatedAccuracyM": 450,
    "properties": {
     "feature_id": "crash-zone-seelampur-t-point",
     "location_name": "Seelampur T Point",
     "road_name": "G.T. Road",
     "listed_in_table_6_29": true,
     "table_6_29_rank": 15,
     "all_simple_crashes": 12,
     "all_fatal_crashes": 5,
     "all_total_crashes": 17,
     "pedestrian_crash_prone": false,
     "pedestrian_simple_crashes": null,
     "pedestrian_fatal_crashes": null,
     "pedestrian_total_crashes": null,
     "two_wheeler_crash_prone": true,
     "two_wheeler_simple_crashes": 3,
     "two_wheeler_fatal_crashes": 3,
     "two_wheeler_total_crashes": 6,
     "htv_crash_prone": false,
     "htv_simple_crashes": null,
     "htv_fatal_crashes": null,
     "htv_total_crashes": null,
     "hit_and_run_crash_prone": false,
     "hit_and_run_simple_crashes": null,
     "hit_and_run_fatal_crashes": null,
     "hit_and_run_total_crashes": null,
     "day_time_crash_prone": false,
     "day_simple_crashes": null,
     "day_fatal_crashes": null,
     "day_total_crashes": null,
     "night_time_crash_prone": true,
     "night_simple_crashes": null,
     "night_fatal_crashes": null,
     "night_total_crashes": null,
     "blackspot_2024": false,
     "blackspot_rank": null,
     "blackspot_noninjury_crashes": null,
     "blackspot_simple_crashes": null,
     "blackspot_fatal_crashes": null,
     "blackspot_total_crashes": null,
     "blackspot_persons_killed": null,
     "blackspot_persons_injured": null,
     "cctv_priority_candidate": false,
     "cctv_priority_reason": null,
     "zone_radius_m_derived": 250,
     "geometry_status": "coordinates_not_published_in_report",
     "osm_search_query": "Seelampur T Point, G.T. Road, Delhi, India",
     "source": "Delhi Road Crash Report 2024, Delhi Traffic Police",
     "source_pdf_pages": [
      112,
      113,
      114,
      115,
      122,
      128,
      129
     ],
     "night_time_simple_crashes": 7,
     "night_time_fatal_crashes": 3,
     "night_time_total_crashes": 10,
     "coordinate_is_approximate": true,
     "coordinate_method": "intersection_centre",
     "coordinate_confidence": "medium",
     "estimated_accuracy_m": 450,
     "coordinate_source": "Approximate Delhi landmark/intersection/locality centre derived from the report place name",
     "coordinate_warning": "Not the Delhi Traffic Police geotag and not a surveyed crash location.",
     "coordinate_order": "[longitude, latitude]",
     "zone_radius_m": 250,
     "zone_diameter_m": 500
    },
    "analysisYear": 2024,
    "officialVendsWithin500m": 1,
    "officialVendsWithin1km": 3,
    "officialVendsWithin2km": 12,
    "osmOnlyShopsWithin500m": 0,
    "osmOnlyShopsWithin1km": 0,
    "osmOnlyShopsWithin2km": 0,
    "nearestOfficialVend": "NEW SEELAMPUR",
    "nearestOfficialVendDistanceM": 0,
    "nearestOfficialVendCoordinateConfidence": "medium",
    "analysisWarning": "Spatial association only; coordinates are approximate. This does not establish that any nearby vend contributed to crashes at this location."
   }
  },
  {
   "type": "Feature",
   "id": "crash-zone-singhu-border",
   "geometry": {
    "type": "Point",
    "coordinates": [
     77.136,
     28.879
    ]
   },
   "properties": {
    "id": "crash-zone-singhu-border",
    "name": "Singhu Border",
    "roadName": "GTK Road",
    "listedInMainTable": true,
    "simpleCrashes": 10,
    "fatalCrashes": 5,
    "totalCrashes": 15,
    "personsKilled": null,
    "personsInjured": null,
    "blackspot": false,
    "blackspotRank": null,
    "pedestrianRisk": false,
    "twoWheelerRisk": true,
    "htvRisk": false,
    "hitAndRunRisk": true,
    "nightRisk": true,
    "dayRisk": false,
    "cctvPriorityCandidate": true,
    "coordinateConfidence": "high",
    "estimatedAccuracyM": 400,
    "properties": {
     "feature_id": "crash-zone-singhu-border",
     "location_name": "Singhu Border",
     "road_name": "GTK Road",
     "listed_in_table_6_29": true,
     "table_6_29_rank": 16,
     "all_simple_crashes": 10,
     "all_fatal_crashes": 5,
     "all_total_crashes": 15,
     "pedestrian_crash_prone": false,
     "pedestrian_simple_crashes": null,
     "pedestrian_fatal_crashes": null,
     "pedestrian_total_crashes": null,
     "two_wheeler_crash_prone": true,
     "two_wheeler_simple_crashes": 5,
     "two_wheeler_fatal_crashes": 3,
     "two_wheeler_total_crashes": 8,
     "htv_crash_prone": false,
     "htv_simple_crashes": null,
     "htv_fatal_crashes": null,
     "htv_total_crashes": null,
     "hit_and_run_crash_prone": true,
     "hit_and_run_simple_crashes": 3,
     "hit_and_run_fatal_crashes": 3,
     "hit_and_run_total_crashes": 6,
     "day_time_crash_prone": false,
     "day_simple_crashes": null,
     "day_fatal_crashes": null,
     "day_total_crashes": null,
     "night_time_crash_prone": true,
     "night_simple_crashes": null,
     "night_fatal_crashes": null,
     "night_total_crashes": null,
     "blackspot_2024": false,
     "blackspot_rank": null,
     "blackspot_noninjury_crashes": null,
     "blackspot_simple_crashes": null,
     "blackspot_fatal_crashes": null,
     "blackspot_total_crashes": null,
     "blackspot_persons_killed": null,
     "blackspot_persons_injured": null,
     "cctv_priority_candidate": true,
     "cctv_priority_reason": "Listed in Table 6.37 as a hit-and-run crash-prone zone; the report recommends CCTV installation at these locations.",
     "zone_radius_m_derived": 250,
     "geometry_status": "coordinates_not_published_in_report",
     "osm_search_query": "Singhu Border, GTK Road, Delhi, India",
     "source": "Delhi Road Crash Report 2024, Delhi Traffic Police",
     "source_pdf_pages": [
      112,
      113,
      114,
      115,
      122,
      125,
      128,
      129
     ],
     "night_time_simple_crashes": 7,
     "night_time_fatal_crashes": 5,
     "night_time_total_crashes": 12,
     "coordinate_is_approximate": true,
     "coordinate_method": "border_crossing_centre",
     "coordinate_confidence": "high",
     "estimated_accuracy_m": 400,
     "coordinate_source": "Approximate Delhi landmark/intersection/locality centre derived from the report place name",
     "coordinate_warning": "Not the Delhi Traffic Police geotag and not a surveyed crash location.",
     "coordinate_order": "[longitude, latitude]",
     "zone_radius_m": 250,
     "zone_diameter_m": 500
    },
    "analysisYear": 2024,
    "officialVendsWithin500m": 0,
    "officialVendsWithin1km": 0,
    "officialVendsWithin2km": 0,
    "osmOnlyShopsWithin500m": 0,
    "osmOnlyShopsWithin1km": 0,
    "osmOnlyShopsWithin2km": 0,
    "nearestOfficialVend": "NARELA",
    "nearestOfficialVendDistanceM": 5232,
    "nearestOfficialVendCoordinateConfidence": "medium",
    "analysisWarning": "Spatial association only; coordinates are approximate. This does not establish that any nearby vend contributed to crashes at this location."
   }
  },
  {
   "type": "Feature",
   "id": "crash-zone-khajoori-chowk",
   "geometry": {
    "type": "Point",
    "coordinates": [
     77.259,
     28.71
    ]
   },
   "properties": {
    "id": "crash-zone-khajoori-chowk",
    "name": "Khajoori Chowk",
    "roadName": "Wazirabad Road",
    "listedInMainTable": true,
    "simpleCrashes": 9,
    "fatalCrashes": 5,
    "totalCrashes": 14,
    "personsKilled": null,
    "personsInjured": null,
    "blackspot": false,
    "blackspotRank": null,
    "pedestrianRisk": false,
    "twoWheelerRisk": false,
    "htvRisk": false,
    "hitAndRunRisk": true,
    "nightRisk": false,
    "dayRisk": true,
    "cctvPriorityCandidate": true,
    "coordinateConfidence": "medium",
    "estimatedAccuracyM": 450,
    "properties": {
     "feature_id": "crash-zone-khajoori-chowk",
     "location_name": "Khajoori Chowk",
     "road_name": "Wazirabad Road",
     "listed_in_table_6_29": true,
     "table_6_29_rank": 17,
     "all_simple_crashes": 9,
     "all_fatal_crashes": 5,
     "all_total_crashes": 14,
     "pedestrian_crash_prone": false,
     "pedestrian_simple_crashes": null,
     "pedestrian_fatal_crashes": null,
     "pedestrian_total_crashes": null,
     "two_wheeler_crash_prone": false,
     "two_wheeler_simple_crashes": null,
     "two_wheeler_fatal_crashes": null,
     "two_wheeler_total_crashes": null,
     "htv_crash_prone": false,
     "htv_simple_crashes": null,
     "htv_fatal_crashes": null,
     "htv_total_crashes": null,
     "hit_and_run_crash_prone": true,
     "hit_and_run_simple_crashes": 2,
     "hit_and_run_fatal_crashes": 3,
     "hit_and_run_total_crashes": 5,
     "day_time_crash_prone": true,
     "day_simple_crashes": null,
     "day_fatal_crashes": null,
     "day_total_crashes": null,
     "night_time_crash_prone": false,
     "night_simple_crashes": null,
     "night_fatal_crashes": null,
     "night_total_crashes": null,
     "blackspot_2024": false,
     "blackspot_rank": null,
     "blackspot_noninjury_crashes": null,
     "blackspot_simple_crashes": null,
     "blackspot_fatal_crashes": null,
     "blackspot_total_crashes": null,
     "blackspot_persons_killed": null,
     "blackspot_persons_injured": null,
     "cctv_priority_candidate": true,
     "cctv_priority_reason": "Listed in Table 6.37 as a hit-and-run crash-prone zone; the report recommends CCTV installation at these locations.",
     "zone_radius_m_derived": 250,
     "geometry_status": "coordinates_not_published_in_report",
     "osm_search_query": "Khajoori Chowk, Wazirabad Road, Delhi, India",
     "source": "Delhi Road Crash Report 2024, Delhi Traffic Police",
     "source_pdf_pages": [
      112,
      113,
      114,
      115,
      125,
      127
     ],
     "day_time_simple_crashes": 6,
     "day_time_fatal_crashes": 3,
     "day_time_total_crashes": 9,
     "coordinate_is_approximate": true,
     "coordinate_method": "intersection_centre",
     "coordinate_confidence": "medium",
     "estimated_accuracy_m": 450,
     "coordinate_source": "Approximate Delhi landmark/intersection/locality centre derived from the report place name",
     "coordinate_warning": "Not the Delhi Traffic Police geotag and not a surveyed crash location.",
     "coordinate_order": "[longitude, latitude]",
     "zone_radius_m": 250,
     "zone_diameter_m": 500
    },
    "analysisYear": 2024,
    "officialVendsWithin500m": 1,
    "officialVendsWithin1km": 2,
    "officialVendsWithin2km": 8,
    "osmOnlyShopsWithin500m": 0,
    "osmOnlyShopsWithin1km": 0,
    "osmOnlyShopsWithin2km": 0,
    "nearestOfficialVend": "KHAJOORI KHAS",
    "nearestOfficialVendDistanceM": 0,
    "nearestOfficialVendCoordinateConfidence": "medium",
    "analysisWarning": "Spatial association only; coordinates are approximate. This does not establish that any nearby vend contributed to crashes at this location."
   }
  },
  {
   "type": "Feature",
   "id": "crash-zone-britannia-chowk",
   "geometry": {
    "type": "Point",
    "coordinates": [
     77.17,
     28.69
    ]
   },
   "properties": {
    "id": "crash-zone-britannia-chowk",
    "name": "Britannia Chowk",
    "roadName": "Ring Road",
    "listedInMainTable": true,
    "simpleCrashes": 8,
    "fatalCrashes": 5,
    "totalCrashes": 13,
    "personsKilled": null,
    "personsInjured": null,
    "blackspot": false,
    "blackspotRank": null,
    "pedestrianRisk": true,
    "twoWheelerRisk": false,
    "htvRisk": false,
    "hitAndRunRisk": false,
    "nightRisk": true,
    "dayRisk": false,
    "cctvPriorityCandidate": false,
    "coordinateConfidence": "medium",
    "estimatedAccuracyM": 450,
    "properties": {
     "feature_id": "crash-zone-britannia-chowk",
     "location_name": "Britannia Chowk",
     "road_name": "Ring Road",
     "listed_in_table_6_29": true,
     "table_6_29_rank": 18,
     "all_simple_crashes": 8,
     "all_fatal_crashes": 5,
     "all_total_crashes": 13,
     "pedestrian_crash_prone": true,
     "pedestrian_simple_crashes": 3,
     "pedestrian_fatal_crashes": 3,
     "pedestrian_total_crashes": 6,
     "two_wheeler_crash_prone": false,
     "two_wheeler_simple_crashes": null,
     "two_wheeler_fatal_crashes": null,
     "two_wheeler_total_crashes": null,
     "htv_crash_prone": false,
     "htv_simple_crashes": null,
     "htv_fatal_crashes": null,
     "htv_total_crashes": null,
     "hit_and_run_crash_prone": false,
     "hit_and_run_simple_crashes": null,
     "hit_and_run_fatal_crashes": null,
     "hit_and_run_total_crashes": null,
     "day_time_crash_prone": false,
     "day_simple_crashes": null,
     "day_fatal_crashes": null,
     "day_total_crashes": null,
     "night_time_crash_prone": true,
     "night_simple_crashes": null,
     "night_fatal_crashes": null,
     "night_total_crashes": null,
     "blackspot_2024": false,
     "blackspot_rank": null,
     "blackspot_noninjury_crashes": null,
     "blackspot_simple_crashes": null,
     "blackspot_fatal_crashes": null,
     "blackspot_total_crashes": null,
     "blackspot_persons_killed": null,
     "blackspot_persons_injured": null,
     "cctv_priority_candidate": false,
     "cctv_priority_reason": null,
     "zone_radius_m_derived": 250,
     "geometry_status": "coordinates_not_published_in_report",
     "osm_search_query": "Britannia Chowk, Ring Road, Delhi, India",
     "source": "Delhi Road Crash Report 2024, Delhi Traffic Police",
     "source_pdf_pages": [
      112,
      113,
      114,
      115,
      120,
      128,
      129
     ],
     "night_time_simple_crashes": 4,
     "night_time_fatal_crashes": 3,
     "night_time_total_crashes": 7,
     "coordinate_is_approximate": true,
     "coordinate_method": "intersection_centre",
     "coordinate_confidence": "medium",
     "estimated_accuracy_m": 450,
     "coordinate_source": "Approximate Delhi landmark/intersection/locality centre derived from the report place name",
     "coordinate_warning": "Not the Delhi Traffic Police geotag and not a surveyed crash location.",
     "coordinate_order": "[longitude, latitude]",
     "zone_radius_m": 250,
     "zone_diameter_m": 500
    },
    "analysisYear": 2024,
    "officialVendsWithin500m": 0,
    "officialVendsWithin1km": 2,
    "officialVendsWithin2km": 15,
    "osmOnlyShopsWithin500m": 0,
    "osmOnlyShopsWithin1km": 0,
    "osmOnlyShopsWithin2km": 0,
    "nearestOfficialVend": "ASHOK VIHAR 34",
    "nearestOfficialVendDistanceM": 887,
    "nearestOfficialVendCoordinateConfidence": "medium",
    "analysisWarning": "Spatial association only; coordinates are approximate. This does not establish that any nearby vend contributed to crashes at this location."
   }
  },
  {
   "type": "Feature",
   "id": "crash-zone-metro-station-haider-pur",
   "geometry": {
    "type": "Point",
    "coordinates": [
     77.149,
     28.73
    ]
   },
   "properties": {
    "id": "crash-zone-metro-station-haider-pur",
    "name": "Metro Station Haider Pur",
    "roadName": "Outer Ring Road",
    "listedInMainTable": true,
    "simpleCrashes": 8,
    "fatalCrashes": 5,
    "totalCrashes": 13,
    "personsKilled": null,
    "personsInjured": null,
    "blackspot": false,
    "blackspotRank": null,
    "pedestrianRisk": false,
    "twoWheelerRisk": false,
    "htvRisk": false,
    "hitAndRunRisk": true,
    "nightRisk": true,
    "dayRisk": true,
    "cctvPriorityCandidate": true,
    "coordinateConfidence": "high",
    "estimatedAccuracyM": 150,
    "properties": {
     "feature_id": "crash-zone-metro-station-haider-pur",
     "location_name": "Metro Station Haider Pur",
     "road_name": "Outer Ring Road",
     "listed_in_table_6_29": true,
     "table_6_29_rank": 19,
     "all_simple_crashes": 8,
     "all_fatal_crashes": 5,
     "all_total_crashes": 13,
     "pedestrian_crash_prone": false,
     "pedestrian_simple_crashes": null,
     "pedestrian_fatal_crashes": null,
     "pedestrian_total_crashes": null,
     "two_wheeler_crash_prone": false,
     "two_wheeler_simple_crashes": null,
     "two_wheeler_fatal_crashes": null,
     "two_wheeler_total_crashes": null,
     "htv_crash_prone": false,
     "htv_simple_crashes": null,
     "htv_fatal_crashes": null,
     "htv_total_crashes": null,
     "hit_and_run_crash_prone": true,
     "hit_and_run_simple_crashes": 1,
     "hit_and_run_fatal_crashes": 3,
     "hit_and_run_total_crashes": 4,
     "day_time_crash_prone": true,
     "day_simple_crashes": null,
     "day_fatal_crashes": null,
     "day_total_crashes": null,
     "night_time_crash_prone": true,
     "night_simple_crashes": null,
     "night_fatal_crashes": null,
     "night_total_crashes": null,
     "blackspot_2024": false,
     "blackspot_rank": null,
     "blackspot_noninjury_crashes": null,
     "blackspot_simple_crashes": null,
     "blackspot_fatal_crashes": null,
     "blackspot_total_crashes": null,
     "blackspot_persons_killed": null,
     "blackspot_persons_injured": null,
     "cctv_priority_candidate": true,
     "cctv_priority_reason": "Listed in Table 6.37 as a hit-and-run crash-prone zone; the report recommends CCTV installation at these locations.",
     "zone_radius_m_derived": 250,
     "geometry_status": "coordinates_not_published_in_report",
     "osm_search_query": "Metro Station Haider Pur, Outer Ring Road, Delhi, India",
     "source": "Delhi Road Crash Report 2024, Delhi Traffic Police",
     "source_pdf_pages": [
      112,
      113,
      114,
      115,
      125,
      127,
      128,
      129
     ],
     "day_time_simple_crashes": 2,
     "day_time_fatal_crashes": 3,
     "day_time_total_crashes": 5,
     "night_time_simple_crashes": 3,
     "night_time_fatal_crashes": 4,
     "night_time_total_crashes": 7,
     "coordinate_is_approximate": true,
     "coordinate_method": "metro_station_centre",
     "coordinate_confidence": "high",
     "estimated_accuracy_m": 150,
     "coordinate_source": "Approximate Delhi landmark/intersection/locality centre derived from the report place name",
     "coordinate_warning": "Not the Delhi Traffic Police geotag and not a surveyed crash location.",
     "coordinate_order": "[longitude, latitude]",
     "zone_radius_m": 250,
     "zone_diameter_m": 500
    },
    "analysisYear": 2024,
    "officialVendsWithin500m": 0,
    "officialVendsWithin1km": 0,
    "officialVendsWithin2km": 8,
    "osmOnlyShopsWithin500m": 0,
    "osmOnlyShopsWithin1km": 0,
    "osmOnlyShopsWithin2km": 0,
    "nearestOfficialVend": "JAHANGIR PURI",
    "nearestOfficialVendDistanceM": 1384,
    "nearestOfficialVendCoordinateConfidence": "medium",
    "analysisWarning": "Spatial association only; coordinates are approximate. This does not establish that any nearby vend contributed to crashes at this location."
   }
  },
  {
   "type": "Feature",
   "id": "crash-zone-sec-23-petrol-pump",
   "geometry": {
    "type": "Point",
    "coordinates": [
     77.082,
     28.718
    ]
   },
   "properties": {
    "id": "crash-zone-sec-23-petrol-pump",
    "name": "Sec-23 Petrol Pump",
    "roadName": "Qutab Garh Road",
    "listedInMainTable": true,
    "simpleCrashes": 7,
    "fatalCrashes": 5,
    "totalCrashes": 12,
    "personsKilled": null,
    "personsInjured": null,
    "blackspot": false,
    "blackspotRank": null,
    "pedestrianRisk": true,
    "twoWheelerRisk": false,
    "htvRisk": false,
    "hitAndRunRisk": true,
    "nightRisk": false,
    "dayRisk": true,
    "cctvPriorityCandidate": true,
    "coordinateConfidence": "low",
    "estimatedAccuracyM": 1800,
    "properties": {
     "feature_id": "crash-zone-sec-23-petrol-pump",
     "location_name": "Sec-23 Petrol Pump",
     "road_name": "Qutab Garh Road",
     "listed_in_table_6_29": true,
     "table_6_29_rank": 20,
     "all_simple_crashes": 7,
     "all_fatal_crashes": 5,
     "all_total_crashes": 12,
     "pedestrian_crash_prone": true,
     "pedestrian_simple_crashes": 0,
     "pedestrian_fatal_crashes": 3,
     "pedestrian_total_crashes": 3,
     "two_wheeler_crash_prone": false,
     "two_wheeler_simple_crashes": null,
     "two_wheeler_fatal_crashes": null,
     "two_wheeler_total_crashes": null,
     "htv_crash_prone": false,
     "htv_simple_crashes": null,
     "htv_fatal_crashes": null,
     "htv_total_crashes": null,
     "hit_and_run_crash_prone": true,
     "hit_and_run_simple_crashes": 0,
     "hit_and_run_fatal_crashes": 5,
     "hit_and_run_total_crashes": 5,
     "day_time_crash_prone": true,
     "day_simple_crashes": null,
     "day_fatal_crashes": null,
     "day_total_crashes": null,
     "night_time_crash_prone": false,
     "night_simple_crashes": null,
     "night_fatal_crashes": null,
     "night_total_crashes": null,
     "blackspot_2024": false,
     "blackspot_rank": null,
     "blackspot_noninjury_crashes": null,
     "blackspot_simple_crashes": null,
     "blackspot_fatal_crashes": null,
     "blackspot_total_crashes": null,
     "blackspot_persons_killed": null,
     "blackspot_persons_injured": null,
     "cctv_priority_candidate": true,
     "cctv_priority_reason": "Listed in Table 6.37 as a hit-and-run crash-prone zone; the report recommends CCTV installation at these locations.",
     "zone_radius_m_derived": 250,
     "geometry_status": "coordinates_not_published_in_report",
     "osm_search_query": "Sec-23 Petrol Pump, Qutab Garh Road, Delhi, India",
     "source": "Delhi Road Crash Report 2024, Delhi Traffic Police",
     "source_pdf_pages": [
      112,
      113,
      114,
      115,
      120,
      125,
      127
     ],
     "day_time_simple_crashes": 6,
     "day_time_fatal_crashes": 4,
     "day_time_total_crashes": 10,
     "coordinate_is_approximate": true,
     "coordinate_method": "sector_area_centre",
     "coordinate_confidence": "low",
     "estimated_accuracy_m": 1800,
     "coordinate_source": "Approximate Delhi landmark/intersection/locality centre derived from the report place name",
     "coordinate_warning": "Not the Delhi Traffic Police geotag and not a surveyed crash location.",
     "coordinate_order": "[longitude, latitude]",
     "zone_radius_m": 250,
     "zone_diameter_m": 500
    },
    "analysisYear": 2024,
    "officialVendsWithin500m": 0,
    "officialVendsWithin1km": 2,
    "officialVendsWithin2km": 9,
    "osmOnlyShopsWithin500m": 0,
    "osmOnlyShopsWithin1km": 0,
    "osmOnlyShopsWithin2km": 0,
    "nearestOfficialVend": "ROHINI SECTOR-21",
    "nearestOfficialVendDistanceM": 667,
    "nearestOfficialVendCoordinateConfidence": "medium",
    "analysisWarning": "Spatial association only; coordinates are approximate. This does not establish that any nearby vend contributed to crashes at this location."
   }
  },
  {
   "type": "Feature",
   "id": "crash-zone-zakhira-flyover",
   "geometry": {
    "type": "Point",
    "coordinates": [
     77.158,
     28.669
    ]
   },
   "properties": {
    "id": "crash-zone-zakhira-flyover",
    "name": "Zakhira Flyover",
    "roadName": "Rohtak Road",
    "listedInMainTable": true,
    "simpleCrashes": 6,
    "fatalCrashes": 5,
    "totalCrashes": 11,
    "personsKilled": null,
    "personsInjured": null,
    "blackspot": false,
    "blackspotRank": null,
    "pedestrianRisk": false,
    "twoWheelerRisk": true,
    "htvRisk": false,
    "hitAndRunRisk": false,
    "nightRisk": true,
    "dayRisk": false,
    "cctvPriorityCandidate": false,
    "coordinateConfidence": "medium",
    "estimatedAccuracyM": 400,
    "properties": {
     "feature_id": "crash-zone-zakhira-flyover",
     "location_name": "Zakhira Flyover",
     "road_name": "Rohtak Road",
     "listed_in_table_6_29": true,
     "table_6_29_rank": 21,
     "all_simple_crashes": 6,
     "all_fatal_crashes": 5,
     "all_total_crashes": 11,
     "pedestrian_crash_prone": false,
     "pedestrian_simple_crashes": null,
     "pedestrian_fatal_crashes": null,
     "pedestrian_total_crashes": null,
     "two_wheeler_crash_prone": true,
     "two_wheeler_simple_crashes": 5,
     "two_wheeler_fatal_crashes": 3,
     "two_wheeler_total_crashes": 8,
     "htv_crash_prone": false,
     "htv_simple_crashes": null,
     "htv_fatal_crashes": null,
     "htv_total_crashes": null,
     "hit_and_run_crash_prone": false,
     "hit_and_run_simple_crashes": null,
     "hit_and_run_fatal_crashes": null,
     "hit_and_run_total_crashes": null,
     "day_time_crash_prone": false,
     "day_simple_crashes": null,
     "day_fatal_crashes": null,
     "day_total_crashes": null,
     "night_time_crash_prone": true,
     "night_simple_crashes": null,
     "night_fatal_crashes": null,
     "night_total_crashes": null,
     "blackspot_2024": false,
     "blackspot_rank": null,
     "blackspot_noninjury_crashes": null,
     "blackspot_simple_crashes": null,
     "blackspot_fatal_crashes": null,
     "blackspot_total_crashes": null,
     "blackspot_persons_killed": null,
     "blackspot_persons_injured": null,
     "cctv_priority_candidate": false,
     "cctv_priority_reason": null,
     "zone_radius_m_derived": 250,
     "geometry_status": "coordinates_not_published_in_report",
     "osm_search_query": "Zakhira Flyover, Rohtak Road, Delhi, India",
     "source": "Delhi Road Crash Report 2024, Delhi Traffic Police",
     "source_pdf_pages": [
      112,
      113,
      114,
      115,
      122,
      128,
      129
     ],
     "night_time_simple_crashes": 3,
     "night_time_fatal_crashes": 4,
     "night_time_total_crashes": 7,
     "coordinate_is_approximate": true,
     "coordinate_method": "flyover_area_centre",
     "coordinate_confidence": "medium",
     "estimated_accuracy_m": 400,
     "coordinate_source": "Approximate Delhi landmark/intersection/locality centre derived from the report place name",
     "coordinate_warning": "Not the Delhi Traffic Police geotag and not a surveyed crash location.",
     "coordinate_order": "[longitude, latitude]",
     "zone_radius_m": 250,
     "zone_diameter_m": 500
    },
    "analysisYear": 2024,
    "officialVendsWithin500m": 1,
    "officialVendsWithin1km": 4,
    "officialVendsWithin2km": 12,
    "osmOnlyShopsWithin500m": 0,
    "osmOnlyShopsWithin1km": 0,
    "osmOnlyShopsWithin2km": 0,
    "nearestOfficialVend": "ZAKHIRA",
    "nearestOfficialVendDistanceM": 0,
    "nearestOfficialVendCoordinateConfidence": "medium",
    "analysisWarning": "Spatial association only; coordinates are approximate. This does not establish that any nearby vend contributed to crashes at this location."
   }
  },
  {
   "type": "Feature",
   "id": "crash-zone-red-light-pulprahlad-pur",
   "geometry": {
    "type": "Point",
    "coordinates": [
     77.294,
     28.499
    ]
   },
   "properties": {
    "id": "crash-zone-red-light-pulprahlad-pur",
    "name": "Red Light Pulprahlad Pur",
    "roadName": "Mehrauli Badarpur Road",
    "listedInMainTable": true,
    "simpleCrashes": 5,
    "fatalCrashes": 5,
    "totalCrashes": 10,
    "personsKilled": null,
    "personsInjured": null,
    "blackspot": false,
    "blackspotRank": null,
    "pedestrianRisk": false,
    "twoWheelerRisk": true,
    "htvRisk": true,
    "hitAndRunRisk": false,
    "nightRisk": false,
    "dayRisk": true,
    "cctvPriorityCandidate": false,
    "coordinateConfidence": "medium",
    "estimatedAccuracyM": 500,
    "properties": {
     "feature_id": "crash-zone-red-light-pulprahlad-pur",
     "location_name": "Red Light Pulprahlad Pur",
     "road_name": "Mehrauli Badarpur Road",
     "listed_in_table_6_29": true,
     "table_6_29_rank": 22,
     "all_simple_crashes": 5,
     "all_fatal_crashes": 5,
     "all_total_crashes": 10,
     "pedestrian_crash_prone": false,
     "pedestrian_simple_crashes": null,
     "pedestrian_fatal_crashes": null,
     "pedestrian_total_crashes": null,
     "two_wheeler_crash_prone": true,
     "two_wheeler_simple_crashes": 3,
     "two_wheeler_fatal_crashes": 4,
     "two_wheeler_total_crashes": 7,
     "htv_crash_prone": true,
     "htv_simple_crashes": 2,
     "htv_fatal_crashes": 5,
     "htv_total_crashes": 7,
     "hit_and_run_crash_prone": false,
     "hit_and_run_simple_crashes": null,
     "hit_and_run_fatal_crashes": null,
     "hit_and_run_total_crashes": null,
     "day_time_crash_prone": true,
     "day_simple_crashes": null,
     "day_fatal_crashes": null,
     "day_total_crashes": null,
     "night_time_crash_prone": false,
     "night_simple_crashes": null,
     "night_fatal_crashes": null,
     "night_total_crashes": null,
     "blackspot_2024": false,
     "blackspot_rank": null,
     "blackspot_noninjury_crashes": null,
     "blackspot_simple_crashes": null,
     "blackspot_fatal_crashes": null,
     "blackspot_total_crashes": null,
     "blackspot_persons_killed": null,
     "blackspot_persons_injured": null,
     "cctv_priority_candidate": false,
     "cctv_priority_reason": null,
     "zone_radius_m_derived": 250,
     "geometry_status": "coordinates_not_published_in_report",
     "osm_search_query": "Red Light Pulprahlad Pur, Mehrauli Badarpur Road, Delhi, India",
     "source": "Delhi Road Crash Report 2024, Delhi Traffic Police",
     "source_pdf_pages": [
      112,
      113,
      114,
      115,
      122,
      123,
      127
     ],
     "day_time_simple_crashes": 2,
     "day_time_fatal_crashes": 4,
     "day_time_total_crashes": 6,
     "coordinate_is_approximate": true,
     "coordinate_method": "intersection_centre",
     "coordinate_confidence": "medium",
     "estimated_accuracy_m": 500,
     "coordinate_source": "Approximate Delhi landmark/intersection/locality centre derived from the report place name",
     "coordinate_warning": "Not the Delhi Traffic Police geotag and not a surveyed crash location.",
     "coordinate_order": "[longitude, latitude]",
     "zone_radius_m": 250,
     "zone_diameter_m": 500
    },
    "analysisYear": 2024,
    "officialVendsWithin500m": 0,
    "officialVendsWithin1km": 0,
    "officialVendsWithin2km": 2,
    "osmOnlyShopsWithin500m": 0,
    "osmOnlyShopsWithin1km": 0,
    "osmOnlyShopsWithin2km": 0,
    "nearestOfficialVend": "BADARPUR",
    "nearestOfficialVendDistanceM": 1104,
    "nearestOfficialVendCoordinateConfidence": "medium",
    "analysisWarning": "Spatial association only; coordinates are approximate. This does not establish that any nearby vend contributed to crashes at this location."
   }
  },
  {
   "type": "Feature",
   "id": "crash-zone-prem-bari-pull",
   "geometry": {
    "type": "Point",
    "coordinates": [
     77.168,
     28.699
    ]
   },
   "properties": {
    "id": "crash-zone-prem-bari-pull",
    "name": "Prem Bari Pull",
    "roadName": "Ring Road",
    "listedInMainTable": true,
    "simpleCrashes": 4,
    "fatalCrashes": 5,
    "totalCrashes": 9,
    "personsKilled": null,
    "personsInjured": null,
    "blackspot": false,
    "blackspotRank": null,
    "pedestrianRisk": true,
    "twoWheelerRisk": false,
    "htvRisk": false,
    "hitAndRunRisk": false,
    "nightRisk": true,
    "dayRisk": false,
    "cctvPriorityCandidate": false,
    "coordinateConfidence": "medium",
    "estimatedAccuracyM": 500,
    "properties": {
     "feature_id": "crash-zone-prem-bari-pull",
     "location_name": "Prem Bari Pull",
     "road_name": "Ring Road",
     "listed_in_table_6_29": true,
     "table_6_29_rank": 23,
     "all_simple_crashes": 4,
     "all_fatal_crashes": 5,
     "all_total_crashes": 9,
     "pedestrian_crash_prone": true,
     "pedestrian_simple_crashes": 0,
     "pedestrian_fatal_crashes": 3,
     "pedestrian_total_crashes": 3,
     "two_wheeler_crash_prone": false,
     "two_wheeler_simple_crashes": null,
     "two_wheeler_fatal_crashes": null,
     "two_wheeler_total_crashes": null,
     "htv_crash_prone": false,
     "htv_simple_crashes": null,
     "htv_fatal_crashes": null,
     "htv_total_crashes": null,
     "hit_and_run_crash_prone": false,
     "hit_and_run_simple_crashes": null,
     "hit_and_run_fatal_crashes": null,
     "hit_and_run_total_crashes": null,
     "day_time_crash_prone": false,
     "day_simple_crashes": null,
     "day_fatal_crashes": null,
     "day_total_crashes": null,
     "night_time_crash_prone": true,
     "night_simple_crashes": null,
     "night_fatal_crashes": null,
     "night_total_crashes": null,
     "blackspot_2024": false,
     "blackspot_rank": null,
     "blackspot_noninjury_crashes": null,
     "blackspot_simple_crashes": null,
     "blackspot_fatal_crashes": null,
     "blackspot_total_crashes": null,
     "blackspot_persons_killed": null,
     "blackspot_persons_injured": null,
     "cctv_priority_candidate": false,
     "cctv_priority_reason": null,
     "zone_radius_m_derived": 250,
     "geometry_status": "coordinates_not_published_in_report",
     "osm_search_query": "Prem Bari Pull, Ring Road, Delhi, India",
     "source": "Delhi Road Crash Report 2024, Delhi Traffic Police",
     "source_pdf_pages": [
      112,
      113,
      114,
      115,
      120,
      128,
      129
     ],
     "night_time_simple_crashes": 3,
     "night_time_fatal_crashes": 3,
     "night_time_total_crashes": 6,
     "coordinate_is_approximate": true,
     "coordinate_method": "bridge_intersection_centre",
     "coordinate_confidence": "medium",
     "estimated_accuracy_m": 500,
     "coordinate_source": "Approximate Delhi landmark/intersection/locality centre derived from the report place name",
     "coordinate_warning": "Not the Delhi Traffic Police geotag and not a surveyed crash location.",
     "coordinate_order": "[longitude, latitude]",
     "zone_radius_m": 250,
     "zone_diameter_m": 500
    },
    "analysisYear": 2024,
    "officialVendsWithin500m": 2,
    "officialVendsWithin1km": 4,
    "officialVendsWithin2km": 12,
    "osmOnlyShopsWithin500m": 0,
    "osmOnlyShopsWithin1km": 0,
    "osmOnlyShopsWithin2km": 0,
    "nearestOfficialVend": "WAZIRPUR",
    "nearestOfficialVendDistanceM": 98,
    "nearestOfficialVendCoordinateConfidence": "medium",
    "analysisWarning": "Spatial association only; coordinates are approximate. This does not establish that any nearby vend contributed to crashes at this location."
   }
  },
  {
   "type": "Feature",
   "id": "crash-zone-hanuman-mandir-yamuna-bazar",
   "geometry": {
    "type": "Point",
    "coordinates": [
     77.232,
     28.665
    ]
   },
   "properties": {
    "id": "crash-zone-hanuman-mandir-yamuna-bazar",
    "name": "Hanuman Mandir Yamuna Bazar",
    "roadName": "Ring Road",
    "listedInMainTable": true,
    "simpleCrashes": 4,
    "fatalCrashes": 5,
    "totalCrashes": 9,
    "personsKilled": null,
    "personsInjured": null,
    "blackspot": false,
    "blackspotRank": null,
    "pedestrianRisk": false,
    "twoWheelerRisk": false,
    "htvRisk": false,
    "hitAndRunRisk": false,
    "nightRisk": false,
    "dayRisk": false,
    "cctvPriorityCandidate": false,
    "coordinateConfidence": "medium",
    "estimatedAccuracyM": 500,
    "properties": {
     "feature_id": "crash-zone-hanuman-mandir-yamuna-bazar",
     "location_name": "Hanuman Mandir Yamuna Bazar",
     "road_name": "Ring Road",
     "listed_in_table_6_29": true,
     "table_6_29_rank": 24,
     "all_simple_crashes": 4,
     "all_fatal_crashes": 5,
     "all_total_crashes": 9,
     "pedestrian_crash_prone": false,
     "pedestrian_simple_crashes": null,
     "pedestrian_fatal_crashes": null,
     "pedestrian_total_crashes": null,
     "two_wheeler_crash_prone": false,
     "two_wheeler_simple_crashes": null,
     "two_wheeler_fatal_crashes": null,
     "two_wheeler_total_crashes": null,
     "htv_crash_prone": false,
     "htv_simple_crashes": null,
     "htv_fatal_crashes": null,
     "htv_total_crashes": null,
     "hit_and_run_crash_prone": false,
     "hit_and_run_simple_crashes": null,
     "hit_and_run_fatal_crashes": null,
     "hit_and_run_total_crashes": null,
     "day_time_crash_prone": false,
     "day_simple_crashes": null,
     "day_fatal_crashes": null,
     "day_total_crashes": null,
     "night_time_crash_prone": false,
     "night_simple_crashes": null,
     "night_fatal_crashes": null,
     "night_total_crashes": null,
     "blackspot_2024": false,
     "blackspot_rank": null,
     "blackspot_noninjury_crashes": null,
     "blackspot_simple_crashes": null,
     "blackspot_fatal_crashes": null,
     "blackspot_total_crashes": null,
     "blackspot_persons_killed": null,
     "blackspot_persons_injured": null,
     "cctv_priority_candidate": false,
     "cctv_priority_reason": null,
     "zone_radius_m_derived": 250,
     "geometry_status": "coordinates_not_published_in_report",
     "osm_search_query": "Hanuman Mandir Yamuna Bazar, Ring Road, Delhi, India",
     "source": "Delhi Road Crash Report 2024, Delhi Traffic Police",
     "source_pdf_pages": [
      112,
      113,
      114,
      115
     ],
     "coordinate_is_approximate": true,
     "coordinate_method": "landmark_area_centre",
     "coordinate_confidence": "medium",
     "estimated_accuracy_m": 500,
     "coordinate_source": "Approximate Delhi landmark/intersection/locality centre derived from the report place name",
     "coordinate_warning": "Not the Delhi Traffic Police geotag and not a surveyed crash location.",
     "coordinate_order": "[longitude, latitude]",
     "zone_radius_m": 250,
     "zone_diameter_m": 500
    },
    "analysisYear": 2024,
    "officialVendsWithin500m": 2,
    "officialVendsWithin1km": 3,
    "officialVendsWithin2km": 10,
    "osmOnlyShopsWithin500m": 0,
    "osmOnlyShopsWithin1km": 0,
    "osmOnlyShopsWithin2km": 0,
    "nearestOfficialVend": "KASHMERE GATE",
    "nearestOfficialVendDistanceM": 479,
    "nearestOfficialVendCoordinateConfidence": "medium",
    "analysisWarning": "Spatial association only; coordinates are approximate. This does not establish that any nearby vend contributed to crashes at this location."
   }
  },
  {
   "type": "Feature",
   "id": "crash-zone-punjabi-bagh-chowk",
   "geometry": {
    "type": "Point",
    "coordinates": [
     77.132,
     28.668
    ]
   },
   "properties": {
    "id": "crash-zone-punjabi-bagh-chowk",
    "name": "Punjabi Bagh Chowk",
    "roadName": "Ring Road",
    "listedInMainTable": true,
    "simpleCrashes": 4,
    "fatalCrashes": 5,
    "totalCrashes": 9,
    "personsKilled": null,
    "personsInjured": null,
    "blackspot": false,
    "blackspotRank": null,
    "pedestrianRisk": false,
    "twoWheelerRisk": false,
    "htvRisk": false,
    "hitAndRunRisk": true,
    "nightRisk": false,
    "dayRisk": true,
    "cctvPriorityCandidate": true,
    "coordinateConfidence": "high",
    "estimatedAccuracyM": 300,
    "properties": {
     "feature_id": "crash-zone-punjabi-bagh-chowk",
     "location_name": "Punjabi Bagh Chowk",
     "road_name": "Ring Road",
     "listed_in_table_6_29": true,
     "table_6_29_rank": 25,
     "all_simple_crashes": 4,
     "all_fatal_crashes": 5,
     "all_total_crashes": 9,
     "pedestrian_crash_prone": false,
     "pedestrian_simple_crashes": null,
     "pedestrian_fatal_crashes": null,
     "pedestrian_total_crashes": null,
     "two_wheeler_crash_prone": false,
     "two_wheeler_simple_crashes": null,
     "two_wheeler_fatal_crashes": null,
     "two_wheeler_total_crashes": null,
     "htv_crash_prone": false,
     "htv_simple_crashes": null,
     "htv_fatal_crashes": null,
     "htv_total_crashes": null,
     "hit_and_run_crash_prone": true,
     "hit_and_run_simple_crashes": 3,
     "hit_and_run_fatal_crashes": 3,
     "hit_and_run_total_crashes": 6,
     "day_time_crash_prone": true,
     "day_simple_crashes": null,
     "day_fatal_crashes": null,
     "day_total_crashes": null,
     "night_time_crash_prone": false,
     "night_simple_crashes": null,
     "night_fatal_crashes": null,
     "night_total_crashes": null,
     "blackspot_2024": false,
     "blackspot_rank": null,
     "blackspot_noninjury_crashes": null,
     "blackspot_simple_crashes": null,
     "blackspot_fatal_crashes": null,
     "blackspot_total_crashes": null,
     "blackspot_persons_killed": null,
     "blackspot_persons_injured": null,
     "cctv_priority_candidate": true,
     "cctv_priority_reason": "Listed in Table 6.37 as a hit-and-run crash-prone zone; the report recommends CCTV installation at these locations.",
     "zone_radius_m_derived": 250,
     "geometry_status": "coordinates_not_published_in_report",
     "osm_search_query": "Punjabi Bagh Chowk, Ring Road, Delhi, India",
     "source": "Delhi Road Crash Report 2024, Delhi Traffic Police",
     "source_pdf_pages": [
      112,
      113,
      114,
      115,
      125,
      127
     ],
     "day_time_simple_crashes": 3,
     "day_time_fatal_crashes": 3,
     "day_time_total_crashes": 6,
     "coordinate_is_approximate": true,
     "coordinate_method": "intersection_centre",
     "coordinate_confidence": "high",
     "estimated_accuracy_m": 300,
     "coordinate_source": "Approximate Delhi landmark/intersection/locality centre derived from the report place name",
     "coordinate_warning": "Not the Delhi Traffic Police geotag and not a surveyed crash location.",
     "coordinate_order": "[longitude, latitude]",
     "zone_radius_m": 250,
     "zone_diameter_m": 500
    },
    "analysisYear": 2024,
    "officialVendsWithin500m": 2,
    "officialVendsWithin1km": 2,
    "officialVendsWithin2km": 7,
    "osmOnlyShopsWithin500m": 0,
    "osmOnlyShopsWithin1km": 0,
    "osmOnlyShopsWithin2km": 0,
    "nearestOfficialVend": "EAST PUNJABI BAGH",
    "nearestOfficialVendDistanceM": 0,
    "nearestOfficialVendCoordinateConfidence": "medium",
    "analysisWarning": "Spatial association only; coordinates are approximate. This does not establish that any nearby vend contributed to crashes at this location."
   }
  },
  {
   "type": "Feature",
   "id": "crash-zone-mukarba-chowk",
   "geometry": {
    "type": "Point",
    "coordinates": [
     77.155,
     28.733
    ]
   },
   "properties": {
    "id": "crash-zone-mukarba-chowk",
    "name": "Mukarba Chowk",
    "roadName": "GTK Road",
    "listedInMainTable": true,
    "simpleCrashes": 3,
    "fatalCrashes": 5,
    "totalCrashes": 8,
    "personsKilled": null,
    "personsInjured": null,
    "blackspot": false,
    "blackspotRank": null,
    "pedestrianRisk": false,
    "twoWheelerRisk": true,
    "htvRisk": false,
    "hitAndRunRisk": true,
    "nightRisk": true,
    "dayRisk": false,
    "cctvPriorityCandidate": true,
    "coordinateConfidence": "high",
    "estimatedAccuracyM": 300,
    "properties": {
     "feature_id": "crash-zone-mukarba-chowk",
     "location_name": "Mukarba Chowk",
     "road_name": "GTK Road",
     "listed_in_table_6_29": true,
     "table_6_29_rank": 26,
     "all_simple_crashes": 3,
     "all_fatal_crashes": 5,
     "all_total_crashes": 8,
     "pedestrian_crash_prone": false,
     "pedestrian_simple_crashes": null,
     "pedestrian_fatal_crashes": null,
     "pedestrian_total_crashes": null,
     "two_wheeler_crash_prone": true,
     "two_wheeler_simple_crashes": 0,
     "two_wheeler_fatal_crashes": 3,
     "two_wheeler_total_crashes": 3,
     "htv_crash_prone": false,
     "htv_simple_crashes": null,
     "htv_fatal_crashes": null,
     "htv_total_crashes": null,
     "hit_and_run_crash_prone": true,
     "hit_and_run_simple_crashes": 1,
     "hit_and_run_fatal_crashes": 3,
     "hit_and_run_total_crashes": 4,
     "day_time_crash_prone": false,
     "day_simple_crashes": null,
     "day_fatal_crashes": null,
     "day_total_crashes": null,
     "night_time_crash_prone": true,
     "night_simple_crashes": null,
     "night_fatal_crashes": null,
     "night_total_crashes": null,
     "blackspot_2024": false,
     "blackspot_rank": null,
     "blackspot_noninjury_crashes": null,
     "blackspot_simple_crashes": null,
     "blackspot_fatal_crashes": null,
     "blackspot_total_crashes": null,
     "blackspot_persons_killed": null,
     "blackspot_persons_injured": null,
     "cctv_priority_candidate": true,
     "cctv_priority_reason": "Listed in Table 6.37 as a hit-and-run crash-prone zone; the report recommends CCTV installation at these locations.",
     "zone_radius_m_derived": 250,
     "geometry_status": "coordinates_not_published_in_report",
     "osm_search_query": "Mukarba Chowk, GTK Road, Delhi, India",
     "source": "Delhi Road Crash Report 2024, Delhi Traffic Police",
     "source_pdf_pages": [
      112,
      113,
      114,
      115,
      122,
      125,
      128,
      129
     ],
     "night_time_simple_crashes": 1,
     "night_time_fatal_crashes": 5,
     "night_time_total_crashes": 6,
     "coordinate_is_approximate": true,
     "coordinate_method": "intersection_centre",
     "coordinate_confidence": "high",
     "estimated_accuracy_m": 300,
     "coordinate_source": "Approximate Delhi landmark/intersection/locality centre derived from the report place name",
     "coordinate_warning": "Not the Delhi Traffic Police geotag and not a surveyed crash location.",
     "coordinate_order": "[longitude, latitude]",
     "zone_radius_m": 250,
     "zone_diameter_m": 500
    },
    "analysisYear": 2024,
    "officialVendsWithin500m": 0,
    "officialVendsWithin1km": 0,
    "officialVendsWithin2km": 9,
    "osmOnlyShopsWithin500m": 0,
    "osmOnlyShopsWithin1km": 0,
    "osmOnlyShopsWithin2km": 0,
    "nearestOfficialVend": "JAHANGIR PURI",
    "nearestOfficialVendDistanceM": 1121,
    "nearestOfficialVendCoordinateConfidence": "medium",
    "analysisWarning": "Spatial association only; coordinates are approximate. This does not establish that any nearby vend contributed to crashes at this location."
   }
  },
  {
   "type": "Feature",
   "id": "crash-zone-shamshan-ghat-geeta-colony",
   "geometry": {
    "type": "Point",
    "coordinates": [
     77.274,
     28.657
    ]
   },
   "properties": {
    "id": "crash-zone-shamshan-ghat-geeta-colony",
    "name": "Shamshan Ghat Geeta Colony",
    "roadName": "Yamuna Pusta Road",
    "listedInMainTable": true,
    "simpleCrashes": 3,
    "fatalCrashes": 5,
    "totalCrashes": 8,
    "personsKilled": null,
    "personsInjured": null,
    "blackspot": false,
    "blackspotRank": null,
    "pedestrianRisk": true,
    "twoWheelerRisk": false,
    "htvRisk": false,
    "hitAndRunRisk": true,
    "nightRisk": true,
    "dayRisk": false,
    "cctvPriorityCandidate": true,
    "coordinateConfidence": "medium",
    "estimatedAccuracyM": 600,
    "properties": {
     "feature_id": "crash-zone-shamshan-ghat-geeta-colony",
     "location_name": "Shamshan Ghat Geeta Colony",
     "road_name": "Yamuna Pusta Road",
     "listed_in_table_6_29": true,
     "table_6_29_rank": 27,
     "all_simple_crashes": 3,
     "all_fatal_crashes": 5,
     "all_total_crashes": 8,
     "pedestrian_crash_prone": true,
     "pedestrian_simple_crashes": 3,
     "pedestrian_fatal_crashes": 3,
     "pedestrian_total_crashes": 6,
     "two_wheeler_crash_prone": false,
     "two_wheeler_simple_crashes": null,
     "two_wheeler_fatal_crashes": null,
     "two_wheeler_total_crashes": null,
     "htv_crash_prone": false,
     "htv_simple_crashes": null,
     "htv_fatal_crashes": null,
     "htv_total_crashes": null,
     "hit_and_run_crash_prone": true,
     "hit_and_run_simple_crashes": 0,
     "hit_and_run_fatal_crashes": 4,
     "hit_and_run_total_crashes": 4,
     "day_time_crash_prone": false,
     "day_simple_crashes": null,
     "day_fatal_crashes": null,
     "day_total_crashes": null,
     "night_time_crash_prone": true,
     "night_simple_crashes": null,
     "night_fatal_crashes": null,
     "night_total_crashes": null,
     "blackspot_2024": false,
     "blackspot_rank": null,
     "blackspot_noninjury_crashes": null,
     "blackspot_simple_crashes": null,
     "blackspot_fatal_crashes": null,
     "blackspot_total_crashes": null,
     "blackspot_persons_killed": null,
     "blackspot_persons_injured": null,
     "cctv_priority_candidate": true,
     "cctv_priority_reason": "Listed in Table 6.37 as a hit-and-run crash-prone zone; the report recommends CCTV installation at these locations.",
     "zone_radius_m_derived": 250,
     "geometry_status": "coordinates_not_published_in_report",
     "osm_search_query": "Shamshan Ghat Geeta Colony, Yamuna Pusta Road, Delhi, India",
     "source": "Delhi Road Crash Report 2024, Delhi Traffic Police",
     "source_pdf_pages": [
      112,
      113,
      114,
      115,
      120,
      125,
      128,
      129
     ],
     "night_time_simple_crashes": 0,
     "night_time_fatal_crashes": 3,
     "night_time_total_crashes": 3,
     "coordinate_is_approximate": true,
     "coordinate_method": "landmark_area_centre",
     "coordinate_confidence": "medium",
     "estimated_accuracy_m": 600,
     "coordinate_source": "Approximate Delhi landmark/intersection/locality centre derived from the report place name",
     "coordinate_warning": "Not the Delhi Traffic Police geotag and not a surveyed crash location.",
     "coordinate_order": "[longitude, latitude]",
     "zone_radius_m": 250,
     "zone_diameter_m": 500
    },
    "analysisYear": 2024,
    "officialVendsWithin500m": 0,
    "officialVendsWithin1km": 6,
    "officialVendsWithin2km": 11,
    "osmOnlyShopsWithin500m": 0,
    "osmOnlyShopsWithin1km": 0,
    "osmOnlyShopsWithin2km": 0,
    "nearestOfficialVend": "KRISHNA NAGAR A4/17",
    "nearestOfficialVendDistanceM": 500,
    "nearestOfficialVendCoordinateConfidence": "medium",
    "analysisWarning": "Spatial association only; coordinates are approximate. This does not establish that any nearby vend contributed to crashes at this location."
   }
  },
  {
   "type": "Feature",
   "id": "crash-zone-goyla-village-najafgarh",
   "geometry": {
    "type": "Point",
    "coordinates": [
     77.025,
     28.609
    ]
   },
   "properties": {
    "id": "crash-zone-goyla-village-najafgarh",
    "name": "Goyla Village Najafgarh",
    "roadName": "Goyla Dairy Road",
    "listedInMainTable": true,
    "simpleCrashes": 2,
    "fatalCrashes": 5,
    "totalCrashes": 7,
    "personsKilled": null,
    "personsInjured": null,
    "blackspot": false,
    "blackspotRank": null,
    "pedestrianRisk": false,
    "twoWheelerRisk": false,
    "htvRisk": false,
    "hitAndRunRisk": false,
    "nightRisk": false,
    "dayRisk": true,
    "cctvPriorityCandidate": false,
    "coordinateConfidence": "medium",
    "estimatedAccuracyM": 900,
    "properties": {
     "feature_id": "crash-zone-goyla-village-najafgarh",
     "location_name": "Goyla Village Najafgarh",
     "road_name": "Goyla Dairy Road",
     "listed_in_table_6_29": true,
     "table_6_29_rank": 28,
     "all_simple_crashes": 2,
     "all_fatal_crashes": 5,
     "all_total_crashes": 7,
     "pedestrian_crash_prone": false,
     "pedestrian_simple_crashes": null,
     "pedestrian_fatal_crashes": null,
     "pedestrian_total_crashes": null,
     "two_wheeler_crash_prone": false,
     "two_wheeler_simple_crashes": null,
     "two_wheeler_fatal_crashes": null,
     "two_wheeler_total_crashes": null,
     "htv_crash_prone": false,
     "htv_simple_crashes": null,
     "htv_fatal_crashes": null,
     "htv_total_crashes": null,
     "hit_and_run_crash_prone": false,
     "hit_and_run_simple_crashes": null,
     "hit_and_run_fatal_crashes": null,
     "hit_and_run_total_crashes": null,
     "day_time_crash_prone": true,
     "day_simple_crashes": null,
     "day_fatal_crashes": null,
     "day_total_crashes": null,
     "night_time_crash_prone": false,
     "night_simple_crashes": null,
     "night_fatal_crashes": null,
     "night_total_crashes": null,
     "blackspot_2024": false,
     "blackspot_rank": null,
     "blackspot_noninjury_crashes": null,
     "blackspot_simple_crashes": null,
     "blackspot_fatal_crashes": null,
     "blackspot_total_crashes": null,
     "blackspot_persons_killed": null,
     "blackspot_persons_injured": null,
     "cctv_priority_candidate": false,
     "cctv_priority_reason": null,
     "zone_radius_m_derived": 250,
     "geometry_status": "coordinates_not_published_in_report",
     "osm_search_query": "Goyla Village Najafgarh, Goyla Dairy Road, Delhi, India",
     "source": "Delhi Road Crash Report 2024, Delhi Traffic Police",
     "source_pdf_pages": [
      112,
      113,
      114,
      115,
      127
     ],
     "day_time_simple_crashes": 1,
     "day_time_fatal_crashes": 3,
     "day_time_total_crashes": 4,
     "coordinate_is_approximate": true,
     "coordinate_method": "village_centre",
     "coordinate_confidence": "medium",
     "estimated_accuracy_m": 900,
     "coordinate_source": "Approximate Delhi landmark/intersection/locality centre derived from the report place name",
     "coordinate_warning": "Not the Delhi Traffic Police geotag and not a surveyed crash location.",
     "coordinate_order": "[longitude, latitude]",
     "zone_radius_m": 250,
     "zone_diameter_m": 500
    },
    "analysisYear": 2024,
    "officialVendsWithin500m": 1,
    "officialVendsWithin1km": 1,
    "officialVendsWithin2km": 2,
    "osmOnlyShopsWithin500m": 0,
    "osmOnlyShopsWithin1km": 0,
    "osmOnlyShopsWithin2km": 0,
    "nearestOfficialVend": "SHYAM VIHAR (DML)",
    "nearestOfficialVendDistanceM": 0,
    "nearestOfficialVendCoordinateConfidence": "medium",
    "analysisWarning": "Spatial association only; coordinates are approximate. This does not establish that any nearby vend contributed to crashes at this location."
   }
  },
  {
   "type": "Feature",
   "id": "crash-zone-gandhi-vihar-bus-stand",
   "geometry": {
    "type": "Point",
    "coordinates": [
     77.226,
     28.711
    ]
   },
   "properties": {
    "id": "crash-zone-gandhi-vihar-bus-stand",
    "name": "Gandhi Vihar Bus Stand",
    "roadName": "Outer Ring Road",
    "listedInMainTable": true,
    "simpleCrashes": 2,
    "fatalCrashes": 5,
    "totalCrashes": 7,
    "personsKilled": null,
    "personsInjured": null,
    "blackspot": false,
    "blackspotRank": null,
    "pedestrianRisk": false,
    "twoWheelerRisk": true,
    "htvRisk": false,
    "hitAndRunRisk": false,
    "nightRisk": false,
    "dayRisk": true,
    "cctvPriorityCandidate": false,
    "coordinateConfidence": "medium",
    "estimatedAccuracyM": 600,
    "properties": {
     "feature_id": "crash-zone-gandhi-vihar-bus-stand",
     "location_name": "Gandhi Vihar Bus Stand",
     "road_name": "Outer Ring Road",
     "listed_in_table_6_29": true,
     "table_6_29_rank": 29,
     "all_simple_crashes": 2,
     "all_fatal_crashes": 5,
     "all_total_crashes": 7,
     "pedestrian_crash_prone": false,
     "pedestrian_simple_crashes": null,
     "pedestrian_fatal_crashes": null,
     "pedestrian_total_crashes": null,
     "two_wheeler_crash_prone": true,
     "two_wheeler_simple_crashes": 1,
     "two_wheeler_fatal_crashes": 3,
     "two_wheeler_total_crashes": 4,
     "htv_crash_prone": false,
     "htv_simple_crashes": null,
     "htv_fatal_crashes": null,
     "htv_total_crashes": null,
     "hit_and_run_crash_prone": false,
     "hit_and_run_simple_crashes": null,
     "hit_and_run_fatal_crashes": null,
     "hit_and_run_total_crashes": null,
     "day_time_crash_prone": true,
     "day_simple_crashes": null,
     "day_fatal_crashes": null,
     "day_total_crashes": null,
     "night_time_crash_prone": false,
     "night_simple_crashes": null,
     "night_fatal_crashes": null,
     "night_total_crashes": null,
     "blackspot_2024": false,
     "blackspot_rank": null,
     "blackspot_noninjury_crashes": null,
     "blackspot_simple_crashes": null,
     "blackspot_fatal_crashes": null,
     "blackspot_total_crashes": null,
     "blackspot_persons_killed": null,
     "blackspot_persons_injured": null,
     "cctv_priority_candidate": false,
     "cctv_priority_reason": null,
     "zone_radius_m_derived": 250,
     "geometry_status": "coordinates_not_published_in_report",
     "osm_search_query": "Gandhi Vihar Bus Stand, Outer Ring Road, Delhi, India",
     "source": "Delhi Road Crash Report 2024, Delhi Traffic Police",
     "source_pdf_pages": [
      112,
      113,
      114,
      115,
      122,
      127
     ],
     "day_time_simple_crashes": 1,
     "day_time_fatal_crashes": 3,
     "day_time_total_crashes": 4,
     "coordinate_is_approximate": true,
     "coordinate_method": "bus_stand_area_centre",
     "coordinate_confidence": "medium",
     "estimated_accuracy_m": 600,
     "coordinate_source": "Approximate Delhi landmark/intersection/locality centre derived from the report place name",
     "coordinate_warning": "Not the Delhi Traffic Police geotag and not a surveyed crash location.",
     "coordinate_order": "[longitude, latitude]",
     "zone_radius_m": 250,
     "zone_diameter_m": 500
    },
    "analysisYear": 2024,
    "officialVendsWithin500m": 0,
    "officialVendsWithin1km": 0,
    "officialVendsWithin2km": 3,
    "osmOnlyShopsWithin500m": 0,
    "osmOnlyShopsWithin1km": 0,
    "osmOnlyShopsWithin2km": 0,
    "nearestOfficialVend": "MAJNU KA TILA",
    "nearestOfficialVendDistanceM": 1020,
    "nearestOfficialVendCoordinateConfidence": "medium",
    "analysisWarning": "Spatial association only; coordinates are approximate. This does not establish that any nearby vend contributed to crashes at this location."
   }
  },
  {
   "type": "Feature",
   "id": "crash-zone-archana-cinema-red-light",
   "geometry": {
    "type": "Point",
    "coordinates": [
     77.235,
     28.553
    ]
   },
   "properties": {
    "id": "crash-zone-archana-cinema-red-light",
    "name": "Archana Cinema Red Light",
    "roadName": "Josef Broz Tito Marg",
    "listedInMainTable": true,
    "simpleCrashes": 2,
    "fatalCrashes": 5,
    "totalCrashes": 7,
    "personsKilled": null,
    "personsInjured": null,
    "blackspot": false,
    "blackspotRank": null,
    "pedestrianRisk": false,
    "twoWheelerRisk": false,
    "htvRisk": false,
    "hitAndRunRisk": false,
    "nightRisk": false,
    "dayRisk": true,
    "cctvPriorityCandidate": false,
    "coordinateConfidence": "high",
    "estimatedAccuracyM": 300,
    "properties": {
     "feature_id": "crash-zone-archana-cinema-red-light",
     "location_name": "Archana Cinema Red Light",
     "road_name": "Josef Broz Tito Marg",
     "listed_in_table_6_29": true,
     "table_6_29_rank": 30,
     "all_simple_crashes": 2,
     "all_fatal_crashes": 5,
     "all_total_crashes": 7,
     "pedestrian_crash_prone": false,
     "pedestrian_simple_crashes": null,
     "pedestrian_fatal_crashes": null,
     "pedestrian_total_crashes": null,
     "two_wheeler_crash_prone": false,
     "two_wheeler_simple_crashes": null,
     "two_wheeler_fatal_crashes": null,
     "two_wheeler_total_crashes": null,
     "htv_crash_prone": false,
     "htv_simple_crashes": null,
     "htv_fatal_crashes": null,
     "htv_total_crashes": null,
     "hit_and_run_crash_prone": false,
     "hit_and_run_simple_crashes": null,
     "hit_and_run_fatal_crashes": null,
     "hit_and_run_total_crashes": null,
     "day_time_crash_prone": true,
     "day_simple_crashes": null,
     "day_fatal_crashes": null,
     "day_total_crashes": null,
     "night_time_crash_prone": false,
     "night_simple_crashes": null,
     "night_fatal_crashes": null,
     "night_total_crashes": null,
     "blackspot_2024": false,
     "blackspot_rank": null,
     "blackspot_noninjury_crashes": null,
     "blackspot_simple_crashes": null,
     "blackspot_fatal_crashes": null,
     "blackspot_total_crashes": null,
     "blackspot_persons_killed": null,
     "blackspot_persons_injured": null,
     "cctv_priority_candidate": false,
     "cctv_priority_reason": null,
     "zone_radius_m_derived": 250,
     "geometry_status": "coordinates_not_published_in_report",
     "osm_search_query": "Archana Cinema Red Light, Josef Broz Tito Marg, Delhi, India",
     "source": "Delhi Road Crash Report 2024, Delhi Traffic Police",
     "source_pdf_pages": [
      112,
      113,
      114,
      115,
      127
     ],
     "day_time_simple_crashes": 0,
     "day_time_fatal_crashes": 3,
     "day_time_total_crashes": 3,
     "coordinate_is_approximate": true,
     "coordinate_method": "landmark_intersection_centre",
     "coordinate_confidence": "high",
     "estimated_accuracy_m": 300,
     "coordinate_source": "Approximate Delhi landmark/intersection/locality centre derived from the report place name",
     "coordinate_warning": "Not the Delhi Traffic Police geotag and not a surveyed crash location.",
     "coordinate_order": "[longitude, latitude]",
     "zone_radius_m": 250,
     "zone_diameter_m": 500
    },
    "analysisYear": 2024,
    "officialVendsWithin500m": 1,
    "officialVendsWithin1km": 3,
    "officialVendsWithin2km": 6,
    "osmOnlyShopsWithin500m": 0,
    "osmOnlyShopsWithin1km": 0,
    "osmOnlyShopsWithin2km": 1,
    "nearestOfficialVend": "GREATER KAILASH -I",
    "nearestOfficialVendDistanceM": 296,
    "nearestOfficialVendCoordinateConfidence": "low",
    "analysisWarning": "Spatial association only; coordinates are approximate. This does not establish that any nearby vend contributed to crashes at this location."
   }
  },
  {
   "type": "Feature",
   "id": "crash-zone-sarai-kale-khan",
   "geometry": {
    "type": "Point",
    "coordinates": [
     77.255,
     28.588
    ]
   },
   "properties": {
    "id": "crash-zone-sarai-kale-khan",
    "name": "Sarai Kale Khan",
    "roadName": "Ring Road",
    "listedInMainTable": true,
    "simpleCrashes": 16,
    "fatalCrashes": 4,
    "totalCrashes": 20,
    "personsKilled": null,
    "personsInjured": null,
    "blackspot": false,
    "blackspotRank": null,
    "pedestrianRisk": true,
    "twoWheelerRisk": false,
    "htvRisk": true,
    "hitAndRunRisk": true,
    "nightRisk": true,
    "dayRisk": true,
    "cctvPriorityCandidate": true,
    "coordinateConfidence": "high",
    "estimatedAccuracyM": 350,
    "properties": {
     "feature_id": "crash-zone-sarai-kale-khan",
     "location_name": "Sarai Kale Khan",
     "road_name": "Ring Road",
     "listed_in_table_6_29": true,
     "table_6_29_rank": 31,
     "all_simple_crashes": 16,
     "all_fatal_crashes": 4,
     "all_total_crashes": 20,
     "pedestrian_crash_prone": true,
     "pedestrian_simple_crashes": 8,
     "pedestrian_fatal_crashes": 2,
     "pedestrian_total_crashes": 10,
     "two_wheeler_crash_prone": false,
     "two_wheeler_simple_crashes": null,
     "two_wheeler_fatal_crashes": null,
     "two_wheeler_total_crashes": null,
     "htv_crash_prone": true,
     "htv_simple_crashes": 3,
     "htv_fatal_crashes": 1,
     "htv_total_crashes": 4,
     "hit_and_run_crash_prone": true,
     "hit_and_run_simple_crashes": 4,
     "hit_and_run_fatal_crashes": 3,
     "hit_and_run_total_crashes": 7,
     "day_time_crash_prone": true,
     "day_simple_crashes": null,
     "day_fatal_crashes": null,
     "day_total_crashes": null,
     "night_time_crash_prone": true,
     "night_simple_crashes": null,
     "night_fatal_crashes": null,
     "night_total_crashes": null,
     "blackspot_2024": false,
     "blackspot_rank": null,
     "blackspot_noninjury_crashes": null,
     "blackspot_simple_crashes": null,
     "blackspot_fatal_crashes": null,
     "blackspot_total_crashes": null,
     "blackspot_persons_killed": null,
     "blackspot_persons_injured": null,
     "cctv_priority_candidate": true,
     "cctv_priority_reason": "Listed in Table 6.37 as a hit-and-run crash-prone zone; the report recommends CCTV installation at these locations.",
     "zone_radius_m_derived": 250,
     "geometry_status": "coordinates_not_published_in_report",
     "osm_search_query": "Sarai Kale Khan, Ring Road, Delhi, India",
     "source": "Delhi Road Crash Report 2024, Delhi Traffic Police",
     "source_pdf_pages": [
      112,
      113,
      114,
      115,
      120,
      123,
      125,
      127,
      128,
      129
     ],
     "day_time_simple_crashes": 9,
     "day_time_fatal_crashes": 1,
     "day_time_total_crashes": 10,
     "night_time_simple_crashes": 7,
     "night_time_fatal_crashes": 3,
     "night_time_total_crashes": 10,
     "coordinate_is_approximate": true,
     "coordinate_method": "transport_hub_centre",
     "coordinate_confidence": "high",
     "estimated_accuracy_m": 350,
     "coordinate_source": "Approximate Delhi landmark/intersection/locality centre derived from the report place name",
     "coordinate_warning": "Not the Delhi Traffic Police geotag and not a surveyed crash location.",
     "coordinate_order": "[longitude, latitude]",
     "zone_radius_m": 250,
     "zone_diameter_m": 500
    },
    "analysisYear": 2024,
    "officialVendsWithin500m": 0,
    "officialVendsWithin1km": 0,
    "officialVendsWithin2km": 2,
    "osmOnlyShopsWithin500m": 0,
    "osmOnlyShopsWithin1km": 0,
    "osmOnlyShopsWithin2km": 0,
    "nearestOfficialVend": "JANGPURA ROAD",
    "nearestOfficialVendDistanceM": 1040,
    "nearestOfficialVendCoordinateConfidence": "medium",
    "analysisWarning": "Spatial association only; coordinates are approximate. This does not establish that any nearby vend contributed to crashes at this location."
   }
  },
  {
   "type": "Feature",
   "id": "crash-zone-kashmiri-gate-chowk-boulevard-road",
   "geometry": {
    "type": "Point",
    "coordinates": [
     77.229,
     28.667
    ]
   },
   "properties": {
    "id": "crash-zone-kashmiri-gate-chowk-boulevard-road",
    "name": "Kashmiri Gate Chowk Boulevard Road",
    "roadName": "Boulevard Road",
    "listedInMainTable": true,
    "simpleCrashes": 14,
    "fatalCrashes": 4,
    "totalCrashes": 18,
    "personsKilled": null,
    "personsInjured": null,
    "blackspot": false,
    "blackspotRank": null,
    "pedestrianRisk": true,
    "twoWheelerRisk": false,
    "htvRisk": false,
    "hitAndRunRisk": false,
    "nightRisk": true,
    "dayRisk": false,
    "cctvPriorityCandidate": false,
    "coordinateConfidence": "high",
    "estimatedAccuracyM": 300,
    "properties": {
     "feature_id": "crash-zone-kashmiri-gate-chowk-boulevard-road",
     "location_name": "Kashmiri Gate Chowk Boulevard Road",
     "road_name": "Boulevard Road",
     "listed_in_table_6_29": true,
     "table_6_29_rank": 32,
     "all_simple_crashes": 14,
     "all_fatal_crashes": 4,
     "all_total_crashes": 18,
     "pedestrian_crash_prone": true,
     "pedestrian_simple_crashes": 8,
     "pedestrian_fatal_crashes": 4,
     "pedestrian_total_crashes": 12,
     "two_wheeler_crash_prone": false,
     "two_wheeler_simple_crashes": null,
     "two_wheeler_fatal_crashes": null,
     "two_wheeler_total_crashes": null,
     "htv_crash_prone": false,
     "htv_simple_crashes": null,
     "htv_fatal_crashes": null,
     "htv_total_crashes": null,
     "hit_and_run_crash_prone": false,
     "hit_and_run_simple_crashes": null,
     "hit_and_run_fatal_crashes": null,
     "hit_and_run_total_crashes": null,
     "day_time_crash_prone": false,
     "day_simple_crashes": null,
     "day_fatal_crashes": null,
     "day_total_crashes": null,
     "night_time_crash_prone": true,
     "night_simple_crashes": null,
     "night_fatal_crashes": null,
     "night_total_crashes": null,
     "blackspot_2024": false,
     "blackspot_rank": null,
     "blackspot_noninjury_crashes": null,
     "blackspot_simple_crashes": null,
     "blackspot_fatal_crashes": null,
     "blackspot_total_crashes": null,
     "blackspot_persons_killed": null,
     "blackspot_persons_injured": null,
     "cctv_priority_candidate": false,
     "cctv_priority_reason": null,
     "zone_radius_m_derived": 250,
     "geometry_status": "coordinates_not_published_in_report",
     "osm_search_query": "Kashmiri Gate Chowk Boulevard Road, Boulevard Road, Delhi, India",
     "source": "Delhi Road Crash Report 2024, Delhi Traffic Police",
     "source_pdf_pages": [
      112,
      113,
      114,
      115,
      120,
      128,
      129
     ],
     "night_time_simple_crashes": 8,
     "night_time_fatal_crashes": 2,
     "night_time_total_crashes": 10,
     "coordinate_is_approximate": true,
     "coordinate_method": "intersection_centre",
     "coordinate_confidence": "high",
     "estimated_accuracy_m": 300,
     "coordinate_source": "Approximate Delhi landmark/intersection/locality centre derived from the report place name",
     "coordinate_warning": "Not the Delhi Traffic Police geotag and not a surveyed crash location.",
     "coordinate_order": "[longitude, latitude]",
     "zone_radius_m": 250,
     "zone_diameter_m": 500
    },
    "analysisYear": 2024,
    "officialVendsWithin500m": 2,
    "officialVendsWithin1km": 2,
    "officialVendsWithin2km": 7,
    "osmOnlyShopsWithin500m": 0,
    "osmOnlyShopsWithin1km": 0,
    "osmOnlyShopsWithin2km": 0,
    "nearestOfficialVend": "KASHMERE GATE",
    "nearestOfficialVendDistanceM": 112,
    "nearestOfficialVendCoordinateConfidence": "medium",
    "analysisWarning": "Spatial association only; coordinates are approximate. This does not establish that any nearby vend contributed to crashes at this location."
   }
  },
  {
   "type": "Feature",
   "id": "crash-zone-burari-chowk",
   "geometry": {
    "type": "Point",
    "coordinates": [
     77.199,
     28.745
    ]
   },
   "properties": {
    "id": "crash-zone-burari-chowk",
    "name": "Burari Chowk",
    "roadName": "Outer Ring Road",
    "listedInMainTable": true,
    "simpleCrashes": 12,
    "fatalCrashes": 4,
    "totalCrashes": 16,
    "personsKilled": null,
    "personsInjured": null,
    "blackspot": false,
    "blackspotRank": null,
    "pedestrianRisk": false,
    "twoWheelerRisk": false,
    "htvRisk": false,
    "hitAndRunRisk": true,
    "nightRisk": true,
    "dayRisk": false,
    "cctvPriorityCandidate": true,
    "coordinateConfidence": "medium",
    "estimatedAccuracyM": 550,
    "properties": {
     "feature_id": "crash-zone-burari-chowk",
     "location_name": "Burari Chowk",
     "road_name": "Outer Ring Road",
     "listed_in_table_6_29": true,
     "table_6_29_rank": 33,
     "all_simple_crashes": 12,
     "all_fatal_crashes": 4,
     "all_total_crashes": 16,
     "pedestrian_crash_prone": false,
     "pedestrian_simple_crashes": null,
     "pedestrian_fatal_crashes": null,
     "pedestrian_total_crashes": null,
     "two_wheeler_crash_prone": false,
     "two_wheeler_simple_crashes": null,
     "two_wheeler_fatal_crashes": null,
     "two_wheeler_total_crashes": null,
     "htv_crash_prone": false,
     "htv_simple_crashes": null,
     "htv_fatal_crashes": null,
     "htv_total_crashes": null,
     "hit_and_run_crash_prone": true,
     "hit_and_run_simple_crashes": 6,
     "hit_and_run_fatal_crashes": 3,
     "hit_and_run_total_crashes": 9,
     "day_time_crash_prone": false,
     "day_simple_crashes": null,
     "day_fatal_crashes": null,
     "day_total_crashes": null,
     "night_time_crash_prone": true,
     "night_simple_crashes": null,
     "night_fatal_crashes": null,
     "night_total_crashes": null,
     "blackspot_2024": false,
     "blackspot_rank": null,
     "blackspot_noninjury_crashes": null,
     "blackspot_simple_crashes": null,
     "blackspot_fatal_crashes": null,
     "blackspot_total_crashes": null,
     "blackspot_persons_killed": null,
     "blackspot_persons_injured": null,
     "cctv_priority_candidate": true,
     "cctv_priority_reason": "Listed in Table 6.37 as a hit-and-run crash-prone zone; the report recommends CCTV installation at these locations.",
     "zone_radius_m_derived": 250,
     "geometry_status": "coordinates_not_published_in_report",
     "osm_search_query": "Burari Chowk, Outer Ring Road, Delhi, India",
     "source": "Delhi Road Crash Report 2024, Delhi Traffic Police",
     "source_pdf_pages": [
      112,
      113,
      114,
      115,
      125,
      128,
      129
     ],
     "night_time_simple_crashes": 4,
     "night_time_fatal_crashes": 3,
     "night_time_total_crashes": 7,
     "coordinate_is_approximate": true,
     "coordinate_method": "intersection_centre",
     "coordinate_confidence": "medium",
     "estimated_accuracy_m": 550,
     "coordinate_source": "Approximate Delhi landmark/intersection/locality centre derived from the report place name",
     "coordinate_warning": "Not the Delhi Traffic Police geotag and not a surveyed crash location.",
     "coordinate_order": "[longitude, latitude]",
     "zone_radius_m": 250,
     "zone_diameter_m": 500
    },
    "analysisYear": 2024,
    "officialVendsWithin500m": 0,
    "officialVendsWithin1km": 0,
    "officialVendsWithin2km": 0,
    "osmOnlyShopsWithin500m": 0,
    "osmOnlyShopsWithin1km": 0,
    "osmOnlyShopsWithin2km": 0,
    "nearestOfficialVend": "JHARODA MAJRA (DML)",
    "nearestOfficialVendDistanceM": 2881,
    "nearestOfficialVendCoordinateConfidence": "medium",
    "analysisWarning": "Spatial association only; coordinates are approximate. This does not establish that any nearby vend contributed to crashes at this location."
   }
  },
  {
   "type": "Feature",
   "id": "crash-zone-adarsh-nagar",
   "geometry": {
    "type": "Point",
    "coordinates": [
     77.17,
     28.716
    ]
   },
   "properties": {
    "id": "crash-zone-adarsh-nagar",
    "name": "Adarsh Nagar",
    "roadName": "GTK Road",
    "listedInMainTable": true,
    "simpleCrashes": 12,
    "fatalCrashes": 4,
    "totalCrashes": 16,
    "personsKilled": null,
    "personsInjured": null,
    "blackspot": false,
    "blackspotRank": null,
    "pedestrianRisk": true,
    "twoWheelerRisk": false,
    "htvRisk": true,
    "hitAndRunRisk": false,
    "nightRisk": true,
    "dayRisk": false,
    "cctvPriorityCandidate": false,
    "coordinateConfidence": "medium",
    "estimatedAccuracyM": 650,
    "properties": {
     "feature_id": "crash-zone-adarsh-nagar",
     "location_name": "Adarsh Nagar",
     "road_name": "GTK Road",
     "listed_in_table_6_29": true,
     "table_6_29_rank": 34,
     "all_simple_crashes": 12,
     "all_fatal_crashes": 4,
     "all_total_crashes": 16,
     "pedestrian_crash_prone": true,
     "pedestrian_simple_crashes": 6,
     "pedestrian_fatal_crashes": 4,
     "pedestrian_total_crashes": 10,
     "two_wheeler_crash_prone": false,
     "two_wheeler_simple_crashes": null,
     "two_wheeler_fatal_crashes": null,
     "two_wheeler_total_crashes": null,
     "htv_crash_prone": true,
     "htv_simple_crashes": 3,
     "htv_fatal_crashes": 3,
     "htv_total_crashes": 6,
     "hit_and_run_crash_prone": false,
     "hit_and_run_simple_crashes": null,
     "hit_and_run_fatal_crashes": null,
     "hit_and_run_total_crashes": null,
     "day_time_crash_prone": false,
     "day_simple_crashes": null,
     "day_fatal_crashes": null,
     "day_total_crashes": null,
     "night_time_crash_prone": true,
     "night_simple_crashes": null,
     "night_fatal_crashes": null,
     "night_total_crashes": null,
     "blackspot_2024": false,
     "blackspot_rank": null,
     "blackspot_noninjury_crashes": null,
     "blackspot_simple_crashes": null,
     "blackspot_fatal_crashes": null,
     "blackspot_total_crashes": null,
     "blackspot_persons_killed": null,
     "blackspot_persons_injured": null,
     "cctv_priority_candidate": false,
     "cctv_priority_reason": null,
     "zone_radius_m_derived": 250,
     "geometry_status": "coordinates_not_published_in_report",
     "osm_search_query": "Adarsh Nagar, GTK Road, Delhi, India",
     "source": "Delhi Road Crash Report 2024, Delhi Traffic Police",
     "source_pdf_pages": [
      112,
      113,
      114,
      115,
      120,
      123,
      128,
      129
     ],
     "night_time_simple_crashes": 5,
     "night_time_fatal_crashes": 3,
     "night_time_total_crashes": 8,
     "coordinate_is_approximate": true,
     "coordinate_method": "locality_centre",
     "coordinate_confidence": "medium",
     "estimated_accuracy_m": 650,
     "coordinate_source": "Approximate Delhi landmark/intersection/locality centre derived from the report place name",
     "coordinate_warning": "Not the Delhi Traffic Police geotag and not a surveyed crash location.",
     "coordinate_order": "[longitude, latitude]",
     "zone_radius_m": 250,
     "zone_diameter_m": 500
    },
    "analysisYear": 2024,
    "officialVendsWithin500m": 0,
    "officialVendsWithin1km": 0,
    "officialVendsWithin2km": 12,
    "osmOnlyShopsWithin500m": 0,
    "osmOnlyShopsWithin1km": 0,
    "osmOnlyShopsWithin2km": 0,
    "nearestOfficialVend": "AZADPUR",
    "nearestOfficialVendDistanceM": 1214,
    "nearestOfficialVendCoordinateConfidence": "medium",
    "analysisWarning": "Spatial association only; coordinates are approximate. This does not establish that any nearby vend contributed to crashes at this location."
   }
  },
  {
   "type": "Feature",
   "id": "crash-zone-chhatra-marg-crossing",
   "geometry": {
    "type": "Point",
    "coordinates": [
     77.208,
     28.688
    ]
   },
   "properties": {
    "id": "crash-zone-chhatra-marg-crossing",
    "name": "Chhatra Marg Crossing",
    "roadName": "Ring Road",
    "listedInMainTable": true,
    "simpleCrashes": 12,
    "fatalCrashes": 4,
    "totalCrashes": 16,
    "personsKilled": null,
    "personsInjured": null,
    "blackspot": false,
    "blackspotRank": null,
    "pedestrianRisk": true,
    "twoWheelerRisk": false,
    "htvRisk": false,
    "hitAndRunRisk": false,
    "nightRisk": false,
    "dayRisk": true,
    "cctvPriorityCandidate": false,
    "coordinateConfidence": "medium",
    "estimatedAccuracyM": 500,
    "properties": {
     "feature_id": "crash-zone-chhatra-marg-crossing",
     "location_name": "Chhatra Marg Crossing",
     "road_name": "Ring Road",
     "listed_in_table_6_29": true,
     "table_6_29_rank": 35,
     "all_simple_crashes": 12,
     "all_fatal_crashes": 4,
     "all_total_crashes": 16,
     "pedestrian_crash_prone": true,
     "pedestrian_simple_crashes": 8,
     "pedestrian_fatal_crashes": 2,
     "pedestrian_total_crashes": 10,
     "two_wheeler_crash_prone": false,
     "two_wheeler_simple_crashes": null,
     "two_wheeler_fatal_crashes": null,
     "two_wheeler_total_crashes": null,
     "htv_crash_prone": false,
     "htv_simple_crashes": null,
     "htv_fatal_crashes": null,
     "htv_total_crashes": null,
     "hit_and_run_crash_prone": false,
     "hit_and_run_simple_crashes": null,
     "hit_and_run_fatal_crashes": null,
     "hit_and_run_total_crashes": null,
     "day_time_crash_prone": true,
     "day_simple_crashes": null,
     "day_fatal_crashes": null,
     "day_total_crashes": null,
     "night_time_crash_prone": false,
     "night_simple_crashes": null,
     "night_fatal_crashes": null,
     "night_total_crashes": null,
     "blackspot_2024": false,
     "blackspot_rank": null,
     "blackspot_noninjury_crashes": null,
     "blackspot_simple_crashes": null,
     "blackspot_fatal_crashes": null,
     "blackspot_total_crashes": null,
     "blackspot_persons_killed": null,
     "blackspot_persons_injured": null,
     "cctv_priority_candidate": false,
     "cctv_priority_reason": null,
     "zone_radius_m_derived": 250,
     "geometry_status": "coordinates_not_published_in_report",
     "osm_search_query": "Chhatra Marg Crossing, Ring Road, Delhi, India",
     "source": "Delhi Road Crash Report 2024, Delhi Traffic Police",
     "source_pdf_pages": [
      112,
      113,
      114,
      115,
      120,
      127
     ],
     "day_time_simple_crashes": 9,
     "day_time_fatal_crashes": 3,
     "day_time_total_crashes": 12,
     "coordinate_is_approximate": true,
     "coordinate_method": "intersection_centre",
     "coordinate_confidence": "medium",
     "estimated_accuracy_m": 500,
     "coordinate_source": "Approximate Delhi landmark/intersection/locality centre derived from the report place name",
     "coordinate_warning": "Not the Delhi Traffic Police geotag and not a surveyed crash location.",
     "coordinate_order": "[longitude, latitude]",
     "zone_radius_m": 250,
     "zone_diameter_m": 500
    },
    "analysisYear": 2024,
    "officialVendsWithin500m": 0,
    "officialVendsWithin1km": 1,
    "officialVendsWithin2km": 6,
    "osmOnlyShopsWithin500m": 0,
    "osmOnlyShopsWithin1km": 0,
    "osmOnlyShopsWithin2km": 0,
    "nearestOfficialVend": "JAWAHAR NAGAR",
    "nearestOfficialVendDistanceM": 936,
    "nearestOfficialVendCoordinateConfidence": "medium",
    "analysisWarning": "Spatial association only; coordinates are approximate. This does not establish that any nearby vend contributed to crashes at this location."
   }
  },
  {
   "type": "Feature",
   "id": "crash-zone-shastri-nagar-metro-station",
   "geometry": {
    "type": "Point",
    "coordinates": [
     77.181,
     28.67
    ]
   },
   "properties": {
    "id": "crash-zone-shastri-nagar-metro-station",
    "name": "Shastri Nagar Metro Station",
    "roadName": "Vir Banda Bairagi Marg",
    "listedInMainTable": true,
    "simpleCrashes": 10,
    "fatalCrashes": 4,
    "totalCrashes": 14,
    "personsKilled": null,
    "personsInjured": null,
    "blackspot": false,
    "blackspotRank": null,
    "pedestrianRisk": true,
    "twoWheelerRisk": false,
    "htvRisk": false,
    "hitAndRunRisk": true,
    "nightRisk": false,
    "dayRisk": true,
    "cctvPriorityCandidate": true,
    "coordinateConfidence": "high",
    "estimatedAccuracyM": 150,
    "properties": {
     "feature_id": "crash-zone-shastri-nagar-metro-station",
     "location_name": "Shastri Nagar Metro Station",
     "road_name": "Vir Banda Bairagi Marg",
     "listed_in_table_6_29": true,
     "table_6_29_rank": 36,
     "all_simple_crashes": 10,
     "all_fatal_crashes": 4,
     "all_total_crashes": 14,
     "pedestrian_crash_prone": true,
     "pedestrian_simple_crashes": 5,
     "pedestrian_fatal_crashes": 3,
     "pedestrian_total_crashes": 8,
     "two_wheeler_crash_prone": false,
     "two_wheeler_simple_crashes": null,
     "two_wheeler_fatal_crashes": null,
     "two_wheeler_total_crashes": null,
     "htv_crash_prone": false,
     "htv_simple_crashes": null,
     "htv_fatal_crashes": null,
     "htv_total_crashes": null,
     "hit_and_run_crash_prone": true,
     "hit_and_run_simple_crashes": 5,
     "hit_and_run_fatal_crashes": 3,
     "hit_and_run_total_crashes": 8,
     "day_time_crash_prone": true,
     "day_simple_crashes": null,
     "day_fatal_crashes": null,
     "day_total_crashes": null,
     "night_time_crash_prone": false,
     "night_simple_crashes": null,
     "night_fatal_crashes": null,
     "night_total_crashes": null,
     "blackspot_2024": false,
     "blackspot_rank": null,
     "blackspot_noninjury_crashes": null,
     "blackspot_simple_crashes": null,
     "blackspot_fatal_crashes": null,
     "blackspot_total_crashes": null,
     "blackspot_persons_killed": null,
     "blackspot_persons_injured": null,
     "cctv_priority_candidate": true,
     "cctv_priority_reason": "Listed in Table 6.37 as a hit-and-run crash-prone zone; the report recommends CCTV installation at these locations.",
     "zone_radius_m_derived": 250,
     "geometry_status": "coordinates_not_published_in_report",
     "osm_search_query": "Shastri Nagar Metro Station, Vir Banda Bairagi Marg, Delhi, India",
     "source": "Delhi Road Crash Report 2024, Delhi Traffic Police",
     "source_pdf_pages": [
      112,
      113,
      114,
      115,
      120,
      125,
      127
     ],
     "day_time_simple_crashes": 6,
     "day_time_fatal_crashes": 3,
     "day_time_total_crashes": 9,
     "coordinate_is_approximate": true,
     "coordinate_method": "metro_station_centre",
     "coordinate_confidence": "high",
     "estimated_accuracy_m": 150,
     "coordinate_source": "Approximate Delhi landmark/intersection/locality centre derived from the report place name",
     "coordinate_warning": "Not the Delhi Traffic Police geotag and not a surveyed crash location.",
     "coordinate_order": "[longitude, latitude]",
     "zone_radius_m": 250,
     "zone_diameter_m": 500
    },
    "analysisYear": 2024,
    "officialVendsWithin500m": 5,
    "officialVendsWithin1km": 5,
    "officialVendsWithin2km": 12,
    "osmOnlyShopsWithin500m": 0,
    "osmOnlyShopsWithin1km": 0,
    "osmOnlyShopsWithin2km": 0,
    "nearestOfficialVend": "SHASTRI NAGAR",
    "nearestOfficialVendDistanceM": 0,
    "nearestOfficialVendCoordinateConfidence": "medium",
    "analysisWarning": "Spatial association only; coordinates are approximate. This does not establish that any nearby vend contributed to crashes at this location."
   }
  },
  {
   "type": "Feature",
   "id": "crash-zone-majlis-park-metro-station",
   "geometry": {
    "type": "Point",
    "coordinates": [
     77.1817,
     28.7246
    ]
   },
   "properties": {
    "id": "crash-zone-majlis-park-metro-station",
    "name": "Majlis Park Metro Station",
    "roadName": "Road No.51",
    "listedInMainTable": true,
    "simpleCrashes": 7,
    "fatalCrashes": 4,
    "totalCrashes": 11,
    "personsKilled": null,
    "personsInjured": null,
    "blackspot": false,
    "blackspotRank": null,
    "pedestrianRisk": false,
    "twoWheelerRisk": true,
    "htvRisk": false,
    "hitAndRunRisk": false,
    "nightRisk": false,
    "dayRisk": true,
    "cctvPriorityCandidate": false,
    "coordinateConfidence": "high",
    "estimatedAccuracyM": 150,
    "properties": {
     "feature_id": "crash-zone-majlis-park-metro-station",
     "location_name": "Majlis Park Metro Station",
     "road_name": "Road No.51",
     "listed_in_table_6_29": true,
     "table_6_29_rank": 37,
     "all_simple_crashes": 7,
     "all_fatal_crashes": 4,
     "all_total_crashes": 11,
     "pedestrian_crash_prone": false,
     "pedestrian_simple_crashes": null,
     "pedestrian_fatal_crashes": null,
     "pedestrian_total_crashes": null,
     "two_wheeler_crash_prone": true,
     "two_wheeler_simple_crashes": 2,
     "two_wheeler_fatal_crashes": 3,
     "two_wheeler_total_crashes": 5,
     "htv_crash_prone": false,
     "htv_simple_crashes": null,
     "htv_fatal_crashes": null,
     "htv_total_crashes": null,
     "hit_and_run_crash_prone": false,
     "hit_and_run_simple_crashes": null,
     "hit_and_run_fatal_crashes": null,
     "hit_and_run_total_crashes": null,
     "day_time_crash_prone": true,
     "day_simple_crashes": null,
     "day_fatal_crashes": null,
     "day_total_crashes": null,
     "night_time_crash_prone": false,
     "night_simple_crashes": null,
     "night_fatal_crashes": null,
     "night_total_crashes": null,
     "blackspot_2024": false,
     "blackspot_rank": null,
     "blackspot_noninjury_crashes": null,
     "blackspot_simple_crashes": null,
     "blackspot_fatal_crashes": null,
     "blackspot_total_crashes": null,
     "blackspot_persons_killed": null,
     "blackspot_persons_injured": null,
     "cctv_priority_candidate": false,
     "cctv_priority_reason": null,
     "zone_radius_m_derived": 250,
     "geometry_status": "coordinates_not_published_in_report",
     "osm_search_query": "Majlis Park Metro Station, Road No.51, Delhi, India",
     "source": "Delhi Road Crash Report 2024, Delhi Traffic Police",
     "source_pdf_pages": [
      112,
      113,
      114,
      115,
      122,
      127
     ],
     "day_time_simple_crashes": 5,
     "day_time_fatal_crashes": 3,
     "day_time_total_crashes": 8,
     "coordinate_is_approximate": true,
     "coordinate_method": "metro_station_centre",
     "coordinate_confidence": "high",
     "estimated_accuracy_m": 150,
     "coordinate_source": "Approximate Delhi landmark/intersection/locality centre derived from the report place name",
     "coordinate_warning": "Not the Delhi Traffic Police geotag and not a surveyed crash location.",
     "coordinate_order": "[longitude, latitude]",
     "zone_radius_m": 250,
     "zone_diameter_m": 500
    },
    "analysisYear": 2024,
    "officialVendsWithin500m": 0,
    "officialVendsWithin1km": 0,
    "officialVendsWithin2km": 6,
    "osmOnlyShopsWithin500m": 0,
    "osmOnlyShopsWithin1km": 0,
    "osmOnlyShopsWithin2km": 0,
    "nearestOfficialVend": "SARAI PIPAL THALA",
    "nearestOfficialVendDistanceM": 1529,
    "nearestOfficialVendCoordinateConfidence": "medium",
    "analysisWarning": "Spatial association only; coordinates are approximate. This does not establish that any nearby vend contributed to crashes at this location."
   }
  },
  {
   "type": "Feature",
   "id": "crash-zone-keshopur-t-point",
   "geometry": {
    "type": "Point",
    "coordinates": [
     77.082,
     28.653
    ]
   },
   "properties": {
    "id": "crash-zone-keshopur-t-point",
    "name": "Keshopur T Point",
    "roadName": "Outer Ring Road",
    "listedInMainTable": true,
    "simpleCrashes": 7,
    "fatalCrashes": 4,
    "totalCrashes": 11,
    "personsKilled": null,
    "personsInjured": null,
    "blackspot": false,
    "blackspotRank": null,
    "pedestrianRisk": false,
    "twoWheelerRisk": false,
    "htvRisk": false,
    "hitAndRunRisk": false,
    "nightRisk": false,
    "dayRisk": false,
    "cctvPriorityCandidate": false,
    "coordinateConfidence": "medium",
    "estimatedAccuracyM": 500,
    "properties": {
     "feature_id": "crash-zone-keshopur-t-point",
     "location_name": "Keshopur T Point",
     "road_name": "Outer Ring Road",
     "listed_in_table_6_29": true,
     "table_6_29_rank": 38,
     "all_simple_crashes": 7,
     "all_fatal_crashes": 4,
     "all_total_crashes": 11,
     "pedestrian_crash_prone": false,
     "pedestrian_simple_crashes": null,
     "pedestrian_fatal_crashes": null,
     "pedestrian_total_crashes": null,
     "two_wheeler_crash_prone": false,
     "two_wheeler_simple_crashes": null,
     "two_wheeler_fatal_crashes": null,
     "two_wheeler_total_crashes": null,
     "htv_crash_prone": false,
     "htv_simple_crashes": null,
     "htv_fatal_crashes": null,
     "htv_total_crashes": null,
     "hit_and_run_crash_prone": false,
     "hit_and_run_simple_crashes": null,
     "hit_and_run_fatal_crashes": null,
     "hit_and_run_total_crashes": null,
     "day_time_crash_prone": false,
     "day_simple_crashes": null,
     "day_fatal_crashes": null,
     "day_total_crashes": null,
     "night_time_crash_prone": false,
     "night_simple_crashes": null,
     "night_fatal_crashes": null,
     "night_total_crashes": null,
     "blackspot_2024": false,
     "blackspot_rank": null,
     "blackspot_noninjury_crashes": null,
     "blackspot_simple_crashes": null,
     "blackspot_fatal_crashes": null,
     "blackspot_total_crashes": null,
     "blackspot_persons_killed": null,
     "blackspot_persons_injured": null,
     "cctv_priority_candidate": false,
     "cctv_priority_reason": null,
     "zone_radius_m_derived": 250,
     "geometry_status": "coordinates_not_published_in_report",
     "osm_search_query": "Keshopur T Point, Outer Ring Road, Delhi, India",
     "source": "Delhi Road Crash Report 2024, Delhi Traffic Police",
     "source_pdf_pages": [
      112,
      113,
      114,
      115
     ],
     "coordinate_is_approximate": true,
     "coordinate_method": "intersection_centre",
     "coordinate_confidence": "medium",
     "estimated_accuracy_m": 500,
     "coordinate_source": "Approximate Delhi landmark/intersection/locality centre derived from the report place name",
     "coordinate_warning": "Not the Delhi Traffic Police geotag and not a surveyed crash location.",
     "coordinate_order": "[longitude, latitude]",
     "zone_radius_m": 250,
     "zone_diameter_m": 500
    },
    "analysisYear": 2024,
    "officialVendsWithin500m": 1,
    "officialVendsWithin1km": 1,
    "officialVendsWithin2km": 9,
    "osmOnlyShopsWithin500m": 0,
    "osmOnlyShopsWithin1km": 0,
    "osmOnlyShopsWithin2km": 0,
    "nearestOfficialVend": "KESHOPUR INDUSTRIAL AREA",
    "nearestOfficialVendDistanceM": 0,
    "nearestOfficialVendCoordinateConfidence": "medium",
    "analysisWarning": "Spatial association only; coordinates are approximate. This does not establish that any nearby vend contributed to crashes at this location."
   }
  },
  {
   "type": "Feature",
   "id": "crash-zone-azad-pur-chowk",
   "geometry": {
    "type": "Point",
    "coordinates": [
     77.175,
     28.706
    ]
   },
   "properties": {
    "id": "crash-zone-azad-pur-chowk",
    "name": "Azad Pur Chowk",
    "roadName": "GTK Road",
    "listedInMainTable": true,
    "simpleCrashes": 7,
    "fatalCrashes": 4,
    "totalCrashes": 11,
    "personsKilled": null,
    "personsInjured": null,
    "blackspot": false,
    "blackspotRank": null,
    "pedestrianRisk": true,
    "twoWheelerRisk": false,
    "htvRisk": false,
    "hitAndRunRisk": true,
    "nightRisk": true,
    "dayRisk": false,
    "cctvPriorityCandidate": true,
    "coordinateConfidence": "high",
    "estimatedAccuracyM": 300,
    "properties": {
     "feature_id": "crash-zone-azad-pur-chowk",
     "location_name": "Azad Pur Chowk",
     "road_name": "GTK Road",
     "listed_in_table_6_29": true,
     "table_6_29_rank": 39,
     "all_simple_crashes": 7,
     "all_fatal_crashes": 4,
     "all_total_crashes": 11,
     "pedestrian_crash_prone": true,
     "pedestrian_simple_crashes": 6,
     "pedestrian_fatal_crashes": 3,
     "pedestrian_total_crashes": 9,
     "two_wheeler_crash_prone": false,
     "two_wheeler_simple_crashes": null,
     "two_wheeler_fatal_crashes": null,
     "two_wheeler_total_crashes": null,
     "htv_crash_prone": false,
     "htv_simple_crashes": null,
     "htv_fatal_crashes": null,
     "htv_total_crashes": null,
     "hit_and_run_crash_prone": true,
     "hit_and_run_simple_crashes": 1,
     "hit_and_run_fatal_crashes": 3,
     "hit_and_run_total_crashes": 4,
     "day_time_crash_prone": false,
     "day_simple_crashes": null,
     "day_fatal_crashes": null,
     "day_total_crashes": null,
     "night_time_crash_prone": true,
     "night_simple_crashes": null,
     "night_fatal_crashes": null,
     "night_total_crashes": null,
     "blackspot_2024": false,
     "blackspot_rank": null,
     "blackspot_noninjury_crashes": null,
     "blackspot_simple_crashes": null,
     "blackspot_fatal_crashes": null,
     "blackspot_total_crashes": null,
     "blackspot_persons_killed": null,
     "blackspot_persons_injured": null,
     "cctv_priority_candidate": true,
     "cctv_priority_reason": "Listed in Table 6.37 as a hit-and-run crash-prone zone; the report recommends CCTV installation at these locations.",
     "zone_radius_m_derived": 250,
     "geometry_status": "coordinates_not_published_in_report",
     "osm_search_query": "Azad Pur Chowk, GTK Road, Delhi, India",
     "source": "Delhi Road Crash Report 2024, Delhi Traffic Police",
     "source_pdf_pages": [
      112,
      113,
      114,
      115,
      120,
      125,
      128,
      129
     ],
     "night_time_simple_crashes": 3,
     "night_time_fatal_crashes": 3,
     "night_time_total_crashes": 6,
     "coordinate_is_approximate": true,
     "coordinate_method": "intersection_centre",
     "coordinate_confidence": "high",
     "estimated_accuracy_m": 300,
     "coordinate_source": "Approximate Delhi landmark/intersection/locality centre derived from the report place name",
     "coordinate_warning": "Not the Delhi Traffic Police geotag and not a surveyed crash location.",
     "coordinate_order": "[longitude, latitude]",
     "zone_radius_m": 250,
     "zone_diameter_m": 500
    },
    "analysisYear": 2024,
    "officialVendsWithin500m": 3,
    "officialVendsWithin1km": 3,
    "officialVendsWithin2km": 11,
    "osmOnlyShopsWithin500m": 0,
    "osmOnlyShopsWithin1km": 0,
    "osmOnlyShopsWithin2km": 0,
    "nearestOfficialVend": "AZADPUR",
    "nearestOfficialVendDistanceM": 0,
    "nearestOfficialVendCoordinateConfidence": "medium",
    "analysisWarning": "Spatial association only; coordinates are approximate. This does not establish that any nearby vend contributed to crashes at this location."
   }
  },
  {
   "type": "Feature",
   "id": "crash-zone-delhi-gate",
   "geometry": {
    "type": "Point",
    "coordinates": [
     77.24,
     28.64
    ]
   },
   "properties": {
    "id": "crash-zone-delhi-gate",
    "name": "Delhi Gate",
    "roadName": "N. Subhash Marg",
    "listedInMainTable": true,
    "simpleCrashes": 6,
    "fatalCrashes": 4,
    "totalCrashes": 10,
    "personsKilled": null,
    "personsInjured": null,
    "blackspot": false,
    "blackspotRank": null,
    "pedestrianRisk": false,
    "twoWheelerRisk": false,
    "htvRisk": false,
    "hitAndRunRisk": false,
    "nightRisk": true,
    "dayRisk": false,
    "cctvPriorityCandidate": false,
    "coordinateConfidence": "high",
    "estimatedAccuracyM": 300,
    "properties": {
     "feature_id": "crash-zone-delhi-gate",
     "location_name": "Delhi Gate",
     "road_name": "N. Subhash Marg",
     "listed_in_table_6_29": true,
     "table_6_29_rank": 40,
     "all_simple_crashes": 6,
     "all_fatal_crashes": 4,
     "all_total_crashes": 10,
     "pedestrian_crash_prone": false,
     "pedestrian_simple_crashes": null,
     "pedestrian_fatal_crashes": null,
     "pedestrian_total_crashes": null,
     "two_wheeler_crash_prone": false,
     "two_wheeler_simple_crashes": null,
     "two_wheeler_fatal_crashes": null,
     "two_wheeler_total_crashes": null,
     "htv_crash_prone": false,
     "htv_simple_crashes": null,
     "htv_fatal_crashes": null,
     "htv_total_crashes": null,
     "hit_and_run_crash_prone": false,
     "hit_and_run_simple_crashes": null,
     "hit_and_run_fatal_crashes": null,
     "hit_and_run_total_crashes": null,
     "day_time_crash_prone": false,
     "day_simple_crashes": null,
     "day_fatal_crashes": null,
     "day_total_crashes": null,
     "night_time_crash_prone": true,
     "night_simple_crashes": null,
     "night_fatal_crashes": null,
     "night_total_crashes": null,
     "blackspot_2024": false,
     "blackspot_rank": null,
     "blackspot_noninjury_crashes": null,
     "blackspot_simple_crashes": null,
     "blackspot_fatal_crashes": null,
     "blackspot_total_crashes": null,
     "blackspot_persons_killed": null,
     "blackspot_persons_injured": null,
     "cctv_priority_candidate": false,
     "cctv_priority_reason": null,
     "zone_radius_m_derived": 250,
     "geometry_status": "coordinates_not_published_in_report",
     "osm_search_query": "Delhi Gate, N. Subhash Marg, Delhi, India",
     "source": "Delhi Road Crash Report 2024, Delhi Traffic Police",
     "source_pdf_pages": [
      112,
      113,
      114,
      115,
      128,
      129
     ],
     "night_time_simple_crashes": 4,
     "night_time_fatal_crashes": 3,
     "night_time_total_crashes": 7,
     "coordinate_is_approximate": true,
     "coordinate_method": "landmark_intersection_centre",
     "coordinate_confidence": "high",
     "estimated_accuracy_m": 300,
     "coordinate_source": "Approximate Delhi landmark/intersection/locality centre derived from the report place name",
     "coordinate_warning": "Not the Delhi Traffic Police geotag and not a surveyed crash location.",
     "coordinate_order": "[longitude, latitude]",
     "zone_radius_m": 250,
     "zone_diameter_m": 500
    },
    "analysisYear": 2024,
    "officialVendsWithin500m": 0,
    "officialVendsWithin1km": 0,
    "officialVendsWithin2km": 3,
    "osmOnlyShopsWithin500m": 0,
    "osmOnlyShopsWithin1km": 0,
    "osmOnlyShopsWithin2km": 0,
    "nearestOfficialVend": "VIKAS BHAWAN",
    "nearestOfficialVendDistanceM": 1349,
    "nearestOfficialVendCoordinateConfidence": "low",
    "analysisWarning": "Spatial association only; coordinates are approximate. This does not establish that any nearby vend contributed to crashes at this location."
   }
  },
  {
   "type": "Feature",
   "id": "crash-zone-siraspur",
   "geometry": {
    "type": "Point",
    "coordinates": [
     77.119,
     28.759
    ]
   },
   "properties": {
    "id": "crash-zone-siraspur",
    "name": "Siraspur",
    "roadName": "GTK Road",
    "listedInMainTable": true,
    "simpleCrashes": 6,
    "fatalCrashes": 4,
    "totalCrashes": 10,
    "personsKilled": null,
    "personsInjured": null,
    "blackspot": false,
    "blackspotRank": null,
    "pedestrianRisk": false,
    "twoWheelerRisk": false,
    "htvRisk": false,
    "hitAndRunRisk": true,
    "nightRisk": true,
    "dayRisk": false,
    "cctvPriorityCandidate": true,
    "coordinateConfidence": "medium",
    "estimatedAccuracyM": 800,
    "properties": {
     "feature_id": "crash-zone-siraspur",
     "location_name": "Siraspur",
     "road_name": "GTK Road",
     "listed_in_table_6_29": true,
     "table_6_29_rank": 41,
     "all_simple_crashes": 6,
     "all_fatal_crashes": 4,
     "all_total_crashes": 10,
     "pedestrian_crash_prone": false,
     "pedestrian_simple_crashes": null,
     "pedestrian_fatal_crashes": null,
     "pedestrian_total_crashes": null,
     "two_wheeler_crash_prone": false,
     "two_wheeler_simple_crashes": null,
     "two_wheeler_fatal_crashes": null,
     "two_wheeler_total_crashes": null,
     "htv_crash_prone": false,
     "htv_simple_crashes": null,
     "htv_fatal_crashes": null,
     "htv_total_crashes": null,
     "hit_and_run_crash_prone": true,
     "hit_and_run_simple_crashes": 2,
     "hit_and_run_fatal_crashes": 3,
     "hit_and_run_total_crashes": 5,
     "day_time_crash_prone": false,
     "day_simple_crashes": null,
     "day_fatal_crashes": null,
     "day_total_crashes": null,
     "night_time_crash_prone": true,
     "night_simple_crashes": null,
     "night_fatal_crashes": null,
     "night_total_crashes": null,
     "blackspot_2024": false,
     "blackspot_rank": null,
     "blackspot_noninjury_crashes": null,
     "blackspot_simple_crashes": null,
     "blackspot_fatal_crashes": null,
     "blackspot_total_crashes": null,
     "blackspot_persons_killed": null,
     "blackspot_persons_injured": null,
     "cctv_priority_candidate": true,
     "cctv_priority_reason": "Listed in Table 6.37 as a hit-and-run crash-prone zone; the report recommends CCTV installation at these locations.",
     "zone_radius_m_derived": 250,
     "geometry_status": "coordinates_not_published_in_report",
     "osm_search_query": "Siraspur, GTK Road, Delhi, India",
     "source": "Delhi Road Crash Report 2024, Delhi Traffic Police",
     "source_pdf_pages": [
      112,
      113,
      114,
      115,
      125,
      128,
      129
     ],
     "night_time_simple_crashes": 4,
     "night_time_fatal_crashes": 3,
     "night_time_total_crashes": 7,
     "coordinate_is_approximate": true,
     "coordinate_method": "locality_centre",
     "coordinate_confidence": "medium",
     "estimated_accuracy_m": 800,
     "coordinate_source": "Approximate Delhi landmark/intersection/locality centre derived from the report place name",
     "coordinate_warning": "Not the Delhi Traffic Police geotag and not a surveyed crash location.",
     "coordinate_order": "[longitude, latitude]",
     "zone_radius_m": 250,
     "zone_diameter_m": 500
    },
    "analysisYear": 2024,
    "officialVendsWithin500m": 3,
    "officialVendsWithin1km": 3,
    "officialVendsWithin2km": 6,
    "osmOnlyShopsWithin500m": 0,
    "osmOnlyShopsWithin1km": 0,
    "osmOnlyShopsWithin2km": 0,
    "nearestOfficialVend": "SIRASPUR, GURUDWARA RD.",
    "nearestOfficialVendDistanceM": 0,
    "nearestOfficialVendCoordinateConfidence": "medium",
    "analysisWarning": "Spatial association only; coordinates are approximate. This does not establish that any nearby vend contributed to crashes at this location."
   }
  },
  {
   "type": "Feature",
   "id": "crash-zone-dhaula-kuan",
   "geometry": {
    "type": "Point",
    "coordinates": [
     77.162,
     28.592
    ]
   },
   "properties": {
    "id": "crash-zone-dhaula-kuan",
    "name": "Dhaula Kuan",
    "roadName": "Ring Road",
    "listedInMainTable": true,
    "simpleCrashes": 5,
    "fatalCrashes": 4,
    "totalCrashes": 9,
    "personsKilled": null,
    "personsInjured": null,
    "blackspot": false,
    "blackspotRank": null,
    "pedestrianRisk": false,
    "twoWheelerRisk": false,
    "htvRisk": false,
    "hitAndRunRisk": true,
    "nightRisk": true,
    "dayRisk": false,
    "cctvPriorityCandidate": true,
    "coordinateConfidence": "high",
    "estimatedAccuracyM": 350,
    "properties": {
     "feature_id": "crash-zone-dhaula-kuan",
     "location_name": "Dhaula Kuan",
     "road_name": "Ring Road",
     "listed_in_table_6_29": true,
     "table_6_29_rank": 42,
     "all_simple_crashes": 5,
     "all_fatal_crashes": 4,
     "all_total_crashes": 9,
     "pedestrian_crash_prone": false,
     "pedestrian_simple_crashes": null,
     "pedestrian_fatal_crashes": null,
     "pedestrian_total_crashes": null,
     "two_wheeler_crash_prone": false,
     "two_wheeler_simple_crashes": null,
     "two_wheeler_fatal_crashes": null,
     "two_wheeler_total_crashes": null,
     "htv_crash_prone": false,
     "htv_simple_crashes": null,
     "htv_fatal_crashes": null,
     "htv_total_crashes": null,
     "hit_and_run_crash_prone": true,
     "hit_and_run_simple_crashes": 1,
     "hit_and_run_fatal_crashes": 3,
     "hit_and_run_total_crashes": 4,
     "day_time_crash_prone": false,
     "day_simple_crashes": null,
     "day_fatal_crashes": null,
     "day_total_crashes": null,
     "night_time_crash_prone": true,
     "night_simple_crashes": null,
     "night_fatal_crashes": null,
     "night_total_crashes": null,
     "blackspot_2024": false,
     "blackspot_rank": null,
     "blackspot_noninjury_crashes": null,
     "blackspot_simple_crashes": null,
     "blackspot_fatal_crashes": null,
     "blackspot_total_crashes": null,
     "blackspot_persons_killed": null,
     "blackspot_persons_injured": null,
     "cctv_priority_candidate": true,
     "cctv_priority_reason": "Listed in Table 6.37 as a hit-and-run crash-prone zone; the report recommends CCTV installation at these locations.",
     "zone_radius_m_derived": 250,
     "geometry_status": "coordinates_not_published_in_report",
     "osm_search_query": "Dhaula Kuan, Ring Road, Delhi, India",
     "source": "Delhi Road Crash Report 2024, Delhi Traffic Police",
     "source_pdf_pages": [
      112,
      113,
      114,
      115,
      125,
      128,
      129
     ],
     "night_time_simple_crashes": 2,
     "night_time_fatal_crashes": 3,
     "night_time_total_crashes": 5,
     "coordinate_is_approximate": true,
     "coordinate_method": "interchange_centre",
     "coordinate_confidence": "high",
     "estimated_accuracy_m": 350,
     "coordinate_source": "Approximate Delhi landmark/intersection/locality centre derived from the report place name",
     "coordinate_warning": "Not the Delhi Traffic Police geotag and not a surveyed crash location.",
     "coordinate_order": "[longitude, latitude]",
     "zone_radius_m": 250,
     "zone_diameter_m": 500
    },
    "analysisYear": 2024,
    "officialVendsWithin500m": 1,
    "officialVendsWithin1km": 2,
    "officialVendsWithin2km": 2,
    "osmOnlyShopsWithin500m": 0,
    "osmOnlyShopsWithin1km": 0,
    "osmOnlyShopsWithin2km": 0,
    "nearestOfficialVend": "DHAULA KUAN",
    "nearestOfficialVendDistanceM": 0,
    "nearestOfficialVendCoordinateConfidence": "medium",
    "analysisWarning": "Spatial association only; coordinates are approximate. This does not establish that any nearby vend contributed to crashes at this location."
   }
  },
  {
   "type": "Feature",
   "id": "crash-zone-monastery-ring-road",
   "geometry": {
    "type": "Point",
    "coordinates": [
     77.228,
     28.702
    ]
   },
   "properties": {
    "id": "crash-zone-monastery-ring-road",
    "name": "Monastery Ring Road",
    "roadName": "Ring Road",
    "listedInMainTable": true,
    "simpleCrashes": 5,
    "fatalCrashes": 4,
    "totalCrashes": 9,
    "personsKilled": null,
    "personsInjured": null,
    "blackspot": false,
    "blackspotRank": null,
    "pedestrianRisk": true,
    "twoWheelerRisk": false,
    "htvRisk": false,
    "hitAndRunRisk": false,
    "nightRisk": true,
    "dayRisk": false,
    "cctvPriorityCandidate": false,
    "coordinateConfidence": "medium",
    "estimatedAccuracyM": 550,
    "properties": {
     "feature_id": "crash-zone-monastery-ring-road",
     "location_name": "Monastery Ring Road",
     "road_name": "Ring Road",
     "listed_in_table_6_29": true,
     "table_6_29_rank": 43,
     "all_simple_crashes": 5,
     "all_fatal_crashes": 4,
     "all_total_crashes": 9,
     "pedestrian_crash_prone": true,
     "pedestrian_simple_crashes": 5,
     "pedestrian_fatal_crashes": 4,
     "pedestrian_total_crashes": 9,
     "two_wheeler_crash_prone": false,
     "two_wheeler_simple_crashes": null,
     "two_wheeler_fatal_crashes": null,
     "two_wheeler_total_crashes": null,
     "htv_crash_prone": false,
     "htv_simple_crashes": null,
     "htv_fatal_crashes": null,
     "htv_total_crashes": null,
     "hit_and_run_crash_prone": false,
     "hit_and_run_simple_crashes": null,
     "hit_and_run_fatal_crashes": null,
     "hit_and_run_total_crashes": null,
     "day_time_crash_prone": false,
     "day_simple_crashes": null,
     "day_fatal_crashes": null,
     "day_total_crashes": null,
     "night_time_crash_prone": true,
     "night_simple_crashes": null,
     "night_fatal_crashes": null,
     "night_total_crashes": null,
     "blackspot_2024": false,
     "blackspot_rank": null,
     "blackspot_noninjury_crashes": null,
     "blackspot_simple_crashes": null,
     "blackspot_fatal_crashes": null,
     "blackspot_total_crashes": null,
     "blackspot_persons_killed": null,
     "blackspot_persons_injured": null,
     "cctv_priority_candidate": false,
     "cctv_priority_reason": null,
     "zone_radius_m_derived": 250,
     "geometry_status": "coordinates_not_published_in_report",
     "osm_search_query": "Monastery Ring Road, Ring Road, Delhi, India",
     "source": "Delhi Road Crash Report 2024, Delhi Traffic Police",
     "source_pdf_pages": [
      112,
      113,
      114,
      115,
      120,
      128,
      129
     ],
     "night_time_simple_crashes": 0,
     "night_time_fatal_crashes": 3,
     "night_time_total_crashes": 3,
     "coordinate_is_approximate": true,
     "coordinate_method": "landmark_area_centre",
     "coordinate_confidence": "medium",
     "estimated_accuracy_m": 550,
     "coordinate_source": "Approximate Delhi landmark/intersection/locality centre derived from the report place name",
     "coordinate_warning": "Not the Delhi Traffic Police geotag and not a surveyed crash location.",
     "coordinate_order": "[longitude, latitude]",
     "zone_radius_m": 250,
     "zone_diameter_m": 500
    },
    "analysisYear": 2024,
    "officialVendsWithin500m": 2,
    "officialVendsWithin1km": 2,
    "officialVendsWithin2km": 3,
    "osmOnlyShopsWithin500m": 0,
    "osmOnlyShopsWithin1km": 0,
    "osmOnlyShopsWithin2km": 0,
    "nearestOfficialVend": "MAJNU KA TILA",
    "nearestOfficialVendDistanceM": 0,
    "nearestOfficialVendCoordinateConfidence": "medium",
    "analysisWarning": "Spatial association only; coordinates are approximate. This does not establish that any nearby vend contributed to crashes at this location."
   }
  },
  {
   "type": "Feature",
   "id": "crash-zone-kingsway-camp-chowk",
   "geometry": {
    "type": "Point",
    "coordinates": [
     77.206,
     28.7
    ]
   },
   "properties": {
    "id": "crash-zone-kingsway-camp-chowk",
    "name": "Kingsway Camp Chowk",
    "roadName": "Ring Road",
    "listedInMainTable": true,
    "simpleCrashes": 4,
    "fatalCrashes": 4,
    "totalCrashes": 8,
    "personsKilled": null,
    "personsInjured": null,
    "blackspot": false,
    "blackspotRank": null,
    "pedestrianRisk": false,
    "twoWheelerRisk": false,
    "htvRisk": false,
    "hitAndRunRisk": false,
    "nightRisk": true,
    "dayRisk": false,
    "cctvPriorityCandidate": false,
    "coordinateConfidence": "medium",
    "estimatedAccuracyM": 450,
    "properties": {
     "feature_id": "crash-zone-kingsway-camp-chowk",
     "location_name": "Kingsway Camp Chowk",
     "road_name": "Ring Road",
     "listed_in_table_6_29": true,
     "table_6_29_rank": 44,
     "all_simple_crashes": 4,
     "all_fatal_crashes": 4,
     "all_total_crashes": 8,
     "pedestrian_crash_prone": false,
     "pedestrian_simple_crashes": null,
     "pedestrian_fatal_crashes": null,
     "pedestrian_total_crashes": null,
     "two_wheeler_crash_prone": false,
     "two_wheeler_simple_crashes": null,
     "two_wheeler_fatal_crashes": null,
     "two_wheeler_total_crashes": null,
     "htv_crash_prone": false,
     "htv_simple_crashes": null,
     "htv_fatal_crashes": null,
     "htv_total_crashes": null,
     "hit_and_run_crash_prone": false,
     "hit_and_run_simple_crashes": null,
     "hit_and_run_fatal_crashes": null,
     "hit_and_run_total_crashes": null,
     "day_time_crash_prone": false,
     "day_simple_crashes": null,
     "day_fatal_crashes": null,
     "day_total_crashes": null,
     "night_time_crash_prone": true,
     "night_simple_crashes": null,
     "night_fatal_crashes": null,
     "night_total_crashes": null,
     "blackspot_2024": false,
     "blackspot_rank": null,
     "blackspot_noninjury_crashes": null,
     "blackspot_simple_crashes": null,
     "blackspot_fatal_crashes": null,
     "blackspot_total_crashes": null,
     "blackspot_persons_killed": null,
     "blackspot_persons_injured": null,
     "cctv_priority_candidate": false,
     "cctv_priority_reason": null,
     "zone_radius_m_derived": 250,
     "geometry_status": "coordinates_not_published_in_report",
     "osm_search_query": "Kingsway Camp Chowk, Ring Road, Delhi, India",
     "source": "Delhi Road Crash Report 2024, Delhi Traffic Police",
     "source_pdf_pages": [
      112,
      113,
      114,
      115,
      128,
      129
     ],
     "night_time_simple_crashes": 1,
     "night_time_fatal_crashes": 3,
     "night_time_total_crashes": 4,
     "coordinate_is_approximate": true,
     "coordinate_method": "intersection_centre",
     "coordinate_confidence": "medium",
     "estimated_accuracy_m": 450,
     "coordinate_source": "Approximate Delhi landmark/intersection/locality centre derived from the report place name",
     "coordinate_warning": "Not the Delhi Traffic Police geotag and not a surveyed crash location.",
     "coordinate_order": "[longitude, latitude]",
     "zone_radius_m": 250,
     "zone_diameter_m": 500
    },
    "analysisYear": 2024,
    "officialVendsWithin500m": 2,
    "officialVendsWithin1km": 2,
    "officialVendsWithin2km": 6,
    "osmOnlyShopsWithin500m": 0,
    "osmOnlyShopsWithin1km": 0,
    "osmOnlyShopsWithin2km": 0,
    "nearestOfficialVend": "KINGSWAY CAMP",
    "nearestOfficialVendDistanceM": 0,
    "nearestOfficialVendCoordinateConfidence": "medium",
    "analysisWarning": "Spatial association only; coordinates are approximate. This does not establish that any nearby vend contributed to crashes at this location."
   }
  },
  {
   "type": "Feature",
   "id": "crash-zone-govindpuri-metro-station",
   "geometry": {
    "type": "Point",
    "coordinates": [
     77.264,
     28.544
    ]
   },
   "properties": {
    "id": "crash-zone-govindpuri-metro-station",
    "name": "Govindpuri Metro Station",
    "roadName": "Anand Mai Marg",
    "listedInMainTable": true,
    "simpleCrashes": 4,
    "fatalCrashes": 4,
    "totalCrashes": 8,
    "personsKilled": null,
    "personsInjured": null,
    "blackspot": false,
    "blackspotRank": null,
    "pedestrianRisk": false,
    "twoWheelerRisk": false,
    "htvRisk": false,
    "hitAndRunRisk": false,
    "nightRisk": true,
    "dayRisk": false,
    "cctvPriorityCandidate": false,
    "coordinateConfidence": "high",
    "estimatedAccuracyM": 150,
    "properties": {
     "feature_id": "crash-zone-govindpuri-metro-station",
     "location_name": "Govindpuri Metro Station",
     "road_name": "Anand Mai Marg",
     "listed_in_table_6_29": true,
     "table_6_29_rank": 45,
     "all_simple_crashes": 4,
     "all_fatal_crashes": 4,
     "all_total_crashes": 8,
     "pedestrian_crash_prone": false,
     "pedestrian_simple_crashes": null,
     "pedestrian_fatal_crashes": null,
     "pedestrian_total_crashes": null,
     "two_wheeler_crash_prone": false,
     "two_wheeler_simple_crashes": null,
     "two_wheeler_fatal_crashes": null,
     "two_wheeler_total_crashes": null,
     "htv_crash_prone": false,
     "htv_simple_crashes": null,
     "htv_fatal_crashes": null,
     "htv_total_crashes": null,
     "hit_and_run_crash_prone": false,
     "hit_and_run_simple_crashes": null,
     "hit_and_run_fatal_crashes": null,
     "hit_and_run_total_crashes": null,
     "day_time_crash_prone": false,
     "day_simple_crashes": null,
     "day_fatal_crashes": null,
     "day_total_crashes": null,
     "night_time_crash_prone": true,
     "night_simple_crashes": null,
     "night_fatal_crashes": null,
     "night_total_crashes": null,
     "blackspot_2024": false,
     "blackspot_rank": null,
     "blackspot_noninjury_crashes": null,
     "blackspot_simple_crashes": null,
     "blackspot_fatal_crashes": null,
     "blackspot_total_crashes": null,
     "blackspot_persons_killed": null,
     "blackspot_persons_injured": null,
     "cctv_priority_candidate": false,
     "cctv_priority_reason": null,
     "zone_radius_m_derived": 250,
     "geometry_status": "coordinates_not_published_in_report",
     "osm_search_query": "Govindpuri Metro Station, Anand Mai Marg, Delhi, India",
     "source": "Delhi Road Crash Report 2024, Delhi Traffic Police",
     "source_pdf_pages": [
      112,
      113,
      114,
      115,
      128,
      129
     ],
     "night_time_simple_crashes": 3,
     "night_time_fatal_crashes": 3,
     "night_time_total_crashes": 6,
     "coordinate_is_approximate": true,
     "coordinate_method": "metro_station_centre",
     "coordinate_confidence": "high",
     "estimated_accuracy_m": 150,
     "coordinate_source": "Approximate Delhi landmark/intersection/locality centre derived from the report place name",
     "coordinate_warning": "Not the Delhi Traffic Police geotag and not a surveyed crash location.",
     "coordinate_order": "[longitude, latitude]",
     "zone_radius_m": 250,
     "zone_diameter_m": 500
    },
    "analysisYear": 2024,
    "officialVendsWithin500m": 4,
    "officialVendsWithin1km": 4,
    "officialVendsWithin2km": 18,
    "osmOnlyShopsWithin500m": 0,
    "osmOnlyShopsWithin1km": 0,
    "osmOnlyShopsWithin2km": 0,
    "nearestOfficialVend": "GOVIND PURI",
    "nearestOfficialVendDistanceM": 348,
    "nearestOfficialVendCoordinateConfidence": "medium",
    "analysisWarning": "Spatial association only; coordinates are approximate. This does not establish that any nearby vend contributed to crashes at this location."
   }
  },
  {
   "type": "Feature",
   "id": "crash-zone-nangloi-metro-station",
   "geometry": {
    "type": "Point",
    "coordinates": [
     77.063,
     28.682
    ]
   },
   "properties": {
    "id": "crash-zone-nangloi-metro-station",
    "name": "Nangloi Metro Station",
    "roadName": "Rohtak Road",
    "listedInMainTable": true,
    "simpleCrashes": 3,
    "fatalCrashes": 4,
    "totalCrashes": 7,
    "personsKilled": null,
    "personsInjured": null,
    "blackspot": false,
    "blackspotRank": null,
    "pedestrianRisk": false,
    "twoWheelerRisk": false,
    "htvRisk": false,
    "hitAndRunRisk": true,
    "nightRisk": true,
    "dayRisk": false,
    "cctvPriorityCandidate": true,
    "coordinateConfidence": "high",
    "estimatedAccuracyM": 150,
    "properties": {
     "feature_id": "crash-zone-nangloi-metro-station",
     "location_name": "Nangloi Metro Station",
     "road_name": "Rohtak Road",
     "listed_in_table_6_29": true,
     "table_6_29_rank": 46,
     "all_simple_crashes": 3,
     "all_fatal_crashes": 4,
     "all_total_crashes": 7,
     "pedestrian_crash_prone": false,
     "pedestrian_simple_crashes": null,
     "pedestrian_fatal_crashes": null,
     "pedestrian_total_crashes": null,
     "two_wheeler_crash_prone": false,
     "two_wheeler_simple_crashes": null,
     "two_wheeler_fatal_crashes": null,
     "two_wheeler_total_crashes": null,
     "htv_crash_prone": false,
     "htv_simple_crashes": null,
     "htv_fatal_crashes": null,
     "htv_total_crashes": null,
     "hit_and_run_crash_prone": true,
     "hit_and_run_simple_crashes": 1,
     "hit_and_run_fatal_crashes": 3,
     "hit_and_run_total_crashes": 4,
     "day_time_crash_prone": false,
     "day_simple_crashes": null,
     "day_fatal_crashes": null,
     "day_total_crashes": null,
     "night_time_crash_prone": true,
     "night_simple_crashes": null,
     "night_fatal_crashes": null,
     "night_total_crashes": null,
     "blackspot_2024": false,
     "blackspot_rank": null,
     "blackspot_noninjury_crashes": null,
     "blackspot_simple_crashes": null,
     "blackspot_fatal_crashes": null,
     "blackspot_total_crashes": null,
     "blackspot_persons_killed": null,
     "blackspot_persons_injured": null,
     "cctv_priority_candidate": true,
     "cctv_priority_reason": "Listed in Table 6.37 as a hit-and-run crash-prone zone; the report recommends CCTV installation at these locations.",
     "zone_radius_m_derived": 250,
     "geometry_status": "coordinates_not_published_in_report",
     "osm_search_query": "Nangloi Metro Station, Rohtak Road, Delhi, India",
     "source": "Delhi Road Crash Report 2024, Delhi Traffic Police",
     "source_pdf_pages": [
      112,
      113,
      114,
      115,
      125,
      128,
      129
     ],
     "night_time_simple_crashes": 1,
     "night_time_fatal_crashes": 4,
     "night_time_total_crashes": 5,
     "coordinate_is_approximate": true,
     "coordinate_method": "metro_station_centre",
     "coordinate_confidence": "high",
     "estimated_accuracy_m": 150,
     "coordinate_source": "Approximate Delhi landmark/intersection/locality centre derived from the report place name",
     "coordinate_warning": "Not the Delhi Traffic Police geotag and not a surveyed crash location.",
     "coordinate_order": "[longitude, latitude]",
     "zone_radius_m": 250,
     "zone_diameter_m": 500
    },
    "analysisYear": 2024,
    "officialVendsWithin500m": 0,
    "officialVendsWithin1km": 0,
    "officialVendsWithin2km": 2,
    "osmOnlyShopsWithin500m": 0,
    "osmOnlyShopsWithin1km": 0,
    "osmOnlyShopsWithin2km": 0,
    "nearestOfficialVend": "JWALAPURI",
    "nearestOfficialVendDistanceM": 1039,
    "nearestOfficialVendCoordinateConfidence": "medium",
    "analysisWarning": "Spatial association only; coordinates are approximate. This does not establish that any nearby vend contributed to crashes at this location."
   }
  },
  {
   "type": "Feature",
   "id": "crash-zone-metro-station-madipur",
   "geometry": {
    "type": "Point",
    "coordinates": [
     77.119,
     28.676
    ]
   },
   "properties": {
    "id": "crash-zone-metro-station-madipur",
    "name": "Metro Station Madipur",
    "roadName": "Rohtak Road",
    "listedInMainTable": true,
    "simpleCrashes": 3,
    "fatalCrashes": 4,
    "totalCrashes": 7,
    "personsKilled": null,
    "personsInjured": null,
    "blackspot": false,
    "blackspotRank": null,
    "pedestrianRisk": true,
    "twoWheelerRisk": false,
    "htvRisk": false,
    "hitAndRunRisk": false,
    "nightRisk": false,
    "dayRisk": false,
    "cctvPriorityCandidate": false,
    "coordinateConfidence": "high",
    "estimatedAccuracyM": 150,
    "properties": {
     "feature_id": "crash-zone-metro-station-madipur",
     "location_name": "Metro Station Madipur",
     "road_name": "Rohtak Road",
     "listed_in_table_6_29": true,
     "table_6_29_rank": 47,
     "all_simple_crashes": 3,
     "all_fatal_crashes": 4,
     "all_total_crashes": 7,
     "pedestrian_crash_prone": true,
     "pedestrian_simple_crashes": 3,
     "pedestrian_fatal_crashes": 3,
     "pedestrian_total_crashes": 6,
     "two_wheeler_crash_prone": false,
     "two_wheeler_simple_crashes": null,
     "two_wheeler_fatal_crashes": null,
     "two_wheeler_total_crashes": null,
     "htv_crash_prone": false,
     "htv_simple_crashes": null,
     "htv_fatal_crashes": null,
     "htv_total_crashes": null,
     "hit_and_run_crash_prone": false,
     "hit_and_run_simple_crashes": null,
     "hit_and_run_fatal_crashes": null,
     "hit_and_run_total_crashes": null,
     "day_time_crash_prone": false,
     "day_simple_crashes": null,
     "day_fatal_crashes": null,
     "day_total_crashes": null,
     "night_time_crash_prone": false,
     "night_simple_crashes": null,
     "night_fatal_crashes": null,
     "night_total_crashes": null,
     "blackspot_2024": false,
     "blackspot_rank": null,
     "blackspot_noninjury_crashes": null,
     "blackspot_simple_crashes": null,
     "blackspot_fatal_crashes": null,
     "blackspot_total_crashes": null,
     "blackspot_persons_killed": null,
     "blackspot_persons_injured": null,
     "cctv_priority_candidate": false,
     "cctv_priority_reason": null,
     "zone_radius_m_derived": 250,
     "geometry_status": "coordinates_not_published_in_report",
     "osm_search_query": "Metro Station Madipur, Rohtak Road, Delhi, India",
     "source": "Delhi Road Crash Report 2024, Delhi Traffic Police",
     "source_pdf_pages": [
      112,
      113,
      114,
      115,
      120
     ],
     "coordinate_is_approximate": true,
     "coordinate_method": "metro_station_centre",
     "coordinate_confidence": "high",
     "estimated_accuracy_m": 150,
     "coordinate_source": "Approximate Delhi landmark/intersection/locality centre derived from the report place name",
     "coordinate_warning": "Not the Delhi Traffic Police geotag and not a surveyed crash location.",
     "coordinate_order": "[longitude, latitude]",
     "zone_radius_m": 250,
     "zone_diameter_m": 500
    },
    "analysisYear": 2024,
    "officialVendsWithin500m": 0,
    "officialVendsWithin1km": 0,
    "officialVendsWithin2km": 4,
    "osmOnlyShopsWithin500m": 0,
    "osmOnlyShopsWithin1km": 0,
    "osmOnlyShopsWithin2km": 0,
    "nearestOfficialVend": "EAST PUNJABI BAGH",
    "nearestOfficialVendDistanceM": 1549,
    "nearestOfficialVendCoordinateConfidence": "medium",
    "analysisWarning": "Spatial association only; coordinates are approximate. This does not establish that any nearby vend contributed to crashes at this location."
   }
  },
  {
   "type": "Feature",
   "id": "crash-zone-keval-park-road-no-51",
   "geometry": {
    "type": "Point",
    "coordinates": [
     77.178,
     28.717
    ]
   },
   "properties": {
    "id": "crash-zone-keval-park-road-no-51",
    "name": "Keval Park Road No. 51",
    "roadName": "Road No. 51",
    "listedInMainTable": true,
    "simpleCrashes": 2,
    "fatalCrashes": 4,
    "totalCrashes": 6,
    "personsKilled": null,
    "personsInjured": null,
    "blackspot": false,
    "blackspotRank": null,
    "pedestrianRisk": false,
    "twoWheelerRisk": true,
    "htvRisk": false,
    "hitAndRunRisk": false,
    "nightRisk": false,
    "dayRisk": false,
    "cctvPriorityCandidate": false,
    "coordinateConfidence": "medium",
    "estimatedAccuracyM": 700,
    "properties": {
     "feature_id": "crash-zone-keval-park-road-no-51",
     "location_name": "Keval Park Road No. 51",
     "road_name": "Road No. 51",
     "listed_in_table_6_29": true,
     "table_6_29_rank": 48,
     "all_simple_crashes": 2,
     "all_fatal_crashes": 4,
     "all_total_crashes": 6,
     "pedestrian_crash_prone": false,
     "pedestrian_simple_crashes": null,
     "pedestrian_fatal_crashes": null,
     "pedestrian_total_crashes": null,
     "two_wheeler_crash_prone": true,
     "two_wheeler_simple_crashes": 2,
     "two_wheeler_fatal_crashes": 4,
     "two_wheeler_total_crashes": 6,
     "htv_crash_prone": false,
     "htv_simple_crashes": null,
     "htv_fatal_crashes": null,
     "htv_total_crashes": null,
     "hit_and_run_crash_prone": false,
     "hit_and_run_simple_crashes": null,
     "hit_and_run_fatal_crashes": null,
     "hit_and_run_total_crashes": null,
     "day_time_crash_prone": false,
     "day_simple_crashes": null,
     "day_fatal_crashes": null,
     "day_total_crashes": null,
     "night_time_crash_prone": false,
     "night_simple_crashes": null,
     "night_fatal_crashes": null,
     "night_total_crashes": null,
     "blackspot_2024": false,
     "blackspot_rank": null,
     "blackspot_noninjury_crashes": null,
     "blackspot_simple_crashes": null,
     "blackspot_fatal_crashes": null,
     "blackspot_total_crashes": null,
     "blackspot_persons_killed": null,
     "blackspot_persons_injured": null,
     "cctv_priority_candidate": false,
     "cctv_priority_reason": null,
     "zone_radius_m_derived": 250,
     "geometry_status": "coordinates_not_published_in_report",
     "osm_search_query": "Keval Park Road No. 51, Road No. 51, Delhi, India",
     "source": "Delhi Road Crash Report 2024, Delhi Traffic Police",
     "source_pdf_pages": [
      112,
      113,
      114,
      115,
      122
     ],
     "coordinate_is_approximate": true,
     "coordinate_method": "locality_road_centre",
     "coordinate_confidence": "medium",
     "estimated_accuracy_m": 700,
     "coordinate_source": "Approximate Delhi landmark/intersection/locality centre derived from the report place name",
     "coordinate_warning": "Not the Delhi Traffic Police geotag and not a surveyed crash location.",
     "coordinate_order": "[longitude, latitude]",
     "zone_radius_m": 250,
     "zone_diameter_m": 500
    },
    "analysisYear": 2024,
    "officialVendsWithin500m": 0,
    "officialVendsWithin1km": 1,
    "officialVendsWithin2km": 9,
    "osmOnlyShopsWithin500m": 0,
    "osmOnlyShopsWithin1km": 0,
    "osmOnlyShopsWithin2km": 0,
    "nearestOfficialVend": "SARAI PIPAL THALA",
    "nearestOfficialVendDistanceM": 887,
    "nearestOfficialVendCoordinateConfidence": "medium",
    "analysisWarning": "Spatial association only; coordinates are approximate. This does not establish that any nearby vend contributed to crashes at this location."
   }
  },
  {
   "type": "Feature",
   "id": "crash-zone-near-triveni-park-nangal-village-delhi-cantt",
   "geometry": {
    "type": "Point",
    "coordinates": [
     77.11,
     28.609
    ]
   },
   "properties": {
    "id": "crash-zone-near-triveni-park-nangal-village-delhi-cantt",
    "name": "Near Triveni Park Nangal Village Delhi Cantt",
    "roadName": "Pankha Road",
    "listedInMainTable": true,
    "simpleCrashes": 2,
    "fatalCrashes": 4,
    "totalCrashes": 6,
    "personsKilled": null,
    "personsInjured": null,
    "blackspot": false,
    "blackspotRank": null,
    "pedestrianRisk": false,
    "twoWheelerRisk": false,
    "htvRisk": false,
    "hitAndRunRisk": false,
    "nightRisk": false,
    "dayRisk": false,
    "cctvPriorityCandidate": false,
    "coordinateConfidence": "medium",
    "estimatedAccuracyM": 800,
    "properties": {
     "feature_id": "crash-zone-near-triveni-park-nangal-village-delhi-cantt",
     "location_name": "Near Triveni Park Nangal Village Delhi Cantt",
     "road_name": "Pankha Road",
     "listed_in_table_6_29": true,
     "table_6_29_rank": 49,
     "all_simple_crashes": 2,
     "all_fatal_crashes": 4,
     "all_total_crashes": 6,
     "pedestrian_crash_prone": false,
     "pedestrian_simple_crashes": null,
     "pedestrian_fatal_crashes": null,
     "pedestrian_total_crashes": null,
     "two_wheeler_crash_prone": false,
     "two_wheeler_simple_crashes": null,
     "two_wheeler_fatal_crashes": null,
     "two_wheeler_total_crashes": null,
     "htv_crash_prone": false,
     "htv_simple_crashes": null,
     "htv_fatal_crashes": null,
     "htv_total_crashes": null,
     "hit_and_run_crash_prone": false,
     "hit_and_run_simple_crashes": null,
     "hit_and_run_fatal_crashes": null,
     "hit_and_run_total_crashes": null,
     "day_time_crash_prone": false,
     "day_simple_crashes": null,
     "day_fatal_crashes": null,
     "day_total_crashes": null,
     "night_time_crash_prone": false,
     "night_simple_crashes": null,
     "night_fatal_crashes": null,
     "night_total_crashes": null,
     "blackspot_2024": false,
     "blackspot_rank": null,
     "blackspot_noninjury_crashes": null,
     "blackspot_simple_crashes": null,
     "blackspot_fatal_crashes": null,
     "blackspot_total_crashes": null,
     "blackspot_persons_killed": null,
     "blackspot_persons_injured": null,
     "cctv_priority_candidate": false,
     "cctv_priority_reason": null,
     "zone_radius_m_derived": 250,
     "geometry_status": "coordinates_not_published_in_report",
     "osm_search_query": "Near Triveni Park Nangal Village Delhi Cantt, Pankha Road, Delhi, India",
     "source": "Delhi Road Crash Report 2024, Delhi Traffic Police",
     "source_pdf_pages": [
      112,
      113,
      114,
      115
     ],
     "coordinate_is_approximate": true,
     "coordinate_method": "locality_centre",
     "coordinate_confidence": "medium",
     "estimated_accuracy_m": 800,
     "coordinate_source": "Approximate Delhi landmark/intersection/locality centre derived from the report place name",
     "coordinate_warning": "Not the Delhi Traffic Police geotag and not a surveyed crash location.",
     "coordinate_order": "[longitude, latitude]",
     "zone_radius_m": 250,
     "zone_diameter_m": 500
    },
    "analysisYear": 2024,
    "officialVendsWithin500m": 1,
    "officialVendsWithin1km": 1,
    "officialVendsWithin2km": 5,
    "osmOnlyShopsWithin500m": 0,
    "osmOnlyShopsWithin1km": 0,
    "osmOnlyShopsWithin2km": 0,
    "nearestOfficialVend": "NANGAL RAI",
    "nearestOfficialVendDistanceM": 0,
    "nearestOfficialVendCoordinateConfidence": "medium",
    "analysisWarning": "Spatial association only; coordinates are approximate. This does not establish that any nearby vend contributed to crashes at this location."
   }
  },
  {
   "type": "Feature",
   "id": "crash-zone-near-sdm-office-geeta-colony",
   "geometry": {
    "type": "Point",
    "coordinates": [
     77.274,
     28.651
    ]
   },
   "properties": {
    "id": "crash-zone-near-sdm-office-geeta-colony",
    "name": "Near SDM Office Geeta Colony",
    "roadName": "Yamuna Pusta Road",
    "listedInMainTable": true,
    "simpleCrashes": 1,
    "fatalCrashes": 4,
    "totalCrashes": 5,
    "personsKilled": null,
    "personsInjured": null,
    "blackspot": false,
    "blackspotRank": null,
    "pedestrianRisk": false,
    "twoWheelerRisk": true,
    "htvRisk": false,
    "hitAndRunRisk": false,
    "nightRisk": true,
    "dayRisk": false,
    "cctvPriorityCandidate": false,
    "coordinateConfidence": "medium",
    "estimatedAccuracyM": 500,
    "properties": {
     "feature_id": "crash-zone-near-sdm-office-geeta-colony",
     "location_name": "Near SDM Office Geeta Colony",
     "road_name": "Yamuna Pusta Road",
     "listed_in_table_6_29": true,
     "table_6_29_rank": 50,
     "all_simple_crashes": 1,
     "all_fatal_crashes": 4,
     "all_total_crashes": 5,
     "pedestrian_crash_prone": false,
     "pedestrian_simple_crashes": null,
     "pedestrian_fatal_crashes": null,
     "pedestrian_total_crashes": null,
     "two_wheeler_crash_prone": true,
     "two_wheeler_simple_crashes": 0,
     "two_wheeler_fatal_crashes": 3,
     "two_wheeler_total_crashes": 3,
     "htv_crash_prone": false,
     "htv_simple_crashes": null,
     "htv_fatal_crashes": null,
     "htv_total_crashes": null,
     "hit_and_run_crash_prone": false,
     "hit_and_run_simple_crashes": null,
     "hit_and_run_fatal_crashes": null,
     "hit_and_run_total_crashes": null,
     "day_time_crash_prone": false,
     "day_simple_crashes": null,
     "day_fatal_crashes": null,
     "day_total_crashes": null,
     "night_time_crash_prone": true,
     "night_simple_crashes": null,
     "night_fatal_crashes": null,
     "night_total_crashes": null,
     "blackspot_2024": false,
     "blackspot_rank": null,
     "blackspot_noninjury_crashes": null,
     "blackspot_simple_crashes": null,
     "blackspot_fatal_crashes": null,
     "blackspot_total_crashes": null,
     "blackspot_persons_killed": null,
     "blackspot_persons_injured": null,
     "cctv_priority_candidate": false,
     "cctv_priority_reason": null,
     "zone_radius_m_derived": 250,
     "geometry_status": "coordinates_not_published_in_report",
     "osm_search_query": "Near SDM Office Geeta Colony, Yamuna Pusta Road, Delhi, India",
     "source": "Delhi Road Crash Report 2024, Delhi Traffic Police",
     "source_pdf_pages": [
      112,
      113,
      114,
      115,
      122,
      128,
      129
     ],
     "night_time_simple_crashes": 1,
     "night_time_fatal_crashes": 3,
     "night_time_total_crashes": 4,
     "coordinate_is_approximate": true,
     "coordinate_method": "civic_landmark_centre",
     "coordinate_confidence": "medium",
     "estimated_accuracy_m": 500,
     "coordinate_source": "Approximate Delhi landmark/intersection/locality centre derived from the report place name",
     "coordinate_warning": "Not the Delhi Traffic Police geotag and not a surveyed crash location.",
     "coordinate_order": "[longitude, latitude]",
     "zone_radius_m": 250,
     "zone_diameter_m": 500
    },
    "analysisYear": 2024,
    "officialVendsWithin500m": 1,
    "officialVendsWithin1km": 5,
    "officialVendsWithin2km": 10,
    "osmOnlyShopsWithin500m": 0,
    "osmOnlyShopsWithin1km": 0,
    "osmOnlyShopsWithin2km": 1,
    "nearestOfficialVend": "GEETA COLONY",
    "nearestOfficialVendDistanceM": 0,
    "nearestOfficialVendCoordinateConfidence": "medium",
    "analysisWarning": "Spatial association only; coordinates are approximate. This does not establish that any nearby vend contributed to crashes at this location."
   }
  },
  {
   "type": "Feature",
   "id": "crash-zone-flyover-raja-ram-marg",
   "geometry": {
    "type": "Point",
    "coordinates": [
     77.279,
     28.653
    ]
   },
   "properties": {
    "id": "crash-zone-flyover-raja-ram-marg",
    "name": "Flyover Raja Ram Marg",
    "roadName": "Raja Ram Kohli Marg",
    "listedInMainTable": true,
    "simpleCrashes": 1,
    "fatalCrashes": 4,
    "totalCrashes": 5,
    "personsKilled": null,
    "personsInjured": null,
    "blackspot": false,
    "blackspotRank": null,
    "pedestrianRisk": false,
    "twoWheelerRisk": false,
    "htvRisk": false,
    "hitAndRunRisk": true,
    "nightRisk": false,
    "dayRisk": false,
    "cctvPriorityCandidate": true,
    "coordinateConfidence": "medium",
    "estimatedAccuracyM": 500,
    "properties": {
     "feature_id": "crash-zone-flyover-raja-ram-marg",
     "location_name": "Flyover Raja Ram Marg",
     "road_name": "Raja Ram Kohli Marg",
     "listed_in_table_6_29": true,
     "table_6_29_rank": 51,
     "all_simple_crashes": 1,
     "all_fatal_crashes": 4,
     "all_total_crashes": 5,
     "pedestrian_crash_prone": false,
     "pedestrian_simple_crashes": null,
     "pedestrian_fatal_crashes": null,
     "pedestrian_total_crashes": null,
     "two_wheeler_crash_prone": false,
     "two_wheeler_simple_crashes": null,
     "two_wheeler_fatal_crashes": null,
     "two_wheeler_total_crashes": null,
     "htv_crash_prone": false,
     "htv_simple_crashes": null,
     "htv_fatal_crashes": null,
     "htv_total_crashes": null,
     "hit_and_run_crash_prone": true,
     "hit_and_run_simple_crashes": 0,
     "hit_and_run_fatal_crashes": 3,
     "hit_and_run_total_crashes": 3,
     "day_time_crash_prone": false,
     "day_simple_crashes": null,
     "day_fatal_crashes": null,
     "day_total_crashes": null,
     "night_time_crash_prone": false,
     "night_simple_crashes": null,
     "night_fatal_crashes": null,
     "night_total_crashes": null,
     "blackspot_2024": false,
     "blackspot_rank": null,
     "blackspot_noninjury_crashes": null,
     "blackspot_simple_crashes": null,
     "blackspot_fatal_crashes": null,
     "blackspot_total_crashes": null,
     "blackspot_persons_killed": null,
     "blackspot_persons_injured": null,
     "cctv_priority_candidate": true,
     "cctv_priority_reason": "Listed in Table 6.37 as a hit-and-run crash-prone zone; the report recommends CCTV installation at these locations.",
     "zone_radius_m_derived": 250,
     "geometry_status": "coordinates_not_published_in_report",
     "osm_search_query": "Flyover Raja Ram Marg, Raja Ram Kohli Marg, Delhi, India",
     "source": "Delhi Road Crash Report 2024, Delhi Traffic Police",
     "source_pdf_pages": [
      112,
      113,
      114,
      115,
      125
     ],
     "coordinate_is_approximate": true,
     "coordinate_method": "flyover_area_centre",
     "coordinate_confidence": "medium",
     "estimated_accuracy_m": 500,
     "coordinate_source": "Approximate Delhi landmark/intersection/locality centre derived from the report place name",
     "coordinate_warning": "Not the Delhi Traffic Police geotag and not a surveyed crash location.",
     "coordinate_order": "[longitude, latitude]",
     "zone_radius_m": 250,
     "zone_diameter_m": 500
    },
    "analysisYear": 2024,
    "officialVendsWithin500m": 3,
    "officialVendsWithin1km": 4,
    "officialVendsWithin2km": 12,
    "osmOnlyShopsWithin500m": 0,
    "osmOnlyShopsWithin1km": 0,
    "osmOnlyShopsWithin2km": 1,
    "nearestOfficialVend": "KRISHNA NAGAR A4/17",
    "nearestOfficialVendDistanceM": 334,
    "nearestOfficialVendCoordinateConfidence": "medium",
    "analysisWarning": "Spatial association only; coordinates are approximate. This does not establish that any nearby vend contributed to crashes at this location."
   }
  },
  {
   "type": "Feature",
   "id": "crash-zone-telco-gajipur",
   "geometry": {
    "type": "Point",
    "coordinates": [
     77.322,
     28.629
    ]
   },
   "properties": {
    "id": "crash-zone-telco-gajipur",
    "name": "Telco Gajipur",
    "roadName": "Road No.56",
    "listedInMainTable": true,
    "simpleCrashes": 9,
    "fatalCrashes": 3,
    "totalCrashes": 12,
    "personsKilled": null,
    "personsInjured": null,
    "blackspot": false,
    "blackspotRank": null,
    "pedestrianRisk": false,
    "twoWheelerRisk": false,
    "htvRisk": false,
    "hitAndRunRisk": false,
    "nightRisk": false,
    "dayRisk": false,
    "cctvPriorityCandidate": false,
    "coordinateConfidence": "medium",
    "estimatedAccuracyM": 700,
    "properties": {
     "feature_id": "crash-zone-telco-gajipur",
     "location_name": "Telco Gajipur",
     "road_name": "Road No.56",
     "listed_in_table_6_29": true,
     "table_6_29_rank": 52,
     "all_simple_crashes": 9,
     "all_fatal_crashes": 3,
     "all_total_crashes": 12,
     "pedestrian_crash_prone": false,
     "pedestrian_simple_crashes": null,
     "pedestrian_fatal_crashes": null,
     "pedestrian_total_crashes": null,
     "two_wheeler_crash_prone": false,
     "two_wheeler_simple_crashes": null,
     "two_wheeler_fatal_crashes": null,
     "two_wheeler_total_crashes": null,
     "htv_crash_prone": false,
     "htv_simple_crashes": null,
     "htv_fatal_crashes": null,
     "htv_total_crashes": null,
     "hit_and_run_crash_prone": false,
     "hit_and_run_simple_crashes": null,
     "hit_and_run_fatal_crashes": null,
     "hit_and_run_total_crashes": null,
     "day_time_crash_prone": false,
     "day_simple_crashes": null,
     "day_fatal_crashes": null,
     "day_total_crashes": null,
     "night_time_crash_prone": false,
     "night_simple_crashes": null,
     "night_fatal_crashes": null,
     "night_total_crashes": null,
     "blackspot_2024": false,
     "blackspot_rank": null,
     "blackspot_noninjury_crashes": null,
     "blackspot_simple_crashes": null,
     "blackspot_fatal_crashes": null,
     "blackspot_total_crashes": null,
     "blackspot_persons_killed": null,
     "blackspot_persons_injured": null,
     "cctv_priority_candidate": false,
     "cctv_priority_reason": null,
     "zone_radius_m_derived": 250,
     "geometry_status": "coordinates_not_published_in_report",
     "osm_search_query": "Telco Gajipur, Road No.56, Delhi, India",
     "source": "Delhi Road Crash Report 2024, Delhi Traffic Police",
     "source_pdf_pages": [
      112,
      113,
      114,
      115
     ],
     "coordinate_is_approximate": true,
     "coordinate_method": "industrial_landmark_area",
     "coordinate_confidence": "medium",
     "estimated_accuracy_m": 700,
     "coordinate_source": "Approximate Delhi landmark/intersection/locality centre derived from the report place name",
     "coordinate_warning": "Not the Delhi Traffic Police geotag and not a surveyed crash location.",
     "coordinate_order": "[longitude, latitude]",
     "zone_radius_m": 250,
     "zone_diameter_m": 500
    },
    "analysisYear": 2024,
    "officialVendsWithin500m": 5,
    "officialVendsWithin1km": 6,
    "officialVendsWithin2km": 11,
    "osmOnlyShopsWithin500m": 0,
    "osmOnlyShopsWithin1km": 0,
    "osmOnlyShopsWithin2km": 0,
    "nearestOfficialVend": "GAZIPUR",
    "nearestOfficialVendDistanceM": 243,
    "nearestOfficialVendCoordinateConfidence": "medium",
    "analysisWarning": "Spatial association only; coordinates are approximate. This does not establish that any nearby vend contributed to crashes at this location."
   }
  },
  {
   "type": "Feature",
   "id": "crash-zone-loni-road-crossing",
   "geometry": {
    "type": "Point",
    "coordinates": [
     77.295,
     28.686
    ]
   },
   "properties": {
    "id": "crash-zone-loni-road-crossing",
    "name": "Loni Road Crossing",
    "roadName": "Wazirabad Road",
    "listedInMainTable": true,
    "simpleCrashes": 8,
    "fatalCrashes": 3,
    "totalCrashes": 11,
    "personsKilled": null,
    "personsInjured": null,
    "blackspot": false,
    "blackspotRank": null,
    "pedestrianRisk": false,
    "twoWheelerRisk": false,
    "htvRisk": false,
    "hitAndRunRisk": true,
    "nightRisk": false,
    "dayRisk": false,
    "cctvPriorityCandidate": true,
    "coordinateConfidence": "medium",
    "estimatedAccuracyM": 500,
    "properties": {
     "feature_id": "crash-zone-loni-road-crossing",
     "location_name": "Loni Road Crossing",
     "road_name": "Wazirabad Road",
     "listed_in_table_6_29": true,
     "table_6_29_rank": 53,
     "all_simple_crashes": 8,
     "all_fatal_crashes": 3,
     "all_total_crashes": 11,
     "pedestrian_crash_prone": false,
     "pedestrian_simple_crashes": null,
     "pedestrian_fatal_crashes": null,
     "pedestrian_total_crashes": null,
     "two_wheeler_crash_prone": false,
     "two_wheeler_simple_crashes": null,
     "two_wheeler_fatal_crashes": null,
     "two_wheeler_total_crashes": null,
     "htv_crash_prone": false,
     "htv_simple_crashes": null,
     "htv_fatal_crashes": null,
     "htv_total_crashes": null,
     "hit_and_run_crash_prone": true,
     "hit_and_run_simple_crashes": 1,
     "hit_and_run_fatal_crashes": 3,
     "hit_and_run_total_crashes": 4,
     "day_time_crash_prone": false,
     "day_simple_crashes": null,
     "day_fatal_crashes": null,
     "day_total_crashes": null,
     "night_time_crash_prone": false,
     "night_simple_crashes": null,
     "night_fatal_crashes": null,
     "night_total_crashes": null,
     "blackspot_2024": false,
     "blackspot_rank": null,
     "blackspot_noninjury_crashes": null,
     "blackspot_simple_crashes": null,
     "blackspot_fatal_crashes": null,
     "blackspot_total_crashes": null,
     "blackspot_persons_killed": null,
     "blackspot_persons_injured": null,
     "cctv_priority_candidate": true,
     "cctv_priority_reason": "Listed in Table 6.37 as a hit-and-run crash-prone zone; the report recommends CCTV installation at these locations.",
     "zone_radius_m_derived": 250,
     "geometry_status": "coordinates_not_published_in_report",
     "osm_search_query": "Loni Road Crossing, Wazirabad Road, Delhi, India",
     "source": "Delhi Road Crash Report 2024, Delhi Traffic Police",
     "source_pdf_pages": [
      112,
      113,
      114,
      115,
      125
     ],
     "coordinate_is_approximate": true,
     "coordinate_method": "intersection_centre",
     "coordinate_confidence": "medium",
     "estimated_accuracy_m": 500,
     "coordinate_source": "Approximate Delhi landmark/intersection/locality centre derived from the report place name",
     "coordinate_warning": "Not the Delhi Traffic Police geotag and not a surveyed crash location.",
     "coordinate_order": "[longitude, latitude]",
     "zone_radius_m": 250,
     "zone_diameter_m": 500
    },
    "analysisYear": 2024,
    "officialVendsWithin500m": 2,
    "officialVendsWithin1km": 4,
    "officialVendsWithin2km": 14,
    "osmOnlyShopsWithin500m": 1,
    "osmOnlyShopsWithin1km": 1,
    "osmOnlyShopsWithin2km": 2,
    "nearestOfficialVend": "NATHU COLONY 48",
    "nearestOfficialVendDistanceM": 243,
    "nearestOfficialVendCoordinateConfidence": "medium",
    "analysisWarning": "Spatial association only; coordinates are approximate. This does not establish that any nearby vend contributed to crashes at this location."
   }
  },
  {
   "type": "Feature",
   "id": "crash-zone-metro-station-dilshad-garden",
   "geometry": {
    "type": "Point",
    "coordinates": [
     77.321,
     28.675
    ]
   },
   "properties": {
    "id": "crash-zone-metro-station-dilshad-garden",
    "name": "Metro Station Dilshad Garden",
    "roadName": "G.T. Road",
    "listedInMainTable": true,
    "simpleCrashes": 7,
    "fatalCrashes": 3,
    "totalCrashes": 10,
    "personsKilled": null,
    "personsInjured": null,
    "blackspot": false,
    "blackspotRank": null,
    "pedestrianRisk": false,
    "twoWheelerRisk": false,
    "htvRisk": false,
    "hitAndRunRisk": false,
    "nightRisk": false,
    "dayRisk": false,
    "cctvPriorityCandidate": false,
    "coordinateConfidence": "high",
    "estimatedAccuracyM": 150,
    "properties": {
     "feature_id": "crash-zone-metro-station-dilshad-garden",
     "location_name": "Metro Station Dilshad Garden",
     "road_name": "G.T. Road",
     "listed_in_table_6_29": true,
     "table_6_29_rank": 54,
     "all_simple_crashes": 7,
     "all_fatal_crashes": 3,
     "all_total_crashes": 10,
     "pedestrian_crash_prone": false,
     "pedestrian_simple_crashes": null,
     "pedestrian_fatal_crashes": null,
     "pedestrian_total_crashes": null,
     "two_wheeler_crash_prone": false,
     "two_wheeler_simple_crashes": null,
     "two_wheeler_fatal_crashes": null,
     "two_wheeler_total_crashes": null,
     "htv_crash_prone": false,
     "htv_simple_crashes": null,
     "htv_fatal_crashes": null,
     "htv_total_crashes": null,
     "hit_and_run_crash_prone": false,
     "hit_and_run_simple_crashes": null,
     "hit_and_run_fatal_crashes": null,
     "hit_and_run_total_crashes": null,
     "day_time_crash_prone": false,
     "day_simple_crashes": null,
     "day_fatal_crashes": null,
     "day_total_crashes": null,
     "night_time_crash_prone": false,
     "night_simple_crashes": null,
     "night_fatal_crashes": null,
     "night_total_crashes": null,
     "blackspot_2024": false,
     "blackspot_rank": null,
     "blackspot_noninjury_crashes": null,
     "blackspot_simple_crashes": null,
     "blackspot_fatal_crashes": null,
     "blackspot_total_crashes": null,
     "blackspot_persons_killed": null,
     "blackspot_persons_injured": null,
     "cctv_priority_candidate": false,
     "cctv_priority_reason": null,
     "zone_radius_m_derived": 250,
     "geometry_status": "coordinates_not_published_in_report",
     "osm_search_query": "Metro Station Dilshad Garden, G.T. Road, Delhi, India",
     "source": "Delhi Road Crash Report 2024, Delhi Traffic Police",
     "source_pdf_pages": [
      112,
      113,
      114,
      115
     ],
     "coordinate_is_approximate": true,
     "coordinate_method": "metro_station_centre",
     "coordinate_confidence": "high",
     "estimated_accuracy_m": 150,
     "coordinate_source": "Approximate Delhi landmark/intersection/locality centre derived from the report place name",
     "coordinate_warning": "Not the Delhi Traffic Police geotag and not a surveyed crash location.",
     "coordinate_order": "[longitude, latitude]",
     "zone_radius_m": 250,
     "zone_diameter_m": 500
    },
    "analysisYear": 2024,
    "officialVendsWithin500m": 0,
    "officialVendsWithin1km": 3,
    "officialVendsWithin2km": 7,
    "osmOnlyShopsWithin500m": 0,
    "osmOnlyShopsWithin1km": 0,
    "osmOnlyShopsWithin2km": 0,
    "nearestOfficialVend": "DILSHAD GARDEN B-BLK",
    "nearestOfficialVendDistanceM": 667,
    "nearestOfficialVendCoordinateConfidence": "medium",
    "analysisWarning": "Spatial association only; coordinates are approximate. This does not establish that any nearby vend contributed to crashes at this location."
   }
  },
  {
   "type": "Feature",
   "id": "crash-zone-hamdard-nagar-red-light",
   "geometry": {
    "type": "Point",
    "coordinates": [
     77.25,
     28.515
    ]
   },
   "properties": {
    "id": "crash-zone-hamdard-nagar-red-light",
    "name": "Hamdard Nagar Red Light",
    "roadName": "Mehrauli Badarpur Road",
    "listedInMainTable": true,
    "simpleCrashes": 7,
    "fatalCrashes": 3,
    "totalCrashes": 10,
    "personsKilled": null,
    "personsInjured": null,
    "blackspot": false,
    "blackspotRank": null,
    "pedestrianRisk": false,
    "twoWheelerRisk": false,
    "htvRisk": false,
    "hitAndRunRisk": false,
    "nightRisk": true,
    "dayRisk": false,
    "cctvPriorityCandidate": false,
    "coordinateConfidence": "medium",
    "estimatedAccuracyM": 600,
    "properties": {
     "feature_id": "crash-zone-hamdard-nagar-red-light",
     "location_name": "Hamdard Nagar Red Light",
     "road_name": "Mehrauli Badarpur Road",
     "listed_in_table_6_29": true,
     "table_6_29_rank": 55,
     "all_simple_crashes": 7,
     "all_fatal_crashes": 3,
     "all_total_crashes": 10,
     "pedestrian_crash_prone": false,
     "pedestrian_simple_crashes": null,
     "pedestrian_fatal_crashes": null,
     "pedestrian_total_crashes": null,
     "two_wheeler_crash_prone": false,
     "two_wheeler_simple_crashes": null,
     "two_wheeler_fatal_crashes": null,
     "two_wheeler_total_crashes": null,
     "htv_crash_prone": false,
     "htv_simple_crashes": null,
     "htv_fatal_crashes": null,
     "htv_total_crashes": null,
     "hit_and_run_crash_prone": false,
     "hit_and_run_simple_crashes": null,
     "hit_and_run_fatal_crashes": null,
     "hit_and_run_total_crashes": null,
     "day_time_crash_prone": false,
     "day_simple_crashes": null,
     "day_fatal_crashes": null,
     "day_total_crashes": null,
     "night_time_crash_prone": true,
     "night_simple_crashes": null,
     "night_fatal_crashes": null,
     "night_total_crashes": null,
     "blackspot_2024": false,
     "blackspot_rank": null,
     "blackspot_noninjury_crashes": null,
     "blackspot_simple_crashes": null,
     "blackspot_fatal_crashes": null,
     "blackspot_total_crashes": null,
     "blackspot_persons_killed": null,
     "blackspot_persons_injured": null,
     "cctv_priority_candidate": false,
     "cctv_priority_reason": null,
     "zone_radius_m_derived": 250,
     "geometry_status": "coordinates_not_published_in_report",
     "osm_search_query": "Hamdard Nagar Red Light, Mehrauli Badarpur Road, Delhi, India",
     "source": "Delhi Road Crash Report 2024, Delhi Traffic Police",
     "source_pdf_pages": [
      112,
      113,
      114,
      115,
      128,
      129
     ],
     "night_time_simple_crashes": 2,
     "night_time_fatal_crashes": 3,
     "night_time_total_crashes": 5,
     "coordinate_is_approximate": true,
     "coordinate_method": "intersection_centre",
     "coordinate_confidence": "medium",
     "estimated_accuracy_m": 600,
     "coordinate_source": "Approximate Delhi landmark/intersection/locality centre derived from the report place name",
     "coordinate_warning": "Not the Delhi Traffic Police geotag and not a surveyed crash location.",
     "coordinate_order": "[longitude, latitude]",
     "zone_radius_m": 250,
     "zone_diameter_m": 500
    },
    "analysisYear": 2024,
    "officialVendsWithin500m": 0,
    "officialVendsWithin1km": 0,
    "officialVendsWithin2km": 3,
    "osmOnlyShopsWithin500m": 0,
    "osmOnlyShopsWithin1km": 0,
    "osmOnlyShopsWithin2km": 0,
    "nearestOfficialVend": "T K D EXTN.",
    "nearestOfficialVendDistanceM": 1346,
    "nearestOfficialVendCoordinateConfidence": "medium",
    "analysisWarning": "Spatial association only; coordinates are approximate. This does not establish that any nearby vend contributed to crashes at this location."
   }
  },
  {
   "type": "Feature",
   "id": "crash-zone-uttam-nagar",
   "geometry": {
    "type": "Point",
    "coordinates": [
     77.056,
     28.621
    ]
   },
   "properties": {
    "id": "crash-zone-uttam-nagar",
    "name": "Uttam Nagar",
    "roadName": "Najafgarh Road",
    "listedInMainTable": true,
    "simpleCrashes": 7,
    "fatalCrashes": 3,
    "totalCrashes": 10,
    "personsKilled": null,
    "personsInjured": null,
    "blackspot": false,
    "blackspotRank": null,
    "pedestrianRisk": false,
    "twoWheelerRisk": false,
    "htvRisk": false,
    "hitAndRunRisk": false,
    "nightRisk": false,
    "dayRisk": false,
    "cctvPriorityCandidate": false,
    "coordinateConfidence": "medium",
    "estimatedAccuracyM": 900,
    "properties": {
     "feature_id": "crash-zone-uttam-nagar",
     "location_name": "Uttam Nagar",
     "road_name": "Najafgarh Road",
     "listed_in_table_6_29": true,
     "table_6_29_rank": 56,
     "all_simple_crashes": 7,
     "all_fatal_crashes": 3,
     "all_total_crashes": 10,
     "pedestrian_crash_prone": false,
     "pedestrian_simple_crashes": null,
     "pedestrian_fatal_crashes": null,
     "pedestrian_total_crashes": null,
     "two_wheeler_crash_prone": false,
     "two_wheeler_simple_crashes": null,
     "two_wheeler_fatal_crashes": null,
     "two_wheeler_total_crashes": null,
     "htv_crash_prone": false,
     "htv_simple_crashes": null,
     "htv_fatal_crashes": null,
     "htv_total_crashes": null,
     "hit_and_run_crash_prone": false,
     "hit_and_run_simple_crashes": null,
     "hit_and_run_fatal_crashes": null,
     "hit_and_run_total_crashes": null,
     "day_time_crash_prone": false,
     "day_simple_crashes": null,
     "day_fatal_crashes": null,
     "day_total_crashes": null,
     "night_time_crash_prone": false,
     "night_simple_crashes": null,
     "night_fatal_crashes": null,
     "night_total_crashes": null,
     "blackspot_2024": false,
     "blackspot_rank": null,
     "blackspot_noninjury_crashes": null,
     "blackspot_simple_crashes": null,
     "blackspot_fatal_crashes": null,
     "blackspot_total_crashes": null,
     "blackspot_persons_killed": null,
     "blackspot_persons_injured": null,
     "cctv_priority_candidate": false,
     "cctv_priority_reason": null,
     "zone_radius_m_derived": 250,
     "geometry_status": "coordinates_not_published_in_report",
     "osm_search_query": "Uttam Nagar, Najafgarh Road, Delhi, India",
     "source": "Delhi Road Crash Report 2024, Delhi Traffic Police",
     "source_pdf_pages": [
      112,
      113,
      114,
      115
     ],
     "coordinate_is_approximate": true,
     "coordinate_method": "locality_centre",
     "coordinate_confidence": "medium",
     "estimated_accuracy_m": 900,
     "coordinate_source": "Approximate Delhi landmark/intersection/locality centre derived from the report place name",
     "coordinate_warning": "Not the Delhi Traffic Police geotag and not a surveyed crash location.",
     "coordinate_order": "[longitude, latitude]",
     "zone_radius_m": 250,
     "zone_diameter_m": 500
    },
    "analysisYear": 2024,
    "officialVendsWithin500m": 3,
    "officialVendsWithin1km": 4,
    "officialVendsWithin2km": 12,
    "osmOnlyShopsWithin500m": 0,
    "osmOnlyShopsWithin1km": 0,
    "osmOnlyShopsWithin2km": 0,
    "nearestOfficialVend": "UTTAM NAGAR",
    "nearestOfficialVendDistanceM": 0,
    "nearestOfficialVendCoordinateConfidence": "medium",
    "analysisWarning": "Spatial association only; coordinates are approximate. This does not establish that any nearby vend contributed to crashes at this location."
   }
  },
  {
   "type": "Feature",
   "id": "crash-zone-radisson-hotel",
   "geometry": {
    "type": "Point",
    "coordinates": [
     77.119,
     28.544
    ]
   },
   "properties": {
    "id": "crash-zone-radisson-hotel",
    "name": "Radisson Hotel",
    "roadName": "NH-8",
    "listedInMainTable": true,
    "simpleCrashes": 6,
    "fatalCrashes": 3,
    "totalCrashes": 9,
    "personsKilled": null,
    "personsInjured": null,
    "blackspot": false,
    "blackspotRank": null,
    "pedestrianRisk": false,
    "twoWheelerRisk": false,
    "htvRisk": false,
    "hitAndRunRisk": false,
    "nightRisk": false,
    "dayRisk": false,
    "cctvPriorityCandidate": false,
    "coordinateConfidence": "medium",
    "estimatedAccuracyM": 500,
    "properties": {
     "feature_id": "crash-zone-radisson-hotel",
     "location_name": "Radisson Hotel",
     "road_name": "NH-8",
     "listed_in_table_6_29": true,
     "table_6_29_rank": 57,
     "all_simple_crashes": 6,
     "all_fatal_crashes": 3,
     "all_total_crashes": 9,
     "pedestrian_crash_prone": false,
     "pedestrian_simple_crashes": null,
     "pedestrian_fatal_crashes": null,
     "pedestrian_total_crashes": null,
     "two_wheeler_crash_prone": false,
     "two_wheeler_simple_crashes": null,
     "two_wheeler_fatal_crashes": null,
     "two_wheeler_total_crashes": null,
     "htv_crash_prone": false,
     "htv_simple_crashes": null,
     "htv_fatal_crashes": null,
     "htv_total_crashes": null,
     "hit_and_run_crash_prone": false,
     "hit_and_run_simple_crashes": null,
     "hit_and_run_fatal_crashes": null,
     "hit_and_run_total_crashes": null,
     "day_time_crash_prone": false,
     "day_simple_crashes": null,
     "day_fatal_crashes": null,
     "day_total_crashes": null,
     "night_time_crash_prone": false,
     "night_simple_crashes": null,
     "night_fatal_crashes": null,
     "night_total_crashes": null,
     "blackspot_2024": false,
     "blackspot_rank": null,
     "blackspot_noninjury_crashes": null,
     "blackspot_simple_crashes": null,
     "blackspot_fatal_crashes": null,
     "blackspot_total_crashes": null,
     "blackspot_persons_killed": null,
     "blackspot_persons_injured": null,
     "cctv_priority_candidate": false,
     "cctv_priority_reason": null,
     "zone_radius_m_derived": 250,
     "geometry_status": "coordinates_not_published_in_report",
     "osm_search_query": "Radisson Hotel, NH-8, Delhi, India",
     "source": "Delhi Road Crash Report 2024, Delhi Traffic Police",
     "source_pdf_pages": [
      112,
      113,
      114,
      115
     ],
     "coordinate_is_approximate": true,
     "coordinate_method": "hotel_area_centre",
     "coordinate_confidence": "medium",
     "estimated_accuracy_m": 500,
     "coordinate_source": "Approximate Delhi landmark/intersection/locality centre derived from the report place name",
     "coordinate_warning": "Not the Delhi Traffic Police geotag and not a surveyed crash location.",
     "coordinate_order": "[longitude, latitude]",
     "zone_radius_m": 250,
     "zone_diameter_m": 500
    },
    "analysisYear": 2024,
    "officialVendsWithin500m": 0,
    "officialVendsWithin1km": 2,
    "officialVendsWithin2km": 2,
    "osmOnlyShopsWithin500m": 0,
    "osmOnlyShopsWithin1km": 0,
    "osmOnlyShopsWithin2km": 0,
    "nearestOfficialVend": "MAHIPALPUR E-14",
    "nearestOfficialVendDistanceM": 586,
    "nearestOfficialVendCoordinateConfidence": "medium",
    "analysisWarning": "Spatial association only; coordinates are approximate. This does not establish that any nearby vend contributed to crashes at this location."
   }
  },
  {
   "type": "Feature",
   "id": "crash-zone-district-center-janakpuri",
   "geometry": {
    "type": "Point",
    "coordinates": [
     77.081,
     28.629
    ]
   },
   "properties": {
    "id": "crash-zone-district-center-janakpuri",
    "name": "District Center Janakpuri",
    "roadName": "Najafgarh Road",
    "listedInMainTable": true,
    "simpleCrashes": 6,
    "fatalCrashes": 3,
    "totalCrashes": 9,
    "personsKilled": null,
    "personsInjured": null,
    "blackspot": false,
    "blackspotRank": null,
    "pedestrianRisk": false,
    "twoWheelerRisk": false,
    "htvRisk": false,
    "hitAndRunRisk": true,
    "nightRisk": false,
    "dayRisk": false,
    "cctvPriorityCandidate": true,
    "coordinateConfidence": "high",
    "estimatedAccuracyM": 300,
    "properties": {
     "feature_id": "crash-zone-district-center-janakpuri",
     "location_name": "District Center Janakpuri",
     "road_name": "Najafgarh Road",
     "listed_in_table_6_29": true,
     "table_6_29_rank": 58,
     "all_simple_crashes": 6,
     "all_fatal_crashes": 3,
     "all_total_crashes": 9,
     "pedestrian_crash_prone": false,
     "pedestrian_simple_crashes": null,
     "pedestrian_fatal_crashes": null,
     "pedestrian_total_crashes": null,
     "two_wheeler_crash_prone": false,
     "two_wheeler_simple_crashes": null,
     "two_wheeler_fatal_crashes": null,
     "two_wheeler_total_crashes": null,
     "htv_crash_prone": false,
     "htv_simple_crashes": null,
     "htv_fatal_crashes": null,
     "htv_total_crashes": null,
     "hit_and_run_crash_prone": true,
     "hit_and_run_simple_crashes": 1,
     "hit_and_run_fatal_crashes": 3,
     "hit_and_run_total_crashes": 4,
     "day_time_crash_prone": false,
     "day_simple_crashes": null,
     "day_fatal_crashes": null,
     "day_total_crashes": null,
     "night_time_crash_prone": false,
     "night_simple_crashes": null,
     "night_fatal_crashes": null,
     "night_total_crashes": null,
     "blackspot_2024": false,
     "blackspot_rank": null,
     "blackspot_noninjury_crashes": null,
     "blackspot_simple_crashes": null,
     "blackspot_fatal_crashes": null,
     "blackspot_total_crashes": null,
     "blackspot_persons_killed": null,
     "blackspot_persons_injured": null,
     "cctv_priority_candidate": true,
     "cctv_priority_reason": "Listed in Table 6.37 as a hit-and-run crash-prone zone; the report recommends CCTV installation at these locations.",
     "zone_radius_m_derived": 250,
     "geometry_status": "coordinates_not_published_in_report",
     "osm_search_query": "District Center Janakpuri, Najafgarh Road, Delhi, India",
     "source": "Delhi Road Crash Report 2024, Delhi Traffic Police",
     "source_pdf_pages": [
      112,
      113,
      114,
      115,
      125
     ],
     "coordinate_is_approximate": true,
     "coordinate_method": "commercial_centre",
     "coordinate_confidence": "high",
     "estimated_accuracy_m": 300,
     "coordinate_source": "Approximate Delhi landmark/intersection/locality centre derived from the report place name",
     "coordinate_warning": "Not the Delhi Traffic Police geotag and not a surveyed crash location.",
     "coordinate_order": "[longitude, latitude]",
     "zone_radius_m": 250,
     "zone_diameter_m": 500
    },
    "analysisYear": 2024,
    "officialVendsWithin500m": 3,
    "officialVendsWithin1km": 5,
    "officialVendsWithin2km": 15,
    "osmOnlyShopsWithin500m": 0,
    "osmOnlyShopsWithin1km": 0,
    "osmOnlyShopsWithin2km": 0,
    "nearestOfficialVend": "WEST END MALL 38",
    "nearestOfficialVendDistanceM": 0,
    "nearestOfficialVendCoordinateConfidence": "medium",
    "analysisWarning": "Spatial association only; coordinates are approximate. This does not establish that any nearby vend contributed to crashes at this location."
   }
  },
  {
   "type": "Feature",
   "id": "crash-zone-udyog-nagar",
   "geometry": {
    "type": "Point",
    "coordinates": [
     77.094,
     28.681
    ]
   },
   "properties": {
    "id": "crash-zone-udyog-nagar",
    "name": "Udyog Nagar",
    "roadName": "Rohtak Road",
    "listedInMainTable": true,
    "simpleCrashes": 6,
    "fatalCrashes": 3,
    "totalCrashes": 9,
    "personsKilled": null,
    "personsInjured": null,
    "blackspot": false,
    "blackspotRank": null,
    "pedestrianRisk": false,
    "twoWheelerRisk": false,
    "htvRisk": false,
    "hitAndRunRisk": false,
    "nightRisk": true,
    "dayRisk": false,
    "cctvPriorityCandidate": false,
    "coordinateConfidence": "medium",
    "estimatedAccuracyM": 500,
    "properties": {
     "feature_id": "crash-zone-udyog-nagar",
     "location_name": "Udyog Nagar",
     "road_name": "Rohtak Road",
     "listed_in_table_6_29": true,
     "table_6_29_rank": 59,
     "all_simple_crashes": 6,
     "all_fatal_crashes": 3,
     "all_total_crashes": 9,
     "pedestrian_crash_prone": false,
     "pedestrian_simple_crashes": null,
     "pedestrian_fatal_crashes": null,
     "pedestrian_total_crashes": null,
     "two_wheeler_crash_prone": false,
     "two_wheeler_simple_crashes": null,
     "two_wheeler_fatal_crashes": null,
     "two_wheeler_total_crashes": null,
     "htv_crash_prone": false,
     "htv_simple_crashes": null,
     "htv_fatal_crashes": null,
     "htv_total_crashes": null,
     "hit_and_run_crash_prone": false,
     "hit_and_run_simple_crashes": null,
     "hit_and_run_fatal_crashes": null,
     "hit_and_run_total_crashes": null,
     "day_time_crash_prone": false,
     "day_simple_crashes": null,
     "day_fatal_crashes": null,
     "day_total_crashes": null,
     "night_time_crash_prone": true,
     "night_simple_crashes": null,
     "night_fatal_crashes": null,
     "night_total_crashes": null,
     "blackspot_2024": false,
     "blackspot_rank": null,
     "blackspot_noninjury_crashes": null,
     "blackspot_simple_crashes": null,
     "blackspot_fatal_crashes": null,
     "blackspot_total_crashes": null,
     "blackspot_persons_killed": null,
     "blackspot_persons_injured": null,
     "cctv_priority_candidate": false,
     "cctv_priority_reason": null,
     "zone_radius_m_derived": 250,
     "geometry_status": "coordinates_not_published_in_report",
     "osm_search_query": "Udyog Nagar, Rohtak Road, Delhi, India",
     "source": "Delhi Road Crash Report 2024, Delhi Traffic Police",
     "source_pdf_pages": [
      112,
      113,
      114,
      115,
      128,
      129
     ],
     "night_time_simple_crashes": 2,
     "night_time_fatal_crashes": 3,
     "night_time_total_crashes": 5,
     "coordinate_is_approximate": true,
     "coordinate_method": "locality_metro_area_centre",
     "coordinate_confidence": "medium",
     "estimated_accuracy_m": 500,
     "coordinate_source": "Approximate Delhi landmark/intersection/locality centre derived from the report place name",
     "coordinate_warning": "Not the Delhi Traffic Police geotag and not a surveyed crash location.",
     "coordinate_order": "[longitude, latitude]",
     "zone_radius_m": 250,
     "zone_diameter_m": 500
    },
    "analysisYear": 2024,
    "officialVendsWithin500m": 2,
    "officialVendsWithin1km": 2,
    "officialVendsWithin2km": 12,
    "osmOnlyShopsWithin500m": 0,
    "osmOnlyShopsWithin1km": 0,
    "osmOnlyShopsWithin2km": 0,
    "nearestOfficialVend": "PEERA GARHI",
    "nearestOfficialVendDistanceM": 296,
    "nearestOfficialVendCoordinateConfidence": "medium",
    "analysisWarning": "Spatial association only; coordinates are approximate. This does not establish that any nearby vend contributed to crashes at this location."
   }
  },
  {
   "type": "Feature",
   "id": "crash-zone-sai-baba-mandir-najafgarh",
   "geometry": {
    "type": "Point",
    "coordinates": [
     76.985,
     28.61
    ]
   },
   "properties": {
    "id": "crash-zone-sai-baba-mandir-najafgarh",
    "name": "Sai Baba Mandir Najafgarh",
    "roadName": "Najafgarh Road",
    "listedInMainTable": true,
    "simpleCrashes": 6,
    "fatalCrashes": 3,
    "totalCrashes": 9,
    "personsKilled": null,
    "personsInjured": null,
    "blackspot": false,
    "blackspotRank": null,
    "pedestrianRisk": false,
    "twoWheelerRisk": false,
    "htvRisk": false,
    "hitAndRunRisk": false,
    "nightRisk": false,
    "dayRisk": false,
    "cctvPriorityCandidate": false,
    "coordinateConfidence": "low",
    "estimatedAccuracyM": 1200,
    "properties": {
     "feature_id": "crash-zone-sai-baba-mandir-najafgarh",
     "location_name": "Sai Baba Mandir Najafgarh",
     "road_name": "Najafgarh Road",
     "listed_in_table_6_29": true,
     "table_6_29_rank": 60,
     "all_simple_crashes": 6,
     "all_fatal_crashes": 3,
     "all_total_crashes": 9,
     "pedestrian_crash_prone": false,
     "pedestrian_simple_crashes": null,
     "pedestrian_fatal_crashes": null,
     "pedestrian_total_crashes": null,
     "two_wheeler_crash_prone": false,
     "two_wheeler_simple_crashes": null,
     "two_wheeler_fatal_crashes": null,
     "two_wheeler_total_crashes": null,
     "htv_crash_prone": false,
     "htv_simple_crashes": null,
     "htv_fatal_crashes": null,
     "htv_total_crashes": null,
     "hit_and_run_crash_prone": false,
     "hit_and_run_simple_crashes": null,
     "hit_and_run_fatal_crashes": null,
     "hit_and_run_total_crashes": null,
     "day_time_crash_prone": false,
     "day_simple_crashes": null,
     "day_fatal_crashes": null,
     "day_total_crashes": null,
     "night_time_crash_prone": false,
     "night_simple_crashes": null,
     "night_fatal_crashes": null,
     "night_total_crashes": null,
     "blackspot_2024": false,
     "blackspot_rank": null,
     "blackspot_noninjury_crashes": null,
     "blackspot_simple_crashes": null,
     "blackspot_fatal_crashes": null,
     "blackspot_total_crashes": null,
     "blackspot_persons_killed": null,
     "blackspot_persons_injured": null,
     "cctv_priority_candidate": false,
     "cctv_priority_reason": null,
     "zone_radius_m_derived": 250,
     "geometry_status": "coordinates_not_published_in_report",
     "osm_search_query": "Sai Baba Mandir Najafgarh, Najafgarh Road, Delhi, India",
     "source": "Delhi Road Crash Report 2024, Delhi Traffic Police",
     "source_pdf_pages": [
      112,
      113,
      114,
      115
     ],
     "coordinate_is_approximate": true,
     "coordinate_method": "locality_landmark_centre",
     "coordinate_confidence": "low",
     "estimated_accuracy_m": 1200,
     "coordinate_source": "Approximate Delhi landmark/intersection/locality centre derived from the report place name",
     "coordinate_warning": "Not the Delhi Traffic Police geotag and not a surveyed crash location.",
     "coordinate_order": "[longitude, latitude]",
     "zone_radius_m": 250,
     "zone_diameter_m": 500
    },
    "analysisYear": 2024,
    "officialVendsWithin500m": 1,
    "officialVendsWithin1km": 2,
    "officialVendsWithin2km": 2,
    "osmOnlyShopsWithin500m": 0,
    "osmOnlyShopsWithin1km": 0,
    "osmOnlyShopsWithin2km": 0,
    "nearestOfficialVend": "ROSHANPURA, NAJAFGARH",
    "nearestOfficialVendDistanceM": 387,
    "nearestOfficialVendCoordinateConfidence": "medium",
    "analysisWarning": "Spatial association only; coordinates are approximate. This does not establish that any nearby vend contributed to crashes at this location."
   }
  },
  {
   "type": "Feature",
   "id": "crash-zone-rama-road-crossing",
   "geometry": {
    "type": "Point",
    "coordinates": [
     77.147,
     28.661
    ]
   },
   "properties": {
    "id": "crash-zone-rama-road-crossing",
    "name": "Rama Road Crossing",
    "roadName": "Patel Road",
    "listedInMainTable": true,
    "simpleCrashes": 6,
    "fatalCrashes": 3,
    "totalCrashes": 9,
    "personsKilled": null,
    "personsInjured": null,
    "blackspot": false,
    "blackspotRank": null,
    "pedestrianRisk": false,
    "twoWheelerRisk": false,
    "htvRisk": false,
    "hitAndRunRisk": false,
    "nightRisk": false,
    "dayRisk": false,
    "cctvPriorityCandidate": false,
    "coordinateConfidence": "medium",
    "estimatedAccuracyM": 500,
    "properties": {
     "feature_id": "crash-zone-rama-road-crossing",
     "location_name": "Rama Road Crossing",
     "road_name": "Patel Road",
     "listed_in_table_6_29": true,
     "table_6_29_rank": 61,
     "all_simple_crashes": 6,
     "all_fatal_crashes": 3,
     "all_total_crashes": 9,
     "pedestrian_crash_prone": false,
     "pedestrian_simple_crashes": null,
     "pedestrian_fatal_crashes": null,
     "pedestrian_total_crashes": null,
     "two_wheeler_crash_prone": false,
     "two_wheeler_simple_crashes": null,
     "two_wheeler_fatal_crashes": null,
     "two_wheeler_total_crashes": null,
     "htv_crash_prone": false,
     "htv_simple_crashes": null,
     "htv_fatal_crashes": null,
     "htv_total_crashes": null,
     "hit_and_run_crash_prone": false,
     "hit_and_run_simple_crashes": null,
     "hit_and_run_fatal_crashes": null,
     "hit_and_run_total_crashes": null,
     "day_time_crash_prone": false,
     "day_simple_crashes": null,
     "day_fatal_crashes": null,
     "day_total_crashes": null,
     "night_time_crash_prone": false,
     "night_simple_crashes": null,
     "night_fatal_crashes": null,
     "night_total_crashes": null,
     "blackspot_2024": false,
     "blackspot_rank": null,
     "blackspot_noninjury_crashes": null,
     "blackspot_simple_crashes": null,
     "blackspot_fatal_crashes": null,
     "blackspot_total_crashes": null,
     "blackspot_persons_killed": null,
     "blackspot_persons_injured": null,
     "cctv_priority_candidate": false,
     "cctv_priority_reason": null,
     "zone_radius_m_derived": 250,
     "geometry_status": "coordinates_not_published_in_report",
     "osm_search_query": "Rama Road Crossing, Patel Road, Delhi, India",
     "source": "Delhi Road Crash Report 2024, Delhi Traffic Police",
     "source_pdf_pages": [
      112,
      113,
      114,
      115
     ],
     "coordinate_is_approximate": true,
     "coordinate_method": "intersection_centre",
     "coordinate_confidence": "medium",
     "estimated_accuracy_m": 500,
     "coordinate_source": "Approximate Delhi landmark/intersection/locality centre derived from the report place name",
     "coordinate_warning": "Not the Delhi Traffic Police geotag and not a surveyed crash location.",
     "coordinate_order": "[longitude, latitude]",
     "zone_radius_m": 250,
     "zone_diameter_m": 500
    },
    "analysisYear": 2024,
    "officialVendsWithin500m": 0,
    "officialVendsWithin1km": 3,
    "officialVendsWithin2km": 10,
    "osmOnlyShopsWithin500m": 0,
    "osmOnlyShopsWithin1km": 0,
    "osmOnlyShopsWithin2km": 0,
    "nearestOfficialVend": "MOTI NAGAR",
    "nearestOfficialVendDistanceM": 513,
    "nearestOfficialVendCoordinateConfidence": "medium",
    "analysisWarning": "Spatial association only; coordinates are approximate. This does not establish that any nearby vend contributed to crashes at this location."
   }
  },
  {
   "type": "Feature",
   "id": "crash-zone-c-1-janakpuri",
   "geometry": {
    "type": "Point",
    "coordinates": [
     77.087,
     28.618
    ]
   },
   "properties": {
    "id": "crash-zone-c-1-janakpuri",
    "name": "C-1 Janakpuri",
    "roadName": "Pankha Road",
    "listedInMainTable": true,
    "simpleCrashes": 6,
    "fatalCrashes": 3,
    "totalCrashes": 9,
    "personsKilled": null,
    "personsInjured": null,
    "blackspot": false,
    "blackspotRank": null,
    "pedestrianRisk": false,
    "twoWheelerRisk": false,
    "htvRisk": false,
    "hitAndRunRisk": false,
    "nightRisk": false,
    "dayRisk": false,
    "cctvPriorityCandidate": false,
    "coordinateConfidence": "medium",
    "estimatedAccuracyM": 500,
    "properties": {
     "feature_id": "crash-zone-c-1-janakpuri",
     "location_name": "C-1 Janakpuri",
     "road_name": "Pankha Road",
     "listed_in_table_6_29": true,
     "table_6_29_rank": 62,
     "all_simple_crashes": 6,
     "all_fatal_crashes": 3,
     "all_total_crashes": 9,
     "pedestrian_crash_prone": false,
     "pedestrian_simple_crashes": null,
     "pedestrian_fatal_crashes": null,
     "pedestrian_total_crashes": null,
     "two_wheeler_crash_prone": false,
     "two_wheeler_simple_crashes": null,
     "two_wheeler_fatal_crashes": null,
     "two_wheeler_total_crashes": null,
     "htv_crash_prone": false,
     "htv_simple_crashes": null,
     "htv_fatal_crashes": null,
     "htv_total_crashes": null,
     "hit_and_run_crash_prone": false,
     "hit_and_run_simple_crashes": null,
     "hit_and_run_fatal_crashes": null,
     "hit_and_run_total_crashes": null,
     "day_time_crash_prone": false,
     "day_simple_crashes": null,
     "day_fatal_crashes": null,
     "day_total_crashes": null,
     "night_time_crash_prone": false,
     "night_simple_crashes": null,
     "night_fatal_crashes": null,
     "night_total_crashes": null,
     "blackspot_2024": false,
     "blackspot_rank": null,
     "blackspot_noninjury_crashes": null,
     "blackspot_simple_crashes": null,
     "blackspot_fatal_crashes": null,
     "blackspot_total_crashes": null,
     "blackspot_persons_killed": null,
     "blackspot_persons_injured": null,
     "cctv_priority_candidate": false,
     "cctv_priority_reason": null,
     "zone_radius_m_derived": 250,
     "geometry_status": "coordinates_not_published_in_report",
     "osm_search_query": "C-1 Janakpuri, Pankha Road, Delhi, India",
     "source": "Delhi Road Crash Report 2024, Delhi Traffic Police",
     "source_pdf_pages": [
      112,
      113,
      114,
      115
     ],
     "coordinate_is_approximate": true,
     "coordinate_method": "block_centre",
     "coordinate_confidence": "medium",
     "estimated_accuracy_m": 500,
     "coordinate_source": "Approximate Delhi landmark/intersection/locality centre derived from the report place name",
     "coordinate_warning": "Not the Delhi Traffic Police geotag and not a surveyed crash location.",
     "coordinate_order": "[longitude, latitude]",
     "zone_radius_m": 250,
     "zone_diameter_m": 500
    },
    "analysisYear": 2024,
    "officialVendsWithin500m": 0,
    "officialVendsWithin1km": 3,
    "officialVendsWithin2km": 10,
    "osmOnlyShopsWithin500m": 0,
    "osmOnlyShopsWithin1km": 0,
    "osmOnlyShopsWithin2km": 0,
    "nearestOfficialVend": "JANAKPURI, B BLOCK",
    "nearestOfficialVendDistanceM": 514,
    "nearestOfficialVendCoordinateConfidence": "medium",
    "analysisWarning": "Spatial association only; coordinates are approximate. This does not establish that any nearby vend contributed to crashes at this location."
   }
  },
  {
   "type": "Feature",
   "id": "crash-zone-ghewra-more",
   "geometry": {
    "type": "Point",
    "coordinates": [
     76.996,
     28.685
    ]
   },
   "properties": {
    "id": "crash-zone-ghewra-more",
    "name": "Ghewra More",
    "roadName": "Rohtak Road",
    "listedInMainTable": true,
    "simpleCrashes": 5,
    "fatalCrashes": 3,
    "totalCrashes": 8,
    "personsKilled": null,
    "personsInjured": null,
    "blackspot": false,
    "blackspotRank": null,
    "pedestrianRisk": true,
    "twoWheelerRisk": false,
    "htvRisk": false,
    "hitAndRunRisk": false,
    "nightRisk": false,
    "dayRisk": false,
    "cctvPriorityCandidate": false,
    "coordinateConfidence": "medium",
    "estimatedAccuracyM": 500,
    "properties": {
     "feature_id": "crash-zone-ghewra-more",
     "location_name": "Ghewra More",
     "road_name": "Rohtak Road",
     "listed_in_table_6_29": true,
     "table_6_29_rank": 63,
     "all_simple_crashes": 5,
     "all_fatal_crashes": 3,
     "all_total_crashes": 8,
     "pedestrian_crash_prone": true,
     "pedestrian_simple_crashes": 0,
     "pedestrian_fatal_crashes": 3,
     "pedestrian_total_crashes": 3,
     "two_wheeler_crash_prone": false,
     "two_wheeler_simple_crashes": null,
     "two_wheeler_fatal_crashes": null,
     "two_wheeler_total_crashes": null,
     "htv_crash_prone": false,
     "htv_simple_crashes": null,
     "htv_fatal_crashes": null,
     "htv_total_crashes": null,
     "hit_and_run_crash_prone": false,
     "hit_and_run_simple_crashes": null,
     "hit_and_run_fatal_crashes": null,
     "hit_and_run_total_crashes": null,
     "day_time_crash_prone": false,
     "day_simple_crashes": null,
     "day_fatal_crashes": null,
     "day_total_crashes": null,
     "night_time_crash_prone": false,
     "night_simple_crashes": null,
     "night_fatal_crashes": null,
     "night_total_crashes": null,
     "blackspot_2024": false,
     "blackspot_rank": null,
     "blackspot_noninjury_crashes": null,
     "blackspot_simple_crashes": null,
     "blackspot_fatal_crashes": null,
     "blackspot_total_crashes": null,
     "blackspot_persons_killed": null,
     "blackspot_persons_injured": null,
     "cctv_priority_candidate": false,
     "cctv_priority_reason": null,
     "zone_radius_m_derived": 250,
     "geometry_status": "coordinates_not_published_in_report",
     "osm_search_query": "Ghewra More, Rohtak Road, Delhi, India",
     "source": "Delhi Road Crash Report 2024, Delhi Traffic Police",
     "source_pdf_pages": [
      112,
      113,
      114,
      115,
      120
     ],
     "coordinate_is_approximate": true,
     "coordinate_method": "intersection_metro_area",
     "coordinate_confidence": "medium",
     "estimated_accuracy_m": 500,
     "coordinate_source": "Approximate Delhi landmark/intersection/locality centre derived from the report place name",
     "coordinate_warning": "Not the Delhi Traffic Police geotag and not a surveyed crash location.",
     "coordinate_order": "[longitude, latitude]",
     "zone_radius_m": 250,
     "zone_diameter_m": 500
    },
    "analysisYear": 2024,
    "officialVendsWithin500m": 2,
    "officialVendsWithin1km": 2,
    "officialVendsWithin2km": 2,
    "osmOnlyShopsWithin500m": 0,
    "osmOnlyShopsWithin1km": 0,
    "osmOnlyShopsWithin2km": 0,
    "nearestOfficialVend": "GHEWRA METRO",
    "nearestOfficialVendDistanceM": 0,
    "nearestOfficialVendCoordinateConfidence": "medium",
    "analysisWarning": "Spatial association only; coordinates are approximate. This does not establish that any nearby vend contributed to crashes at this location."
   }
  },
  {
   "type": "Feature",
   "id": "crash-zone-deepali-chowk",
   "geometry": {
    "type": "Point",
    "coordinates": [
     77.121,
     28.698
    ]
   },
   "properties": {
    "id": "crash-zone-deepali-chowk",
    "name": "Deepali Chowk",
    "roadName": "Outer Ring Road",
    "listedInMainTable": true,
    "simpleCrashes": 5,
    "fatalCrashes": 3,
    "totalCrashes": 8,
    "personsKilled": null,
    "personsInjured": null,
    "blackspot": false,
    "blackspotRank": null,
    "pedestrianRisk": false,
    "twoWheelerRisk": false,
    "htvRisk": false,
    "hitAndRunRisk": false,
    "nightRisk": false,
    "dayRisk": false,
    "cctvPriorityCandidate": false,
    "coordinateConfidence": "medium",
    "estimatedAccuracyM": 450,
    "properties": {
     "feature_id": "crash-zone-deepali-chowk",
     "location_name": "Deepali Chowk",
     "road_name": "Outer Ring Road",
     "listed_in_table_6_29": true,
     "table_6_29_rank": 64,
     "all_simple_crashes": 5,
     "all_fatal_crashes": 3,
     "all_total_crashes": 8,
     "pedestrian_crash_prone": false,
     "pedestrian_simple_crashes": null,
     "pedestrian_fatal_crashes": null,
     "pedestrian_total_crashes": null,
     "two_wheeler_crash_prone": false,
     "two_wheeler_simple_crashes": null,
     "two_wheeler_fatal_crashes": null,
     "two_wheeler_total_crashes": null,
     "htv_crash_prone": false,
     "htv_simple_crashes": null,
     "htv_fatal_crashes": null,
     "htv_total_crashes": null,
     "hit_and_run_crash_prone": false,
     "hit_and_run_simple_crashes": null,
     "hit_and_run_fatal_crashes": null,
     "hit_and_run_total_crashes": null,
     "day_time_crash_prone": false,
     "day_simple_crashes": null,
     "day_fatal_crashes": null,
     "day_total_crashes": null,
     "night_time_crash_prone": false,
     "night_simple_crashes": null,
     "night_fatal_crashes": null,
     "night_total_crashes": null,
     "blackspot_2024": false,
     "blackspot_rank": null,
     "blackspot_noninjury_crashes": null,
     "blackspot_simple_crashes": null,
     "blackspot_fatal_crashes": null,
     "blackspot_total_crashes": null,
     "blackspot_persons_killed": null,
     "blackspot_persons_injured": null,
     "cctv_priority_candidate": false,
     "cctv_priority_reason": null,
     "zone_radius_m_derived": 250,
     "geometry_status": "coordinates_not_published_in_report",
     "osm_search_query": "Deepali Chowk, Outer Ring Road, Delhi, India",
     "source": "Delhi Road Crash Report 2024, Delhi Traffic Police",
     "source_pdf_pages": [
      112,
      113,
      114,
      115
     ],
     "coordinate_is_approximate": true,
     "coordinate_method": "intersection_centre",
     "coordinate_confidence": "medium",
     "estimated_accuracy_m": 450,
     "coordinate_source": "Approximate Delhi landmark/intersection/locality centre derived from the report place name",
     "coordinate_warning": "Not the Delhi Traffic Police geotag and not a surveyed crash location.",
     "coordinate_order": "[longitude, latitude]",
     "zone_radius_m": 250,
     "zone_diameter_m": 500
    },
    "analysisYear": 2024,
    "officialVendsWithin500m": 0,
    "officialVendsWithin1km": 2,
    "officialVendsWithin2km": 13,
    "osmOnlyShopsWithin500m": 0,
    "osmOnlyShopsWithin1km": 0,
    "osmOnlyShopsWithin2km": 0,
    "nearestOfficialVend": "W-MALL, SHOP NO. 2",
    "nearestOfficialVendDistanceM": 591,
    "nearestOfficialVendCoordinateConfidence": "medium",
    "analysisWarning": "Spatial association only; coordinates are approximate. This does not establish that any nearby vend contributed to crashes at this location."
   }
  },
  {
   "type": "Feature",
   "id": "crash-zone-crpf-camp-sonia-vihar",
   "geometry": {
    "type": "Point",
    "coordinates": [
     77.248,
     28.733
    ]
   },
   "properties": {
    "id": "crash-zone-crpf-camp-sonia-vihar",
    "name": "CRPF Camp Sonia Vihar",
    "roadName": "Pusta Road",
    "listedInMainTable": true,
    "simpleCrashes": 5,
    "fatalCrashes": 3,
    "totalCrashes": 8,
    "personsKilled": null,
    "personsInjured": null,
    "blackspot": false,
    "blackspotRank": null,
    "pedestrianRisk": false,
    "twoWheelerRisk": false,
    "htvRisk": false,
    "hitAndRunRisk": true,
    "nightRisk": true,
    "dayRisk": false,
    "cctvPriorityCandidate": true,
    "coordinateConfidence": "medium",
    "estimatedAccuracyM": 900,
    "properties": {
     "feature_id": "crash-zone-crpf-camp-sonia-vihar",
     "location_name": "CRPF Camp Sonia Vihar",
     "road_name": "Pusta Road",
     "listed_in_table_6_29": true,
     "table_6_29_rank": 65,
     "all_simple_crashes": 5,
     "all_fatal_crashes": 3,
     "all_total_crashes": 8,
     "pedestrian_crash_prone": false,
     "pedestrian_simple_crashes": null,
     "pedestrian_fatal_crashes": null,
     "pedestrian_total_crashes": null,
     "two_wheeler_crash_prone": false,
     "two_wheeler_simple_crashes": null,
     "two_wheeler_fatal_crashes": null,
     "two_wheeler_total_crashes": null,
     "htv_crash_prone": false,
     "htv_simple_crashes": null,
     "htv_fatal_crashes": null,
     "htv_total_crashes": null,
     "hit_and_run_crash_prone": true,
     "hit_and_run_simple_crashes": 0,
     "hit_and_run_fatal_crashes": 3,
     "hit_and_run_total_crashes": 3,
     "day_time_crash_prone": false,
     "day_simple_crashes": null,
     "day_fatal_crashes": null,
     "day_total_crashes": null,
     "night_time_crash_prone": true,
     "night_simple_crashes": null,
     "night_fatal_crashes": null,
     "night_total_crashes": null,
     "blackspot_2024": false,
     "blackspot_rank": null,
     "blackspot_noninjury_crashes": null,
     "blackspot_simple_crashes": null,
     "blackspot_fatal_crashes": null,
     "blackspot_total_crashes": null,
     "blackspot_persons_killed": null,
     "blackspot_persons_injured": null,
     "cctv_priority_candidate": true,
     "cctv_priority_reason": "Listed in Table 6.37 as a hit-and-run crash-prone zone; the report recommends CCTV installation at these locations.",
     "zone_radius_m_derived": 250,
     "geometry_status": "coordinates_not_published_in_report",
     "osm_search_query": "CRPF Camp Sonia Vihar, Pusta Road, Delhi, India",
     "source": "Delhi Road Crash Report 2024, Delhi Traffic Police",
     "source_pdf_pages": [
      112,
      113,
      114,
      115,
      125,
      128,
      129
     ],
     "night_time_simple_crashes": 4,
     "night_time_fatal_crashes": 3,
     "night_time_total_crashes": 7,
     "coordinate_is_approximate": true,
     "coordinate_method": "institution_area_centre",
     "coordinate_confidence": "medium",
     "estimated_accuracy_m": 900,
     "coordinate_source": "Approximate Delhi landmark/intersection/locality centre derived from the report place name",
     "coordinate_warning": "Not the Delhi Traffic Police geotag and not a surveyed crash location.",
     "coordinate_order": "[longitude, latitude]",
     "zone_radius_m": 250,
     "zone_diameter_m": 500
    },
    "analysisYear": 2024,
    "officialVendsWithin500m": 0,
    "officialVendsWithin1km": 0,
    "officialVendsWithin2km": 0,
    "osmOnlyShopsWithin500m": 0,
    "osmOnlyShopsWithin1km": 0,
    "osmOnlyShopsWithin2km": 0,
    "nearestOfficialVend": "KHAJOORI KHAS",
    "nearestOfficialVendDistanceM": 2773,
    "nearestOfficialVendCoordinateConfidence": "medium",
    "analysisWarning": "Spatial association only; coordinates are approximate. This does not establish that any nearby vend contributed to crashes at this location."
   }
  },
  {
   "type": "Feature",
   "id": "crash-zone-budhpur-ganda-nala-hanuman-mandir-budhpur",
   "geometry": {
    "type": "Point",
    "coordinates": [
     77.134,
     28.776
    ]
   },
   "properties": {
    "id": "crash-zone-budhpur-ganda-nala-hanuman-mandir-budhpur",
    "name": "Budhpur Ganda Nala/Hanuman Mandir Budhpur",
    "roadName": "GTK Road",
    "listedInMainTable": true,
    "simpleCrashes": 5,
    "fatalCrashes": 3,
    "totalCrashes": 8,
    "personsKilled": null,
    "personsInjured": null,
    "blackspot": false,
    "blackspotRank": null,
    "pedestrianRisk": false,
    "twoWheelerRisk": false,
    "htvRisk": false,
    "hitAndRunRisk": false,
    "nightRisk": true,
    "dayRisk": false,
    "cctvPriorityCandidate": false,
    "coordinateConfidence": "low",
    "estimatedAccuracyM": 1200,
    "properties": {
     "feature_id": "crash-zone-budhpur-ganda-nala-hanuman-mandir-budhpur",
     "location_name": "Budhpur Ganda Nala/Hanuman Mandir Budhpur",
     "road_name": "GTK Road",
     "listed_in_table_6_29": true,
     "table_6_29_rank": 66,
     "all_simple_crashes": 5,
     "all_fatal_crashes": 3,
     "all_total_crashes": 8,
     "pedestrian_crash_prone": false,
     "pedestrian_simple_crashes": null,
     "pedestrian_fatal_crashes": null,
     "pedestrian_total_crashes": null,
     "two_wheeler_crash_prone": false,
     "two_wheeler_simple_crashes": null,
     "two_wheeler_fatal_crashes": null,
     "two_wheeler_total_crashes": null,
     "htv_crash_prone": false,
     "htv_simple_crashes": null,
     "htv_fatal_crashes": null,
     "htv_total_crashes": null,
     "hit_and_run_crash_prone": false,
     "hit_and_run_simple_crashes": null,
     "hit_and_run_fatal_crashes": null,
     "hit_and_run_total_crashes": null,
     "day_time_crash_prone": false,
     "day_simple_crashes": null,
     "day_fatal_crashes": null,
     "day_total_crashes": null,
     "night_time_crash_prone": true,
     "night_simple_crashes": null,
     "night_fatal_crashes": null,
     "night_total_crashes": null,
     "blackspot_2024": false,
     "blackspot_rank": null,
     "blackspot_noninjury_crashes": null,
     "blackspot_simple_crashes": null,
     "blackspot_fatal_crashes": null,
     "blackspot_total_crashes": null,
     "blackspot_persons_killed": null,
     "blackspot_persons_injured": null,
     "cctv_priority_candidate": false,
     "cctv_priority_reason": null,
     "zone_radius_m_derived": 250,
     "geometry_status": "coordinates_not_published_in_report",
     "osm_search_query": "Budhpur Ganda Nala/Hanuman Mandir Budhpur, GTK Road, Delhi, India",
     "source": "Delhi Road Crash Report 2024, Delhi Traffic Police",
     "source_pdf_pages": [
      112,
      113,
      114,
      115,
      128,
      129
     ],
     "night_time_simple_crashes": 1,
     "night_time_fatal_crashes": 3,
     "night_time_total_crashes": 4,
     "coordinate_is_approximate": true,
     "coordinate_method": "locality_landmark_centre",
     "coordinate_confidence": "low",
     "estimated_accuracy_m": 1200,
     "coordinate_source": "Approximate Delhi landmark/intersection/locality centre derived from the report place name",
     "coordinate_warning": "Not the Delhi Traffic Police geotag and not a surveyed crash location.",
     "coordinate_order": "[longitude, latitude]",
     "zone_radius_m": 250,
     "zone_diameter_m": 500
    },
    "analysisYear": 2024,
    "officialVendsWithin500m": 0,
    "officialVendsWithin1km": 0,
    "officialVendsWithin2km": 0,
    "osmOnlyShopsWithin500m": 0,
    "osmOnlyShopsWithin1km": 0,
    "osmOnlyShopsWithin2km": 0,
    "nearestOfficialVend": "SIRASPUR, GURUDWARA RD.",
    "nearestOfficialVendDistanceM": 2390,
    "nearestOfficialVendCoordinateConfidence": "medium",
    "analysisWarning": "Spatial association only; coordinates are approximate. This does not establish that any nearby vend contributed to crashes at this location."
   }
  },
  {
   "type": "Feature",
   "id": "crash-zone-sai-baba-mandir-nh-1",
   "geometry": {
    "type": "Point",
    "coordinates": [
     77.139,
     28.771
    ]
   },
   "properties": {
    "id": "crash-zone-sai-baba-mandir-nh-1",
    "name": "Sai Baba Mandir NH-1",
    "roadName": "GTK Road",
    "listedInMainTable": true,
    "simpleCrashes": 4,
    "fatalCrashes": 3,
    "totalCrashes": 7,
    "personsKilled": null,
    "personsInjured": null,
    "blackspot": false,
    "blackspotRank": null,
    "pedestrianRisk": false,
    "twoWheelerRisk": false,
    "htvRisk": false,
    "hitAndRunRisk": false,
    "nightRisk": false,
    "dayRisk": false,
    "cctvPriorityCandidate": false,
    "coordinateConfidence": "low",
    "estimatedAccuracyM": 1600,
    "properties": {
     "feature_id": "crash-zone-sai-baba-mandir-nh-1",
     "location_name": "Sai Baba Mandir NH-1",
     "road_name": "GTK Road",
     "listed_in_table_6_29": true,
     "table_6_29_rank": 67,
     "all_simple_crashes": 4,
     "all_fatal_crashes": 3,
     "all_total_crashes": 7,
     "pedestrian_crash_prone": false,
     "pedestrian_simple_crashes": null,
     "pedestrian_fatal_crashes": null,
     "pedestrian_total_crashes": null,
     "two_wheeler_crash_prone": false,
     "two_wheeler_simple_crashes": null,
     "two_wheeler_fatal_crashes": null,
     "two_wheeler_total_crashes": null,
     "htv_crash_prone": false,
     "htv_simple_crashes": null,
     "htv_fatal_crashes": null,
     "htv_total_crashes": null,
     "hit_and_run_crash_prone": false,
     "hit_and_run_simple_crashes": null,
     "hit_and_run_fatal_crashes": null,
     "hit_and_run_total_crashes": null,
     "day_time_crash_prone": false,
     "day_simple_crashes": null,
     "day_fatal_crashes": null,
     "day_total_crashes": null,
     "night_time_crash_prone": false,
     "night_simple_crashes": null,
     "night_fatal_crashes": null,
     "night_total_crashes": null,
     "blackspot_2024": false,
     "blackspot_rank": null,
     "blackspot_noninjury_crashes": null,
     "blackspot_simple_crashes": null,
     "blackspot_fatal_crashes": null,
     "blackspot_total_crashes": null,
     "blackspot_persons_killed": null,
     "blackspot_persons_injured": null,
     "cctv_priority_candidate": false,
     "cctv_priority_reason": null,
     "zone_radius_m_derived": 250,
     "geometry_status": "coordinates_not_published_in_report",
     "osm_search_query": "Sai Baba Mandir NH-1, GTK Road, Delhi, India",
     "source": "Delhi Road Crash Report 2024, Delhi Traffic Police",
     "source_pdf_pages": [
      112,
      113,
      114,
      115
     ],
     "coordinate_is_approximate": true,
     "coordinate_method": "corridor_landmark_area",
     "coordinate_confidence": "low",
     "estimated_accuracy_m": 1600,
     "coordinate_source": "Approximate Delhi landmark/intersection/locality centre derived from the report place name",
     "coordinate_warning": "Not the Delhi Traffic Police geotag and not a surveyed crash location.",
     "coordinate_order": "[longitude, latitude]",
     "zone_radius_m": 250,
     "zone_diameter_m": 500
    },
    "analysisYear": 2024,
    "officialVendsWithin500m": 0,
    "officialVendsWithin1km": 0,
    "officialVendsWithin2km": 0,
    "osmOnlyShopsWithin500m": 0,
    "osmOnlyShopsWithin1km": 0,
    "osmOnlyShopsWithin2km": 0,
    "nearestOfficialVend": "SIRASPUR, GURUDWARA RD.",
    "nearestOfficialVendDistanceM": 2362,
    "nearestOfficialVendCoordinateConfidence": "medium",
    "analysisWarning": "Spatial association only; coordinates are approximate. This does not establish that any nearby vend contributed to crashes at this location."
   }
  },
  {
   "type": "Feature",
   "id": "crash-zone-khichadi-pur",
   "geometry": {
    "type": "Point",
    "coordinates": [
     77.318,
     28.62
    ]
   },
   "properties": {
    "id": "crash-zone-khichadi-pur",
    "name": "Khichadi Pur",
    "roadName": "NH-24",
    "listedInMainTable": true,
    "simpleCrashes": 4,
    "fatalCrashes": 3,
    "totalCrashes": 7,
    "personsKilled": null,
    "personsInjured": null,
    "blackspot": false,
    "blackspotRank": null,
    "pedestrianRisk": false,
    "twoWheelerRisk": false,
    "htvRisk": false,
    "hitAndRunRisk": false,
    "nightRisk": false,
    "dayRisk": false,
    "cctvPriorityCandidate": false,
    "coordinateConfidence": "medium",
    "estimatedAccuracyM": 700,
    "properties": {
     "feature_id": "crash-zone-khichadi-pur",
     "location_name": "Khichadi Pur",
     "road_name": "NH-24",
     "listed_in_table_6_29": true,
     "table_6_29_rank": 68,
     "all_simple_crashes": 4,
     "all_fatal_crashes": 3,
     "all_total_crashes": 7,
     "pedestrian_crash_prone": false,
     "pedestrian_simple_crashes": null,
     "pedestrian_fatal_crashes": null,
     "pedestrian_total_crashes": null,
     "two_wheeler_crash_prone": false,
     "two_wheeler_simple_crashes": null,
     "two_wheeler_fatal_crashes": null,
     "two_wheeler_total_crashes": null,
     "htv_crash_prone": false,
     "htv_simple_crashes": null,
     "htv_fatal_crashes": null,
     "htv_total_crashes": null,
     "hit_and_run_crash_prone": false,
     "hit_and_run_simple_crashes": null,
     "hit_and_run_fatal_crashes": null,
     "hit_and_run_total_crashes": null,
     "day_time_crash_prone": false,
     "day_simple_crashes": null,
     "day_fatal_crashes": null,
     "day_total_crashes": null,
     "night_time_crash_prone": false,
     "night_simple_crashes": null,
     "night_fatal_crashes": null,
     "night_total_crashes": null,
     "blackspot_2024": false,
     "blackspot_rank": null,
     "blackspot_noninjury_crashes": null,
     "blackspot_simple_crashes": null,
     "blackspot_fatal_crashes": null,
     "blackspot_total_crashes": null,
     "blackspot_persons_killed": null,
     "blackspot_persons_injured": null,
     "cctv_priority_candidate": false,
     "cctv_priority_reason": null,
     "zone_radius_m_derived": 250,
     "geometry_status": "coordinates_not_published_in_report",
     "osm_search_query": "Khichadi Pur, NH-24, Delhi, India",
     "source": "Delhi Road Crash Report 2024, Delhi Traffic Police",
     "source_pdf_pages": [
      112,
      113,
      114,
      115
     ],
     "coordinate_is_approximate": true,
     "coordinate_method": "locality_centre",
     "coordinate_confidence": "medium",
     "estimated_accuracy_m": 700,
     "coordinate_source": "Approximate Delhi landmark/intersection/locality centre derived from the report place name",
     "coordinate_warning": "Not the Delhi Traffic Police geotag and not a surveyed crash location.",
     "coordinate_order": "[longitude, latitude]",
     "zone_radius_m": 250,
     "zone_diameter_m": 500
    },
    "analysisYear": 2024,
    "officialVendsWithin500m": 2,
    "officialVendsWithin1km": 8,
    "officialVendsWithin2km": 12,
    "osmOnlyShopsWithin500m": 0,
    "osmOnlyShopsWithin1km": 0,
    "osmOnlyShopsWithin2km": 1,
    "nearestOfficialVend": "KHICHRI PUR",
    "nearestOfficialVendDistanceM": 0,
    "nearestOfficialVendCoordinateConfidence": "low",
    "analysisWarning": "Spatial association only; coordinates are approximate. This does not establish that any nearby vend contributed to crashes at this location."
   }
  },
  {
   "type": "Feature",
   "id": "crash-zone-kirari-more",
   "geometry": {
    "type": "Point",
    "coordinates": [
     77.052,
     28.706
    ]
   },
   "properties": {
    "id": "crash-zone-kirari-more",
    "name": "Kirari More",
    "roadName": "Rohtak Road",
    "listedInMainTable": true,
    "simpleCrashes": 4,
    "fatalCrashes": 3,
    "totalCrashes": 7,
    "personsKilled": null,
    "personsInjured": null,
    "blackspot": false,
    "blackspotRank": null,
    "pedestrianRisk": false,
    "twoWheelerRisk": false,
    "htvRisk": false,
    "hitAndRunRisk": true,
    "nightRisk": false,
    "dayRisk": false,
    "cctvPriorityCandidate": true,
    "coordinateConfidence": "medium",
    "estimatedAccuracyM": 600,
    "properties": {
     "feature_id": "crash-zone-kirari-more",
     "location_name": "Kirari More",
     "road_name": "Rohtak Road",
     "listed_in_table_6_29": true,
     "table_6_29_rank": 69,
     "all_simple_crashes": 4,
     "all_fatal_crashes": 3,
     "all_total_crashes": 7,
     "pedestrian_crash_prone": false,
     "pedestrian_simple_crashes": null,
     "pedestrian_fatal_crashes": null,
     "pedestrian_total_crashes": null,
     "two_wheeler_crash_prone": false,
     "two_wheeler_simple_crashes": null,
     "two_wheeler_fatal_crashes": null,
     "two_wheeler_total_crashes": null,
     "htv_crash_prone": false,
     "htv_simple_crashes": null,
     "htv_fatal_crashes": null,
     "htv_total_crashes": null,
     "hit_and_run_crash_prone": true,
     "hit_and_run_simple_crashes": 0,
     "hit_and_run_fatal_crashes": 3,
     "hit_and_run_total_crashes": 3,
     "day_time_crash_prone": false,
     "day_simple_crashes": null,
     "day_fatal_crashes": null,
     "day_total_crashes": null,
     "night_time_crash_prone": false,
     "night_simple_crashes": null,
     "night_fatal_crashes": null,
     "night_total_crashes": null,
     "blackspot_2024": false,
     "blackspot_rank": null,
     "blackspot_noninjury_crashes": null,
     "blackspot_simple_crashes": null,
     "blackspot_fatal_crashes": null,
     "blackspot_total_crashes": null,
     "blackspot_persons_killed": null,
     "blackspot_persons_injured": null,
     "cctv_priority_candidate": true,
     "cctv_priority_reason": "Listed in Table 6.37 as a hit-and-run crash-prone zone; the report recommends CCTV installation at these locations.",
     "zone_radius_m_derived": 250,
     "geometry_status": "coordinates_not_published_in_report",
     "osm_search_query": "Kirari More, Rohtak Road, Delhi, India",
     "source": "Delhi Road Crash Report 2024, Delhi Traffic Police",
     "source_pdf_pages": [
      112,
      113,
      114,
      115,
      125
     ],
     "coordinate_is_approximate": true,
     "coordinate_method": "intersection_centre",
     "coordinate_confidence": "medium",
     "estimated_accuracy_m": 600,
     "coordinate_source": "Approximate Delhi landmark/intersection/locality centre derived from the report place name",
     "coordinate_warning": "Not the Delhi Traffic Police geotag and not a surveyed crash location.",
     "coordinate_order": "[longitude, latitude]",
     "zone_radius_m": 250,
     "zone_diameter_m": 500
    },
    "analysisYear": 2024,
    "officialVendsWithin500m": 1,
    "officialVendsWithin1km": 1,
    "officialVendsWithin2km": 1,
    "osmOnlyShopsWithin500m": 0,
    "osmOnlyShopsWithin1km": 0,
    "osmOnlyShopsWithin2km": 0,
    "nearestOfficialVend": "KIRARI (DML)",
    "nearestOfficialVendDistanceM": 0,
    "nearestOfficialVendCoordinateConfidence": "medium",
    "analysisWarning": "Spatial association only; coordinates are approximate. This does not establish that any nearby vend contributed to crashes at this location."
   }
  },
  {
   "type": "Feature",
   "id": "crash-zone-jharera-village",
   "geometry": {
    "type": "Point",
    "coordinates": [
     77.124,
     28.581
    ]
   },
   "properties": {
    "id": "crash-zone-jharera-village",
    "name": "Jharera Village",
    "roadName": "NH-8",
    "listedInMainTable": true,
    "simpleCrashes": 4,
    "fatalCrashes": 3,
    "totalCrashes": 7,
    "personsKilled": null,
    "personsInjured": null,
    "blackspot": false,
    "blackspotRank": null,
    "pedestrianRisk": false,
    "twoWheelerRisk": false,
    "htvRisk": false,
    "hitAndRunRisk": false,
    "nightRisk": true,
    "dayRisk": false,
    "cctvPriorityCandidate": false,
    "coordinateConfidence": "medium",
    "estimatedAccuracyM": 900,
    "properties": {
     "feature_id": "crash-zone-jharera-village",
     "location_name": "Jharera Village",
     "road_name": "NH-8",
     "listed_in_table_6_29": true,
     "table_6_29_rank": 70,
     "all_simple_crashes": 4,
     "all_fatal_crashes": 3,
     "all_total_crashes": 7,
     "pedestrian_crash_prone": false,
     "pedestrian_simple_crashes": null,
     "pedestrian_fatal_crashes": null,
     "pedestrian_total_crashes": null,
     "two_wheeler_crash_prone": false,
     "two_wheeler_simple_crashes": null,
     "two_wheeler_fatal_crashes": null,
     "two_wheeler_total_crashes": null,
     "htv_crash_prone": false,
     "htv_simple_crashes": null,
     "htv_fatal_crashes": null,
     "htv_total_crashes": null,
     "hit_and_run_crash_prone": false,
     "hit_and_run_simple_crashes": null,
     "hit_and_run_fatal_crashes": null,
     "hit_and_run_total_crashes": null,
     "day_time_crash_prone": false,
     "day_simple_crashes": null,
     "day_fatal_crashes": null,
     "day_total_crashes": null,
     "night_time_crash_prone": true,
     "night_simple_crashes": null,
     "night_fatal_crashes": null,
     "night_total_crashes": null,
     "blackspot_2024": false,
     "blackspot_rank": null,
     "blackspot_noninjury_crashes": null,
     "blackspot_simple_crashes": null,
     "blackspot_fatal_crashes": null,
     "blackspot_total_crashes": null,
     "blackspot_persons_killed": null,
     "blackspot_persons_injured": null,
     "cctv_priority_candidate": false,
     "cctv_priority_reason": null,
     "zone_radius_m_derived": 250,
     "geometry_status": "coordinates_not_published_in_report",
     "osm_search_query": "Jharera Village, NH-8, Delhi, India",
     "source": "Delhi Road Crash Report 2024, Delhi Traffic Police",
     "source_pdf_pages": [
      112,
      113,
      114,
      115,
      128,
      129
     ],
     "night_time_simple_crashes": 1,
     "night_time_fatal_crashes": 3,
     "night_time_total_crashes": 4,
     "coordinate_is_approximate": true,
     "coordinate_method": "village_centre",
     "coordinate_confidence": "medium",
     "estimated_accuracy_m": 900,
     "coordinate_source": "Approximate Delhi landmark/intersection/locality centre derived from the report place name",
     "coordinate_warning": "Not the Delhi Traffic Police geotag and not a surveyed crash location.",
     "coordinate_order": "[longitude, latitude]",
     "zone_radius_m": 250,
     "zone_diameter_m": 500
    },
    "analysisYear": 2024,
    "officialVendsWithin500m": 0,
    "officialVendsWithin1km": 0,
    "officialVendsWithin2km": 0,
    "osmOnlyShopsWithin500m": 0,
    "osmOnlyShopsWithin1km": 0,
    "osmOnlyShopsWithin2km": 0,
    "nearestOfficialVend": "NANGAL RAI",
    "nearestOfficialVendDistanceM": 3400,
    "nearestOfficialVendCoordinateConfidence": "medium",
    "analysisWarning": "Spatial association only; coordinates are approximate. This does not establish that any nearby vend contributed to crashes at this location."
   }
  },
  {
   "type": "Feature",
   "id": "crash-zone-wazir-pur-depot",
   "geometry": {
    "type": "Point",
    "coordinates": [
     77.167,
     28.699
    ]
   },
   "properties": {
    "id": "crash-zone-wazir-pur-depot",
    "name": "Wazir Pur Depot",
    "roadName": "Ring Road",
    "listedInMainTable": true,
    "simpleCrashes": 4,
    "fatalCrashes": 3,
    "totalCrashes": 7,
    "personsKilled": null,
    "personsInjured": null,
    "blackspot": false,
    "blackspotRank": null,
    "pedestrianRisk": false,
    "twoWheelerRisk": false,
    "htvRisk": false,
    "hitAndRunRisk": false,
    "nightRisk": true,
    "dayRisk": false,
    "cctvPriorityCandidate": false,
    "coordinateConfidence": "high",
    "estimatedAccuracyM": 300,
    "properties": {
     "feature_id": "crash-zone-wazir-pur-depot",
     "location_name": "Wazir Pur Depot",
     "road_name": "Ring Road",
     "listed_in_table_6_29": true,
     "table_6_29_rank": 71,
     "all_simple_crashes": 4,
     "all_fatal_crashes": 3,
     "all_total_crashes": 7,
     "pedestrian_crash_prone": false,
     "pedestrian_simple_crashes": null,
     "pedestrian_fatal_crashes": null,
     "pedestrian_total_crashes": null,
     "two_wheeler_crash_prone": false,
     "two_wheeler_simple_crashes": null,
     "two_wheeler_fatal_crashes": null,
     "two_wheeler_total_crashes": null,
     "htv_crash_prone": false,
     "htv_simple_crashes": null,
     "htv_fatal_crashes": null,
     "htv_total_crashes": null,
     "hit_and_run_crash_prone": false,
     "hit_and_run_simple_crashes": null,
     "hit_and_run_fatal_crashes": null,
     "hit_and_run_total_crashes": null,
     "day_time_crash_prone": false,
     "day_simple_crashes": null,
     "day_fatal_crashes": null,
     "day_total_crashes": null,
     "night_time_crash_prone": true,
     "night_simple_crashes": null,
     "night_fatal_crashes": null,
     "night_total_crashes": null,
     "blackspot_2024": false,
     "blackspot_rank": null,
     "blackspot_noninjury_crashes": null,
     "blackspot_simple_crashes": null,
     "blackspot_fatal_crashes": null,
     "blackspot_total_crashes": null,
     "blackspot_persons_killed": null,
     "blackspot_persons_injured": null,
     "cctv_priority_candidate": false,
     "cctv_priority_reason": null,
     "zone_radius_m_derived": 250,
     "geometry_status": "coordinates_not_published_in_report",
     "osm_search_query": "Wazir Pur Depot, Ring Road, Delhi, India",
     "source": "Delhi Road Crash Report 2024, Delhi Traffic Police",
     "source_pdf_pages": [
      112,
      113,
      114,
      115,
      128,
      129
     ],
     "night_time_simple_crashes": 2,
     "night_time_fatal_crashes": 3,
     "night_time_total_crashes": 5,
     "coordinate_is_approximate": true,
     "coordinate_method": "depot_area_centre",
     "coordinate_confidence": "high",
     "estimated_accuracy_m": 300,
     "coordinate_source": "Approximate Delhi landmark/intersection/locality centre derived from the report place name",
     "coordinate_warning": "Not the Delhi Traffic Police geotag and not a surveyed crash location.",
     "coordinate_order": "[longitude, latitude]",
     "zone_radius_m": 250,
     "zone_diameter_m": 500
    },
    "analysisYear": 2024,
    "officialVendsWithin500m": 2,
    "officialVendsWithin1km": 4,
    "officialVendsWithin2km": 12,
    "osmOnlyShopsWithin500m": 0,
    "osmOnlyShopsWithin1km": 0,
    "osmOnlyShopsWithin2km": 0,
    "nearestOfficialVend": "WAZIRPUR",
    "nearestOfficialVendDistanceM": 0,
    "nearestOfficialVendCoordinateConfidence": "medium",
    "analysisWarning": "Spatial association only; coordinates are approximate. This does not establish that any nearby vend contributed to crashes at this location."
   }
  },
  {
   "type": "Feature",
   "id": "crash-zone-under-pass-gajipur",
   "geometry": {
    "type": "Point",
    "coordinates": [
     77.323,
     28.624
    ]
   },
   "properties": {
    "id": "crash-zone-under-pass-gajipur",
    "name": "Under Pass Gajipur",
    "roadName": "NH-24",
    "listedInMainTable": true,
    "simpleCrashes": 4,
    "fatalCrashes": 3,
    "totalCrashes": 7,
    "personsKilled": null,
    "personsInjured": null,
    "blackspot": false,
    "blackspotRank": null,
    "pedestrianRisk": false,
    "twoWheelerRisk": true,
    "htvRisk": false,
    "hitAndRunRisk": true,
    "nightRisk": false,
    "dayRisk": false,
    "cctvPriorityCandidate": true,
    "coordinateConfidence": "medium",
    "estimatedAccuracyM": 500,
    "properties": {
     "feature_id": "crash-zone-under-pass-gajipur",
     "location_name": "Under Pass Gajipur",
     "road_name": "NH-24",
     "listed_in_table_6_29": true,
     "table_6_29_rank": 72,
     "all_simple_crashes": 4,
     "all_fatal_crashes": 3,
     "all_total_crashes": 7,
     "pedestrian_crash_prone": false,
     "pedestrian_simple_crashes": null,
     "pedestrian_fatal_crashes": null,
     "pedestrian_total_crashes": null,
     "two_wheeler_crash_prone": true,
     "two_wheeler_simple_crashes": 2,
     "two_wheeler_fatal_crashes": 3,
     "two_wheeler_total_crashes": 5,
     "htv_crash_prone": false,
     "htv_simple_crashes": null,
     "htv_fatal_crashes": null,
     "htv_total_crashes": null,
     "hit_and_run_crash_prone": true,
     "hit_and_run_simple_crashes": 2,
     "hit_and_run_fatal_crashes": 3,
     "hit_and_run_total_crashes": 5,
     "day_time_crash_prone": false,
     "day_simple_crashes": null,
     "day_fatal_crashes": null,
     "day_total_crashes": null,
     "night_time_crash_prone": false,
     "night_simple_crashes": null,
     "night_fatal_crashes": null,
     "night_total_crashes": null,
     "blackspot_2024": false,
     "blackspot_rank": null,
     "blackspot_noninjury_crashes": null,
     "blackspot_simple_crashes": null,
     "blackspot_fatal_crashes": null,
     "blackspot_total_crashes": null,
     "blackspot_persons_killed": null,
     "blackspot_persons_injured": null,
     "cctv_priority_candidate": true,
     "cctv_priority_reason": "Listed in Table 6.37 as a hit-and-run crash-prone zone; the report recommends CCTV installation at these locations.",
     "zone_radius_m_derived": 250,
     "geometry_status": "coordinates_not_published_in_report",
     "osm_search_query": "Under Pass Gajipur, NH-24, Delhi, India",
     "source": "Delhi Road Crash Report 2024, Delhi Traffic Police",
     "source_pdf_pages": [
      112,
      113,
      114,
      115,
      122,
      125
     ],
     "coordinate_is_approximate": true,
     "coordinate_method": "underpass_area_centre",
     "coordinate_confidence": "medium",
     "estimated_accuracy_m": 500,
     "coordinate_source": "Approximate Delhi landmark/intersection/locality centre derived from the report place name",
     "coordinate_warning": "Not the Delhi Traffic Police geotag and not a surveyed crash location.",
     "coordinate_order": "[longitude, latitude]",
     "zone_radius_m": 250,
     "zone_diameter_m": 500
    },
    "analysisYear": 2024,
    "officialVendsWithin500m": 5,
    "officialVendsWithin1km": 7,
    "officialVendsWithin2km": 13,
    "osmOnlyShopsWithin500m": 0,
    "osmOnlyShopsWithin1km": 0,
    "osmOnlyShopsWithin2km": 0,
    "nearestOfficialVend": "GAZIPUR",
    "nearestOfficialVendDistanceM": 334,
    "nearestOfficialVendCoordinateConfidence": "medium",
    "analysisWarning": "Spatial association only; coordinates are approximate. This does not establish that any nearby vend contributed to crashes at this location."
   }
  },
  {
   "type": "Feature",
   "id": "crash-zone-hilton-hotel",
   "geometry": {
    "type": "Point",
    "coordinates": [
     77.298,
     28.606
    ]
   },
   "properties": {
    "id": "crash-zone-hilton-hotel",
    "name": "Hilton Hotel",
    "roadName": "Noida Link Road",
    "listedInMainTable": true,
    "simpleCrashes": 3,
    "fatalCrashes": 3,
    "totalCrashes": 6,
    "personsKilled": null,
    "personsInjured": null,
    "blackspot": false,
    "blackspotRank": null,
    "pedestrianRisk": false,
    "twoWheelerRisk": false,
    "htvRisk": false,
    "hitAndRunRisk": false,
    "nightRisk": false,
    "dayRisk": false,
    "cctvPriorityCandidate": false,
    "coordinateConfidence": "medium",
    "estimatedAccuracyM": 800,
    "properties": {
     "feature_id": "crash-zone-hilton-hotel",
     "location_name": "Hilton Hotel",
     "road_name": "Noida Link Road",
     "listed_in_table_6_29": true,
     "table_6_29_rank": 73,
     "all_simple_crashes": 3,
     "all_fatal_crashes": 3,
     "all_total_crashes": 6,
     "pedestrian_crash_prone": false,
     "pedestrian_simple_crashes": null,
     "pedestrian_fatal_crashes": null,
     "pedestrian_total_crashes": null,
     "two_wheeler_crash_prone": false,
     "two_wheeler_simple_crashes": null,
     "two_wheeler_fatal_crashes": null,
     "two_wheeler_total_crashes": null,
     "htv_crash_prone": false,
     "htv_simple_crashes": null,
     "htv_fatal_crashes": null,
     "htv_total_crashes": null,
     "hit_and_run_crash_prone": false,
     "hit_and_run_simple_crashes": null,
     "hit_and_run_fatal_crashes": null,
     "hit_and_run_total_crashes": null,
     "day_time_crash_prone": false,
     "day_simple_crashes": null,
     "day_fatal_crashes": null,
     "day_total_crashes": null,
     "night_time_crash_prone": false,
     "night_simple_crashes": null,
     "night_fatal_crashes": null,
     "night_total_crashes": null,
     "blackspot_2024": false,
     "blackspot_rank": null,
     "blackspot_noninjury_crashes": null,
     "blackspot_simple_crashes": null,
     "blackspot_fatal_crashes": null,
     "blackspot_total_crashes": null,
     "blackspot_persons_killed": null,
     "blackspot_persons_injured": null,
     "cctv_priority_candidate": false,
     "cctv_priority_reason": null,
     "zone_radius_m_derived": 250,
     "geometry_status": "coordinates_not_published_in_report",
     "osm_search_query": "Hilton Hotel, Noida Link Road, Delhi, India",
     "source": "Delhi Road Crash Report 2024, Delhi Traffic Police",
     "source_pdf_pages": [
      112,
      113,
      114,
      115
     ],
     "coordinate_is_approximate": true,
     "coordinate_method": "hotel_area_centre",
     "coordinate_confidence": "medium",
     "estimated_accuracy_m": 800,
     "coordinate_source": "Approximate Delhi landmark/intersection/locality centre derived from the report place name",
     "coordinate_warning": "Not the Delhi Traffic Police geotag and not a surveyed crash location.",
     "coordinate_order": "[longitude, latitude]",
     "zone_radius_m": 250,
     "zone_diameter_m": 500
    },
    "analysisYear": 2024,
    "officialVendsWithin500m": 1,
    "officialVendsWithin1km": 4,
    "officialVendsWithin2km": 7,
    "osmOnlyShopsWithin500m": 0,
    "osmOnlyShopsWithin1km": 0,
    "osmOnlyShopsWithin2km": 2,
    "nearestOfficialVend": "KOTLA VILLAGE MAYUR VIHAR",
    "nearestOfficialVendDistanceM": 195,
    "nearestOfficialVendCoordinateConfidence": "medium",
    "analysisWarning": "Spatial association only; coordinates are approximate. This does not establish that any nearby vend contributed to crashes at this location."
   }
  },
  {
   "type": "Feature",
   "id": "crash-zone-ram-charan-aggarwal-chowk",
   "geometry": {
    "type": "Point",
    "coordinates": [
     77.244,
     28.63
    ]
   },
   "properties": {
    "id": "crash-zone-ram-charan-aggarwal-chowk",
    "name": "Ram Charan Aggarwal Chowk",
    "roadName": "BSZ Marg",
    "listedInMainTable": true,
    "simpleCrashes": 3,
    "fatalCrashes": 3,
    "totalCrashes": 6,
    "personsKilled": null,
    "personsInjured": null,
    "blackspot": false,
    "blackspotRank": null,
    "pedestrianRisk": false,
    "twoWheelerRisk": false,
    "htvRisk": false,
    "hitAndRunRisk": false,
    "nightRisk": false,
    "dayRisk": false,
    "cctvPriorityCandidate": false,
    "coordinateConfidence": "medium",
    "estimatedAccuracyM": 600,
    "properties": {
     "feature_id": "crash-zone-ram-charan-aggarwal-chowk",
     "location_name": "Ram Charan Aggarwal Chowk",
     "road_name": "BSZ Marg",
     "listed_in_table_6_29": true,
     "table_6_29_rank": 74,
     "all_simple_crashes": 3,
     "all_fatal_crashes": 3,
     "all_total_crashes": 6,
     "pedestrian_crash_prone": false,
     "pedestrian_simple_crashes": null,
     "pedestrian_fatal_crashes": null,
     "pedestrian_total_crashes": null,
     "two_wheeler_crash_prone": false,
     "two_wheeler_simple_crashes": null,
     "two_wheeler_fatal_crashes": null,
     "two_wheeler_total_crashes": null,
     "htv_crash_prone": false,
     "htv_simple_crashes": null,
     "htv_fatal_crashes": null,
     "htv_total_crashes": null,
     "hit_and_run_crash_prone": false,
     "hit_and_run_simple_crashes": null,
     "hit_and_run_fatal_crashes": null,
     "hit_and_run_total_crashes": null,
     "day_time_crash_prone": false,
     "day_simple_crashes": null,
     "day_fatal_crashes": null,
     "day_total_crashes": null,
     "night_time_crash_prone": false,
     "night_simple_crashes": null,
     "night_fatal_crashes": null,
     "night_total_crashes": null,
     "blackspot_2024": false,
     "blackspot_rank": null,
     "blackspot_noninjury_crashes": null,
     "blackspot_simple_crashes": null,
     "blackspot_fatal_crashes": null,
     "blackspot_total_crashes": null,
     "blackspot_persons_killed": null,
     "blackspot_persons_injured": null,
     "cctv_priority_candidate": false,
     "cctv_priority_reason": null,
     "zone_radius_m_derived": 250,
     "geometry_status": "coordinates_not_published_in_report",
     "osm_search_query": "Ram Charan Aggarwal Chowk, BSZ Marg, Delhi, India",
     "source": "Delhi Road Crash Report 2024, Delhi Traffic Police",
     "source_pdf_pages": [
      112,
      113,
      114,
      115
     ],
     "coordinate_is_approximate": true,
     "coordinate_method": "intersection_centre",
     "coordinate_confidence": "medium",
     "estimated_accuracy_m": 600,
     "coordinate_source": "Approximate Delhi landmark/intersection/locality centre derived from the report place name",
     "coordinate_warning": "Not the Delhi Traffic Police geotag and not a surveyed crash location.",
     "coordinate_order": "[longitude, latitude]",
     "zone_radius_m": 250,
     "zone_diameter_m": 500
    },
    "analysisYear": 2024,
    "officialVendsWithin500m": 1,
    "officialVendsWithin1km": 1,
    "officialVendsWithin2km": 1,
    "osmOnlyShopsWithin500m": 0,
    "osmOnlyShopsWithin1km": 0,
    "osmOnlyShopsWithin2km": 0,
    "nearestOfficialVend": "VIKAS BHAWAN",
    "nearestOfficialVendDistanceM": 296,
    "nearestOfficialVendCoordinateConfidence": "low",
    "analysisWarning": "Spatial association only; coordinates are approximate. This does not establish that any nearby vend contributed to crashes at this location."
   }
  },
  {
   "type": "Feature",
   "id": "crash-zone-aiims",
   "geometry": {
    "type": "Point",
    "coordinates": [
     77.21,
     28.567
    ]
   },
   "properties": {
    "id": "crash-zone-aiims",
    "name": "AIIMS",
    "roadName": "Ring Road",
    "listedInMainTable": true,
    "simpleCrashes": 3,
    "fatalCrashes": 3,
    "totalCrashes": 6,
    "personsKilled": null,
    "personsInjured": null,
    "blackspot": false,
    "blackspotRank": null,
    "pedestrianRisk": false,
    "twoWheelerRisk": false,
    "htvRisk": false,
    "hitAndRunRisk": false,
    "nightRisk": false,
    "dayRisk": false,
    "cctvPriorityCandidate": false,
    "coordinateConfidence": "high",
    "estimatedAccuracyM": 250,
    "properties": {
     "feature_id": "crash-zone-aiims",
     "location_name": "AIIMS",
     "road_name": "Ring Road",
     "listed_in_table_6_29": true,
     "table_6_29_rank": 75,
     "all_simple_crashes": 3,
     "all_fatal_crashes": 3,
     "all_total_crashes": 6,
     "pedestrian_crash_prone": false,
     "pedestrian_simple_crashes": null,
     "pedestrian_fatal_crashes": null,
     "pedestrian_total_crashes": null,
     "two_wheeler_crash_prone": false,
     "two_wheeler_simple_crashes": null,
     "two_wheeler_fatal_crashes": null,
     "two_wheeler_total_crashes": null,
     "htv_crash_prone": false,
     "htv_simple_crashes": null,
     "htv_fatal_crashes": null,
     "htv_total_crashes": null,
     "hit_and_run_crash_prone": false,
     "hit_and_run_simple_crashes": null,
     "hit_and_run_fatal_crashes": null,
     "hit_and_run_total_crashes": null,
     "day_time_crash_prone": false,
     "day_simple_crashes": null,
     "day_fatal_crashes": null,
     "day_total_crashes": null,
     "night_time_crash_prone": false,
     "night_simple_crashes": null,
     "night_fatal_crashes": null,
     "night_total_crashes": null,
     "blackspot_2024": false,
     "blackspot_rank": null,
     "blackspot_noninjury_crashes": null,
     "blackspot_simple_crashes": null,
     "blackspot_fatal_crashes": null,
     "blackspot_total_crashes": null,
     "blackspot_persons_killed": null,
     "blackspot_persons_injured": null,
     "cctv_priority_candidate": false,
     "cctv_priority_reason": null,
     "zone_radius_m_derived": 250,
     "geometry_status": "coordinates_not_published_in_report",
     "osm_search_query": "AIIMS, Ring Road, Delhi, India",
     "source": "Delhi Road Crash Report 2024, Delhi Traffic Police",
     "source_pdf_pages": [
      112,
      113,
      114,
      115
     ],
     "coordinate_is_approximate": true,
     "coordinate_method": "hospital_centre",
     "coordinate_confidence": "high",
     "estimated_accuracy_m": 250,
     "coordinate_source": "Approximate Delhi landmark/intersection/locality centre derived from the report place name",
     "coordinate_warning": "Not the Delhi Traffic Police geotag and not a surveyed crash location.",
     "coordinate_order": "[longitude, latitude]",
     "zone_radius_m": 250,
     "zone_diameter_m": 500
    },
    "analysisYear": 2024,
    "officialVendsWithin500m": 1,
    "officialVendsWithin1km": 3,
    "officialVendsWithin2km": 8,
    "osmOnlyShopsWithin500m": 0,
    "osmOnlyShopsWithin1km": 0,
    "osmOnlyShopsWithin2km": 0,
    "nearestOfficialVend": "YUSUF SARAI MARKET",
    "nearestOfficialVendDistanceM": 313,
    "nearestOfficialVendCoordinateConfidence": "medium",
    "analysisWarning": "Spatial association only; coordinates are approximate. This does not establish that any nearby vend contributed to crashes at this location."
   }
  },
  {
   "type": "Feature",
   "id": "crash-zone-tilak-nagar-flyover",
   "geometry": {
    "type": "Point",
    "coordinates": [
     77.097,
     28.639
    ]
   },
   "properties": {
    "id": "crash-zone-tilak-nagar-flyover",
    "name": "Tilak Nagar Flyover",
    "roadName": "Najafgarh Road",
    "listedInMainTable": true,
    "simpleCrashes": 3,
    "fatalCrashes": 3,
    "totalCrashes": 6,
    "personsKilled": null,
    "personsInjured": null,
    "blackspot": false,
    "blackspotRank": null,
    "pedestrianRisk": false,
    "twoWheelerRisk": false,
    "htvRisk": false,
    "hitAndRunRisk": false,
    "nightRisk": true,
    "dayRisk": false,
    "cctvPriorityCandidate": false,
    "coordinateConfidence": "medium",
    "estimatedAccuracyM": 450,
    "properties": {
     "feature_id": "crash-zone-tilak-nagar-flyover",
     "location_name": "Tilak Nagar Flyover",
     "road_name": "Najafgarh Road",
     "listed_in_table_6_29": true,
     "table_6_29_rank": 76,
     "all_simple_crashes": 3,
     "all_fatal_crashes": 3,
     "all_total_crashes": 6,
     "pedestrian_crash_prone": false,
     "pedestrian_simple_crashes": null,
     "pedestrian_fatal_crashes": null,
     "pedestrian_total_crashes": null,
     "two_wheeler_crash_prone": false,
     "two_wheeler_simple_crashes": null,
     "two_wheeler_fatal_crashes": null,
     "two_wheeler_total_crashes": null,
     "htv_crash_prone": false,
     "htv_simple_crashes": null,
     "htv_fatal_crashes": null,
     "htv_total_crashes": null,
     "hit_and_run_crash_prone": false,
     "hit_and_run_simple_crashes": null,
     "hit_and_run_fatal_crashes": null,
     "hit_and_run_total_crashes": null,
     "day_time_crash_prone": false,
     "day_simple_crashes": null,
     "day_fatal_crashes": null,
     "day_total_crashes": null,
     "night_time_crash_prone": true,
     "night_simple_crashes": null,
     "night_fatal_crashes": null,
     "night_total_crashes": null,
     "blackspot_2024": false,
     "blackspot_rank": null,
     "blackspot_noninjury_crashes": null,
     "blackspot_simple_crashes": null,
     "blackspot_fatal_crashes": null,
     "blackspot_total_crashes": null,
     "blackspot_persons_killed": null,
     "blackspot_persons_injured": null,
     "cctv_priority_candidate": false,
     "cctv_priority_reason": null,
     "zone_radius_m_derived": 250,
     "geometry_status": "coordinates_not_published_in_report",
     "osm_search_query": "Tilak Nagar Flyover, Najafgarh Road, Delhi, India",
     "source": "Delhi Road Crash Report 2024, Delhi Traffic Police",
     "source_pdf_pages": [
      112,
      113,
      114,
      115,
      128,
      129
     ],
     "night_time_simple_crashes": 1,
     "night_time_fatal_crashes": 3,
     "night_time_total_crashes": 4,
     "coordinate_is_approximate": true,
     "coordinate_method": "flyover_area_centre",
     "coordinate_confidence": "medium",
     "estimated_accuracy_m": 450,
     "coordinate_source": "Approximate Delhi landmark/intersection/locality centre derived from the report place name",
     "coordinate_warning": "Not the Delhi Traffic Police geotag and not a surveyed crash location.",
     "coordinate_order": "[longitude, latitude]",
     "zone_radius_m": 250,
     "zone_diameter_m": 500
    },
    "analysisYear": 2024,
    "officialVendsWithin500m": 3,
    "officialVendsWithin1km": 9,
    "officialVendsWithin2km": 17,
    "osmOnlyShopsWithin500m": 0,
    "osmOnlyShopsWithin1km": 0,
    "osmOnlyShopsWithin2km": 0,
    "nearestOfficialVend": "SANTGARH, TILAK NAGAR",
    "nearestOfficialVendDistanceM": 0,
    "nearestOfficialVendCoordinateConfidence": "medium",
    "analysisWarning": "Spatial association only; coordinates are approximate. This does not establish that any nearby vend contributed to crashes at this location."
   }
  },
  {
   "type": "Feature",
   "id": "crash-zone-shani-mandir-nh-1",
   "geometry": {
    "type": "Point",
    "coordinates": [
     77.144,
     28.811
    ]
   },
   "properties": {
    "id": "crash-zone-shani-mandir-nh-1",
    "name": "Shani Mandir NH-1",
    "roadName": "GTK Road",
    "listedInMainTable": true,
    "simpleCrashes": 3,
    "fatalCrashes": 3,
    "totalCrashes": 6,
    "personsKilled": null,
    "personsInjured": null,
    "blackspot": false,
    "blackspotRank": null,
    "pedestrianRisk": false,
    "twoWheelerRisk": false,
    "htvRisk": false,
    "hitAndRunRisk": false,
    "nightRisk": false,
    "dayRisk": false,
    "cctvPriorityCandidate": false,
    "coordinateConfidence": "low",
    "estimatedAccuracyM": 1800,
    "properties": {
     "feature_id": "crash-zone-shani-mandir-nh-1",
     "location_name": "Shani Mandir NH-1",
     "road_name": "GTK Road",
     "listed_in_table_6_29": true,
     "table_6_29_rank": 77,
     "all_simple_crashes": 3,
     "all_fatal_crashes": 3,
     "all_total_crashes": 6,
     "pedestrian_crash_prone": false,
     "pedestrian_simple_crashes": null,
     "pedestrian_fatal_crashes": null,
     "pedestrian_total_crashes": null,
     "two_wheeler_crash_prone": false,
     "two_wheeler_simple_crashes": null,
     "two_wheeler_fatal_crashes": null,
     "two_wheeler_total_crashes": null,
     "htv_crash_prone": false,
     "htv_simple_crashes": null,
     "htv_fatal_crashes": null,
     "htv_total_crashes": null,
     "hit_and_run_crash_prone": false,
     "hit_and_run_simple_crashes": null,
     "hit_and_run_fatal_crashes": null,
     "hit_and_run_total_crashes": null,
     "day_time_crash_prone": false,
     "day_simple_crashes": null,
     "day_fatal_crashes": null,
     "day_total_crashes": null,
     "night_time_crash_prone": false,
     "night_simple_crashes": null,
     "night_fatal_crashes": null,
     "night_total_crashes": null,
     "blackspot_2024": false,
     "blackspot_rank": null,
     "blackspot_noninjury_crashes": null,
     "blackspot_simple_crashes": null,
     "blackspot_fatal_crashes": null,
     "blackspot_total_crashes": null,
     "blackspot_persons_killed": null,
     "blackspot_persons_injured": null,
     "cctv_priority_candidate": false,
     "cctv_priority_reason": null,
     "zone_radius_m_derived": 250,
     "geometry_status": "coordinates_not_published_in_report",
     "osm_search_query": "Shani Mandir NH-1, GTK Road, Delhi, India",
     "source": "Delhi Road Crash Report 2024, Delhi Traffic Police",
     "source_pdf_pages": [
      112,
      113,
      114,
      115
     ],
     "coordinate_is_approximate": true,
     "coordinate_method": "corridor_landmark_area",
     "coordinate_confidence": "low",
     "estimated_accuracy_m": 1800,
     "coordinate_source": "Approximate Delhi landmark/intersection/locality centre derived from the report place name",
     "coordinate_warning": "Not the Delhi Traffic Police geotag and not a surveyed crash location.",
     "coordinate_order": "[longitude, latitude]",
     "zone_radius_m": 250,
     "zone_diameter_m": 500
    },
    "analysisYear": 2024,
    "officialVendsWithin500m": 0,
    "officialVendsWithin1km": 0,
    "officialVendsWithin2km": 1,
    "osmOnlyShopsWithin500m": 0,
    "osmOnlyShopsWithin1km": 0,
    "osmOnlyShopsWithin2km": 0,
    "nearestOfficialVend": "G.T. ALIPUR BAKOLI",
    "nearestOfficialVendDistanceM": 1331,
    "nearestOfficialVendCoordinateConfidence": "medium",
    "analysisWarning": "Spatial association only; coordinates are approximate. This does not establish that any nearby vend contributed to crashes at this location."
   }
  },
  {
   "type": "Feature",
   "id": "crash-zone-tilak-marg-bhagwan-das-marg-crossing",
   "geometry": {
    "type": "Point",
    "coordinates": [
     77.234,
     28.622
    ]
   },
   "properties": {
    "id": "crash-zone-tilak-marg-bhagwan-das-marg-crossing",
    "name": "Tilak Marg Bhagwan Das Marg Crossing",
    "roadName": "Tilak Marg",
    "listedInMainTable": true,
    "simpleCrashes": 3,
    "fatalCrashes": 3,
    "totalCrashes": 6,
    "personsKilled": null,
    "personsInjured": null,
    "blackspot": false,
    "blackspotRank": null,
    "pedestrianRisk": false,
    "twoWheelerRisk": false,
    "htvRisk": false,
    "hitAndRunRisk": false,
    "nightRisk": false,
    "dayRisk": false,
    "cctvPriorityCandidate": false,
    "coordinateConfidence": "high",
    "estimatedAccuracyM": 300,
    "properties": {
     "feature_id": "crash-zone-tilak-marg-bhagwan-das-marg-crossing",
     "location_name": "Tilak Marg Bhagwan Das Marg Crossing",
     "road_name": "Tilak Marg",
     "listed_in_table_6_29": true,
     "table_6_29_rank": 78,
     "all_simple_crashes": 3,
     "all_fatal_crashes": 3,
     "all_total_crashes": 6,
     "pedestrian_crash_prone": false,
     "pedestrian_simple_crashes": null,
     "pedestrian_fatal_crashes": null,
     "pedestrian_total_crashes": null,
     "two_wheeler_crash_prone": false,
     "two_wheeler_simple_crashes": null,
     "two_wheeler_fatal_crashes": null,
     "two_wheeler_total_crashes": null,
     "htv_crash_prone": false,
     "htv_simple_crashes": null,
     "htv_fatal_crashes": null,
     "htv_total_crashes": null,
     "hit_and_run_crash_prone": false,
     "hit_and_run_simple_crashes": null,
     "hit_and_run_fatal_crashes": null,
     "hit_and_run_total_crashes": null,
     "day_time_crash_prone": false,
     "day_simple_crashes": null,
     "day_fatal_crashes": null,
     "day_total_crashes": null,
     "night_time_crash_prone": false,
     "night_simple_crashes": null,
     "night_fatal_crashes": null,
     "night_total_crashes": null,
     "blackspot_2024": false,
     "blackspot_rank": null,
     "blackspot_noninjury_crashes": null,
     "blackspot_simple_crashes": null,
     "blackspot_fatal_crashes": null,
     "blackspot_total_crashes": null,
     "blackspot_persons_killed": null,
     "blackspot_persons_injured": null,
     "cctv_priority_candidate": false,
     "cctv_priority_reason": null,
     "zone_radius_m_derived": 250,
     "geometry_status": "coordinates_not_published_in_report",
     "osm_search_query": "Tilak Marg Bhagwan Das Marg Crossing, Tilak Marg, Delhi, India",
     "source": "Delhi Road Crash Report 2024, Delhi Traffic Police",
     "source_pdf_pages": [
      112,
      113,
      114,
      115
     ],
     "coordinate_is_approximate": true,
     "coordinate_method": "intersection_centre",
     "coordinate_confidence": "high",
     "estimated_accuracy_m": 300,
     "coordinate_source": "Approximate Delhi landmark/intersection/locality centre derived from the report place name",
     "coordinate_warning": "Not the Delhi Traffic Police geotag and not a surveyed crash location.",
     "coordinate_order": "[longitude, latitude]",
     "zone_radius_m": 250,
     "zone_diameter_m": 500
    },
    "analysisYear": 2024,
    "officialVendsWithin500m": 0,
    "officialVendsWithin1km": 0,
    "officialVendsWithin2km": 5,
    "osmOnlyShopsWithin500m": 0,
    "osmOnlyShopsWithin1km": 0,
    "osmOnlyShopsWithin2km": 2,
    "nearestOfficialVend": "VIKAS BHAWAN",
    "nearestOfficialVendDistanceM": 1027,
    "nearestOfficialVendCoordinateConfidence": "low",
    "analysisWarning": "Spatial association only; coordinates are approximate. This does not establish that any nearby vend contributed to crashes at this location."
   }
  },
  {
   "type": "Feature",
   "id": "crash-zone-nirankari-colony",
   "geometry": {
    "type": "Point",
    "coordinates": [
     77.225,
     28.716
    ]
   },
   "properties": {
    "id": "crash-zone-nirankari-colony",
    "name": "Nirankari Colony",
    "roadName": "Outer Ring Road",
    "listedInMainTable": true,
    "simpleCrashes": 3,
    "fatalCrashes": 3,
    "totalCrashes": 6,
    "personsKilled": null,
    "personsInjured": null,
    "blackspot": false,
    "blackspotRank": null,
    "pedestrianRisk": false,
    "twoWheelerRisk": true,
    "htvRisk": false,
    "hitAndRunRisk": false,
    "nightRisk": false,
    "dayRisk": false,
    "cctvPriorityCandidate": false,
    "coordinateConfidence": "medium",
    "estimatedAccuracyM": 800,
    "properties": {
     "feature_id": "crash-zone-nirankari-colony",
     "location_name": "Nirankari Colony",
     "road_name": "Outer Ring Road",
     "listed_in_table_6_29": true,
     "table_6_29_rank": 79,
     "all_simple_crashes": 3,
     "all_fatal_crashes": 3,
     "all_total_crashes": 6,
     "pedestrian_crash_prone": false,
     "pedestrian_simple_crashes": null,
     "pedestrian_fatal_crashes": null,
     "pedestrian_total_crashes": null,
     "two_wheeler_crash_prone": true,
     "two_wheeler_simple_crashes": 2,
     "two_wheeler_fatal_crashes": 3,
     "two_wheeler_total_crashes": 5,
     "htv_crash_prone": false,
     "htv_simple_crashes": null,
     "htv_fatal_crashes": null,
     "htv_total_crashes": null,
     "hit_and_run_crash_prone": false,
     "hit_and_run_simple_crashes": null,
     "hit_and_run_fatal_crashes": null,
     "hit_and_run_total_crashes": null,
     "day_time_crash_prone": false,
     "day_simple_crashes": null,
     "day_fatal_crashes": null,
     "day_total_crashes": null,
     "night_time_crash_prone": false,
     "night_simple_crashes": null,
     "night_fatal_crashes": null,
     "night_total_crashes": null,
     "blackspot_2024": false,
     "blackspot_rank": null,
     "blackspot_noninjury_crashes": null,
     "blackspot_simple_crashes": null,
     "blackspot_fatal_crashes": null,
     "blackspot_total_crashes": null,
     "blackspot_persons_killed": null,
     "blackspot_persons_injured": null,
     "cctv_priority_candidate": false,
     "cctv_priority_reason": null,
     "zone_radius_m_derived": 250,
     "geometry_status": "coordinates_not_published_in_report",
     "osm_search_query": "Nirankari Colony, Outer Ring Road, Delhi, India",
     "source": "Delhi Road Crash Report 2024, Delhi Traffic Police",
     "source_pdf_pages": [
      112,
      113,
      114,
      115,
      122
     ],
     "coordinate_is_approximate": true,
     "coordinate_method": "locality_centre",
     "coordinate_confidence": "medium",
     "estimated_accuracy_m": 800,
     "coordinate_source": "Approximate Delhi landmark/intersection/locality centre derived from the report place name",
     "coordinate_warning": "Not the Delhi Traffic Police geotag and not a surveyed crash location.",
     "coordinate_order": "[longitude, latitude]",
     "zone_radius_m": 250,
     "zone_diameter_m": 500
    },
    "analysisYear": 2024,
    "officialVendsWithin500m": 0,
    "officialVendsWithin1km": 0,
    "officialVendsWithin2km": 3,
    "osmOnlyShopsWithin500m": 0,
    "osmOnlyShopsWithin1km": 0,
    "osmOnlyShopsWithin2km": 0,
    "nearestOfficialVend": "JYOTI BHAWAN, MUKHERJEE NAGAR",
    "nearestOfficialVendDistanceM": 1161,
    "nearestOfficialVendCoordinateConfidence": "medium",
    "analysisWarning": "Spatial association only; coordinates are approximate. This does not establish that any nearby vend contributed to crashes at this location."
   }
  },
  {
   "type": "Feature",
   "id": "crash-zone-satya-niketan-nanakpura",
   "geometry": {
    "type": "Point",
    "coordinates": [
     77.17,
     28.588
    ]
   },
   "properties": {
    "id": "crash-zone-satya-niketan-nanakpura",
    "name": "Satya Niketan Nanakpura",
    "roadName": "Ring Road",
    "listedInMainTable": true,
    "simpleCrashes": 3,
    "fatalCrashes": 3,
    "totalCrashes": 6,
    "personsKilled": null,
    "personsInjured": null,
    "blackspot": false,
    "blackspotRank": null,
    "pedestrianRisk": false,
    "twoWheelerRisk": false,
    "htvRisk": false,
    "hitAndRunRisk": true,
    "nightRisk": false,
    "dayRisk": false,
    "cctvPriorityCandidate": true,
    "coordinateConfidence": "medium",
    "estimatedAccuracyM": 600,
    "properties": {
     "feature_id": "crash-zone-satya-niketan-nanakpura",
     "location_name": "Satya Niketan Nanakpura",
     "road_name": "Ring Road",
     "listed_in_table_6_29": true,
     "table_6_29_rank": 80,
     "all_simple_crashes": 3,
     "all_fatal_crashes": 3,
     "all_total_crashes": 6,
     "pedestrian_crash_prone": false,
     "pedestrian_simple_crashes": null,
     "pedestrian_fatal_crashes": null,
     "pedestrian_total_crashes": null,
     "two_wheeler_crash_prone": false,
     "two_wheeler_simple_crashes": null,
     "two_wheeler_fatal_crashes": null,
     "two_wheeler_total_crashes": null,
     "htv_crash_prone": false,
     "htv_simple_crashes": null,
     "htv_fatal_crashes": null,
     "htv_total_crashes": null,
     "hit_and_run_crash_prone": true,
     "hit_and_run_simple_crashes": 1,
     "hit_and_run_fatal_crashes": 3,
     "hit_and_run_total_crashes": 4,
     "day_time_crash_prone": false,
     "day_simple_crashes": null,
     "day_fatal_crashes": null,
     "day_total_crashes": null,
     "night_time_crash_prone": false,
     "night_simple_crashes": null,
     "night_fatal_crashes": null,
     "night_total_crashes": null,
     "blackspot_2024": false,
     "blackspot_rank": null,
     "blackspot_noninjury_crashes": null,
     "blackspot_simple_crashes": null,
     "blackspot_fatal_crashes": null,
     "blackspot_total_crashes": null,
     "blackspot_persons_killed": null,
     "blackspot_persons_injured": null,
     "cctv_priority_candidate": true,
     "cctv_priority_reason": "Listed in Table 6.37 as a hit-and-run crash-prone zone; the report recommends CCTV installation at these locations.",
     "zone_radius_m_derived": 250,
     "geometry_status": "coordinates_not_published_in_report",
     "osm_search_query": "Satya Niketan Nanakpura, Ring Road, Delhi, India",
     "source": "Delhi Road Crash Report 2024, Delhi Traffic Police",
     "source_pdf_pages": [
      112,
      113,
      114,
      115,
      125
     ],
     "coordinate_is_approximate": true,
     "coordinate_method": "locality_centre",
     "coordinate_confidence": "medium",
     "estimated_accuracy_m": 600,
     "coordinate_source": "Approximate Delhi landmark/intersection/locality centre derived from the report place name",
     "coordinate_warning": "Not the Delhi Traffic Police geotag and not a surveyed crash location.",
     "coordinate_order": "[longitude, latitude]",
     "zone_radius_m": 250,
     "zone_diameter_m": 500
    },
    "analysisYear": 2024,
    "officialVendsWithin500m": 0,
    "officialVendsWithin1km": 2,
    "officialVendsWithin2km": 2,
    "osmOnlyShopsWithin500m": 0,
    "osmOnlyShopsWithin1km": 0,
    "osmOnlyShopsWithin2km": 0,
    "nearestOfficialVend": "YASHWANT PLACE",
    "nearestOfficialVendDistanceM": 744,
    "nearestOfficialVendCoordinateConfidence": "medium",
    "analysisWarning": "Spatial association only; coordinates are approximate. This does not establish that any nearby vend contributed to crashes at this location."
   }
  },
  {
   "type": "Feature",
   "id": "crash-zone-near-haldiram-wazirpur",
   "geometry": {
    "type": "Point",
    "coordinates": [
     77.167,
     28.699
    ]
   },
   "properties": {
    "id": "crash-zone-near-haldiram-wazirpur",
    "name": "Near Haldiram Wazirpur",
    "roadName": "Ring Road",
    "listedInMainTable": true,
    "simpleCrashes": 3,
    "fatalCrashes": 3,
    "totalCrashes": 6,
    "personsKilled": null,
    "personsInjured": null,
    "blackspot": false,
    "blackspotRank": null,
    "pedestrianRisk": false,
    "twoWheelerRisk": false,
    "htvRisk": false,
    "hitAndRunRisk": false,
    "nightRisk": false,
    "dayRisk": false,
    "cctvPriorityCandidate": false,
    "coordinateConfidence": "medium",
    "estimatedAccuracyM": 500,
    "properties": {
     "feature_id": "crash-zone-near-haldiram-wazirpur",
     "location_name": "Near Haldiram Wazirpur",
     "road_name": "Ring Road",
     "listed_in_table_6_29": true,
     "table_6_29_rank": 81,
     "all_simple_crashes": 3,
     "all_fatal_crashes": 3,
     "all_total_crashes": 6,
     "pedestrian_crash_prone": false,
     "pedestrian_simple_crashes": null,
     "pedestrian_fatal_crashes": null,
     "pedestrian_total_crashes": null,
     "two_wheeler_crash_prone": false,
     "two_wheeler_simple_crashes": null,
     "two_wheeler_fatal_crashes": null,
     "two_wheeler_total_crashes": null,
     "htv_crash_prone": false,
     "htv_simple_crashes": null,
     "htv_fatal_crashes": null,
     "htv_total_crashes": null,
     "hit_and_run_crash_prone": false,
     "hit_and_run_simple_crashes": null,
     "hit_and_run_fatal_crashes": null,
     "hit_and_run_total_crashes": null,
     "day_time_crash_prone": false,
     "day_simple_crashes": null,
     "day_fatal_crashes": null,
     "day_total_crashes": null,
     "night_time_crash_prone": false,
     "night_simple_crashes": null,
     "night_fatal_crashes": null,
     "night_total_crashes": null,
     "blackspot_2024": false,
     "blackspot_rank": null,
     "blackspot_noninjury_crashes": null,
     "blackspot_simple_crashes": null,
     "blackspot_fatal_crashes": null,
     "blackspot_total_crashes": null,
     "blackspot_persons_killed": null,
     "blackspot_persons_injured": null,
     "cctv_priority_candidate": false,
     "cctv_priority_reason": null,
     "zone_radius_m_derived": 250,
     "geometry_status": "coordinates_not_published_in_report",
     "osm_search_query": "Near Haldiram Wazirpur, Ring Road, Delhi, India",
     "source": "Delhi Road Crash Report 2024, Delhi Traffic Police",
     "source_pdf_pages": [
      112,
      113,
      114,
      115
     ],
     "coordinate_is_approximate": true,
     "coordinate_method": "commercial_landmark_area",
     "coordinate_confidence": "medium",
     "estimated_accuracy_m": 500,
     "coordinate_source": "Approximate Delhi landmark/intersection/locality centre derived from the report place name",
     "coordinate_warning": "Not the Delhi Traffic Police geotag and not a surveyed crash location.",
     "coordinate_order": "[longitude, latitude]",
     "zone_radius_m": 250,
     "zone_diameter_m": 500
    },
    "analysisYear": 2024,
    "officialVendsWithin500m": 2,
    "officialVendsWithin1km": 4,
    "officialVendsWithin2km": 12,
    "osmOnlyShopsWithin500m": 0,
    "osmOnlyShopsWithin1km": 0,
    "osmOnlyShopsWithin2km": 0,
    "nearestOfficialVend": "WAZIRPUR",
    "nearestOfficialVendDistanceM": 0,
    "nearestOfficialVendCoordinateConfidence": "medium",
    "analysisWarning": "Spatial association only; coordinates are approximate. This does not establish that any nearby vend contributed to crashes at this location."
   }
  },
  {
   "type": "Feature",
   "id": "crash-zone-raja-harishchander-hospital",
   "geometry": {
    "type": "Point",
    "coordinates": [
     77.096,
     28.852
    ]
   },
   "properties": {
    "id": "crash-zone-raja-harishchander-hospital",
    "name": "Raja Harishchander Hospital",
    "roadName": "DSIDC Narela Road",
    "listedInMainTable": true,
    "simpleCrashes": 3,
    "fatalCrashes": 3,
    "totalCrashes": 6,
    "personsKilled": null,
    "personsInjured": null,
    "blackspot": false,
    "blackspotRank": null,
    "pedestrianRisk": false,
    "twoWheelerRisk": false,
    "htvRisk": false,
    "hitAndRunRisk": false,
    "nightRisk": false,
    "dayRisk": false,
    "cctvPriorityCandidate": false,
    "coordinateConfidence": "high",
    "estimatedAccuracyM": 300,
    "properties": {
     "feature_id": "crash-zone-raja-harishchander-hospital",
     "location_name": "Raja Harishchander Hospital",
     "road_name": "DSIDC Narela Road",
     "listed_in_table_6_29": true,
     "table_6_29_rank": 82,
     "all_simple_crashes": 3,
     "all_fatal_crashes": 3,
     "all_total_crashes": 6,
     "pedestrian_crash_prone": false,
     "pedestrian_simple_crashes": null,
     "pedestrian_fatal_crashes": null,
     "pedestrian_total_crashes": null,
     "two_wheeler_crash_prone": false,
     "two_wheeler_simple_crashes": null,
     "two_wheeler_fatal_crashes": null,
     "two_wheeler_total_crashes": null,
     "htv_crash_prone": false,
     "htv_simple_crashes": null,
     "htv_fatal_crashes": null,
     "htv_total_crashes": null,
     "hit_and_run_crash_prone": false,
     "hit_and_run_simple_crashes": null,
     "hit_and_run_fatal_crashes": null,
     "hit_and_run_total_crashes": null,
     "day_time_crash_prone": false,
     "day_simple_crashes": null,
     "day_fatal_crashes": null,
     "day_total_crashes": null,
     "night_time_crash_prone": false,
     "night_simple_crashes": null,
     "night_fatal_crashes": null,
     "night_total_crashes": null,
     "blackspot_2024": false,
     "blackspot_rank": null,
     "blackspot_noninjury_crashes": null,
     "blackspot_simple_crashes": null,
     "blackspot_fatal_crashes": null,
     "blackspot_total_crashes": null,
     "blackspot_persons_killed": null,
     "blackspot_persons_injured": null,
     "cctv_priority_candidate": false,
     "cctv_priority_reason": null,
     "zone_radius_m_derived": 250,
     "geometry_status": "coordinates_not_published_in_report",
     "osm_search_query": "Raja Harishchander Hospital, DSIDC Narela Road, Delhi, India",
     "source": "Delhi Road Crash Report 2024, Delhi Traffic Police",
     "source_pdf_pages": [
      112,
      113,
      114,
      115
     ],
     "coordinate_is_approximate": true,
     "coordinate_method": "hospital_centre",
     "coordinate_confidence": "high",
     "estimated_accuracy_m": 300,
     "coordinate_source": "Approximate Delhi landmark/intersection/locality centre derived from the report place name",
     "coordinate_warning": "Not the Delhi Traffic Police geotag and not a surveyed crash location.",
     "coordinate_order": "[longitude, latitude]",
     "zone_radius_m": 250,
     "zone_diameter_m": 500
    },
    "analysisYear": 2024,
    "officialVendsWithin500m": 2,
    "officialVendsWithin1km": 2,
    "officialVendsWithin2km": 2,
    "osmOnlyShopsWithin500m": 0,
    "osmOnlyShopsWithin1km": 0,
    "osmOnlyShopsWithin2km": 0,
    "nearestOfficialVend": "NARELA",
    "nearestOfficialVendDistanceM": 390,
    "nearestOfficialVendCoordinateConfidence": "medium",
    "analysisWarning": "Spatial association only; coordinates are approximate. This does not establish that any nearby vend contributed to crashes at this location."
   }
  },
  {
   "type": "Feature",
   "id": "crash-zone-shalimar-bagh",
   "geometry": {
    "type": "Point",
    "coordinates": [
     77.157,
     28.716
    ]
   },
   "properties": {
    "id": "crash-zone-shalimar-bagh",
    "name": "Shalimar Bagh",
    "roadName": "Ring Road",
    "listedInMainTable": true,
    "simpleCrashes": 3,
    "fatalCrashes": 3,
    "totalCrashes": 6,
    "personsKilled": null,
    "personsInjured": null,
    "blackspot": false,
    "blackspotRank": null,
    "pedestrianRisk": false,
    "twoWheelerRisk": true,
    "htvRisk": false,
    "hitAndRunRisk": false,
    "nightRisk": false,
    "dayRisk": false,
    "cctvPriorityCandidate": false,
    "coordinateConfidence": "medium",
    "estimatedAccuracyM": 800,
    "properties": {
     "feature_id": "crash-zone-shalimar-bagh",
     "location_name": "Shalimar Bagh",
     "road_name": "Ring Road",
     "listed_in_table_6_29": true,
     "table_6_29_rank": 83,
     "all_simple_crashes": 3,
     "all_fatal_crashes": 3,
     "all_total_crashes": 6,
     "pedestrian_crash_prone": false,
     "pedestrian_simple_crashes": null,
     "pedestrian_fatal_crashes": null,
     "pedestrian_total_crashes": null,
     "two_wheeler_crash_prone": true,
     "two_wheeler_simple_crashes": 3,
     "two_wheeler_fatal_crashes": 3,
     "two_wheeler_total_crashes": 6,
     "htv_crash_prone": false,
     "htv_simple_crashes": null,
     "htv_fatal_crashes": null,
     "htv_total_crashes": null,
     "hit_and_run_crash_prone": false,
     "hit_and_run_simple_crashes": null,
     "hit_and_run_fatal_crashes": null,
     "hit_and_run_total_crashes": null,
     "day_time_crash_prone": false,
     "day_simple_crashes": null,
     "day_fatal_crashes": null,
     "day_total_crashes": null,
     "night_time_crash_prone": false,
     "night_simple_crashes": null,
     "night_fatal_crashes": null,
     "night_total_crashes": null,
     "blackspot_2024": false,
     "blackspot_rank": null,
     "blackspot_noninjury_crashes": null,
     "blackspot_simple_crashes": null,
     "blackspot_fatal_crashes": null,
     "blackspot_total_crashes": null,
     "blackspot_persons_killed": null,
     "blackspot_persons_injured": null,
     "cctv_priority_candidate": false,
     "cctv_priority_reason": null,
     "zone_radius_m_derived": 250,
     "geometry_status": "coordinates_not_published_in_report",
     "osm_search_query": "Shalimar Bagh, Ring Road, Delhi, India",
     "source": "Delhi Road Crash Report 2024, Delhi Traffic Police",
     "source_pdf_pages": [
      112,
      113,
      114,
      115,
      122
     ],
     "coordinate_is_approximate": true,
     "coordinate_method": "locality_centre",
     "coordinate_confidence": "medium",
     "estimated_accuracy_m": 800,
     "coordinate_source": "Approximate Delhi landmark/intersection/locality centre derived from the report place name",
     "coordinate_warning": "Not the Delhi Traffic Police geotag and not a surveyed crash location.",
     "coordinate_order": "[longitude, latitude]",
     "zone_radius_m": 250,
     "zone_diameter_m": 500
    },
    "analysisYear": 2024,
    "officialVendsWithin500m": 1,
    "officialVendsWithin1km": 1,
    "officialVendsWithin2km": 6,
    "osmOnlyShopsWithin500m": 0,
    "osmOnlyShopsWithin1km": 0,
    "osmOnlyShopsWithin2km": 0,
    "nearestOfficialVend": "SHALIMAR BAGH",
    "nearestOfficialVendDistanceM": 0,
    "nearestOfficialVendCoordinateConfidence": "medium",
    "analysisWarning": "Spatial association only; coordinates are approximate. This does not establish that any nearby vend contributed to crashes at this location."
   }
  },
  {
   "type": "Feature",
   "id": "crash-zone-round-about-bhairaon-enclave",
   "geometry": {
    "type": "Point",
    "coordinates": [
     77.087,
     28.674
    ]
   },
   "properties": {
    "id": "crash-zone-round-about-bhairaon-enclave",
    "name": "Round About Bhairaon Enclave",
    "roadName": "Outer Ring Road",
    "listedInMainTable": true,
    "simpleCrashes": 3,
    "fatalCrashes": 3,
    "totalCrashes": 6,
    "personsKilled": null,
    "personsInjured": null,
    "blackspot": false,
    "blackspotRank": null,
    "pedestrianRisk": false,
    "twoWheelerRisk": false,
    "htvRisk": false,
    "hitAndRunRisk": false,
    "nightRisk": false,
    "dayRisk": false,
    "cctvPriorityCandidate": false,
    "coordinateConfidence": "medium",
    "estimatedAccuracyM": 650,
    "properties": {
     "feature_id": "crash-zone-round-about-bhairaon-enclave",
     "location_name": "Round About Bhairaon Enclave",
     "road_name": "Outer Ring Road",
     "listed_in_table_6_29": true,
     "table_6_29_rank": 84,
     "all_simple_crashes": 3,
     "all_fatal_crashes": 3,
     "all_total_crashes": 6,
     "pedestrian_crash_prone": false,
     "pedestrian_simple_crashes": null,
     "pedestrian_fatal_crashes": null,
     "pedestrian_total_crashes": null,
     "two_wheeler_crash_prone": false,
     "two_wheeler_simple_crashes": null,
     "two_wheeler_fatal_crashes": null,
     "two_wheeler_total_crashes": null,
     "htv_crash_prone": false,
     "htv_simple_crashes": null,
     "htv_fatal_crashes": null,
     "htv_total_crashes": null,
     "hit_and_run_crash_prone": false,
     "hit_and_run_simple_crashes": null,
     "hit_and_run_fatal_crashes": null,
     "hit_and_run_total_crashes": null,
     "day_time_crash_prone": false,
     "day_simple_crashes": null,
     "day_fatal_crashes": null,
     "day_total_crashes": null,
     "night_time_crash_prone": false,
     "night_simple_crashes": null,
     "night_fatal_crashes": null,
     "night_total_crashes": null,
     "blackspot_2024": false,
     "blackspot_rank": null,
     "blackspot_noninjury_crashes": null,
     "blackspot_simple_crashes": null,
     "blackspot_fatal_crashes": null,
     "blackspot_total_crashes": null,
     "blackspot_persons_killed": null,
     "blackspot_persons_injured": null,
     "cctv_priority_candidate": false,
     "cctv_priority_reason": null,
     "zone_radius_m_derived": 250,
     "geometry_status": "coordinates_not_published_in_report",
     "osm_search_query": "Round About Bhairaon Enclave, Outer Ring Road, Delhi, India",
     "source": "Delhi Road Crash Report 2024, Delhi Traffic Police",
     "source_pdf_pages": [
      112,
      113,
      114,
      115
     ],
     "coordinate_is_approximate": true,
     "coordinate_method": "roundabout_area_centre",
     "coordinate_confidence": "medium",
     "estimated_accuracy_m": 650,
     "coordinate_source": "Approximate Delhi landmark/intersection/locality centre derived from the report place name",
     "coordinate_warning": "Not the Delhi Traffic Police geotag and not a surveyed crash location.",
     "coordinate_order": "[longitude, latitude]",
     "zone_radius_m": 250,
     "zone_diameter_m": 500
    },
    "analysisYear": 2024,
    "officialVendsWithin500m": 0,
    "officialVendsWithin1km": 4,
    "officialVendsWithin2km": 9,
    "osmOnlyShopsWithin500m": 0,
    "osmOnlyShopsWithin1km": 0,
    "osmOnlyShopsWithin2km": 0,
    "nearestOfficialVend": "PASCHIM VIHAR",
    "nearestOfficialVendDistanceM": 679,
    "nearestOfficialVendCoordinateConfidence": "medium",
    "analysisWarning": "Spatial association only; coordinates are approximate. This does not establish that any nearby vend contributed to crashes at this location."
   }
  },
  {
   "type": "Feature",
   "id": "crash-zone-jeewan-mala-hospital",
   "geometry": {
    "type": "Point",
    "coordinates": [
     77.19,
     28.659
    ]
   },
   "properties": {
    "id": "crash-zone-jeewan-mala-hospital",
    "name": "Jeewan Mala Hospital",
    "roadName": "New Rohtak Road",
    "listedInMainTable": true,
    "simpleCrashes": 2,
    "fatalCrashes": 3,
    "totalCrashes": 5,
    "personsKilled": null,
    "personsInjured": null,
    "blackspot": false,
    "blackspotRank": null,
    "pedestrianRisk": false,
    "twoWheelerRisk": false,
    "htvRisk": false,
    "hitAndRunRisk": false,
    "nightRisk": false,
    "dayRisk": false,
    "cctvPriorityCandidate": false,
    "coordinateConfidence": "medium",
    "estimatedAccuracyM": 600,
    "properties": {
     "feature_id": "crash-zone-jeewan-mala-hospital",
     "location_name": "Jeewan Mala Hospital",
     "road_name": "New Rohtak Road",
     "listed_in_table_6_29": true,
     "table_6_29_rank": 85,
     "all_simple_crashes": 2,
     "all_fatal_crashes": 3,
     "all_total_crashes": 5,
     "pedestrian_crash_prone": false,
     "pedestrian_simple_crashes": null,
     "pedestrian_fatal_crashes": null,
     "pedestrian_total_crashes": null,
     "two_wheeler_crash_prone": false,
     "two_wheeler_simple_crashes": null,
     "two_wheeler_fatal_crashes": null,
     "two_wheeler_total_crashes": null,
     "htv_crash_prone": false,
     "htv_simple_crashes": null,
     "htv_fatal_crashes": null,
     "htv_total_crashes": null,
     "hit_and_run_crash_prone": false,
     "hit_and_run_simple_crashes": null,
     "hit_and_run_fatal_crashes": null,
     "hit_and_run_total_crashes": null,
     "day_time_crash_prone": false,
     "day_simple_crashes": null,
     "day_fatal_crashes": null,
     "day_total_crashes": null,
     "night_time_crash_prone": false,
     "night_simple_crashes": null,
     "night_fatal_crashes": null,
     "night_total_crashes": null,
     "blackspot_2024": false,
     "blackspot_rank": null,
     "blackspot_noninjury_crashes": null,
     "blackspot_simple_crashes": null,
     "blackspot_fatal_crashes": null,
     "blackspot_total_crashes": null,
     "blackspot_persons_killed": null,
     "blackspot_persons_injured": null,
     "cctv_priority_candidate": false,
     "cctv_priority_reason": null,
     "zone_radius_m_derived": 250,
     "geometry_status": "coordinates_not_published_in_report",
     "osm_search_query": "Jeewan Mala Hospital, New Rohtak Road, Delhi, India",
     "source": "Delhi Road Crash Report 2024, Delhi Traffic Police",
     "source_pdf_pages": [
      112,
      113,
      114,
      115
     ],
     "coordinate_is_approximate": true,
     "coordinate_method": "hospital_area_centre",
     "coordinate_confidence": "medium",
     "estimated_accuracy_m": 600,
     "coordinate_source": "Approximate Delhi landmark/intersection/locality centre derived from the report place name",
     "coordinate_warning": "Not the Delhi Traffic Police geotag and not a surveyed crash location.",
     "coordinate_order": "[longitude, latitude]",
     "zone_radius_m": 250,
     "zone_diameter_m": 500
    },
    "analysisYear": 2024,
    "officialVendsWithin500m": 0,
    "officialVendsWithin1km": 1,
    "officialVendsWithin2km": 13,
    "osmOnlyShopsWithin500m": 0,
    "osmOnlyShopsWithin1km": 0,
    "osmOnlyShopsWithin2km": 0,
    "nearestOfficialVend": "DMRC KAROL BAGH",
    "nearestOfficialVendDistanceM": 890,
    "nearestOfficialVendCoordinateConfidence": "medium",
    "analysisWarning": "Spatial association only; coordinates are approximate. This does not establish that any nearby vend contributed to crashes at this location."
   }
  },
  {
   "type": "Feature",
   "id": "crash-zone-tughlaqabad-village-red-light",
   "geometry": {
    "type": "Point",
    "coordinates": [
     77.276,
     28.511
    ]
   },
   "properties": {
    "id": "crash-zone-tughlaqabad-village-red-light",
    "name": "Tughlaqabad Village Red Light",
    "roadName": "Mehrauli Badarpur Road",
    "listedInMainTable": true,
    "simpleCrashes": 2,
    "fatalCrashes": 3,
    "totalCrashes": 5,
    "personsKilled": null,
    "personsInjured": null,
    "blackspot": false,
    "blackspotRank": null,
    "pedestrianRisk": false,
    "twoWheelerRisk": false,
    "htvRisk": false,
    "hitAndRunRisk": false,
    "nightRisk": false,
    "dayRisk": false,
    "cctvPriorityCandidate": false,
    "coordinateConfidence": "medium",
    "estimatedAccuracyM": 650,
    "properties": {
     "feature_id": "crash-zone-tughlaqabad-village-red-light",
     "location_name": "Tughlaqabad Village Red Light",
     "road_name": "Mehrauli Badarpur Road",
     "listed_in_table_6_29": true,
     "table_6_29_rank": 86,
     "all_simple_crashes": 2,
     "all_fatal_crashes": 3,
     "all_total_crashes": 5,
     "pedestrian_crash_prone": false,
     "pedestrian_simple_crashes": null,
     "pedestrian_fatal_crashes": null,
     "pedestrian_total_crashes": null,
     "two_wheeler_crash_prone": false,
     "two_wheeler_simple_crashes": null,
     "two_wheeler_fatal_crashes": null,
     "two_wheeler_total_crashes": null,
     "htv_crash_prone": false,
     "htv_simple_crashes": null,
     "htv_fatal_crashes": null,
     "htv_total_crashes": null,
     "hit_and_run_crash_prone": false,
     "hit_and_run_simple_crashes": null,
     "hit_and_run_fatal_crashes": null,
     "hit_and_run_total_crashes": null,
     "day_time_crash_prone": false,
     "day_simple_crashes": null,
     "day_fatal_crashes": null,
     "day_total_crashes": null,
     "night_time_crash_prone": false,
     "night_simple_crashes": null,
     "night_fatal_crashes": null,
     "night_total_crashes": null,
     "blackspot_2024": false,
     "blackspot_rank": null,
     "blackspot_noninjury_crashes": null,
     "blackspot_simple_crashes": null,
     "blackspot_fatal_crashes": null,
     "blackspot_total_crashes": null,
     "blackspot_persons_killed": null,
     "blackspot_persons_injured": null,
     "cctv_priority_candidate": false,
     "cctv_priority_reason": null,
     "zone_radius_m_derived": 250,
     "geometry_status": "coordinates_not_published_in_report",
     "osm_search_query": "Tughlaqabad Village Red Light, Mehrauli Badarpur Road, Delhi, India",
     "source": "Delhi Road Crash Report 2024, Delhi Traffic Police",
     "source_pdf_pages": [
      112,
      113,
      114,
      115
     ],
     "coordinate_is_approximate": true,
     "coordinate_method": "intersection_centre",
     "coordinate_confidence": "medium",
     "estimated_accuracy_m": 650,
     "coordinate_source": "Approximate Delhi landmark/intersection/locality centre derived from the report place name",
     "coordinate_warning": "Not the Delhi Traffic Police geotag and not a surveyed crash location.",
     "coordinate_order": "[longitude, latitude]",
     "zone_radius_m": 250,
     "zone_diameter_m": 500
    },
    "analysisYear": 2024,
    "officialVendsWithin500m": 0,
    "officialVendsWithin1km": 0,
    "officialVendsWithin2km": 1,
    "osmOnlyShopsWithin500m": 0,
    "osmOnlyShopsWithin1km": 0,
    "osmOnlyShopsWithin2km": 0,
    "nearestOfficialVend": "T K D EXTN.",
    "nearestOfficialVendDistanceM": 1270,
    "nearestOfficialVendCoordinateConfidence": "medium",
    "analysisWarning": "Spatial association only; coordinates are approximate. This does not establish that any nearby vend contributed to crashes at this location."
   }
  },
  {
   "type": "Feature",
   "id": "crash-zone-khel-gaon",
   "geometry": {
    "type": "Point",
    "coordinates": [
     77.272,
     28.611
    ]
   },
   "properties": {
    "id": "crash-zone-khel-gaon",
    "name": "Khel Gaon",
    "roadName": "NH-24",
    "listedInMainTable": true,
    "simpleCrashes": 2,
    "fatalCrashes": 3,
    "totalCrashes": 5,
    "personsKilled": null,
    "personsInjured": null,
    "blackspot": false,
    "blackspotRank": null,
    "pedestrianRisk": false,
    "twoWheelerRisk": false,
    "htvRisk": false,
    "hitAndRunRisk": false,
    "nightRisk": false,
    "dayRisk": false,
    "cctvPriorityCandidate": false,
    "coordinateConfidence": "medium",
    "estimatedAccuracyM": 600,
    "properties": {
     "feature_id": "crash-zone-khel-gaon",
     "location_name": "Khel Gaon",
     "road_name": "NH-24",
     "listed_in_table_6_29": true,
     "table_6_29_rank": 87,
     "all_simple_crashes": 2,
     "all_fatal_crashes": 3,
     "all_total_crashes": 5,
     "pedestrian_crash_prone": false,
     "pedestrian_simple_crashes": null,
     "pedestrian_fatal_crashes": null,
     "pedestrian_total_crashes": null,
     "two_wheeler_crash_prone": false,
     "two_wheeler_simple_crashes": null,
     "two_wheeler_fatal_crashes": null,
     "two_wheeler_total_crashes": null,
     "htv_crash_prone": false,
     "htv_simple_crashes": null,
     "htv_fatal_crashes": null,
     "htv_total_crashes": null,
     "hit_and_run_crash_prone": false,
     "hit_and_run_simple_crashes": null,
     "hit_and_run_fatal_crashes": null,
     "hit_and_run_total_crashes": null,
     "day_time_crash_prone": false,
     "day_simple_crashes": null,
     "day_fatal_crashes": null,
     "day_total_crashes": null,
     "night_time_crash_prone": false,
     "night_simple_crashes": null,
     "night_fatal_crashes": null,
     "night_total_crashes": null,
     "blackspot_2024": false,
     "blackspot_rank": null,
     "blackspot_noninjury_crashes": null,
     "blackspot_simple_crashes": null,
     "blackspot_fatal_crashes": null,
     "blackspot_total_crashes": null,
     "blackspot_persons_killed": null,
     "blackspot_persons_injured": null,
     "cctv_priority_candidate": false,
     "cctv_priority_reason": null,
     "zone_radius_m_derived": 250,
     "geometry_status": "coordinates_not_published_in_report",
     "osm_search_query": "Khel Gaon, NH-24, Delhi, India",
     "source": "Delhi Road Crash Report 2024, Delhi Traffic Police",
     "source_pdf_pages": [
      112,
      113,
      114,
      115
     ],
     "coordinate_is_approximate": true,
     "coordinate_method": "landmark_area_centre",
     "coordinate_confidence": "medium",
     "estimated_accuracy_m": 600,
     "coordinate_source": "Approximate Delhi landmark/intersection/locality centre derived from the report place name",
     "coordinate_warning": "Not the Delhi Traffic Police geotag and not a surveyed crash location.",
     "coordinate_order": "[longitude, latitude]",
     "zone_radius_m": 250,
     "zone_diameter_m": 500
    },
    "analysisYear": 2024,
    "officialVendsWithin500m": 0,
    "officialVendsWithin1km": 0,
    "officialVendsWithin2km": 1,
    "osmOnlyShopsWithin500m": 0,
    "osmOnlyShopsWithin1km": 0,
    "osmOnlyShopsWithin2km": 1,
    "nearestOfficialVend": "PANDAV NAGAR",
    "nearestOfficialVendDistanceM": 1774,
    "nearestOfficialVendCoordinateConfidence": "medium",
    "analysisWarning": "Spatial association only; coordinates are approximate. This does not establish that any nearby vend contributed to crashes at this location."
   }
  },
  {
   "type": "Feature",
   "id": "crash-zone-near-kv-school-naraina",
   "geometry": {
    "type": "Point",
    "coordinates": [
     77.1375,
     28.6295
    ]
   },
   "properties": {
    "id": "crash-zone-near-kv-school-naraina",
    "name": "Near KV School Naraina",
    "roadName": "Ring Road",
    "listedInMainTable": true,
    "simpleCrashes": 2,
    "fatalCrashes": 3,
    "totalCrashes": 5,
    "personsKilled": null,
    "personsInjured": null,
    "blackspot": false,
    "blackspotRank": null,
    "pedestrianRisk": false,
    "twoWheelerRisk": true,
    "htvRisk": false,
    "hitAndRunRisk": false,
    "nightRisk": false,
    "dayRisk": false,
    "cctvPriorityCandidate": false,
    "coordinateConfidence": "medium",
    "estimatedAccuracyM": 650,
    "properties": {
     "feature_id": "crash-zone-near-kv-school-naraina",
     "location_name": "Near KV School Naraina",
     "road_name": "Ring Road",
     "listed_in_table_6_29": true,
     "table_6_29_rank": 88,
     "all_simple_crashes": 2,
     "all_fatal_crashes": 3,
     "all_total_crashes": 5,
     "pedestrian_crash_prone": false,
     "pedestrian_simple_crashes": null,
     "pedestrian_fatal_crashes": null,
     "pedestrian_total_crashes": null,
     "two_wheeler_crash_prone": true,
     "two_wheeler_simple_crashes": 1,
     "two_wheeler_fatal_crashes": 3,
     "two_wheeler_total_crashes": 4,
     "htv_crash_prone": false,
     "htv_simple_crashes": null,
     "htv_fatal_crashes": null,
     "htv_total_crashes": null,
     "hit_and_run_crash_prone": false,
     "hit_and_run_simple_crashes": null,
     "hit_and_run_fatal_crashes": null,
     "hit_and_run_total_crashes": null,
     "day_time_crash_prone": false,
     "day_simple_crashes": null,
     "day_fatal_crashes": null,
     "day_total_crashes": null,
     "night_time_crash_prone": false,
     "night_simple_crashes": null,
     "night_fatal_crashes": null,
     "night_total_crashes": null,
     "blackspot_2024": false,
     "blackspot_rank": null,
     "blackspot_noninjury_crashes": null,
     "blackspot_simple_crashes": null,
     "blackspot_fatal_crashes": null,
     "blackspot_total_crashes": null,
     "blackspot_persons_killed": null,
     "blackspot_persons_injured": null,
     "cctv_priority_candidate": false,
     "cctv_priority_reason": null,
     "zone_radius_m_derived": 250,
     "geometry_status": "coordinates_not_published_in_report",
     "osm_search_query": "Near KV School Naraina, Ring Road, Delhi, India",
     "source": "Delhi Road Crash Report 2024, Delhi Traffic Police",
     "source_pdf_pages": [
      112,
      113,
      114,
      115,
      122
     ],
     "coordinate_is_approximate": true,
     "coordinate_method": "institution_area_centre",
     "coordinate_confidence": "medium",
     "estimated_accuracy_m": 650,
     "coordinate_source": "Approximate Delhi landmark/intersection/locality centre derived from the report place name",
     "coordinate_warning": "Not the Delhi Traffic Police geotag and not a surveyed crash location.",
     "coordinate_order": "[longitude, latitude]",
     "zone_radius_m": 250,
     "zone_diameter_m": 500
    },
    "analysisYear": 2024,
    "officialVendsWithin500m": 1,
    "officialVendsWithin1km": 3,
    "officialVendsWithin2km": 7,
    "osmOnlyShopsWithin500m": 0,
    "osmOnlyShopsWithin1km": 0,
    "osmOnlyShopsWithin2km": 0,
    "nearestOfficialVend": "NARAINA VIHAR",
    "nearestOfficialVendDistanceM": 0,
    "nearestOfficialVendCoordinateConfidence": "medium",
    "analysisWarning": "Spatial association only; coordinates are approximate. This does not establish that any nearby vend contributed to crashes at this location."
   }
  },
  {
   "type": "Feature",
   "id": "crash-zone-hanuman-mandir",
   "geometry": {
    "type": "Point",
    "coordinates": [
     77.212,
     28.63
    ]
   },
   "properties": {
    "id": "crash-zone-hanuman-mandir",
    "name": "Hanuman Mandir",
    "roadName": null,
    "listedInMainTable": false,
    "simpleCrashes": null,
    "fatalCrashes": null,
    "totalCrashes": null,
    "personsKilled": null,
    "personsInjured": null,
    "blackspot": false,
    "blackspotRank": null,
    "pedestrianRisk": false,
    "twoWheelerRisk": true,
    "htvRisk": false,
    "hitAndRunRisk": false,
    "nightRisk": true,
    "dayRisk": false,
    "cctvPriorityCandidate": false,
    "coordinateConfidence": "very_low",
    "estimatedAccuracyM": 5000,
    "properties": {
     "feature_id": "crash-zone-hanuman-mandir",
     "location_name": "Hanuman Mandir",
     "road_name": null,
     "listed_in_table_6_29": false,
     "table_6_29_rank": null,
     "all_simple_crashes": null,
     "all_fatal_crashes": null,
     "all_total_crashes": null,
     "pedestrian_crash_prone": false,
     "pedestrian_simple_crashes": null,
     "pedestrian_fatal_crashes": null,
     "pedestrian_total_crashes": null,
     "two_wheeler_crash_prone": true,
     "two_wheeler_simple_crashes": 2,
     "two_wheeler_fatal_crashes": 3,
     "two_wheeler_total_crashes": 5,
     "htv_crash_prone": false,
     "htv_simple_crashes": null,
     "htv_fatal_crashes": null,
     "htv_total_crashes": null,
     "hit_and_run_crash_prone": false,
     "hit_and_run_simple_crashes": null,
     "hit_and_run_fatal_crashes": null,
     "hit_and_run_total_crashes": null,
     "day_time_crash_prone": false,
     "day_simple_crashes": null,
     "day_fatal_crashes": null,
     "day_total_crashes": null,
     "night_time_crash_prone": true,
     "night_simple_crashes": null,
     "night_fatal_crashes": null,
     "night_total_crashes": null,
     "blackspot_2024": false,
     "blackspot_rank": null,
     "blackspot_noninjury_crashes": null,
     "blackspot_simple_crashes": null,
     "blackspot_fatal_crashes": null,
     "blackspot_total_crashes": null,
     "blackspot_persons_killed": null,
     "blackspot_persons_injured": null,
     "cctv_priority_candidate": false,
     "cctv_priority_reason": null,
     "zone_radius_m_derived": 250,
     "geometry_status": "coordinates_not_published_in_report",
     "osm_search_query": "Hanuman Mandir, Delhi, India",
     "source": "Delhi Road Crash Report 2024, Delhi Traffic Police",
     "source_pdf_pages": [
      122,
      128,
      129
     ],
     "night_time_simple_crashes": 3,
     "night_time_fatal_crashes": 3,
     "night_time_total_crashes": 6,
     "coordinate_is_approximate": true,
     "coordinate_method": "ambiguous_city_landmark_fallback",
     "coordinate_confidence": "very_low",
     "estimated_accuracy_m": 5000,
     "coordinate_source": "Approximate Delhi landmark/intersection/locality centre derived from the report place name",
     "coordinate_warning": "Not the Delhi Traffic Police geotag and not a surveyed crash location.",
     "coordinate_order": "[longitude, latitude]",
     "zone_radius_m": 250,
     "zone_diameter_m": 500
    },
    "analysisYear": 2024,
    "officialVendsWithin500m": 3,
    "officialVendsWithin1km": 6,
    "officialVendsWithin2km": 9,
    "osmOnlyShopsWithin500m": 0,
    "osmOnlyShopsWithin1km": 3,
    "osmOnlyShopsWithin2km": 3,
    "nearestOfficialVend": "G BLK CONNAUGHT PLACE",
    "nearestOfficialVendDistanceM": 488,
    "nearestOfficialVendCoordinateConfidence": "medium",
    "analysisWarning": "Spatial association only; coordinates are approximate. This does not establish that any nearby vend contributed to crashes at this location."
   }
  },
  {
   "type": "Feature",
   "id": "crash-zone-kabootar-market",
   "geometry": {
    "type": "Point",
    "coordinates": [
     77.234,
     28.652
    ]
   },
   "properties": {
    "id": "crash-zone-kabootar-market",
    "name": "Kabootar Market",
    "roadName": null,
    "listedInMainTable": false,
    "simpleCrashes": null,
    "fatalCrashes": null,
    "totalCrashes": null,
    "personsKilled": null,
    "personsInjured": null,
    "blackspot": false,
    "blackspotRank": null,
    "pedestrianRisk": true,
    "twoWheelerRisk": false,
    "htvRisk": false,
    "hitAndRunRisk": false,
    "nightRisk": false,
    "dayRisk": false,
    "cctvPriorityCandidate": false,
    "coordinateConfidence": "low",
    "estimatedAccuracyM": 1200,
    "properties": {
     "feature_id": "crash-zone-kabootar-market",
     "location_name": "Kabootar Market",
     "road_name": null,
     "listed_in_table_6_29": false,
     "table_6_29_rank": null,
     "all_simple_crashes": null,
     "all_fatal_crashes": null,
     "all_total_crashes": null,
     "pedestrian_crash_prone": true,
     "pedestrian_simple_crashes": 0,
     "pedestrian_fatal_crashes": 3,
     "pedestrian_total_crashes": 3,
     "two_wheeler_crash_prone": false,
     "two_wheeler_simple_crashes": null,
     "two_wheeler_fatal_crashes": null,
     "two_wheeler_total_crashes": null,
     "htv_crash_prone": false,
     "htv_simple_crashes": null,
     "htv_fatal_crashes": null,
     "htv_total_crashes": null,
     "hit_and_run_crash_prone": false,
     "hit_and_run_simple_crashes": null,
     "hit_and_run_fatal_crashes": null,
     "hit_and_run_total_crashes": null,
     "day_time_crash_prone": false,
     "day_simple_crashes": null,
     "day_fatal_crashes": null,
     "day_total_crashes": null,
     "night_time_crash_prone": false,
     "night_simple_crashes": null,
     "night_fatal_crashes": null,
     "night_total_crashes": null,
     "blackspot_2024": false,
     "blackspot_rank": null,
     "blackspot_noninjury_crashes": null,
     "blackspot_simple_crashes": null,
     "blackspot_fatal_crashes": null,
     "blackspot_total_crashes": null,
     "blackspot_persons_killed": null,
     "blackspot_persons_injured": null,
     "cctv_priority_candidate": false,
     "cctv_priority_reason": null,
     "zone_radius_m_derived": 250,
     "geometry_status": "coordinates_not_published_in_report",
     "osm_search_query": "Kabootar Market, Delhi, India",
     "source": "Delhi Road Crash Report 2024, Delhi Traffic Police",
     "source_pdf_pages": [
      120
     ],
     "coordinate_is_approximate": true,
     "coordinate_method": "market_area_centre",
     "coordinate_confidence": "low",
     "estimated_accuracy_m": 1200,
     "coordinate_source": "Approximate Delhi landmark/intersection/locality centre derived from the report place name",
     "coordinate_warning": "Not the Delhi Traffic Police geotag and not a surveyed crash location.",
     "coordinate_order": "[longitude, latitude]",
     "zone_radius_m": 250,
     "zone_diameter_m": 500
    },
    "analysisYear": 2024,
    "officialVendsWithin500m": 0,
    "officialVendsWithin1km": 4,
    "officialVendsWithin2km": 8,
    "osmOnlyShopsWithin500m": 0,
    "osmOnlyShopsWithin1km": 0,
    "osmOnlyShopsWithin2km": 0,
    "nearestOfficialVend": "BHAGIRATH PALACE",
    "nearestOfficialVendDistanceM": 589,
    "nearestOfficialVendCoordinateConfidence": "medium",
    "analysisWarning": "Spatial association only; coordinates are approximate. This does not establish that any nearby vend contributed to crashes at this location."
   }
  },
  {
   "type": "Feature",
   "id": "crash-zone-nangli-poona",
   "geometry": {
    "type": "Point",
    "coordinates": [
     77.147,
     28.77
    ]
   },
   "properties": {
    "id": "crash-zone-nangli-poona",
    "name": "Nangli Poona",
    "roadName": null,
    "listedInMainTable": false,
    "simpleCrashes": null,
    "fatalCrashes": null,
    "totalCrashes": null,
    "personsKilled": null,
    "personsInjured": null,
    "blackspot": false,
    "blackspotRank": null,
    "pedestrianRisk": false,
    "twoWheelerRisk": false,
    "htvRisk": false,
    "hitAndRunRisk": false,
    "nightRisk": true,
    "dayRisk": false,
    "cctvPriorityCandidate": false,
    "coordinateConfidence": "medium",
    "estimatedAccuracyM": 900,
    "properties": {
     "feature_id": "crash-zone-nangli-poona",
     "location_name": "Nangli Poona",
     "road_name": null,
     "listed_in_table_6_29": false,
     "table_6_29_rank": null,
     "all_simple_crashes": null,
     "all_fatal_crashes": null,
     "all_total_crashes": null,
     "pedestrian_crash_prone": false,
     "pedestrian_simple_crashes": null,
     "pedestrian_fatal_crashes": null,
     "pedestrian_total_crashes": null,
     "two_wheeler_crash_prone": false,
     "two_wheeler_simple_crashes": null,
     "two_wheeler_fatal_crashes": null,
     "two_wheeler_total_crashes": null,
     "htv_crash_prone": false,
     "htv_simple_crashes": null,
     "htv_fatal_crashes": null,
     "htv_total_crashes": null,
     "hit_and_run_crash_prone": false,
     "hit_and_run_simple_crashes": null,
     "hit_and_run_fatal_crashes": null,
     "hit_and_run_total_crashes": null,
     "day_time_crash_prone": false,
     "day_simple_crashes": null,
     "day_fatal_crashes": null,
     "day_total_crashes": null,
     "night_time_crash_prone": true,
     "night_simple_crashes": null,
     "night_fatal_crashes": null,
     "night_total_crashes": null,
     "blackspot_2024": false,
     "blackspot_rank": null,
     "blackspot_noninjury_crashes": null,
     "blackspot_simple_crashes": null,
     "blackspot_fatal_crashes": null,
     "blackspot_total_crashes": null,
     "blackspot_persons_killed": null,
     "blackspot_persons_injured": null,
     "cctv_priority_candidate": false,
     "cctv_priority_reason": null,
     "zone_radius_m_derived": 250,
     "geometry_status": "coordinates_not_published_in_report",
     "osm_search_query": "Nangli Poona, Delhi, India",
     "source": "Delhi Road Crash Report 2024, Delhi Traffic Police",
     "source_pdf_pages": [
      128,
      129
     ],
     "night_time_simple_crashes": 2,
     "night_time_fatal_crashes": 3,
     "night_time_total_crashes": 5,
     "coordinate_is_approximate": true,
     "coordinate_method": "village_centre",
     "coordinate_confidence": "medium",
     "estimated_accuracy_m": 900,
     "coordinate_source": "Approximate Delhi landmark/intersection/locality centre derived from the report place name",
     "coordinate_warning": "Not the Delhi Traffic Police geotag and not a surveyed crash location.",
     "coordinate_order": "[longitude, latitude]",
     "zone_radius_m": 250,
     "zone_diameter_m": 500
    },
    "analysisYear": 2024,
    "officialVendsWithin500m": 0,
    "officialVendsWithin1km": 0,
    "officialVendsWithin2km": 0,
    "osmOnlyShopsWithin500m": 0,
    "osmOnlyShopsWithin1km": 0,
    "osmOnlyShopsWithin2km": 0,
    "nearestOfficialVend": "SWAROOP NAGAR",
    "nearestOfficialVendDistanceM": 2199,
    "nearestOfficialVendCoordinateConfidence": "medium",
    "analysisWarning": "Spatial association only; coordinates are approximate. This does not establish that any nearby vend contributed to crashes at this location."
   }
  },
  {
   "type": "Feature",
   "id": "crash-zone-rajouri-garden",
   "geometry": {
    "type": "Point",
    "coordinates": [
     77.12,
     28.642
    ]
   },
   "properties": {
    "id": "crash-zone-rajouri-garden",
    "name": "Rajouri Garden",
    "roadName": null,
    "listedInMainTable": false,
    "simpleCrashes": null,
    "fatalCrashes": null,
    "totalCrashes": null,
    "personsKilled": null,
    "personsInjured": null,
    "blackspot": false,
    "blackspotRank": null,
    "pedestrianRisk": false,
    "twoWheelerRisk": false,
    "htvRisk": false,
    "hitAndRunRisk": false,
    "nightRisk": true,
    "dayRisk": false,
    "cctvPriorityCandidate": false,
    "coordinateConfidence": "medium",
    "estimatedAccuracyM": 700,
    "properties": {
     "feature_id": "crash-zone-rajouri-garden",
     "location_name": "Rajouri Garden",
     "road_name": null,
     "listed_in_table_6_29": false,
     "table_6_29_rank": null,
     "all_simple_crashes": null,
     "all_fatal_crashes": null,
     "all_total_crashes": null,
     "pedestrian_crash_prone": false,
     "pedestrian_simple_crashes": null,
     "pedestrian_fatal_crashes": null,
     "pedestrian_total_crashes": null,
     "two_wheeler_crash_prone": false,
     "two_wheeler_simple_crashes": null,
     "two_wheeler_fatal_crashes": null,
     "two_wheeler_total_crashes": null,
     "htv_crash_prone": false,
     "htv_simple_crashes": null,
     "htv_fatal_crashes": null,
     "htv_total_crashes": null,
     "hit_and_run_crash_prone": false,
     "hit_and_run_simple_crashes": null,
     "hit_and_run_fatal_crashes": null,
     "hit_and_run_total_crashes": null,
     "day_time_crash_prone": false,
     "day_simple_crashes": null,
     "day_fatal_crashes": null,
     "day_total_crashes": null,
     "night_time_crash_prone": true,
     "night_simple_crashes": null,
     "night_fatal_crashes": null,
     "night_total_crashes": null,
     "blackspot_2024": false,
     "blackspot_rank": null,
     "blackspot_noninjury_crashes": null,
     "blackspot_simple_crashes": null,
     "blackspot_fatal_crashes": null,
     "blackspot_total_crashes": null,
     "blackspot_persons_killed": null,
     "blackspot_persons_injured": null,
     "cctv_priority_candidate": false,
     "cctv_priority_reason": null,
     "zone_radius_m_derived": 250,
     "geometry_status": "coordinates_not_published_in_report",
     "osm_search_query": "Rajouri Garden, Delhi, India",
     "source": "Delhi Road Crash Report 2024, Delhi Traffic Police",
     "source_pdf_pages": [
      128,
      129
     ],
     "night_time_simple_crashes": 8,
     "night_time_fatal_crashes": 2,
     "night_time_total_crashes": 10,
     "coordinate_is_approximate": true,
     "coordinate_method": "locality_centre",
     "coordinate_confidence": "medium",
     "estimated_accuracy_m": 700,
     "coordinate_source": "Approximate Delhi landmark/intersection/locality centre derived from the report place name",
     "coordinate_warning": "Not the Delhi Traffic Police geotag and not a surveyed crash location.",
     "coordinate_order": "[longitude, latitude]",
     "zone_radius_m": 250,
     "zone_diameter_m": 500
    },
    "analysisYear": 2024,
    "officialVendsWithin500m": 5,
    "officialVendsWithin1km": 8,
    "officialVendsWithin2km": 17,
    "osmOnlyShopsWithin500m": 0,
    "osmOnlyShopsWithin1km": 0,
    "osmOnlyShopsWithin2km": 0,
    "nearestOfficialVend": "RAJOURI GARDEN",
    "nearestOfficialVendDistanceM": 0,
    "nearestOfficialVendCoordinateConfidence": "medium",
    "analysisWarning": "Spatial association only; coordinates are approximate. This does not establish that any nearby vend contributed to crashes at this location."
   }
  },
  {
   "type": "Feature",
   "id": "crash-zone-shastri-park-it-park",
   "geometry": {
    "type": "Point",
    "coordinates": [
     77.25,
     28.668
    ]
   },
   "properties": {
    "id": "crash-zone-shastri-park-it-park",
    "name": "Shastri Park/IT Park",
    "roadName": null,
    "listedInMainTable": false,
    "simpleCrashes": null,
    "fatalCrashes": null,
    "totalCrashes": null,
    "personsKilled": null,
    "personsInjured": null,
    "blackspot": false,
    "blackspotRank": null,
    "pedestrianRisk": false,
    "twoWheelerRisk": false,
    "htvRisk": false,
    "hitAndRunRisk": false,
    "nightRisk": false,
    "dayRisk": true,
    "cctvPriorityCandidate": false,
    "coordinateConfidence": "medium",
    "estimatedAccuracyM": 600,
    "properties": {
     "feature_id": "crash-zone-shastri-park-it-park",
     "location_name": "Shastri Park/IT Park",
     "road_name": null,
     "listed_in_table_6_29": false,
     "table_6_29_rank": null,
     "all_simple_crashes": null,
     "all_fatal_crashes": null,
     "all_total_crashes": null,
     "pedestrian_crash_prone": false,
     "pedestrian_simple_crashes": null,
     "pedestrian_fatal_crashes": null,
     "pedestrian_total_crashes": null,
     "two_wheeler_crash_prone": false,
     "two_wheeler_simple_crashes": null,
     "two_wheeler_fatal_crashes": null,
     "two_wheeler_total_crashes": null,
     "htv_crash_prone": false,
     "htv_simple_crashes": null,
     "htv_fatal_crashes": null,
     "htv_total_crashes": null,
     "hit_and_run_crash_prone": false,
     "hit_and_run_simple_crashes": null,
     "hit_and_run_fatal_crashes": null,
     "hit_and_run_total_crashes": null,
     "day_time_crash_prone": true,
     "day_simple_crashes": null,
     "day_fatal_crashes": null,
     "day_total_crashes": null,
     "night_time_crash_prone": false,
     "night_simple_crashes": null,
     "night_fatal_crashes": null,
     "night_total_crashes": null,
     "blackspot_2024": false,
     "blackspot_rank": null,
     "blackspot_noninjury_crashes": null,
     "blackspot_simple_crashes": null,
     "blackspot_fatal_crashes": null,
     "blackspot_total_crashes": null,
     "blackspot_persons_killed": null,
     "blackspot_persons_injured": null,
     "cctv_priority_candidate": false,
     "cctv_priority_reason": null,
     "zone_radius_m_derived": 250,
     "geometry_status": "coordinates_not_published_in_report",
     "osm_search_query": "Shastri Park/IT Park, Delhi, India",
     "source": "Delhi Road Crash Report 2024, Delhi Traffic Police",
     "source_pdf_pages": [
      127
     ],
     "day_time_simple_crashes": 16,
     "day_time_fatal_crashes": 0,
     "day_time_total_crashes": 16,
     "coordinate_is_approximate": true,
     "coordinate_method": "locality_landmark_centre",
     "coordinate_confidence": "medium",
     "estimated_accuracy_m": 600,
     "coordinate_source": "Approximate Delhi landmark/intersection/locality centre derived from the report place name",
     "coordinate_warning": "Not the Delhi Traffic Police geotag and not a surveyed crash location.",
     "coordinate_order": "[longitude, latitude]",
     "zone_radius_m": 250,
     "zone_diameter_m": 500
    },
    "analysisYear": 2024,
    "officialVendsWithin500m": 3,
    "officialVendsWithin1km": 3,
    "officialVendsWithin2km": 5,
    "osmOnlyShopsWithin500m": 0,
    "osmOnlyShopsWithin1km": 0,
    "osmOnlyShopsWithin2km": 0,
    "nearestOfficialVend": "SHASTRI PARK",
    "nearestOfficialVendDistanceM": 0,
    "nearestOfficialVendCoordinateConfidence": "medium",
    "analysisWarning": "Spatial association only; coordinates are approximate. This does not establish that any nearby vend contributed to crashes at this location."
   }
  }
 ]
}