{
  "type": "FeatureCollection",
  "name": "Delhi crash-prone zones 2024 — approximate 250m-radius polygons",
  "metadata": {
    "source": "Delhi Road Crash Report 2024, Delhi Traffic Police",
    "crash_year": 2024,
    "coordinate_fill_date": "2026-07-29",
    "coordinate_policy": "Approximate centres of named landmarks, intersections, transport hubs, neighbourhoods or closest interpretable areas.",
    "important_warning": "The report states that crash spots were geotagged internally but does not publish their coordinates. These coordinates are approximate and are not official police geotags.",
    "coordinate_order": "[longitude, latitude]",
    "confidence_counts": {
      "high": 27,
      "medium": 59,
      "low": 6,
      "very_low": 1
    },
    "method_counts": {
      "landmark_centre": 4,
      "locality_intersection_centre": 1,
      "transport_hub_centre": 3,
      "locality_centre": 10,
      "flyover_area_centre": 5,
      "intersection_centre": 22,
      "bus_stand_area_centre": 2,
      "locality_landmark_centre": 4,
      "border_crossing_centre": 1,
      "metro_station_centre": 7,
      "sector_area_centre": 1,
      "bridge_intersection_centre": 1,
      "landmark_area_centre": 4,
      "village_centre": 3,
      "landmark_intersection_centre": 2,
      "interchange_centre": 1,
      "locality_road_centre": 1,
      "civic_landmark_centre": 1,
      "industrial_landmark_area": 1,
      "hotel_area_centre": 2,
      "commercial_centre": 1,
      "locality_metro_area_centre": 1,
      "block_centre": 1,
      "intersection_metro_area": 1,
      "institution_area_centre": 2,
      "corridor_landmark_area": 2,
      "depot_area_centre": 1,
      "underpass_area_centre": 1,
      "hospital_centre": 2,
      "commercial_landmark_area": 1,
      "roundabout_area_centre": 1,
      "hospital_area_centre": 1,
      "ambiguous_city_landmark_fallback": 1,
      "market_area_centre": 1
    },
    "feature_count": 93,
    "zone_radius_m": 250,
    "zone_diameter_m": 500,
    "polygon_note": "Polygons approximate the report's 500-metre-diameter zone definition. Centres are approximate and should not be treated as official boundaries."
  },
  "features": [
    {
      "type": "Feature",
      "id": "crash-zone-azadpur-sabzi-mandi-buffer-250m",
      "geometry": {
        "type": "Polygon",
        "coordinates": [
          [
            [
              77.17736056331788,
              28.7098
            ],
            [
              77.17733865734374,
              28.71009313284275
            ],
            [
              77.17727331423859,
              28.710381250101292
            ],
            [
              77.17716565204108,
              28.710659422009446
            ],
            [
              77.17701751288128,
              28.71092288896874
            ],
            [
              77.17683143146127,
              28.711167142986458
            ],
            [
              77.17661059168573,
              28.71138800480863
            ],
            [
              77.17635877218446,
              28.71158169542825
            ],
            [
              77.17608028165894,
              28.711744900745117
            ],
            [
              77.17577988515927,
              28.711874828271004
            ],
            [
              77.17546272255287,
              28.71196925490992
            ],
            [
              77.17513422057982,
              28.7120265649959
            ],
            [
              77.1748,
              28.71204577793748
            ],
            [
              77.17446577942019,
              28.7120265649959
            ],
            [
              77.17413727744714,
              28.71196925490992
            ],
            [
              77.17382011484074,
              28.711874828271004
            ],
            [
              77.17351971834107,
              28.711744900745117
            ],
            [
              77.17324122781555,
              28.71158169542825
            ],
            [
              77.17298940831428,
              28.71138800480863
            ],
            [
              77.17276856853874,
              28.711167142986458
            ],
            [
              77.17258248711873,
              28.71092288896874
            ],
            [
              77.17243434795893,
              28.710659422009446
            ],
            [
              77.17232668576142,
              28.710381250101292
            ],
            [
              77.17226134265627,
              28.71009313284275
            ],
            [
              77.17223943668213,
              28.7098
            ],
            [
              77.17226134265627,
              28.709506867157252
            ],
            [
              77.17232668576142,
              28.70921874989871
            ],
            [
              77.17243434795893,
              28.708940577990557
            ],
            [
              77.17258248711873,
              28.708677111031264
            ],
            [
              77.17276856853874,
              28.708432857013545
            ],
            [
              77.17298940831428,
              28.708211995191373
            ],
            [
              77.17324122781555,
              28.708018304571752
            ],
            [
              77.17351971834107,
              28.707855099254886
            ],
            [
              77.17382011484074,
              28.707725171729
            ],
            [
              77.17413727744714,
              28.707630745090082
            ],
            [
              77.17446577942019,
              28.707573435004104
            ],
            [
              77.1748,
              28.707554222062523
            ],
            [
              77.17513422057982,
              28.707573435004104
            ],
            [
              77.17546272255287,
              28.707630745090082
            ],
            [
              77.17577988515927,
              28.707725171729
            ],
            [
              77.17608028165894,
              28.707855099254886
            ],
            [
              77.17635877218446,
              28.708018304571752
            ],
            [
              77.17661059168573,
              28.708211995191373
            ],
            [
              77.17683143146127,
              28.708432857013545
            ],
            [
              77.17701751288128,
              28.708677111031264
            ],
            [
              77.17716565204108,
              28.708940577990557
            ],
            [
              77.17727331423859,
              28.70921874989871
            ],
            [
              77.17733865734374,
              28.709506867157252
            ],
            [
              77.17736056331788,
              28.7098
            ]
          ]
        ]
      },
      "properties": {
        "feature_id": "crash-zone-azadpur-sabzi-mandi",
        "location_name": "Azadpur Sabzi Mandi",
        "road_name": "GTK Road",
        "listed_in_table_6_29": true,
        "table_6_29_rank": 1,
        "all_simple_crashes": 9,
        "all_fatal_crashes": 11,
        "all_total_crashes": 20,
        "pedestrian_crash_prone": true,
        "pedestrian_simple_crashes": 4,
        "pedestrian_fatal_crashes": 7,
        "pedestrian_total_crashes": 11,
        "two_wheeler_crash_prone": true,
        "two_wheeler_simple_crashes": 4,
        "two_wheeler_fatal_crashes": 4,
        "two_wheeler_total_crashes": 8,
        "htv_crash_prone": true,
        "htv_simple_crashes": 3,
        "htv_fatal_crashes": 5,
        "htv_total_crashes": 8,
        "hit_and_run_crash_prone": true,
        "hit_and_run_simple_crashes": 3,
        "hit_and_run_fatal_crashes": 4,
        "hit_and_run_total_crashes": 7,
        "day_time_crash_prone": true,
        "day_simple_crashes": null,
        "day_fatal_crashes": null,
        "day_total_crashes": null,
        "night_time_crash_prone": true,
        "night_simple_crashes": null,
        "night_fatal_crashes": null,
        "night_total_crashes": null,
        "blackspot_2024": true,
        "blackspot_rank": 1,
        "blackspot_noninjury_crashes": 1,
        "blackspot_simple_crashes": 8,
        "blackspot_fatal_crashes": 11,
        "blackspot_total_crashes": 20,
        "blackspot_persons_killed": 11,
        "blackspot_persons_injured": 9,
        "cctv_priority_candidate": true,
        "cctv_priority_reason": "Listed in Table 6.37 as a hit-and-run crash-prone zone; the report recommends CCTV installation at these locations.",
        "zone_radius_m_derived": 250,
        "geometry_status": "coordinates_not_published_in_report",
        "osm_search_query": "Azadpur Sabzi Mandi, GTK Road, Delhi, India",
        "source": "Delhi Road Crash Report 2024, Delhi Traffic Police",
        "source_pdf_pages": [
          112,
          113,
          114,
          115,
          120,
          122,
          123,
          125,
          127,
          128,
          129,
          132
        ],
        "day_time_simple_crashes": 5,
        "day_time_fatal_crashes": 5,
        "day_time_total_crashes": 10,
        "night_time_simple_crashes": 4,
        "night_time_fatal_crashes": 6,
        "night_time_total_crashes": 10,
        "coordinate_is_approximate": true,
        "coordinate_method": "landmark_centre",
        "coordinate_confidence": "high",
        "estimated_accuracy_m": 250,
        "coordinate_source": "Approximate Delhi landmark/intersection/locality centre derived from the report place name",
        "coordinate_warning": "Not the Delhi Traffic Police geotag and not a surveyed crash location.",
        "coordinate_order": "[longitude, latitude]",
        "zone_radius_m": 250,
        "zone_diameter_m": 500,
        "geometry_representation": "approximate_250m_radius_zone",
        "buffer_warning": "The report defines crash-prone zones using a 500-metre diameter. This polygon is centred on an approximate location, not the unpublished police geotag."
      }
    },
    {
      "type": "Feature",
      "id": "crash-zone-wazirabad-buffer-250m",
      "geometry": {
        "type": "Polygon",
        "coordinates": [
          [
            [
              77.23156066613286,
              28.714
            ],
            [
              77.23153875927912,
              28.714293132842748
            ],
            [
              77.23147341355023,
              28.71458125010129
            ],
            [
              77.23136574702976,
              28.714859422009443
            ],
            [
              77.23121760192167,
              28.715122888968736
            ],
            [
              77.23103151302988,
              28.715367142986455
            ],
            [
              77.23081066438691,
              28.715588004808627
            ],
            [
              77.23055883477426,
              28.715781695428248
            ],
            [
              77.23028033306643,
              28.715944900745114
            ],
            [
              77.22997992450486,
              28.716074828271
            ],
            [
              77.22966274916334,
              28.716169254909918
            ],
            [
              77.22933423399986,
              28.716226564995896
            ],
            [
              77.229,
              28.716245777937477
            ],
            [
              77.22866576600013,
              28.716226564995896
            ],
            [
              77.22833725083666,
              28.716169254909918
            ],
            [
              77.22802007549514,
              28.716074828271
            ],
            [
              77.22771966693357,
              28.715944900745114
            ],
            [
              77.22744116522574,
              28.715781695428248
            ],
            [
              77.22718933561309,
              28.715588004808627
            ],
            [
              77.22696848697012,
              28.715367142986455
            ],
            [
              77.22678239807833,
              28.715122888968736
            ],
            [
              77.22663425297024,
              28.714859422009443
            ],
            [
              77.22652658644976,
              28.71458125010129
            ],
            [
              77.22646124072088,
              28.714293132842748
            ],
            [
              77.22643933386713,
              28.714
            ],
            [
              77.22646124072088,
              28.71370686715725
            ],
            [
              77.22652658644976,
              28.713418749898707
            ],
            [
              77.22663425297024,
              28.713140577990554
            ],
            [
              77.22678239807833,
              28.71287711103126
            ],
            [
              77.22696848697012,
              28.712632857013542
            ],
            [
              77.22718933561309,
              28.71241199519137
            ],
            [
              77.22744116522574,
              28.71221830457175
            ],
            [
              77.22771966693357,
              28.712055099254883
            ],
            [
              77.22802007549514,
              28.711925171728996
            ],
            [
              77.22833725083666,
              28.71183074509008
            ],
            [
              77.22866576600013,
              28.7117734350041
            ],
            [
              77.229,
              28.71175422206252
            ],
            [
              77.22933423399986,
              28.7117734350041
            ],
            [
              77.22966274916334,
              28.71183074509008
            ],
            [
              77.22997992450486,
              28.711925171728996
            ],
            [
              77.23028033306643,
              28.712055099254883
            ],
            [
              77.23055883477426,
              28.71221830457175
            ],
            [
              77.23081066438691,
              28.71241199519137
            ],
            [
              77.23103151302988,
              28.712632857013542
            ],
            [
              77.23121760192167,
              28.71287711103126
            ],
            [
              77.23136574702976,
              28.713140577990554
            ],
            [
              77.23147341355023,
              28.713418749898707
            ],
            [
              77.23153875927912,
              28.71370686715725
            ],
            [
              77.23156066613286,
              28.714
            ]
          ]
        ]
      },
      "properties": {
        "feature_id": "crash-zone-wazirabad",
        "location_name": "Wazirabad",
        "road_name": "Outer Ring Road",
        "listed_in_table_6_29": true,
        "table_6_29_rank": 2,
        "all_simple_crashes": 6,
        "all_fatal_crashes": 9,
        "all_total_crashes": 15,
        "pedestrian_crash_prone": false,
        "pedestrian_simple_crashes": null,
        "pedestrian_fatal_crashes": null,
        "pedestrian_total_crashes": null,
        "two_wheeler_crash_prone": true,
        "two_wheeler_simple_crashes": 4,
        "two_wheeler_fatal_crashes": 7,
        "two_wheeler_total_crashes": 11,
        "htv_crash_prone": false,
        "htv_simple_crashes": null,
        "htv_fatal_crashes": null,
        "htv_total_crashes": null,
        "hit_and_run_crash_prone": true,
        "hit_and_run_simple_crashes": 3,
        "hit_and_run_fatal_crashes": 5,
        "hit_and_run_total_crashes": 8,
        "day_time_crash_prone": true,
        "day_simple_crashes": null,
        "day_fatal_crashes": null,
        "day_total_crashes": null,
        "night_time_crash_prone": true,
        "night_simple_crashes": null,
        "night_fatal_crashes": null,
        "night_total_crashes": null,
        "blackspot_2024": true,
        "blackspot_rank": 2,
        "blackspot_noninjury_crashes": 0,
        "blackspot_simple_crashes": 6,
        "blackspot_fatal_crashes": 9,
        "blackspot_total_crashes": 15,
        "blackspot_persons_killed": 10,
        "blackspot_persons_injured": 7,
        "cctv_priority_candidate": true,
        "cctv_priority_reason": "Listed in Table 6.37 as a hit-and-run crash-prone zone; the report recommends CCTV installation at these locations.",
        "zone_radius_m_derived": 250,
        "geometry_status": "coordinates_not_published_in_report",
        "osm_search_query": "Wazirabad, Outer Ring Road, Delhi, India",
        "source": "Delhi Road Crash Report 2024, Delhi Traffic Police",
        "source_pdf_pages": [
          112,
          113,
          114,
          115,
          122,
          125,
          127,
          128,
          129,
          132
        ],
        "day_time_simple_crashes": 4,
        "day_time_fatal_crashes": 4,
        "day_time_total_crashes": 8,
        "night_time_simple_crashes": 2,
        "night_time_fatal_crashes": 5,
        "night_time_total_crashes": 7,
        "coordinate_is_approximate": true,
        "coordinate_method": "locality_intersection_centre",
        "coordinate_confidence": "medium",
        "estimated_accuracy_m": 700,
        "coordinate_source": "Approximate Delhi landmark/intersection/locality centre derived from the report place name",
        "coordinate_warning": "Not the Delhi Traffic Police geotag and not a surveyed crash location.",
        "coordinate_order": "[longitude, latitude]",
        "zone_radius_m": 250,
        "zone_diameter_m": 500,
        "geometry_representation": "approximate_250m_radius_zone",
        "buffer_warning": "The report defines crash-prone zones using a 500-metre diameter. This polygon is centred on an approximate location, not the unpublished police geotag."
      }
    },
    {
      "type": "Feature",
      "id": "crash-zone-akshardham-mandir-buffer-250m",
      "geometry": {
        "type": "Polygon",
        "coordinates": [
          [
            [
              77.2798581924631,
              28.6127
            ],
            [
              77.27983630677194,
              28.61299313284275
            ],
            [
              77.27977102416871,
              28.61328125010129
            ],
            [
              77.27966346165687,
              28.613559422009445
            ],
            [
              77.2795154596608,
              28.613822888968738
            ],
            [
              77.27932955053569,
              28.614067142986457
            ],
            [
              77.27910891523823,
              28.61428800480863
            ],
            [
              77.2788573288995,
              28.61448169542825
            ],
            [
              77.27857909623154,
              28.614644900745116
            ],
            [
              77.27827897787242,
              28.614774828271003
            ],
            [
              77.27796210893048,
              28.61486925490992
            ],
            [
              77.27763391112117,
              28.614926564995898
            ],
            [
              77.2773,
              28.61494577793748
            ],
            [
              77.27696608887882,
              28.614926564995898
            ],
            [
              77.27663789106951,
              28.61486925490992
            ],
            [
              77.27632102212758,
              28.614774828271003
            ],
            [
              77.27602090376845,
              28.614644900745116
            ],
            [
              77.27574267110049,
              28.61448169542825
            ],
            [
              77.27549108476177,
              28.61428800480863
            ],
            [
              77.2752704494643,
              28.614067142986457
            ],
            [
              77.2750845403392,
              28.613822888968738
            ],
            [
              77.27493653834313,
              28.613559422009445
            ],
            [
              77.27482897583128,
              28.61328125010129
            ],
            [
              77.27476369322805,
              28.61299313284275
            ],
            [
              77.2747418075369,
              28.6127
            ],
            [
              77.27476369322805,
              28.61240686715725
            ],
            [
              77.27482897583128,
              28.61211874989871
            ],
            [
              77.27493653834313,
              28.611840577990556
            ],
            [
              77.2750845403392,
              28.611577111031263
            ],
            [
              77.2752704494643,
              28.611332857013544
            ],
            [
              77.27549108476177,
              28.611111995191372
            ],
            [
              77.27574267110049,
              28.61091830457175
            ],
            [
              77.27602090376845,
              28.610755099254884
            ],
            [
              77.27632102212758,
              28.610625171728998
            ],
            [
              77.27663789106951,
              28.61053074509008
            ],
            [
              77.27696608887882,
              28.610473435004103
            ],
            [
              77.2773,
              28.610454222062522
            ],
            [
              77.27763391112117,
              28.610473435004103
            ],
            [
              77.27796210893048,
              28.61053074509008
            ],
            [
              77.27827897787242,
              28.610625171728998
            ],
            [
              77.27857909623154,
              28.610755099254884
            ],
            [
              77.2788573288995,
              28.61091830457175
            ],
            [
              77.27910891523823,
              28.611111995191372
            ],
            [
              77.27932955053569,
              28.611332857013544
            ],
            [
              77.2795154596608,
              28.611577111031263
            ],
            [
              77.27966346165687,
              28.611840577990556
            ],
            [
              77.27977102416871,
              28.61211874989871
            ],
            [
              77.27983630677194,
              28.61240686715725
            ],
            [
              77.2798581924631,
              28.6127
            ]
          ]
        ]
      },
      "properties": {
        "feature_id": "crash-zone-akshardham-mandir",
        "location_name": "Akshardham Mandir",
        "road_name": "NH-24",
        "listed_in_table_6_29": true,
        "table_6_29_rank": 3,
        "all_simple_crashes": 11,
        "all_fatal_crashes": 8,
        "all_total_crashes": 19,
        "pedestrian_crash_prone": false,
        "pedestrian_simple_crashes": null,
        "pedestrian_fatal_crashes": null,
        "pedestrian_total_crashes": null,
        "two_wheeler_crash_prone": true,
        "two_wheeler_simple_crashes": 4,
        "two_wheeler_fatal_crashes": 6,
        "two_wheeler_total_crashes": 10,
        "htv_crash_prone": false,
        "htv_simple_crashes": null,
        "htv_fatal_crashes": null,
        "htv_total_crashes": null,
        "hit_and_run_crash_prone": true,
        "hit_and_run_simple_crashes": 4,
        "hit_and_run_fatal_crashes": 4,
        "hit_and_run_total_crashes": 8,
        "day_time_crash_prone": true,
        "day_simple_crashes": null,
        "day_fatal_crashes": null,
        "day_total_crashes": null,
        "night_time_crash_prone": true,
        "night_simple_crashes": null,
        "night_fatal_crashes": null,
        "night_total_crashes": null,
        "blackspot_2024": true,
        "blackspot_rank": 3,
        "blackspot_noninjury_crashes": 0,
        "blackspot_simple_crashes": 11,
        "blackspot_fatal_crashes": 8,
        "blackspot_total_crashes": 19,
        "blackspot_persons_killed": 8,
        "blackspot_persons_injured": 14,
        "cctv_priority_candidate": true,
        "cctv_priority_reason": "Listed in Table 6.37 as a hit-and-run crash-prone zone; the report recommends CCTV installation at these locations.",
        "zone_radius_m_derived": 250,
        "geometry_status": "coordinates_not_published_in_report",
        "osm_search_query": "Akshardham Mandir, NH-24, Delhi, India",
        "source": "Delhi Road Crash Report 2024, Delhi Traffic Police",
        "source_pdf_pages": [
          112,
          113,
          114,
          115,
          122,
          125,
          127,
          128,
          129,
          132
        ],
        "day_time_simple_crashes": 8,
        "day_time_fatal_crashes": 4,
        "day_time_total_crashes": 12,
        "night_time_simple_crashes": 3,
        "night_time_fatal_crashes": 4,
        "night_time_total_crashes": 7,
        "coordinate_is_approximate": true,
        "coordinate_method": "landmark_centre",
        "coordinate_confidence": "high",
        "estimated_accuracy_m": 200,
        "coordinate_source": "Approximate Delhi landmark/intersection/locality centre derived from the report place name",
        "coordinate_warning": "Not the Delhi Traffic Police geotag and not a surveyed crash location.",
        "coordinate_order": "[longitude, latitude]",
        "zone_radius_m": 250,
        "zone_diameter_m": 500,
        "geometry_representation": "approximate_250m_radius_zone",
        "buffer_warning": "The report defines crash-prone zones using a 500-metre diameter. This polygon is centred on an approximate location, not the unpublished police geotag."
      }
    },
    {
      "type": "Feature",
      "id": "crash-zone-isbt-kashmiri-gate-buffer-250m",
      "geometry": {
        "type": "Polygon",
        "coordinates": [
          [
            [
              77.2320595388206,
              28.6679
            ],
            [
              77.23203764161117,
              28.66819313284275
            ],
            [
              77.2319723246502,
              28.66848125010129
            ],
            [
              77.23186470552902,
              28.668759422009444
            ],
            [
              77.23171662564062,
              28.669022888968737
            ],
            [
              77.23153061867292,
              28.669267142986456
            ],
            [
              77.23130986725675,
              28.669488004808628
            ],
            [
              77.23105814851003,
              28.66968169542825
            ],
            [
              77.2307797694103,
              28.669844900745115
            ],
            [
              77.23047949310114,
              28.669974828271002
            ],
            [
              77.23016245739345,
              28.67006925490992
            ],
            [
              77.22983408685609,
              28.670126564995897
            ],
            [
              77.2295,
              28.670145777937478
            ],
            [
              77.22916591314392,
              28.670126564995897
            ],
            [
              77.22883754260656,
              28.67006925490992
            ],
            [
              77.22852050689886,
              28.669974828271002
            ],
            [
              77.2282202305897,
              28.669844900745115
            ],
            [
              77.22794185148997,
              28.66968169542825
            ],
            [
              77.22769013274325,
              28.669488004808628
            ],
            [
              77.22746938132708,
              28.669267142986456
            ],
            [
              77.22728337435939,
              28.669022888968737
            ],
            [
              77.22713529447098,
              28.668759422009444
            ],
            [
              77.2270276753498,
              28.66848125010129
            ],
            [
              77.22696235838883,
              28.66819313284275
            ],
            [
              77.22694046117941,
              28.6679
            ],
            [
              77.22696235838883,
              28.66760686715725
            ],
            [
              77.2270276753498,
              28.66731874989871
            ],
            [
              77.22713529447098,
              28.667040577990555
            ],
            [
              77.22728337435939,
              28.666777111031262
            ],
            [
              77.22746938132708,
              28.666532857013543
            ],
            [
              77.22769013274325,
              28.66631199519137
            ],
            [
              77.22794185148997,
              28.66611830457175
            ],
            [
              77.2282202305897,
              28.665955099254884
            ],
            [
              77.22852050689886,
              28.665825171728997
            ],
            [
              77.22883754260656,
              28.66573074509008
            ],
            [
              77.22916591314392,
              28.665673435004102
            ],
            [
              77.2295,
              28.66565422206252
            ],
            [
              77.22983408685609,
              28.665673435004102
            ],
            [
              77.23016245739345,
              28.66573074509008
            ],
            [
              77.23047949310114,
              28.665825171728997
            ],
            [
              77.2307797694103,
              28.665955099254884
            ],
            [
              77.23105814851003,
              28.66611830457175
            ],
            [
              77.23130986725675,
              28.66631199519137
            ],
            [
              77.23153061867292,
              28.666532857013543
            ],
            [
              77.23171662564062,
              28.666777111031262
            ],
            [
              77.23186470552902,
              28.667040577990555
            ],
            [
              77.2319723246502,
              28.66731874989871
            ],
            [
              77.23203764161117,
              28.66760686715725
            ],
            [
              77.2320595388206,
              28.6679
            ]
          ]
        ]
      },
      "properties": {
        "feature_id": "crash-zone-isbt-kashmiri-gate",
        "location_name": "ISBT Kashmiri Gate",
        "road_name": "Ring Road",
        "listed_in_table_6_29": true,
        "table_6_29_rank": 4,
        "all_simple_crashes": 9,
        "all_fatal_crashes": 8,
        "all_total_crashes": 17,
        "pedestrian_crash_prone": true,
        "pedestrian_simple_crashes": 5,
        "pedestrian_fatal_crashes": 7,
        "pedestrian_total_crashes": 12,
        "two_wheeler_crash_prone": false,
        "two_wheeler_simple_crashes": null,
        "two_wheeler_fatal_crashes": null,
        "two_wheeler_total_crashes": null,
        "htv_crash_prone": false,
        "htv_simple_crashes": null,
        "htv_fatal_crashes": null,
        "htv_total_crashes": null,
        "hit_and_run_crash_prone": true,
        "hit_and_run_simple_crashes": 1,
        "hit_and_run_fatal_crashes": 6,
        "hit_and_run_total_crashes": 7,
        "day_time_crash_prone": true,
        "day_simple_crashes": null,
        "day_fatal_crashes": null,
        "day_total_crashes": null,
        "night_time_crash_prone": true,
        "night_simple_crashes": null,
        "night_fatal_crashes": null,
        "night_total_crashes": null,
        "blackspot_2024": true,
        "blackspot_rank": 4,
        "blackspot_noninjury_crashes": 0,
        "blackspot_simple_crashes": 9,
        "blackspot_fatal_crashes": 8,
        "blackspot_total_crashes": 17,
        "blackspot_persons_killed": 8,
        "blackspot_persons_injured": 11,
        "cctv_priority_candidate": true,
        "cctv_priority_reason": "Listed in Table 6.37 as a hit-and-run crash-prone zone; the report recommends CCTV installation at these locations.",
        "zone_radius_m_derived": 250,
        "geometry_status": "coordinates_not_published_in_report",
        "osm_search_query": "ISBT Kashmiri Gate, Ring Road, Delhi, India",
        "source": "Delhi Road Crash Report 2024, Delhi Traffic Police",
        "source_pdf_pages": [
          112,
          113,
          114,
          115,
          120,
          125,
          127,
          128,
          129,
          132
        ],
        "day_time_simple_crashes": 5,
        "day_time_fatal_crashes": 3,
        "day_time_total_crashes": 8,
        "night_time_simple_crashes": 4,
        "night_time_fatal_crashes": 5,
        "night_time_total_crashes": 9,
        "coordinate_is_approximate": true,
        "coordinate_method": "transport_hub_centre",
        "coordinate_confidence": "high",
        "estimated_accuracy_m": 250,
        "coordinate_source": "Approximate Delhi landmark/intersection/locality centre derived from the report place name",
        "coordinate_warning": "Not the Delhi Traffic Police geotag and not a surveyed crash location.",
        "coordinate_order": "[longitude, latitude]",
        "zone_radius_m": 250,
        "zone_diameter_m": 500,
        "geometry_representation": "approximate_250m_radius_zone",
        "buffer_warning": "The report defines crash-prone zones using a 500-metre diameter. This polygon is centred on an approximate location, not the unpublished police geotag."
      }
    },
    {
      "type": "Feature",
      "id": "crash-zone-anand-vihar-isbt-buffer-250m",
      "geometry": {
        "type": "Polygon",
        "coordinates": [
          [
            [
              77.31755902617245,
              28.6469
            ],
            [
              77.3175371333488,
              28.647193132842748
            ],
            [
              77.31747182947012,
              28.64748125010129
            ],
            [
              77.31736423190388,
              28.647759422009443
            ],
            [
              77.31721618167428,
              28.648022888968736
            ],
            [
              77.31703021196181,
              28.648267142986455
            ],
            [
              77.31680950475977,
              28.648488004808627
            ],
            [
              77.31655783642961,
              28.648681695428248
            ],
            [
              77.31627951308623,
              28.648844900745114
            ],
            [
              77.31597929691918,
              28.648974828271
            ],
            [
              77.31566232471035,
              28.649069254909918
            ],
            [
              77.31533401994209,
              28.649126564995896
            ],
            [
              77.315,
              28.649145777937477
            ],
            [
              77.31466598005791,
              28.649126564995896
            ],
            [
              77.31433767528965,
              28.649069254909918
            ],
            [
              77.31402070308081,
              28.648974828271
            ],
            [
              77.31372048691377,
              28.648844900745114
            ],
            [
              77.31344216357039,
              28.648681695428248
            ],
            [
              77.31319049524022,
              28.648488004808627
            ],
            [
              77.31296978803819,
              28.648267142986455
            ],
            [
              77.31278381832571,
              28.648022888968736
            ],
            [
              77.31263576809611,
              28.647759422009443
            ],
            [
              77.31252817052987,
              28.64748125010129
            ],
            [
              77.3124628666512,
              28.647193132842748
            ],
            [
              77.31244097382755,
              28.6469
            ],
            [
              77.3124628666512,
              28.64660686715725
            ],
            [
              77.31252817052987,
              28.646318749898708
            ],
            [
              77.31263576809611,
              28.646040577990554
            ],
            [
              77.31278381832571,
              28.64577711103126
            ],
            [
              77.31296978803819,
              28.645532857013542
            ],
            [
              77.31319049524022,
              28.64531199519137
            ],
            [
              77.31344216357039,
              28.64511830457175
            ],
            [
              77.31372048691377,
              28.644955099254883
            ],
            [
              77.31402070308081,
              28.644825171728996
            ],
            [
              77.31433767528965,
              28.64473074509008
            ],
            [
              77.31466598005791,
              28.6446734350041
            ],
            [
              77.315,
              28.64465422206252
            ],
            [
              77.31533401994209,
              28.6446734350041
            ],
            [
              77.31566232471035,
              28.64473074509008
            ],
            [
              77.31597929691918,
              28.644825171728996
            ],
            [
              77.31627951308623,
              28.644955099254883
            ],
            [
              77.31655783642961,
              28.64511830457175
            ],
            [
              77.31680950475977,
              28.64531199519137
            ],
            [
              77.31703021196181,
              28.645532857013542
            ],
            [
              77.31721618167428,
              28.64577711103126
            ],
            [
              77.31736423190388,
              28.646040577990554
            ],
            [
              77.31747182947012,
              28.646318749898708
            ],
            [
              77.3175371333488,
              28.64660686715725
            ],
            [
              77.31755902617245,
              28.6469
            ]
          ]
        ]
      },
      "properties": {
        "feature_id": "crash-zone-anand-vihar-isbt",
        "location_name": "Anand Vihar ISBT",
        "road_name": "Road No.56",
        "listed_in_table_6_29": true,
        "table_6_29_rank": 5,
        "all_simple_crashes": 8,
        "all_fatal_crashes": 8,
        "all_total_crashes": 16,
        "pedestrian_crash_prone": true,
        "pedestrian_simple_crashes": 5,
        "pedestrian_fatal_crashes": 7,
        "pedestrian_total_crashes": 12,
        "two_wheeler_crash_prone": false,
        "two_wheeler_simple_crashes": null,
        "two_wheeler_fatal_crashes": null,
        "two_wheeler_total_crashes": null,
        "htv_crash_prone": false,
        "htv_simple_crashes": null,
        "htv_fatal_crashes": null,
        "htv_total_crashes": null,
        "hit_and_run_crash_prone": true,
        "hit_and_run_simple_crashes": 0,
        "hit_and_run_fatal_crashes": 3,
        "hit_and_run_total_crashes": 3,
        "day_time_crash_prone": false,
        "day_simple_crashes": null,
        "day_fatal_crashes": null,
        "day_total_crashes": null,
        "night_time_crash_prone": true,
        "night_simple_crashes": null,
        "night_fatal_crashes": null,
        "night_total_crashes": null,
        "blackspot_2024": true,
        "blackspot_rank": 5,
        "blackspot_noninjury_crashes": 0,
        "blackspot_simple_crashes": 8,
        "blackspot_fatal_crashes": 8,
        "blackspot_total_crashes": 16,
        "blackspot_persons_killed": 8,
        "blackspot_persons_injured": 13,
        "cctv_priority_candidate": true,
        "cctv_priority_reason": "Listed in Table 6.37 as a hit-and-run crash-prone zone; the report recommends CCTV installation at these locations.",
        "zone_radius_m_derived": 250,
        "geometry_status": "coordinates_not_published_in_report",
        "osm_search_query": "Anand Vihar ISBT, Road No.56, Delhi, India",
        "source": "Delhi Road Crash Report 2024, Delhi Traffic Police",
        "source_pdf_pages": [
          112,
          113,
          114,
          115,
          120,
          125,
          128,
          129,
          132
        ],
        "night_time_simple_crashes": 6,
        "night_time_fatal_crashes": 6,
        "night_time_total_crashes": 12,
        "coordinate_is_approximate": true,
        "coordinate_method": "transport_hub_centre",
        "coordinate_confidence": "high",
        "estimated_accuracy_m": 300,
        "coordinate_source": "Approximate Delhi landmark/intersection/locality centre derived from the report place name",
        "coordinate_warning": "Not the Delhi Traffic Police geotag and not a surveyed crash location.",
        "coordinate_order": "[longitude, latitude]",
        "zone_radius_m": 250,
        "zone_diameter_m": 500,
        "geometry_representation": "approximate_250m_radius_zone",
        "buffer_warning": "The report defines crash-prone zones using a 500-metre diameter. This polygon is centred on an approximate location, not the unpublished police geotag."
      }
    },
    {
      "type": "Feature",
      "id": "crash-zone-sgt-nagar-buffer-250m",
      "geometry": {
        "type": "Polygon",
        "coordinates": [
          [
            [
              77.14156149925559,
              28.748
            ],
            [
              77.14153958527437,
              28.74829313284275
            ],
            [
              77.141474218285,
              28.748581250101292
            ],
            [
              77.14136651673478,
              28.748859422009446
            ],
            [
              77.14121832342711,
              28.74912288896874
            ],
            [
              77.14103217399058,
              28.749367142986458
            ],
            [
              77.14081125349364,
              28.74958800480863
            ],
            [
              77.14055934194724,
              28.74978169542825
            ],
            [
              77.14028074962779,
              28.749944900745117
            ],
            [
              77.13998024332713,
              28.750074828271003
            ],
            [
              77.13966296479136,
              28.75016925490992
            ],
            [
              77.1393343427442,
              28.7502265649959
            ],
            [
              77.139,
              28.75024577793748
            ],
            [
              77.13866565725579,
              28.7502265649959
            ],
            [
              77.13833703520864,
              28.75016925490992
            ],
            [
              77.13801975667286,
              28.750074828271003
            ],
            [
              77.1377192503722,
              28.749944900745117
            ],
            [
              77.13744065805275,
              28.74978169542825
            ],
            [
              77.13718874650635,
              28.74958800480863
            ],
            [
              77.13696782600941,
              28.749367142986458
            ],
            [
              77.13678167657288,
              28.74912288896874
            ],
            [
              77.13663348326521,
              28.748859422009446
            ],
            [
              77.136525781715,
              28.748581250101292
            ],
            [
              77.13646041472562,
              28.74829313284275
            ],
            [
              77.1364385007444,
              28.748
            ],
            [
              77.13646041472562,
              28.74770686715725
            ],
            [
              77.136525781715,
              28.74741874989871
            ],
            [
              77.13663348326521,
              28.747140577990557
            ],
            [
              77.13678167657288,
              28.746877111031264
            ],
            [
              77.13696782600941,
              28.746632857013545
            ],
            [
              77.13718874650635,
              28.746411995191373
            ],
            [
              77.13744065805275,
              28.74621830457175
            ],
            [
              77.1377192503722,
              28.746055099254885
            ],
            [
              77.13801975667286,
              28.745925171729
            ],
            [
              77.13833703520864,
              28.745830745090082
            ],
            [
              77.13866565725579,
              28.745773435004104
            ],
            [
              77.139,
              28.745754222062523
            ],
            [
              77.1393343427442,
              28.745773435004104
            ],
            [
              77.13966296479136,
              28.745830745090082
            ],
            [
              77.13998024332713,
              28.745925171729
            ],
            [
              77.14028074962779,
              28.746055099254885
            ],
            [
              77.14055934194724,
              28.74621830457175
            ],
            [
              77.14081125349364,
              28.746411995191373
            ],
            [
              77.14103217399058,
              28.746632857013545
            ],
            [
              77.14121832342711,
              28.746877111031264
            ],
            [
              77.14136651673478,
              28.747140577990557
            ],
            [
              77.141474218285,
              28.74741874989871
            ],
            [
              77.14153958527437,
              28.74770686715725
            ],
            [
              77.14156149925559,
              28.748
            ]
          ]
        ]
      },
      "properties": {
        "feature_id": "crash-zone-sgt-nagar",
        "location_name": "SGT Nagar",
        "road_name": "GTK Road",
        "listed_in_table_6_29": true,
        "table_6_29_rank": 6,
        "all_simple_crashes": 11,
        "all_fatal_crashes": 7,
        "all_total_crashes": 18,
        "pedestrian_crash_prone": false,
        "pedestrian_simple_crashes": null,
        "pedestrian_fatal_crashes": null,
        "pedestrian_total_crashes": null,
        "two_wheeler_crash_prone": true,
        "two_wheeler_simple_crashes": 7,
        "two_wheeler_fatal_crashes": 4,
        "two_wheeler_total_crashes": 11,
        "htv_crash_prone": false,
        "htv_simple_crashes": null,
        "htv_fatal_crashes": null,
        "htv_total_crashes": null,
        "hit_and_run_crash_prone": true,
        "hit_and_run_simple_crashes": 5,
        "hit_and_run_fatal_crashes": 4,
        "hit_and_run_total_crashes": 9,
        "day_time_crash_prone": true,
        "day_simple_crashes": null,
        "day_fatal_crashes": null,
        "day_total_crashes": null,
        "night_time_crash_prone": true,
        "night_simple_crashes": null,
        "night_fatal_crashes": null,
        "night_total_crashes": null,
        "blackspot_2024": true,
        "blackspot_rank": 6,
        "blackspot_noninjury_crashes": 0,
        "blackspot_simple_crashes": 11,
        "blackspot_fatal_crashes": 7,
        "blackspot_total_crashes": 18,
        "blackspot_persons_killed": 8,
        "blackspot_persons_injured": 16,
        "cctv_priority_candidate": true,
        "cctv_priority_reason": "Listed in Table 6.37 as a hit-and-run crash-prone zone; the report recommends CCTV installation at these locations.",
        "zone_radius_m_derived": 250,
        "geometry_status": "coordinates_not_published_in_report",
        "osm_search_query": "SGT Nagar, GTK Road, Delhi, India",
        "source": "Delhi Road Crash Report 2024, Delhi Traffic Police",
        "source_pdf_pages": [
          112,
          113,
          114,
          115,
          122,
          125,
          127,
          128,
          129,
          132
        ],
        "day_time_simple_crashes": 5,
        "day_time_fatal_crashes": 4,
        "day_time_total_crashes": 9,
        "night_time_simple_crashes": 6,
        "night_time_fatal_crashes": 3,
        "night_time_total_crashes": 9,
        "coordinate_is_approximate": true,
        "coordinate_method": "locality_centre",
        "coordinate_confidence": "medium",
        "estimated_accuracy_m": 700,
        "coordinate_source": "Approximate Delhi landmark/intersection/locality centre derived from the report place name",
        "coordinate_warning": "Not the Delhi Traffic Police geotag and not a surveyed crash location.",
        "coordinate_order": "[longitude, latitude]",
        "zone_radius_m": 250,
        "zone_diameter_m": 500,
        "geometry_representation": "approximate_250m_radius_zone",
        "buffer_warning": "The report defines crash-prone zones using a 500-metre diameter. This polygon is centred on an approximate location, not the unpublished police geotag."
      }
    },
    {
      "type": "Feature",
      "id": "crash-zone-rajoukari-flyover-buffer-250m",
      "geometry": {
        "type": "Polygon",
        "coordinates": [
          [
            [
              77.11855577031963,
              28.513
            ],
            [
              77.11853390535025,
              28.51329313284275
            ],
            [
              77.1184686845578,
              28.513581250101293
            ],
            [
              77.1183612238881,
              28.513859422009446
            ],
            [
              77.11821336202304,
              28.51412288896874
            ],
            [
              77.11802762892009,
              28.51436714298646
            ],
            [
              77.11780720252416,
              28.51458800480863
            ],
            [
              77.117555854392,
              28.51478169542825
            ],
            [
              77.11727788515981,
              28.514944900745117
            ],
            [
              77.11697805095825,
              28.515074828271004
            ],
            [
              77.11666148203362,
              28.51516925490992
            ],
            [
              77.11633359496801,
              28.5152265649959
            ],
            [
              77.116,
              28.51524577793748
            ],
            [
              77.11566640503199,
              28.5152265649959
            ],
            [
              77.11533851796638,
              28.51516925490992
            ],
            [
              77.11502194904175,
              28.515074828271004
            ],
            [
              77.11472211484019,
              28.514944900745117
            ],
            [
              77.114444145608,
              28.51478169542825
            ],
            [
              77.11419279747584,
              28.51458800480863
            ],
            [
              77.11397237107991,
              28.51436714298646
            ],
            [
              77.11378663797696,
              28.51412288896874
            ],
            [
              77.1136387761119,
              28.513859422009446
            ],
            [
              77.1135313154422,
              28.513581250101293
            ],
            [
              77.11346609464975,
              28.51329313284275
            ],
            [
              77.11344422968037,
              28.513
            ],
            [
              77.11346609464975,
              28.512706867157252
            ],
            [
              77.1135313154422,
              28.51241874989871
            ],
            [
              77.1136387761119,
              28.512140577990557
            ],
            [
              77.11378663797696,
              28.511877111031264
            ],
            [
              77.11397237107991,
              28.511632857013545
            ],
            [
              77.11419279747584,
              28.511411995191374
            ],
            [
              77.114444145608,
              28.511218304571752
            ],
            [
              77.11472211484019,
              28.511055099254886
            ],
            [
              77.11502194904175,
              28.510925171729
            ],
            [
              77.11533851796638,
              28.510830745090082
            ],
            [
              77.11566640503199,
              28.510773435004104
            ],
            [
              77.116,
              28.510754222062523
            ],
            [
              77.11633359496801,
              28.510773435004104
            ],
            [
              77.11666148203362,
              28.510830745090082
            ],
            [
              77.11697805095825,
              28.510925171729
            ],
            [
              77.11727788515981,
              28.511055099254886
            ],
            [
              77.117555854392,
              28.511218304571752
            ],
            [
              77.11780720252416,
              28.511411995191374
            ],
            [
              77.11802762892009,
              28.511632857013545
            ],
            [
              77.11821336202304,
              28.511877111031264
            ],
            [
              77.1183612238881,
              28.512140577990557
            ],
            [
              77.1184686845578,
              28.51241874989871
            ],
            [
              77.11853390535025,
              28.512706867157252
            ],
            [
              77.11855577031963,
              28.513
            ]
          ]
        ]
      },
      "properties": {
        "feature_id": "crash-zone-rajoukari-flyover",
        "location_name": "Rajoukari Flyover",
        "road_name": "NH-8",
        "listed_in_table_6_29": true,
        "table_6_29_rank": 7,
        "all_simple_crashes": 9,
        "all_fatal_crashes": 7,
        "all_total_crashes": 16,
        "pedestrian_crash_prone": false,
        "pedestrian_simple_crashes": null,
        "pedestrian_fatal_crashes": null,
        "pedestrian_total_crashes": null,
        "two_wheeler_crash_prone": true,
        "two_wheeler_simple_crashes": 3,
        "two_wheeler_fatal_crashes": 4,
        "two_wheeler_total_crashes": 7,
        "htv_crash_prone": false,
        "htv_simple_crashes": null,
        "htv_fatal_crashes": null,
        "htv_total_crashes": null,
        "hit_and_run_crash_prone": true,
        "hit_and_run_simple_crashes": 2,
        "hit_and_run_fatal_crashes": 4,
        "hit_and_run_total_crashes": 6,
        "day_time_crash_prone": false,
        "day_simple_crashes": null,
        "day_fatal_crashes": null,
        "day_total_crashes": null,
        "night_time_crash_prone": true,
        "night_simple_crashes": null,
        "night_fatal_crashes": null,
        "night_total_crashes": null,
        "blackspot_2024": true,
        "blackspot_rank": 7,
        "blackspot_noninjury_crashes": 0,
        "blackspot_simple_crashes": 9,
        "blackspot_fatal_crashes": 7,
        "blackspot_total_crashes": 16,
        "blackspot_persons_killed": 7,
        "blackspot_persons_injured": 14,
        "cctv_priority_candidate": true,
        "cctv_priority_reason": "Listed in Table 6.37 as a hit-and-run crash-prone zone; the report recommends CCTV installation at these locations.",
        "zone_radius_m_derived": 250,
        "geometry_status": "coordinates_not_published_in_report",
        "osm_search_query": "Rajoukari Flyover, NH-8, Delhi, India",
        "source": "Delhi Road Crash Report 2024, Delhi Traffic Police",
        "source_pdf_pages": [
          112,
          113,
          114,
          115,
          122,
          125,
          128,
          129,
          132
        ],
        "night_time_simple_crashes": 5,
        "night_time_fatal_crashes": 6,
        "night_time_total_crashes": 11,
        "coordinate_is_approximate": true,
        "coordinate_method": "flyover_area_centre",
        "coordinate_confidence": "medium",
        "estimated_accuracy_m": 600,
        "coordinate_source": "Approximate Delhi landmark/intersection/locality centre derived from the report place name",
        "coordinate_warning": "Not the Delhi Traffic Police geotag and not a surveyed crash location.",
        "coordinate_order": "[longitude, latitude]",
        "zone_radius_m": 250,
        "zone_diameter_m": 500,
        "geometry_representation": "approximate_250m_radius_zone",
        "buffer_warning": "The report defines crash-prone zones using a 500-metre diameter. This polygon is centred on an approximate location, not the unpublished police geotag."
      }
    },
    {
      "type": "Feature",
      "id": "crash-zone-near-yashobhoomi-convention-centre-dwarka-buffer-250m",
      "geometry": {
        "type": "Polygon",
        "coordinates": [
          [
            [
              77.04155673575492,
              28.5528
            ],
            [
              77.0415348625261,
              28.55309313284275
            ],
            [
              77.04146961709668,
              28.553381250101292
            ],
            [
              77.041362115834,
              28.553659422009446
            ],
            [
              77.04121419811453,
              28.55392288896874
            ],
            [
              77.04102839485141,
              28.554167142986458
            ],
            [
              77.04080788519,
              28.55438800480863
            ],
            [
              77.04055644211176,
              28.55458169542825
            ],
            [
              77.04027836787746,
              28.554744900745117
            ],
            [
              77.03997842041434,
              28.554874828271004
            ],
            [
              77.03966173190668,
              28.55496925490992
            ],
            [
              77.0393337209826,
              28.5550265649959
            ],
            [
              77.039,
              28.55504577793748
            ],
            [
              77.0386662790174,
              28.5550265649959
            ],
            [
              77.03833826809333,
              28.55496925490992
            ],
            [
              77.03802157958566,
              28.554874828271004
            ],
            [
              77.03772163212254,
              28.554744900745117
            ],
            [
              77.03744355788824,
              28.55458169542825
            ],
            [
              77.03719211481,
              28.55438800480863
            ],
            [
              77.0369716051486,
              28.554167142986458
            ],
            [
              77.03678580188547,
              28.55392288896874
            ],
            [
              77.036637884166,
              28.553659422009446
            ],
            [
              77.03653038290332,
              28.553381250101292
            ],
            [
              77.0364651374739,
              28.55309313284275
            ],
            [
              77.03644326424508,
              28.5528
            ],
            [
              77.0364651374739,
              28.552506867157252
            ],
            [
              77.03653038290332,
              28.55221874989871
            ],
            [
              77.036637884166,
              28.551940577990557
            ],
            [
              77.03678580188547,
              28.551677111031264
            ],
            [
              77.0369716051486,
              28.551432857013545
            ],
            [
              77.03719211481,
              28.551211995191373
            ],
            [
              77.03744355788824,
              28.551018304571752
            ],
            [
              77.03772163212254,
              28.550855099254886
            ],
            [
              77.03802157958566,
              28.550725171729
            ],
            [
              77.03833826809333,
              28.550630745090082
            ],
            [
              77.0386662790174,
              28.550573435004104
            ],
            [
              77.039,
              28.550554222062523
            ],
            [
              77.0393337209826,
              28.550573435004104
            ],
            [
              77.03966173190668,
              28.550630745090082
            ],
            [
              77.03997842041434,
              28.550725171729
            ],
            [
              77.04027836787746,
              28.550855099254886
            ],
            [
              77.04055644211176,
              28.551018304571752
            ],
            [
              77.04080788519,
              28.551211995191373
            ],
            [
              77.04102839485141,
              28.551432857013545
            ],
            [
              77.04121419811453,
              28.551677111031264
            ],
            [
              77.041362115834,
              28.551940577990557
            ],
            [
              77.04146961709668,
              28.55221874989871
            ],
            [
              77.0415348625261,
              28.552506867157252
            ],
            [
              77.04155673575492,
              28.5528
            ]
          ]
        ]
      },
      "properties": {
        "feature_id": "crash-zone-near-yashobhoomi-convention-centre-dwarka",
        "location_name": "Near Yashobhoomi Convention Centre Dwarka",
        "road_name": "UER II",
        "listed_in_table_6_29": true,
        "table_6_29_rank": 8,
        "all_simple_crashes": 5,
        "all_fatal_crashes": 7,
        "all_total_crashes": 12,
        "pedestrian_crash_prone": false,
        "pedestrian_simple_crashes": null,
        "pedestrian_fatal_crashes": null,
        "pedestrian_total_crashes": null,
        "two_wheeler_crash_prone": true,
        "two_wheeler_simple_crashes": 2,
        "two_wheeler_fatal_crashes": 3,
        "two_wheeler_total_crashes": 5,
        "htv_crash_prone": false,
        "htv_simple_crashes": null,
        "htv_fatal_crashes": null,
        "htv_total_crashes": null,
        "hit_and_run_crash_prone": false,
        "hit_and_run_simple_crashes": null,
        "hit_and_run_fatal_crashes": null,
        "hit_and_run_total_crashes": null,
        "day_time_crash_prone": false,
        "day_simple_crashes": null,
        "day_fatal_crashes": null,
        "day_total_crashes": null,
        "night_time_crash_prone": true,
        "night_simple_crashes": null,
        "night_fatal_crashes": null,
        "night_total_crashes": null,
        "blackspot_2024": true,
        "blackspot_rank": 8,
        "blackspot_noninjury_crashes": 0,
        "blackspot_simple_crashes": 5,
        "blackspot_fatal_crashes": 7,
        "blackspot_total_crashes": 12,
        "blackspot_persons_killed": 7,
        "blackspot_persons_injured": 7,
        "cctv_priority_candidate": false,
        "cctv_priority_reason": null,
        "zone_radius_m_derived": 250,
        "geometry_status": "coordinates_not_published_in_report",
        "osm_search_query": "Near Yashobhoomi Convention Centre Dwarka, UER II, Delhi, India",
        "source": "Delhi Road Crash Report 2024, Delhi Traffic Police",
        "source_pdf_pages": [
          112,
          113,
          114,
          115,
          122,
          128,
          129,
          132
        ],
        "night_time_simple_crashes": 3,
        "night_time_fatal_crashes": 6,
        "night_time_total_crashes": 9,
        "coordinate_is_approximate": true,
        "coordinate_method": "landmark_centre",
        "coordinate_confidence": "high",
        "estimated_accuracy_m": 300,
        "coordinate_source": "Approximate Delhi landmark/intersection/locality centre derived from the report place name",
        "coordinate_warning": "Not the Delhi Traffic Police geotag and not a surveyed crash location.",
        "coordinate_order": "[longitude, latitude]",
        "zone_radius_m": 250,
        "zone_diameter_m": 500,
        "geometry_representation": "approximate_250m_radius_zone",
        "buffer_warning": "The report defines crash-prone zones using a 500-metre diameter. This polygon is centred on an approximate location, not the unpublished police geotag."
      }
    },
    {
      "type": "Feature",
      "id": "crash-zone-bhalswa-chowk-buffer-250m",
      "geometry": {
        "type": "Polygon",
        "coordinates": [
          [
            [
              77.16756125406961,
              28.738
            ],
            [
              77.16753934218599,
              28.73829313284275
            ],
            [
              77.16747398145353,
              28.73858125010129
            ],
            [
              77.16736629021247,
              28.738859422009444
            ],
            [
              77.16721811108982,
              28.739122888968737
            ],
            [
              77.16703197947146,
              28.739367142986456
            ],
            [
              77.16681108012097,
              28.739588004808628
            ],
            [
              77.16655919268747,
              28.73978169542825
            ],
            [
              77.16628062703481,
              28.739944900745115
            ],
            [
              77.16598014949852,
              28.740074828271002
            ],
            [
              77.16566290133257,
              28.74016925490992
            ],
            [
              77.16533431074102,
              28.740226564995897
            ],
            [
              77.165,
              28.740245777937478
            ],
            [
              77.164665689259,
              28.740226564995897
            ],
            [
              77.16433709866745,
              28.74016925490992
            ],
            [
              77.16401985050149,
              28.740074828271002
            ],
            [
              77.1637193729652,
              28.739944900745115
            ],
            [
              77.16344080731254,
              28.73978169542825
            ],
            [
              77.16318891987905,
              28.739588004808628
            ],
            [
              77.16296802052855,
              28.739367142986456
            ],
            [
              77.16278188891019,
              28.739122888968737
            ],
            [
              77.16263370978754,
              28.738859422009444
            ],
            [
              77.16252601854649,
              28.73858125010129
            ],
            [
              77.16246065781402,
              28.73829313284275
            ],
            [
              77.1624387459304,
              28.738
            ],
            [
              77.16246065781402,
              28.73770686715725
            ],
            [
              77.16252601854649,
              28.73741874989871
            ],
            [
              77.16263370978754,
              28.737140577990555
            ],
            [
              77.16278188891019,
              28.736877111031262
            ],
            [
              77.16296802052855,
              28.736632857013543
            ],
            [
              77.16318891987905,
              28.73641199519137
            ],
            [
              77.16344080731254,
              28.73621830457175
            ],
            [
              77.1637193729652,
              28.736055099254884
            ],
            [
              77.16401985050149,
              28.735925171728997
            ],
            [
              77.16433709866745,
              28.73583074509008
            ],
            [
              77.164665689259,
              28.735773435004102
            ],
            [
              77.165,
              28.73575422206252
            ],
            [
              77.16533431074102,
              28.735773435004102
            ],
            [
              77.16566290133257,
              28.73583074509008
            ],
            [
              77.16598014949852,
              28.735925171728997
            ],
            [
              77.16628062703481,
              28.736055099254884
            ],
            [
              77.16655919268747,
              28.73621830457175
            ],
            [
              77.16681108012097,
              28.73641199519137
            ],
            [
              77.16703197947146,
              28.736632857013543
            ],
            [
              77.16721811108982,
              28.736877111031262
            ],
            [
              77.16736629021247,
              28.737140577990555
            ],
            [
              77.16747398145353,
              28.73741874989871
            ],
            [
              77.16753934218599,
              28.73770686715725
            ],
            [
              77.16756125406961,
              28.738
            ]
          ]
        ]
      },
      "properties": {
        "feature_id": "crash-zone-bhalswa-chowk",
        "location_name": "Bhalswa Chowk",
        "road_name": "Outer Ring Road",
        "listed_in_table_6_29": true,
        "table_6_29_rank": 9,
        "all_simple_crashes": 13,
        "all_fatal_crashes": 6,
        "all_total_crashes": 19,
        "pedestrian_crash_prone": false,
        "pedestrian_simple_crashes": null,
        "pedestrian_fatal_crashes": null,
        "pedestrian_total_crashes": null,
        "two_wheeler_crash_prone": true,
        "two_wheeler_simple_crashes": 8,
        "two_wheeler_fatal_crashes": 3,
        "two_wheeler_total_crashes": 11,
        "htv_crash_prone": false,
        "htv_simple_crashes": null,
        "htv_fatal_crashes": null,
        "htv_total_crashes": null,
        "hit_and_run_crash_prone": false,
        "hit_and_run_simple_crashes": null,
        "hit_and_run_fatal_crashes": null,
        "hit_and_run_total_crashes": null,
        "day_time_crash_prone": true,
        "day_simple_crashes": null,
        "day_fatal_crashes": null,
        "day_total_crashes": null,
        "night_time_crash_prone": false,
        "night_simple_crashes": null,
        "night_fatal_crashes": null,
        "night_total_crashes": null,
        "blackspot_2024": true,
        "blackspot_rank": 9,
        "blackspot_noninjury_crashes": 0,
        "blackspot_simple_crashes": 13,
        "blackspot_fatal_crashes": 6,
        "blackspot_total_crashes": 19,
        "blackspot_persons_killed": 6,
        "blackspot_persons_injured": 17,
        "cctv_priority_candidate": false,
        "cctv_priority_reason": null,
        "zone_radius_m_derived": 250,
        "geometry_status": "coordinates_not_published_in_report",
        "osm_search_query": "Bhalswa Chowk, Outer Ring Road, Delhi, India",
        "source": "Delhi Road Crash Report 2024, Delhi Traffic Police",
        "source_pdf_pages": [
          112,
          113,
          114,
          115,
          122,
          127,
          132
        ],
        "day_time_simple_crashes": 8,
        "day_time_fatal_crashes": 4,
        "day_time_total_crashes": 12,
        "coordinate_is_approximate": true,
        "coordinate_method": "intersection_centre",
        "coordinate_confidence": "medium",
        "estimated_accuracy_m": 500,
        "coordinate_source": "Approximate Delhi landmark/intersection/locality centre derived from the report place name",
        "coordinate_warning": "Not the Delhi Traffic Police geotag and not a surveyed crash location.",
        "coordinate_order": "[longitude, latitude]",
        "zone_radius_m": 250,
        "zone_diameter_m": 500,
        "geometry_representation": "approximate_250m_radius_zone",
        "buffer_warning": "The report defines crash-prone zones using a 500-metre diameter. This polygon is centred on an approximate location, not the unpublished police geotag."
      }
    },
    {
      "type": "Feature",
      "id": "crash-zone-libaspur-bus-stand-buffer-250m",
      "geometry": {
        "type": "Polygon",
        "coordinates": [
          [
            [
              77.15356147473136,
              28.747
            ],
            [
              77.15353956095996,
              28.74729313284275
            ],
            [
              77.15347419459641,
              28.74758125010129
            ],
            [
              77.15336649407736,
              28.747859422009444
            ],
            [
              77.15321830218852,
              28.748122888968737
            ],
            [
              77.1530321545342,
              28.748367142986456
            ],
            [
              77.15281123615239,
              28.748588004808628
            ],
            [
              77.15255932701784,
              28.74878169542825
            ],
            [
              77.15228073736569,
              28.748944900745116
            ],
            [
              77.15198023394211,
              28.749074828271002
            ],
            [
              77.15166295844402,
              28.74916925490992
            ],
            [
              77.15133433954315,
              28.749226564995897
            ],
            [
              77.151,
              28.749245777937478
            ],
            [
              77.15066566045684,
              28.749226564995897
            ],
            [
              77.15033704155597,
              28.74916925490992
            ],
            [
              77.15001976605788,
              28.749074828271002
            ],
            [
              77.1497192626343,
              28.748944900745116
            ],
            [
              77.14944067298215,
              28.74878169542825
            ],
            [
              77.1491887638476,
              28.748588004808628
            ],
            [
              77.14896784546579,
              28.748367142986456
            ],
            [
              77.14878169781147,
              28.748122888968737
            ],
            [
              77.14863350592263,
              28.747859422009444
            ],
            [
              77.14852580540358,
              28.74758125010129
            ],
            [
              77.14846043904004,
              28.74729313284275
            ],
            [
              77.14843852526863,
              28.747
            ],
            [
              77.14846043904004,
              28.74670686715725
            ],
            [
              77.14852580540358,
              28.74641874989871
            ],
            [
              77.14863350592263,
              28.746140577990555
            ],
            [
              77.14878169781147,
              28.745877111031263
            ],
            [
              77.14896784546579,
              28.745632857013543
            ],
            [
              77.1491887638476,
              28.745411995191372
            ],
            [
              77.14944067298215,
              28.74521830457175
            ],
            [
              77.1497192626343,
              28.745055099254884
            ],
            [
              77.15001976605788,
              28.744925171728998
            ],
            [
              77.15033704155597,
              28.74483074509008
            ],
            [
              77.15066566045684,
              28.744773435004102
            ],
            [
              77.151,
              28.74475422206252
            ],
            [
              77.15133433954315,
              28.744773435004102
            ],
            [
              77.15166295844402,
              28.74483074509008
            ],
            [
              77.15198023394211,
              28.744925171728998
            ],
            [
              77.15228073736569,
              28.745055099254884
            ],
            [
              77.15255932701784,
              28.74521830457175
            ],
            [
              77.15281123615239,
              28.745411995191372
            ],
            [
              77.1530321545342,
              28.745632857013543
            ],
            [
              77.15321830218852,
              28.745877111031263
            ],
            [
              77.15336649407736,
              28.746140577990555
            ],
            [
              77.15347419459641,
              28.74641874989871
            ],
            [
              77.15353956095996,
              28.74670686715725
            ],
            [
              77.15356147473136,
              28.747
            ]
          ]
        ]
      },
      "properties": {
        "feature_id": "crash-zone-libaspur-bus-stand",
        "location_name": "Libaspur Bus Stand",
        "road_name": "GTK Road",
        "listed_in_table_6_29": true,
        "table_6_29_rank": 10,
        "all_simple_crashes": 12,
        "all_fatal_crashes": 6,
        "all_total_crashes": 18,
        "pedestrian_crash_prone": true,
        "pedestrian_simple_crashes": 6,
        "pedestrian_fatal_crashes": 3,
        "pedestrian_total_crashes": 9,
        "two_wheeler_crash_prone": false,
        "two_wheeler_simple_crashes": null,
        "two_wheeler_fatal_crashes": null,
        "two_wheeler_total_crashes": null,
        "htv_crash_prone": true,
        "htv_simple_crashes": 1,
        "htv_fatal_crashes": 3,
        "htv_total_crashes": 4,
        "hit_and_run_crash_prone": true,
        "hit_and_run_simple_crashes": 5,
        "hit_and_run_fatal_crashes": 3,
        "hit_and_run_total_crashes": 8,
        "day_time_crash_prone": true,
        "day_simple_crashes": null,
        "day_fatal_crashes": null,
        "day_total_crashes": null,
        "night_time_crash_prone": true,
        "night_simple_crashes": null,
        "night_fatal_crashes": null,
        "night_total_crashes": null,
        "blackspot_2024": true,
        "blackspot_rank": 10,
        "blackspot_noninjury_crashes": 0,
        "blackspot_simple_crashes": 12,
        "blackspot_fatal_crashes": 6,
        "blackspot_total_crashes": 18,
        "blackspot_persons_killed": 6,
        "blackspot_persons_injured": 18,
        "cctv_priority_candidate": true,
        "cctv_priority_reason": "Listed in Table 6.37 as a hit-and-run crash-prone zone; the report recommends CCTV installation at these locations.",
        "zone_radius_m_derived": 250,
        "geometry_status": "coordinates_not_published_in_report",
        "osm_search_query": "Libaspur Bus Stand, GTK Road, Delhi, India",
        "source": "Delhi Road Crash Report 2024, Delhi Traffic Police",
        "source_pdf_pages": [
          112,
          113,
          114,
          115,
          120,
          123,
          125,
          127,
          128,
          129,
          132
        ],
        "day_time_simple_crashes": 10,
        "day_time_fatal_crashes": 2,
        "day_time_total_crashes": 12,
        "night_time_simple_crashes": 2,
        "night_time_fatal_crashes": 4,
        "night_time_total_crashes": 6,
        "coordinate_is_approximate": true,
        "coordinate_method": "bus_stand_area_centre",
        "coordinate_confidence": "medium",
        "estimated_accuracy_m": 500,
        "coordinate_source": "Approximate Delhi landmark/intersection/locality centre derived from the report place name",
        "coordinate_warning": "Not the Delhi Traffic Police geotag and not a surveyed crash location.",
        "coordinate_order": "[longitude, latitude]",
        "zone_radius_m": 250,
        "zone_diameter_m": 500,
        "geometry_representation": "approximate_250m_radius_zone",
        "buffer_warning": "The report defines crash-prone zones using a 500-metre diameter. This polygon is centred on an approximate location, not the unpublished police geotag."
      }
    },
    {
      "type": "Feature",
      "id": "crash-zone-mukundpur-chowk-buffer-250m",
      "geometry": {
        "type": "Polygon",
        "coordinates": [
          [
            [
              77.18356110701798,
              28.732
            ],
            [
              77.1835391963924,
              28.73229313284275
            ],
            [
              77.18347383941256,
              28.73258125010129
            ],
            [
              77.18336615435447,
              28.732859422009444
            ],
            [
              77.18321798373938,
              28.733122888968737
            ],
            [
              77.18303186280755,
              28.733367142986456
            ],
            [
              77.18281097613975,
              28.733588004808627
            ],
            [
              77.1825591031681,
              28.73378169542825
            ],
            [
              77.18228055350899,
              28.733944900745115
            ],
            [
              77.1819800932243,
              28.734074828271
            ],
            [
              77.18166286327279,
              28.73416925490992
            ],
            [
              77.18133429154692,
              28.734226564995897
            ],
            [
              77.181,
              28.734245777937478
            ],
            [
              77.18066570845308,
              28.734226564995897
            ],
            [
              77.1803371367272,
              28.73416925490992
            ],
            [
              77.1800199067757,
              28.734074828271
            ],
            [
              77.179719446491,
              28.733944900745115
            ],
            [
              77.17944089683189,
              28.73378169542825
            ],
            [
              77.17918902386025,
              28.733588004808627
            ],
            [
              77.17896813719244,
              28.733367142986456
            ],
            [
              77.17878201626061,
              28.733122888968737
            ],
            [
              77.17863384564552,
              28.732859422009444
            ],
            [
              77.17852616058744,
              28.73258125010129
            ],
            [
              77.17846080360759,
              28.73229313284275
            ],
            [
              77.17843889298202,
              28.732
            ],
            [
              77.17846080360759,
              28.73170686715725
            ],
            [
              77.17852616058744,
              28.731418749898708
            ],
            [
              77.17863384564552,
              28.731140577990555
            ],
            [
              77.17878201626061,
              28.730877111031262
            ],
            [
              77.17896813719244,
              28.730632857013543
            ],
            [
              77.17918902386025,
              28.73041199519137
            ],
            [
              77.17944089683189,
              28.73021830457175
            ],
            [
              77.179719446491,
              28.730055099254884
            ],
            [
              77.1800199067757,
              28.729925171728997
            ],
            [
              77.1803371367272,
              28.72983074509008
            ],
            [
              77.18066570845308,
              28.729773435004102
            ],
            [
              77.181,
              28.72975422206252
            ],
            [
              77.18133429154692,
              28.729773435004102
            ],
            [
              77.18166286327279,
              28.72983074509008
            ],
            [
              77.1819800932243,
              28.729925171728997
            ],
            [
              77.18228055350899,
              28.730055099254884
            ],
            [
              77.1825591031681,
              28.73021830457175
            ],
            [
              77.18281097613975,
              28.73041199519137
            ],
            [
              77.18303186280755,
              28.730632857013543
            ],
            [
              77.18321798373938,
              28.730877111031262
            ],
            [
              77.18336615435447,
              28.731140577990555
            ],
            [
              77.18347383941256,
              28.731418749898708
            ],
            [
              77.1835391963924,
              28.73170686715725
            ],
            [
              77.18356110701798,
              28.732
            ]
          ]
        ]
      },
      "properties": {
        "feature_id": "crash-zone-mukundpur-chowk",
        "location_name": "Mukundpur Chowk",
        "road_name": "Outer Ring Road",
        "listed_in_table_6_29": true,
        "table_6_29_rank": 11,
        "all_simple_crashes": 8,
        "all_fatal_crashes": 6,
        "all_total_crashes": 14,
        "pedestrian_crash_prone": true,
        "pedestrian_simple_crashes": 3,
        "pedestrian_fatal_crashes": 3,
        "pedestrian_total_crashes": 6,
        "two_wheeler_crash_prone": false,
        "two_wheeler_simple_crashes": null,
        "two_wheeler_fatal_crashes": null,
        "two_wheeler_total_crashes": null,
        "htv_crash_prone": false,
        "htv_simple_crashes": null,
        "htv_fatal_crashes": null,
        "htv_total_crashes": null,
        "hit_and_run_crash_prone": true,
        "hit_and_run_simple_crashes": 1,
        "hit_and_run_fatal_crashes": 3,
        "hit_and_run_total_crashes": 4,
        "day_time_crash_prone": false,
        "day_simple_crashes": null,
        "day_fatal_crashes": null,
        "day_total_crashes": null,
        "night_time_crash_prone": true,
        "night_simple_crashes": null,
        "night_fatal_crashes": null,
        "night_total_crashes": null,
        "blackspot_2024": false,
        "blackspot_rank": null,
        "blackspot_noninjury_crashes": null,
        "blackspot_simple_crashes": null,
        "blackspot_fatal_crashes": null,
        "blackspot_total_crashes": null,
        "blackspot_persons_killed": null,
        "blackspot_persons_injured": null,
        "cctv_priority_candidate": true,
        "cctv_priority_reason": "Listed in Table 6.37 as a hit-and-run crash-prone zone; the report recommends CCTV installation at these locations.",
        "zone_radius_m_derived": 250,
        "geometry_status": "coordinates_not_published_in_report",
        "osm_search_query": "Mukundpur Chowk, Outer Ring Road, Delhi, India",
        "source": "Delhi Road Crash Report 2024, Delhi Traffic Police",
        "source_pdf_pages": [
          112,
          113,
          114,
          115,
          120,
          125,
          128,
          129
        ],
        "night_time_simple_crashes": 2,
        "night_time_fatal_crashes": 5,
        "night_time_total_crashes": 7,
        "coordinate_is_approximate": true,
        "coordinate_method": "intersection_centre",
        "coordinate_confidence": "medium",
        "estimated_accuracy_m": 500,
        "coordinate_source": "Approximate Delhi landmark/intersection/locality centre derived from the report place name",
        "coordinate_warning": "Not the Delhi Traffic Police geotag and not a surveyed crash location.",
        "coordinate_order": "[longitude, latitude]",
        "zone_radius_m": 250,
        "zone_diameter_m": 500,
        "geometry_representation": "approximate_250m_radius_zone",
        "buffer_warning": "The report defines crash-prone zones using a 500-metre diameter. This polygon is centred on an approximate location, not the unpublished police geotag."
      }
    },
    {
      "type": "Feature",
      "id": "crash-zone-geeta-colony-flyover-buffer-250m",
      "geometry": {
        "type": "Polygon",
        "coordinates": [
          [
            [
              77.27355927266325,
              28.657
            ],
            [
              77.27353737773083,
              28.65729313284275
            ],
            [
              77.27347206756195,
              28.65758125010129
            ],
            [
              77.2733644596317,
              28.657859422009444
            ],
            [
              77.27321639514159,
              28.658122888968737
            ],
            [
              77.2730304075161,
              28.658367142986457
            ],
            [
              77.27280967905509,
              28.658588004808628
            ],
            [
              77.2725579864837,
              28.65878169542825
            ],
            [
              77.27227963633163,
              28.658944900745116
            ],
            [
              77.27197939124713,
              28.659074828271002
            ],
            [
              77.27166238850685,
              28.65916925490992
            ],
            [
              77.27133405211559,
              28.659226564995897
            ],
            [
              77.271,
              28.65924577793748
            ],
            [
              77.27066594788441,
              28.659226564995897
            ],
            [
              77.27033761149315,
              28.65916925490992
            ],
            [
              77.27002060875287,
              28.659074828271002
            ],
            [
              77.26972036366837,
              28.658944900745116
            ],
            [
              77.2694420135163,
              28.65878169542825
            ],
            [
              77.26919032094492,
              28.658588004808628
            ],
            [
              77.2689695924839,
              28.658367142986457
            ],
            [
              77.26878360485841,
              28.658122888968737
            ],
            [
              77.26863554036831,
              28.657859422009444
            ],
            [
              77.26852793243805,
              28.65758125010129
            ],
            [
              77.26846262226917,
              28.65729313284275
            ],
            [
              77.26844072733675,
              28.657
            ],
            [
              77.26846262226917,
              28.65670686715725
            ],
            [
              77.26852793243805,
              28.65641874989871
            ],
            [
              77.26863554036831,
              28.656140577990556
            ],
            [
              77.26878360485841,
              28.655877111031263
            ],
            [
              77.2689695924839,
              28.655632857013543
            ],
            [
              77.26919032094492,
              28.655411995191372
            ],
            [
              77.2694420135163,
              28.65521830457175
            ],
            [
              77.26972036366837,
              28.655055099254884
            ],
            [
              77.27002060875287,
              28.654925171728998
            ],
            [
              77.27033761149315,
              28.65483074509008
            ],
            [
              77.27066594788441,
              28.654773435004103
            ],
            [
              77.271,
              28.65475422206252
            ],
            [
              77.27133405211559,
              28.654773435004103
            ],
            [
              77.27166238850685,
              28.65483074509008
            ],
            [
              77.27197939124713,
              28.654925171728998
            ],
            [
              77.27227963633163,
              28.655055099254884
            ],
            [
              77.2725579864837,
              28.65521830457175
            ],
            [
              77.27280967905509,
              28.655411995191372
            ],
            [
              77.2730304075161,
              28.655632857013543
            ],
            [
              77.27321639514159,
              28.655877111031263
            ],
            [
              77.2733644596317,
              28.656140577990556
            ],
            [
              77.27347206756195,
              28.65641874989871
            ],
            [
              77.27353737773083,
              28.65670686715725
            ],
            [
              77.27355927266325,
              28.657
            ]
          ]
        ]
      },
      "properties": {
        "feature_id": "crash-zone-geeta-colony-flyover",
        "location_name": "Geeta Colony Flyover",
        "road_name": "Yamuna Pusta Road",
        "listed_in_table_6_29": true,
        "table_6_29_rank": 12,
        "all_simple_crashes": 5,
        "all_fatal_crashes": 6,
        "all_total_crashes": 11,
        "pedestrian_crash_prone": false,
        "pedestrian_simple_crashes": null,
        "pedestrian_fatal_crashes": null,
        "pedestrian_total_crashes": null,
        "two_wheeler_crash_prone": true,
        "two_wheeler_simple_crashes": 3,
        "two_wheeler_fatal_crashes": 3,
        "two_wheeler_total_crashes": 6,
        "htv_crash_prone": false,
        "htv_simple_crashes": null,
        "htv_fatal_crashes": null,
        "htv_total_crashes": null,
        "hit_and_run_crash_prone": true,
        "hit_and_run_simple_crashes": 1,
        "hit_and_run_fatal_crashes": 3,
        "hit_and_run_total_crashes": 4,
        "day_time_crash_prone": true,
        "day_simple_crashes": null,
        "day_fatal_crashes": null,
        "day_total_crashes": null,
        "night_time_crash_prone": false,
        "night_simple_crashes": null,
        "night_fatal_crashes": null,
        "night_total_crashes": null,
        "blackspot_2024": false,
        "blackspot_rank": null,
        "blackspot_noninjury_crashes": null,
        "blackspot_simple_crashes": null,
        "blackspot_fatal_crashes": null,
        "blackspot_total_crashes": null,
        "blackspot_persons_killed": null,
        "blackspot_persons_injured": null,
        "cctv_priority_candidate": true,
        "cctv_priority_reason": "Listed in Table 6.37 as a hit-and-run crash-prone zone; the report recommends CCTV installation at these locations.",
        "zone_radius_m_derived": 250,
        "geometry_status": "coordinates_not_published_in_report",
        "osm_search_query": "Geeta Colony Flyover, Yamuna Pusta Road, Delhi, India",
        "source": "Delhi Road Crash Report 2024, Delhi Traffic Police",
        "source_pdf_pages": [
          112,
          113,
          114,
          115,
          122,
          125,
          127
        ],
        "day_time_simple_crashes": 4,
        "day_time_fatal_crashes": 4,
        "day_time_total_crashes": 8,
        "coordinate_is_approximate": true,
        "coordinate_method": "flyover_area_centre",
        "coordinate_confidence": "medium",
        "estimated_accuracy_m": 500,
        "coordinate_source": "Approximate Delhi landmark/intersection/locality centre derived from the report place name",
        "coordinate_warning": "Not the Delhi Traffic Police geotag and not a surveyed crash location.",
        "coordinate_order": "[longitude, latitude]",
        "zone_radius_m": 250,
        "zone_diameter_m": 500,
        "geometry_representation": "approximate_250m_radius_zone",
        "buffer_warning": "The report defines crash-prone zones using a 500-metre diameter. This polygon is centred on an approximate location, not the unpublished police geotag."
      }
    },
    {
      "type": "Feature",
      "id": "crash-zone-chandgi-ram-akhara-buffer-250m",
      "geometry": {
        "type": "Polygon",
        "coordinates": [
          [
            [
              77.22656027457451,
              28.698
            ],
            [
              77.2265383710706,
              28.69829313284275
            ],
            [
              77.22647303533391,
              28.69858125010129
            ],
            [
              77.22636538527699,
              28.698859422009445
            ],
            [
              77.22621726282219,
              28.699122888968738
            ],
            [
              77.22603120238576,
              28.699367142986457
            ],
            [
              77.22581038751333,
              28.69958800480863
            ],
            [
              77.22555859640863,
              28.69978169542825
            ],
            [
              77.22528013728726,
              28.699944900745116
            ],
            [
              77.22497977466197,
              28.700074828271003
            ],
            [
              77.22466264782058,
              28.70016925490992
            ],
            [
              77.22433418289125,
              28.700226564995898
            ],
            [
              77.224,
              28.70024577793748
            ],
            [
              77.22366581710875,
              28.700226564995898
            ],
            [
              77.22333735217943,
              28.70016925490992
            ],
            [
              77.22302022533803,
              28.700074828271003
            ],
            [
              77.22271986271275,
              28.699944900745116
            ],
            [
              77.22244140359138,
              28.69978169542825
            ],
            [
              77.22218961248667,
              28.69958800480863
            ],
            [
              77.22196879761425,
              28.699367142986457
            ],
            [
              77.22178273717782,
              28.699122888968738
            ],
            [
              77.22163461472302,
              28.698859422009445
            ],
            [
              77.2215269646661,
              28.69858125010129
            ],
            [
              77.2214616289294,
              28.69829313284275
            ],
            [
              77.2214397254255,
              28.698
            ],
            [
              77.2214616289294,
              28.69770686715725
            ],
            [
              77.2215269646661,
              28.69741874989871
            ],
            [
              77.22163461472302,
              28.697140577990556
            ],
            [
              77.22178273717782,
              28.696877111031263
            ],
            [
              77.22196879761425,
              28.696632857013544
            ],
            [
              77.22218961248667,
              28.696411995191372
            ],
            [
              77.22244140359138,
              28.69621830457175
            ],
            [
              77.22271986271275,
              28.696055099254885
            ],
            [
              77.22302022533803,
              28.695925171728998
            ],
            [
              77.22333735217943,
              28.69583074509008
            ],
            [
              77.22366581710875,
              28.695773435004103
            ],
            [
              77.224,
              28.695754222062522
            ],
            [
              77.22433418289125,
              28.695773435004103
            ],
            [
              77.22466264782058,
              28.69583074509008
            ],
            [
              77.22497977466197,
              28.695925171728998
            ],
            [
              77.22528013728726,
              28.696055099254885
            ],
            [
              77.22555859640863,
              28.69621830457175
            ],
            [
              77.22581038751333,
              28.696411995191372
            ],
            [
              77.22603120238576,
              28.696632857013544
            ],
            [
              77.22621726282219,
              28.696877111031263
            ],
            [
              77.22636538527699,
              28.697140577990556
            ],
            [
              77.22647303533391,
              28.69741874989871
            ],
            [
              77.2265383710706,
              28.69770686715725
            ],
            [
              77.22656027457451,
              28.698
            ]
          ]
        ]
      },
      "properties": {
        "feature_id": "crash-zone-chandgi-ram-akhara",
        "location_name": "Chandgi Ram Akhara",
        "road_name": "Outer Ring Road",
        "listed_in_table_6_29": true,
        "table_6_29_rank": 13,
        "all_simple_crashes": 4,
        "all_fatal_crashes": 6,
        "all_total_crashes": 10,
        "pedestrian_crash_prone": false,
        "pedestrian_simple_crashes": null,
        "pedestrian_fatal_crashes": null,
        "pedestrian_total_crashes": null,
        "two_wheeler_crash_prone": true,
        "two_wheeler_simple_crashes": 1,
        "two_wheeler_fatal_crashes": 6,
        "two_wheeler_total_crashes": 7,
        "htv_crash_prone": false,
        "htv_simple_crashes": null,
        "htv_fatal_crashes": null,
        "htv_total_crashes": null,
        "hit_and_run_crash_prone": true,
        "hit_and_run_simple_crashes": 3,
        "hit_and_run_fatal_crashes": 4,
        "hit_and_run_total_crashes": 7,
        "day_time_crash_prone": true,
        "day_simple_crashes": null,
        "day_fatal_crashes": null,
        "day_total_crashes": null,
        "night_time_crash_prone": true,
        "night_simple_crashes": null,
        "night_fatal_crashes": null,
        "night_total_crashes": null,
        "blackspot_2024": false,
        "blackspot_rank": null,
        "blackspot_noninjury_crashes": null,
        "blackspot_simple_crashes": null,
        "blackspot_fatal_crashes": null,
        "blackspot_total_crashes": null,
        "blackspot_persons_killed": null,
        "blackspot_persons_injured": null,
        "cctv_priority_candidate": true,
        "cctv_priority_reason": "Listed in Table 6.37 as a hit-and-run crash-prone zone; the report recommends CCTV installation at these locations.",
        "zone_radius_m_derived": 250,
        "geometry_status": "coordinates_not_published_in_report",
        "osm_search_query": "Chandgi Ram Akhara, Outer Ring Road, Delhi, India",
        "source": "Delhi Road Crash Report 2024, Delhi Traffic Police",
        "source_pdf_pages": [
          112,
          113,
          114,
          115,
          122,
          125,
          127,
          128,
          129
        ],
        "day_time_simple_crashes": 3,
        "day_time_fatal_crashes": 3,
        "day_time_total_crashes": 6,
        "night_time_simple_crashes": 1,
        "night_time_fatal_crashes": 3,
        "night_time_total_crashes": 4,
        "coordinate_is_approximate": true,
        "coordinate_method": "landmark_centre",
        "coordinate_confidence": "high",
        "estimated_accuracy_m": 300,
        "coordinate_source": "Approximate Delhi landmark/intersection/locality centre derived from the report place name",
        "coordinate_warning": "Not the Delhi Traffic Police geotag and not a surveyed crash location.",
        "coordinate_order": "[longitude, latitude]",
        "zone_radius_m": 250,
        "zone_diameter_m": 500,
        "geometry_representation": "approximate_250m_radius_zone",
        "buffer_warning": "The report defines crash-prone zones using a 500-metre diameter. This polygon is centred on an approximate location, not the unpublished police geotag."
      }
    },
    {
      "type": "Feature",
      "id": "crash-zone-hanuman-mandir-jj-colony-bawana-buffer-250m",
      "geometry": {
        "type": "Polygon",
        "coordinates": [
          [
            [
              77.0415628008293,
              28.801
            ],
            [
              77.04154087571293,
              28.801293132842748
            ],
            [
              77.04147547550865,
              28.80158125010129
            ],
            [
              77.04136771923208,
              28.801859422009443
            ],
            [
              77.041219450623,
              28.802122888968736
            ],
            [
              77.04103320659843,
              28.802367142986455
            ],
            [
              77.04081217384523,
              28.802588004808626
            ],
            [
              77.0405601342951,
              28.802781695428248
            ],
            [
              77.04028140041464,
              28.802944900745114
            ],
            [
              77.03998074141782,
              28.803074828271
            ],
            [
              77.03966330166342,
              28.803169254909918
            ],
            [
              77.03933451263367,
              28.803226564995896
            ],
            [
              77.039,
              28.803245777937477
            ],
            [
              77.03866548736633,
              28.803226564995896
            ],
            [
              77.03833669833658,
              28.803169254909918
            ],
            [
              77.03801925858218,
              28.803074828271
            ],
            [
              77.03771859958536,
              28.802944900745114
            ],
            [
              77.0374398657049,
              28.802781695428248
            ],
            [
              77.03718782615478,
              28.802588004808626
            ],
            [
              77.03696679340158,
              28.802367142986455
            ],
            [
              77.036780549377,
              28.802122888968736
            ],
            [
              77.03663228076792,
              28.801859422009443
            ],
            [
              77.03652452449136,
              28.80158125010129
            ],
            [
              77.03645912428708,
              28.801293132842748
            ],
            [
              77.0364371991707,
              28.801
            ],
            [
              77.03645912428708,
              28.80070686715725
            ],
            [
              77.03652452449136,
              28.800418749898707
            ],
            [
              77.03663228076792,
              28.800140577990554
            ],
            [
              77.036780549377,
              28.79987711103126
            ],
            [
              77.03696679340158,
              28.799632857013542
            ],
            [
              77.03718782615478,
              28.79941199519137
            ],
            [
              77.0374398657049,
              28.79921830457175
            ],
            [
              77.03771859958536,
              28.799055099254883
            ],
            [
              77.03801925858218,
              28.798925171728996
            ],
            [
              77.03833669833658,
              28.79883074509008
            ],
            [
              77.03866548736633,
              28.7987734350041
            ],
            [
              77.039,
              28.79875422206252
            ],
            [
              77.03933451263367,
              28.7987734350041
            ],
            [
              77.03966330166342,
              28.79883074509008
            ],
            [
              77.03998074141782,
              28.798925171728996
            ],
            [
              77.04028140041464,
              28.799055099254883
            ],
            [
              77.0405601342951,
              28.79921830457175
            ],
            [
              77.04081217384523,
              28.79941199519137
            ],
            [
              77.04103320659843,
              28.799632857013542
            ],
            [
              77.041219450623,
              28.79987711103126
            ],
            [
              77.04136771923208,
              28.800140577990554
            ],
            [
              77.04147547550865,
              28.800418749898707
            ],
            [
              77.04154087571293,
              28.80070686715725
            ],
            [
              77.0415628008293,
              28.801
            ]
          ]
        ]
      },
      "properties": {
        "feature_id": "crash-zone-hanuman-mandir-jj-colony-bawana",
        "location_name": "Hanuman Mandir JJ Colony Bawana",
        "road_name": "Bawana Road",
        "listed_in_table_6_29": true,
        "table_6_29_rank": 14,
        "all_simple_crashes": 14,
        "all_fatal_crashes": 5,
        "all_total_crashes": 19,
        "pedestrian_crash_prone": true,
        "pedestrian_simple_crashes": 10,
        "pedestrian_fatal_crashes": 1,
        "pedestrian_total_crashes": 11,
        "two_wheeler_crash_prone": true,
        "two_wheeler_simple_crashes": 3,
        "two_wheeler_fatal_crashes": 3,
        "two_wheeler_total_crashes": 6,
        "htv_crash_prone": false,
        "htv_simple_crashes": null,
        "htv_fatal_crashes": null,
        "htv_total_crashes": null,
        "hit_and_run_crash_prone": false,
        "hit_and_run_simple_crashes": null,
        "hit_and_run_fatal_crashes": null,
        "hit_and_run_total_crashes": null,
        "day_time_crash_prone": true,
        "day_simple_crashes": null,
        "day_fatal_crashes": null,
        "day_total_crashes": null,
        "night_time_crash_prone": false,
        "night_simple_crashes": null,
        "night_fatal_crashes": null,
        "night_total_crashes": null,
        "blackspot_2024": false,
        "blackspot_rank": null,
        "blackspot_noninjury_crashes": null,
        "blackspot_simple_crashes": null,
        "blackspot_fatal_crashes": null,
        "blackspot_total_crashes": null,
        "blackspot_persons_killed": null,
        "blackspot_persons_injured": null,
        "cctv_priority_candidate": false,
        "cctv_priority_reason": null,
        "zone_radius_m_derived": 250,
        "geometry_status": "coordinates_not_published_in_report",
        "osm_search_query": "Hanuman Mandir JJ Colony Bawana, Bawana Road, Delhi, India",
        "source": "Delhi Road Crash Report 2024, Delhi Traffic Police",
        "source_pdf_pages": [
          112,
          113,
          114,
          115,
          120,
          122,
          127
        ],
        "day_time_simple_crashes": 8,
        "day_time_fatal_crashes": 4,
        "day_time_total_crashes": 12,
        "coordinate_is_approximate": true,
        "coordinate_method": "locality_landmark_centre",
        "coordinate_confidence": "medium",
        "estimated_accuracy_m": 800,
        "coordinate_source": "Approximate Delhi landmark/intersection/locality centre derived from the report place name",
        "coordinate_warning": "Not the Delhi Traffic Police geotag and not a surveyed crash location.",
        "coordinate_order": "[longitude, latitude]",
        "zone_radius_m": 250,
        "zone_diameter_m": 500,
        "geometry_representation": "approximate_250m_radius_zone",
        "buffer_warning": "The report defines crash-prone zones using a 500-metre diameter. This polygon is centred on an approximate location, not the unpublished police geotag."
      }
    },
    {
      "type": "Feature",
      "id": "crash-zone-seelampur-t-point-buffer-250m",
      "geometry": {
        "type": "Polygon",
        "coordinates": [
          [
            [
              77.27055959011562,
              28.67
            ],
            [
              77.27053769246736,
              28.67029313284275
            ],
            [
              77.2704723741974,
              28.670581250101293
            ],
            [
              77.27036475291943,
              28.670859422009446
            ],
            [
              77.2702166700634,
              28.67112288896874
            ],
            [
              77.270030659368,
              28.67136714298646
            ],
            [
              77.26980990352781,
              28.67158800480863
            ],
            [
              77.26955817973646,
              28.67178169542825
            ],
            [
              77.26927979505781,
              28.671944900745117
            ],
            [
              77.2689795127309,
              28.672074828271004
            ],
            [
              77.26866247066958,
              28.67216925490992
            ],
            [
              77.26833409355143,
              28.6722265649959
            ],
            [
              77.268,
              28.67224577793748
            ],
            [
              77.26766590644857,
              28.6722265649959
            ],
            [
              77.26733752933042,
              28.67216925490992
            ],
            [
              77.26702048726911,
              28.672074828271004
            ],
            [
              77.26672020494219,
              28.671944900745117
            ],
            [
              77.26644182026354,
              28.67178169542825
            ],
            [
              77.26619009647219,
              28.67158800480863
            ],
            [
              77.265969340632,
              28.67136714298646
            ],
            [
              77.2657833299366,
              28.67112288896874
            ],
            [
              77.26563524708057,
              28.670859422009446
            ],
            [
              77.2655276258026,
              28.670581250101293
            ],
            [
              77.26546230753264,
              28.67029313284275
            ],
            [
              77.26544040988438,
              28.67
            ],
            [
              77.26546230753264,
              28.669706867157252
            ],
            [
              77.2655276258026,
              28.66941874989871
            ],
            [
              77.26563524708057,
              28.669140577990557
            ],
            [
              77.2657833299366,
              28.668877111031264
            ],
            [
              77.265969340632,
              28.668632857013545
            ],
            [
              77.26619009647219,
              28.668411995191374
            ],
            [
              77.26644182026354,
              28.668218304571752
            ],
            [
              77.26672020494219,
              28.668055099254886
            ],
            [
              77.26702048726911,
              28.667925171729
            ],
            [
              77.26733752933042,
              28.667830745090082
            ],
            [
              77.26766590644857,
              28.667773435004104
            ],
            [
              77.268,
              28.667754222062523
            ],
            [
              77.26833409355143,
              28.667773435004104
            ],
            [
              77.26866247066958,
              28.667830745090082
            ],
            [
              77.2689795127309,
              28.667925171729
            ],
            [
              77.26927979505781,
              28.668055099254886
            ],
            [
              77.26955817973646,
              28.668218304571752
            ],
            [
              77.26980990352781,
              28.668411995191374
            ],
            [
              77.270030659368,
              28.668632857013545
            ],
            [
              77.2702166700634,
              28.668877111031264
            ],
            [
              77.27036475291943,
              28.669140577990557
            ],
            [
              77.2704723741974,
              28.66941874989871
            ],
            [
              77.27053769246736,
              28.669706867157252
            ],
            [
              77.27055959011562,
              28.67
            ]
          ]
        ]
      },
      "properties": {
        "feature_id": "crash-zone-seelampur-t-point",
        "location_name": "Seelampur T Point",
        "road_name": "G.T. Road",
        "listed_in_table_6_29": true,
        "table_6_29_rank": 15,
        "all_simple_crashes": 12,
        "all_fatal_crashes": 5,
        "all_total_crashes": 17,
        "pedestrian_crash_prone": false,
        "pedestrian_simple_crashes": null,
        "pedestrian_fatal_crashes": null,
        "pedestrian_total_crashes": null,
        "two_wheeler_crash_prone": true,
        "two_wheeler_simple_crashes": 3,
        "two_wheeler_fatal_crashes": 3,
        "two_wheeler_total_crashes": 6,
        "htv_crash_prone": false,
        "htv_simple_crashes": null,
        "htv_fatal_crashes": null,
        "htv_total_crashes": null,
        "hit_and_run_crash_prone": false,
        "hit_and_run_simple_crashes": null,
        "hit_and_run_fatal_crashes": null,
        "hit_and_run_total_crashes": null,
        "day_time_crash_prone": false,
        "day_simple_crashes": null,
        "day_fatal_crashes": null,
        "day_total_crashes": null,
        "night_time_crash_prone": true,
        "night_simple_crashes": null,
        "night_fatal_crashes": null,
        "night_total_crashes": null,
        "blackspot_2024": false,
        "blackspot_rank": null,
        "blackspot_noninjury_crashes": null,
        "blackspot_simple_crashes": null,
        "blackspot_fatal_crashes": null,
        "blackspot_total_crashes": null,
        "blackspot_persons_killed": null,
        "blackspot_persons_injured": null,
        "cctv_priority_candidate": false,
        "cctv_priority_reason": null,
        "zone_radius_m_derived": 250,
        "geometry_status": "coordinates_not_published_in_report",
        "osm_search_query": "Seelampur T Point, G.T. Road, Delhi, India",
        "source": "Delhi Road Crash Report 2024, Delhi Traffic Police",
        "source_pdf_pages": [
          112,
          113,
          114,
          115,
          122,
          128,
          129
        ],
        "night_time_simple_crashes": 7,
        "night_time_fatal_crashes": 3,
        "night_time_total_crashes": 10,
        "coordinate_is_approximate": true,
        "coordinate_method": "intersection_centre",
        "coordinate_confidence": "medium",
        "estimated_accuracy_m": 450,
        "coordinate_source": "Approximate Delhi landmark/intersection/locality centre derived from the report place name",
        "coordinate_warning": "Not the Delhi Traffic Police geotag and not a surveyed crash location.",
        "coordinate_order": "[longitude, latitude]",
        "zone_radius_m": 250,
        "zone_diameter_m": 500,
        "geometry_representation": "approximate_250m_radius_zone",
        "buffer_warning": "The report defines crash-prone zones using a 500-metre diameter. This polygon is centred on an approximate location, not the unpublished police geotag."
      }
    },
    {
      "type": "Feature",
      "id": "crash-zone-singhu-border-buffer-250m",
      "geometry": {
        "type": "Polygon",
        "coordinates": [
          [
            [
              77.13856472275455,
              28.879
            ],
            [
              77.13854278119585,
              28.87929313284275
            ],
            [
              77.1384773319459,
              28.879581250101293
            ],
            [
              77.13836949485949,
              28.879859422009446
            ],
            [
              77.13822111505911,
              28.88012288896874
            ],
            [
              77.13803473136424,
              28.880367142986458
            ],
            [
              77.13781353285161,
              28.88058800480863
            ],
            [
              77.13756130428906,
              28.88078169542825
            ],
            [
              77.13728236137727,
              28.880944900745117
            ],
            [
              77.13698147690677,
              28.881074828271004
            ],
            [
              77.13666379909428,
              28.88116925490992
            ],
            [
              77.13633476349524,
              28.8812265649959
            ],
            [
              77.136,
              28.88124577793748
            ],
            [
              77.13566523650475,
              28.8812265649959
            ],
            [
              77.13533620090571,
              28.88116925490992
            ],
            [
              77.13501852309322,
              28.881074828271004
            ],
            [
              77.13471763862272,
              28.880944900745117
            ],
            [
              77.13443869571093,
              28.88078169542825
            ],
            [
              77.13418646714838,
              28.88058800480863
            ],
            [
              77.13396526863575,
              28.880367142986458
            ],
            [
              77.13377888494088,
              28.88012288896874
            ],
            [
              77.1336305051405,
              28.879859422009446
            ],
            [
              77.1335226680541,
              28.879581250101293
            ],
            [
              77.13345721880414,
              28.87929313284275
            ],
            [
              77.13343527724544,
              28.879
            ],
            [
              77.13345721880414,
              28.878706867157252
            ],
            [
              77.1335226680541,
              28.87841874989871
            ],
            [
              77.1336305051405,
              28.878140577990557
            ],
            [
              77.13377888494088,
              28.877877111031264
            ],
            [
              77.13396526863575,
              28.877632857013545
            ],
            [
              77.13418646714838,
              28.877411995191373
            ],
            [
              77.13443869571093,
              28.877218304571752
            ],
            [
              77.13471763862272,
              28.877055099254886
            ],
            [
              77.13501852309322,
              28.876925171729
            ],
            [
              77.13533620090571,
              28.876830745090082
            ],
            [
              77.13566523650475,
              28.876773435004104
            ],
            [
              77.136,
              28.876754222062523
            ],
            [
              77.13633476349524,
              28.876773435004104
            ],
            [
              77.13666379909428,
              28.876830745090082
            ],
            [
              77.13698147690677,
              28.876925171729
            ],
            [
              77.13728236137727,
              28.877055099254886
            ],
            [
              77.13756130428906,
              28.877218304571752
            ],
            [
              77.13781353285161,
              28.877411995191373
            ],
            [
              77.13803473136424,
              28.877632857013545
            ],
            [
              77.13822111505911,
              28.877877111031264
            ],
            [
              77.13836949485949,
              28.878140577990557
            ],
            [
              77.1384773319459,
              28.87841874989871
            ],
            [
              77.13854278119585,
              28.878706867157252
            ],
            [
              77.13856472275455,
              28.879
            ]
          ]
        ]
      },
      "properties": {
        "feature_id": "crash-zone-singhu-border",
        "location_name": "Singhu Border",
        "road_name": "GTK Road",
        "listed_in_table_6_29": true,
        "table_6_29_rank": 16,
        "all_simple_crashes": 10,
        "all_fatal_crashes": 5,
        "all_total_crashes": 15,
        "pedestrian_crash_prone": false,
        "pedestrian_simple_crashes": null,
        "pedestrian_fatal_crashes": null,
        "pedestrian_total_crashes": null,
        "two_wheeler_crash_prone": true,
        "two_wheeler_simple_crashes": 5,
        "two_wheeler_fatal_crashes": 3,
        "two_wheeler_total_crashes": 8,
        "htv_crash_prone": false,
        "htv_simple_crashes": null,
        "htv_fatal_crashes": null,
        "htv_total_crashes": null,
        "hit_and_run_crash_prone": true,
        "hit_and_run_simple_crashes": 3,
        "hit_and_run_fatal_crashes": 3,
        "hit_and_run_total_crashes": 6,
        "day_time_crash_prone": false,
        "day_simple_crashes": null,
        "day_fatal_crashes": null,
        "day_total_crashes": null,
        "night_time_crash_prone": true,
        "night_simple_crashes": null,
        "night_fatal_crashes": null,
        "night_total_crashes": null,
        "blackspot_2024": false,
        "blackspot_rank": null,
        "blackspot_noninjury_crashes": null,
        "blackspot_simple_crashes": null,
        "blackspot_fatal_crashes": null,
        "blackspot_total_crashes": null,
        "blackspot_persons_killed": null,
        "blackspot_persons_injured": null,
        "cctv_priority_candidate": true,
        "cctv_priority_reason": "Listed in Table 6.37 as a hit-and-run crash-prone zone; the report recommends CCTV installation at these locations.",
        "zone_radius_m_derived": 250,
        "geometry_status": "coordinates_not_published_in_report",
        "osm_search_query": "Singhu Border, GTK Road, Delhi, India",
        "source": "Delhi Road Crash Report 2024, Delhi Traffic Police",
        "source_pdf_pages": [
          112,
          113,
          114,
          115,
          122,
          125,
          128,
          129
        ],
        "night_time_simple_crashes": 7,
        "night_time_fatal_crashes": 5,
        "night_time_total_crashes": 12,
        "coordinate_is_approximate": true,
        "coordinate_method": "border_crossing_centre",
        "coordinate_confidence": "high",
        "estimated_accuracy_m": 400,
        "coordinate_source": "Approximate Delhi landmark/intersection/locality centre derived from the report place name",
        "coordinate_warning": "Not the Delhi Traffic Police geotag and not a surveyed crash location.",
        "coordinate_order": "[longitude, latitude]",
        "zone_radius_m": 250,
        "zone_diameter_m": 500,
        "geometry_representation": "approximate_250m_radius_zone",
        "buffer_warning": "The report defines crash-prone zones using a 500-metre diameter. This polygon is centred on an approximate location, not the unpublished police geotag."
      }
    },
    {
      "type": "Feature",
      "id": "crash-zone-khajoori-chowk-buffer-250m",
      "geometry": {
        "type": "Polygon",
        "coordinates": [
          [
            [
              77.26156056821333,
              28.71
            ],
            [
              77.2615386621973,
              28.71029313284275
            ],
            [
              77.26147331896723,
              28.710581250101292
            ],
            [
              77.2613656565639,
              28.710859422009445
            ],
            [
              77.26121751712087,
              28.711122888968738
            ],
            [
              77.26103143534509,
              28.711367142986457
            ],
            [
              77.26081059514733,
              28.71158800480863
            ],
            [
              77.26055877516463,
              28.71178169542825
            ],
            [
              77.26028028410667,
              28.711944900745117
            ],
            [
              77.25997988703269,
              28.712074828271003
            ],
            [
              77.2596627238199,
              28.71216925490992
            ],
            [
              77.25933422121881,
              28.7122265649959
            ],
            [
              77.259,
              28.71224577793748
            ],
            [
              77.2586657787812,
              28.7122265649959
            ],
            [
              77.2583372761801,
              28.71216925490992
            ],
            [
              77.25802011296732,
              28.712074828271003
            ],
            [
              77.25771971589333,
              28.711944900745117
            ],
            [
              77.25744122483538,
              28.71178169542825
            ],
            [
              77.25718940485267,
              28.71158800480863
            ],
            [
              77.25696856465491,
              28.711367142986457
            ],
            [
              77.25678248287913,
              28.711122888968738
            ],
            [
              77.2566343434361,
              28.710859422009445
            ],
            [
              77.25652668103277,
              28.710581250101292
            ],
            [
              77.2564613378027,
              28.71029313284275
            ],
            [
              77.25643943178667,
              28.71
            ],
            [
              77.2564613378027,
              28.70970686715725
            ],
            [
              77.25652668103277,
              28.70941874989871
            ],
            [
              77.2566343434361,
              28.709140577990556
            ],
            [
              77.25678248287913,
              28.708877111031263
            ],
            [
              77.25696856465491,
              28.708632857013544
            ],
            [
              77.25718940485267,
              28.708411995191373
            ],
            [
              77.25744122483538,
              28.70821830457175
            ],
            [
              77.25771971589333,
              28.708055099254885
            ],
            [
              77.25802011296732,
              28.707925171729
            ],
            [
              77.2583372761801,
              28.70783074509008
            ],
            [
              77.2586657787812,
              28.707773435004103
            ],
            [
              77.259,
              28.707754222062523
            ],
            [
              77.25933422121881,
              28.707773435004103
            ],
            [
              77.2596627238199,
              28.70783074509008
            ],
            [
              77.25997988703269,
              28.707925171729
            ],
            [
              77.26028028410667,
              28.708055099254885
            ],
            [
              77.26055877516463,
              28.70821830457175
            ],
            [
              77.26081059514733,
              28.708411995191373
            ],
            [
              77.26103143534509,
              28.708632857013544
            ],
            [
              77.26121751712087,
              28.708877111031263
            ],
            [
              77.2613656565639,
              28.709140577990556
            ],
            [
              77.26147331896723,
              28.70941874989871
            ],
            [
              77.2615386621973,
              28.70970686715725
            ],
            [
              77.26156056821333,
              28.71
            ]
          ]
        ]
      },
      "properties": {
        "feature_id": "crash-zone-khajoori-chowk",
        "location_name": "Khajoori Chowk",
        "road_name": "Wazirabad Road",
        "listed_in_table_6_29": true,
        "table_6_29_rank": 17,
        "all_simple_crashes": 9,
        "all_fatal_crashes": 5,
        "all_total_crashes": 14,
        "pedestrian_crash_prone": false,
        "pedestrian_simple_crashes": null,
        "pedestrian_fatal_crashes": null,
        "pedestrian_total_crashes": null,
        "two_wheeler_crash_prone": false,
        "two_wheeler_simple_crashes": null,
        "two_wheeler_fatal_crashes": null,
        "two_wheeler_total_crashes": null,
        "htv_crash_prone": false,
        "htv_simple_crashes": null,
        "htv_fatal_crashes": null,
        "htv_total_crashes": null,
        "hit_and_run_crash_prone": true,
        "hit_and_run_simple_crashes": 2,
        "hit_and_run_fatal_crashes": 3,
        "hit_and_run_total_crashes": 5,
        "day_time_crash_prone": true,
        "day_simple_crashes": null,
        "day_fatal_crashes": null,
        "day_total_crashes": null,
        "night_time_crash_prone": false,
        "night_simple_crashes": null,
        "night_fatal_crashes": null,
        "night_total_crashes": null,
        "blackspot_2024": false,
        "blackspot_rank": null,
        "blackspot_noninjury_crashes": null,
        "blackspot_simple_crashes": null,
        "blackspot_fatal_crashes": null,
        "blackspot_total_crashes": null,
        "blackspot_persons_killed": null,
        "blackspot_persons_injured": null,
        "cctv_priority_candidate": true,
        "cctv_priority_reason": "Listed in Table 6.37 as a hit-and-run crash-prone zone; the report recommends CCTV installation at these locations.",
        "zone_radius_m_derived": 250,
        "geometry_status": "coordinates_not_published_in_report",
        "osm_search_query": "Khajoori Chowk, Wazirabad Road, Delhi, India",
        "source": "Delhi Road Crash Report 2024, Delhi Traffic Police",
        "source_pdf_pages": [
          112,
          113,
          114,
          115,
          125,
          127
        ],
        "day_time_simple_crashes": 6,
        "day_time_fatal_crashes": 3,
        "day_time_total_crashes": 9,
        "coordinate_is_approximate": true,
        "coordinate_method": "intersection_centre",
        "coordinate_confidence": "medium",
        "estimated_accuracy_m": 450,
        "coordinate_source": "Approximate Delhi landmark/intersection/locality centre derived from the report place name",
        "coordinate_warning": "Not the Delhi Traffic Police geotag and not a surveyed crash location.",
        "coordinate_order": "[longitude, latitude]",
        "zone_radius_m": 250,
        "zone_diameter_m": 500,
        "geometry_representation": "approximate_250m_radius_zone",
        "buffer_warning": "The report defines crash-prone zones using a 500-metre diameter. This polygon is centred on an approximate location, not the unpublished police geotag."
      }
    },
    {
      "type": "Feature",
      "id": "crash-zone-britannia-chowk-buffer-250m",
      "geometry": {
        "type": "Polygon",
        "coordinates": [
          [
            [
              77.17256007891508,
              28.69
            ],
            [
              77.17253817708507,
              28.69029313284275
            ],
            [
              77.17247284634142,
              28.690581250101292
            ],
            [
              77.17236520451127,
              28.690859422009446
            ],
            [
              77.17221709337616,
              28.69112288896874
            ],
            [
              77.1720310471587,
              28.691367142986458
            ],
            [
              77.17181024916123,
              28.69158800480863
            ],
            [
              77.17155847729872,
              28.69178169542825
            ],
            [
              77.17128003945754,
              28.691944900745117
            ],
            [
              77.17097969978636,
              28.692074828271004
            ],
            [
              77.1706625971802,
              28.69216925490992
            ],
            [
              77.17033415735257,
              28.6922265649959
            ],
            [
              77.17,
              28.69224577793748
            ],
            [
              77.16966584264743,
              28.6922265649959
            ],
            [
              77.1693374028198,
              28.69216925490992
            ],
            [
              77.16902030021365,
              28.692074828271004
            ],
            [
              77.16871996054246,
              28.691944900745117
            ],
            [
              77.16844152270129,
              28.69178169542825
            ],
            [
              77.16818975083878,
              28.69158800480863
            ],
            [
              77.1679689528413,
              28.691367142986458
            ],
            [
              77.16778290662384,
              28.69112288896874
            ],
            [
              77.16763479548874,
              28.690859422009446
            ],
            [
              77.16752715365858,
              28.690581250101292
            ],
            [
              77.16746182291493,
              28.69029313284275
            ],
            [
              77.16743992108492,
              28.69
            ],
            [
              77.16746182291493,
              28.689706867157252
            ],
            [
              77.16752715365858,
              28.68941874989871
            ],
            [
              77.16763479548874,
              28.689140577990557
            ],
            [
              77.16778290662384,
              28.688877111031264
            ],
            [
              77.1679689528413,
              28.688632857013545
            ],
            [
              77.16818975083878,
              28.688411995191373
            ],
            [
              77.16844152270129,
              28.688218304571752
            ],
            [
              77.16871996054246,
              28.688055099254886
            ],
            [
              77.16902030021365,
              28.687925171729
            ],
            [
              77.1693374028198,
              28.687830745090082
            ],
            [
              77.16966584264743,
              28.687773435004104
            ],
            [
              77.17,
              28.687754222062523
            ],
            [
              77.17033415735257,
              28.687773435004104
            ],
            [
              77.1706625971802,
              28.687830745090082
            ],
            [
              77.17097969978636,
              28.687925171729
            ],
            [
              77.17128003945754,
              28.688055099254886
            ],
            [
              77.17155847729872,
              28.688218304571752
            ],
            [
              77.17181024916123,
              28.688411995191373
            ],
            [
              77.1720310471587,
              28.688632857013545
            ],
            [
              77.17221709337616,
              28.688877111031264
            ],
            [
              77.17236520451127,
              28.689140577990557
            ],
            [
              77.17247284634142,
              28.68941874989871
            ],
            [
              77.17253817708507,
              28.689706867157252
            ],
            [
              77.17256007891508,
              28.69
            ]
          ]
        ]
      },
      "properties": {
        "feature_id": "crash-zone-britannia-chowk",
        "location_name": "Britannia Chowk",
        "road_name": "Ring Road",
        "listed_in_table_6_29": true,
        "table_6_29_rank": 18,
        "all_simple_crashes": 8,
        "all_fatal_crashes": 5,
        "all_total_crashes": 13,
        "pedestrian_crash_prone": true,
        "pedestrian_simple_crashes": 3,
        "pedestrian_fatal_crashes": 3,
        "pedestrian_total_crashes": 6,
        "two_wheeler_crash_prone": false,
        "two_wheeler_simple_crashes": null,
        "two_wheeler_fatal_crashes": null,
        "two_wheeler_total_crashes": null,
        "htv_crash_prone": false,
        "htv_simple_crashes": null,
        "htv_fatal_crashes": null,
        "htv_total_crashes": null,
        "hit_and_run_crash_prone": false,
        "hit_and_run_simple_crashes": null,
        "hit_and_run_fatal_crashes": null,
        "hit_and_run_total_crashes": null,
        "day_time_crash_prone": false,
        "day_simple_crashes": null,
        "day_fatal_crashes": null,
        "day_total_crashes": null,
        "night_time_crash_prone": true,
        "night_simple_crashes": null,
        "night_fatal_crashes": null,
        "night_total_crashes": null,
        "blackspot_2024": false,
        "blackspot_rank": null,
        "blackspot_noninjury_crashes": null,
        "blackspot_simple_crashes": null,
        "blackspot_fatal_crashes": null,
        "blackspot_total_crashes": null,
        "blackspot_persons_killed": null,
        "blackspot_persons_injured": null,
        "cctv_priority_candidate": false,
        "cctv_priority_reason": null,
        "zone_radius_m_derived": 250,
        "geometry_status": "coordinates_not_published_in_report",
        "osm_search_query": "Britannia Chowk, Ring Road, Delhi, India",
        "source": "Delhi Road Crash Report 2024, Delhi Traffic Police",
        "source_pdf_pages": [
          112,
          113,
          114,
          115,
          120,
          128,
          129
        ],
        "night_time_simple_crashes": 4,
        "night_time_fatal_crashes": 3,
        "night_time_total_crashes": 7,
        "coordinate_is_approximate": true,
        "coordinate_method": "intersection_centre",
        "coordinate_confidence": "medium",
        "estimated_accuracy_m": 450,
        "coordinate_source": "Approximate Delhi landmark/intersection/locality centre derived from the report place name",
        "coordinate_warning": "Not the Delhi Traffic Police geotag and not a surveyed crash location.",
        "coordinate_order": "[longitude, latitude]",
        "zone_radius_m": 250,
        "zone_diameter_m": 500,
        "geometry_representation": "approximate_250m_radius_zone",
        "buffer_warning": "The report defines crash-prone zones using a 500-metre diameter. This polygon is centred on an approximate location, not the unpublished police geotag."
      }
    },
    {
      "type": "Feature",
      "id": "crash-zone-metro-station-haider-pur-buffer-250m",
      "geometry": {
        "type": "Polygon",
        "coordinates": [
          [
            [
              77.15156105801077,
              28.73
            ],
            [
              77.15153914780446,
              28.73029313284275
            ],
            [
              77.15147379207522,
              28.73058125010129
            ],
            [
              77.15136610907771,
              28.730859422009445
            ],
            [
              77.15121794129789,
              28.731122888968738
            ],
            [
              77.15103182392753,
              28.731367142986457
            ],
            [
              77.15081094148643,
              28.73158800480863
            ],
            [
              77.1505590733344,
              28.73178169542825
            ],
            [
              77.15028052900539,
              28.731944900745116
            ],
            [
              77.14998007447005,
              28.732074828271003
            ],
            [
              77.1496628505888,
              28.73216925490992
            ],
            [
              77.1493342851502,
              28.732226564995898
            ],
            [
              77.149,
              28.73224577793748
            ],
            [
              77.1486657148498,
              28.732226564995898
            ],
            [
              77.1483371494112,
              28.73216925490992
            ],
            [
              77.14801992552995,
              28.732074828271003
            ],
            [
              77.14771947099462,
              28.731944900745116
            ],
            [
              77.1474409266656,
              28.73178169542825
            ],
            [
              77.14718905851358,
              28.73158800480863
            ],
            [
              77.14696817607248,
              28.731367142986457
            ],
            [
              77.14678205870212,
              28.731122888968738
            ],
            [
              77.14663389092229,
              28.730859422009445
            ],
            [
              77.14652620792478,
              28.73058125010129
            ],
            [
              77.14646085219555,
              28.73029313284275
            ],
            [
              77.14643894198923,
              28.73
            ],
            [
              77.14646085219555,
              28.72970686715725
            ],
            [
              77.14652620792478,
              28.72941874989871
            ],
            [
              77.14663389092229,
              28.729140577990556
            ],
            [
              77.14678205870212,
              28.728877111031263
            ],
            [
              77.14696817607248,
              28.728632857013544
            ],
            [
              77.14718905851358,
              28.728411995191372
            ],
            [
              77.1474409266656,
              28.72821830457175
            ],
            [
              77.14771947099462,
              28.728055099254885
            ],
            [
              77.14801992552995,
              28.727925171728998
            ],
            [
              77.1483371494112,
              28.72783074509008
            ],
            [
              77.1486657148498,
              28.727773435004103
            ],
            [
              77.149,
              28.727754222062522
            ],
            [
              77.1493342851502,
              28.727773435004103
            ],
            [
              77.1496628505888,
              28.72783074509008
            ],
            [
              77.14998007447005,
              28.727925171728998
            ],
            [
              77.15028052900539,
              28.728055099254885
            ],
            [
              77.1505590733344,
              28.72821830457175
            ],
            [
              77.15081094148643,
              28.728411995191372
            ],
            [
              77.15103182392753,
              28.728632857013544
            ],
            [
              77.15121794129789,
              28.728877111031263
            ],
            [
              77.15136610907771,
              28.729140577990556
            ],
            [
              77.15147379207522,
              28.72941874989871
            ],
            [
              77.15153914780446,
              28.72970686715725
            ],
            [
              77.15156105801077,
              28.73
            ]
          ]
        ]
      },
      "properties": {
        "feature_id": "crash-zone-metro-station-haider-pur",
        "location_name": "Metro Station Haider Pur",
        "road_name": "Outer Ring Road",
        "listed_in_table_6_29": true,
        "table_6_29_rank": 19,
        "all_simple_crashes": 8,
        "all_fatal_crashes": 5,
        "all_total_crashes": 13,
        "pedestrian_crash_prone": false,
        "pedestrian_simple_crashes": null,
        "pedestrian_fatal_crashes": null,
        "pedestrian_total_crashes": null,
        "two_wheeler_crash_prone": false,
        "two_wheeler_simple_crashes": null,
        "two_wheeler_fatal_crashes": null,
        "two_wheeler_total_crashes": null,
        "htv_crash_prone": false,
        "htv_simple_crashes": null,
        "htv_fatal_crashes": null,
        "htv_total_crashes": null,
        "hit_and_run_crash_prone": true,
        "hit_and_run_simple_crashes": 1,
        "hit_and_run_fatal_crashes": 3,
        "hit_and_run_total_crashes": 4,
        "day_time_crash_prone": true,
        "day_simple_crashes": null,
        "day_fatal_crashes": null,
        "day_total_crashes": null,
        "night_time_crash_prone": true,
        "night_simple_crashes": null,
        "night_fatal_crashes": null,
        "night_total_crashes": null,
        "blackspot_2024": false,
        "blackspot_rank": null,
        "blackspot_noninjury_crashes": null,
        "blackspot_simple_crashes": null,
        "blackspot_fatal_crashes": null,
        "blackspot_total_crashes": null,
        "blackspot_persons_killed": null,
        "blackspot_persons_injured": null,
        "cctv_priority_candidate": true,
        "cctv_priority_reason": "Listed in Table 6.37 as a hit-and-run crash-prone zone; the report recommends CCTV installation at these locations.",
        "zone_radius_m_derived": 250,
        "geometry_status": "coordinates_not_published_in_report",
        "osm_search_query": "Metro Station Haider Pur, Outer Ring Road, Delhi, India",
        "source": "Delhi Road Crash Report 2024, Delhi Traffic Police",
        "source_pdf_pages": [
          112,
          113,
          114,
          115,
          125,
          127,
          128,
          129
        ],
        "day_time_simple_crashes": 2,
        "day_time_fatal_crashes": 3,
        "day_time_total_crashes": 5,
        "night_time_simple_crashes": 3,
        "night_time_fatal_crashes": 4,
        "night_time_total_crashes": 7,
        "coordinate_is_approximate": true,
        "coordinate_method": "metro_station_centre",
        "coordinate_confidence": "high",
        "estimated_accuracy_m": 150,
        "coordinate_source": "Approximate Delhi landmark/intersection/locality centre derived from the report place name",
        "coordinate_warning": "Not the Delhi Traffic Police geotag and not a surveyed crash location.",
        "coordinate_order": "[longitude, latitude]",
        "zone_radius_m": 250,
        "zone_diameter_m": 500,
        "geometry_representation": "approximate_250m_radius_zone",
        "buffer_warning": "The report defines crash-prone zones using a 500-metre diameter. This polygon is centred on an approximate location, not the unpublished police geotag."
      }
    },
    {
      "type": "Feature",
      "id": "crash-zone-sec-23-petrol-pump-buffer-250m",
      "geometry": {
        "type": "Polygon",
        "coordinates": [
          [
            [
              77.08456076407236,
              28.718
            ],
            [
              77.08453885638075,
              28.71829313284275
            ],
            [
              77.08447350815254,
              28.71858125010129
            ],
            [
              77.08436583751406,
              28.718859422009444
            ],
            [
              77.08421768673978,
              28.719122888968737
            ],
            [
              77.08403159073052,
              28.719367142986457
            ],
            [
              77.08381073364059,
              28.719588004808628
            ],
            [
              77.08355889439605,
              28.71978169542825
            ],
            [
              77.08328038203618,
              28.719944900745116
            ],
            [
              77.08297996198469,
              28.720074828271002
            ],
            [
              77.08266277451195,
              28.72016925490992
            ],
            [
              77.08233424678353,
              28.720226564995897
            ],
            [
              77.082,
              28.72024577793748
            ],
            [
              77.08166575321646,
              28.720226564995897
            ],
            [
              77.08133722548804,
              28.72016925490992
            ],
            [
              77.0810200380153,
              28.720074828271002
            ],
            [
              77.08071961796381,
              28.719944900745116
            ],
            [
              77.08044110560394,
              28.71978169542825
            ],
            [
              77.0801892663594,
              28.719588004808628
            ],
            [
              77.07996840926947,
              28.719367142986457
            ],
            [
              77.07978231326021,
              28.719122888968737
            ],
            [
              77.07963416248593,
              28.718859422009444
            ],
            [
              77.07952649184745,
              28.71858125010129
            ],
            [
              77.07946114361924,
              28.71829313284275
            ],
            [
              77.07943923592762,
              28.718
            ],
            [
              77.07946114361924,
              28.71770686715725
            ],
            [
              77.07952649184745,
              28.71741874989871
            ],
            [
              77.07963416248593,
              28.717140577990556
            ],
            [
              77.07978231326021,
              28.716877111031263
            ],
            [
              77.07996840926947,
              28.716632857013543
            ],
            [
              77.0801892663594,
              28.716411995191372
            ],
            [
              77.08044110560394,
              28.71621830457175
            ],
            [
              77.08071961796381,
              28.716055099254884
            ],
            [
              77.0810200380153,
              28.715925171728998
            ],
            [
              77.08133722548804,
              28.71583074509008
            ],
            [
              77.08166575321646,
              28.715773435004103
            ],
            [
              77.082,
              28.71575422206252
            ],
            [
              77.08233424678353,
              28.715773435004103
            ],
            [
              77.08266277451195,
              28.71583074509008
            ],
            [
              77.08297996198469,
              28.715925171728998
            ],
            [
              77.08328038203618,
              28.716055099254884
            ],
            [
              77.08355889439605,
              28.71621830457175
            ],
            [
              77.08381073364059,
              28.716411995191372
            ],
            [
              77.08403159073052,
              28.716632857013543
            ],
            [
              77.08421768673978,
              28.716877111031263
            ],
            [
              77.08436583751406,
              28.717140577990556
            ],
            [
              77.08447350815254,
              28.71741874989871
            ],
            [
              77.08453885638075,
              28.71770686715725
            ],
            [
              77.08456076407236,
              28.718
            ]
          ]
        ]
      },
      "properties": {
        "feature_id": "crash-zone-sec-23-petrol-pump",
        "location_name": "Sec-23 Petrol Pump",
        "road_name": "Qutab Garh Road",
        "listed_in_table_6_29": true,
        "table_6_29_rank": 20,
        "all_simple_crashes": 7,
        "all_fatal_crashes": 5,
        "all_total_crashes": 12,
        "pedestrian_crash_prone": true,
        "pedestrian_simple_crashes": 0,
        "pedestrian_fatal_crashes": 3,
        "pedestrian_total_crashes": 3,
        "two_wheeler_crash_prone": false,
        "two_wheeler_simple_crashes": null,
        "two_wheeler_fatal_crashes": null,
        "two_wheeler_total_crashes": null,
        "htv_crash_prone": false,
        "htv_simple_crashes": null,
        "htv_fatal_crashes": null,
        "htv_total_crashes": null,
        "hit_and_run_crash_prone": true,
        "hit_and_run_simple_crashes": 0,
        "hit_and_run_fatal_crashes": 5,
        "hit_and_run_total_crashes": 5,
        "day_time_crash_prone": true,
        "day_simple_crashes": null,
        "day_fatal_crashes": null,
        "day_total_crashes": null,
        "night_time_crash_prone": false,
        "night_simple_crashes": null,
        "night_fatal_crashes": null,
        "night_total_crashes": null,
        "blackspot_2024": false,
        "blackspot_rank": null,
        "blackspot_noninjury_crashes": null,
        "blackspot_simple_crashes": null,
        "blackspot_fatal_crashes": null,
        "blackspot_total_crashes": null,
        "blackspot_persons_killed": null,
        "blackspot_persons_injured": null,
        "cctv_priority_candidate": true,
        "cctv_priority_reason": "Listed in Table 6.37 as a hit-and-run crash-prone zone; the report recommends CCTV installation at these locations.",
        "zone_radius_m_derived": 250,
        "geometry_status": "coordinates_not_published_in_report",
        "osm_search_query": "Sec-23 Petrol Pump, Qutab Garh Road, Delhi, India",
        "source": "Delhi Road Crash Report 2024, Delhi Traffic Police",
        "source_pdf_pages": [
          112,
          113,
          114,
          115,
          120,
          125,
          127
        ],
        "day_time_simple_crashes": 6,
        "day_time_fatal_crashes": 4,
        "day_time_total_crashes": 10,
        "coordinate_is_approximate": true,
        "coordinate_method": "sector_area_centre",
        "coordinate_confidence": "low",
        "estimated_accuracy_m": 1800,
        "coordinate_source": "Approximate Delhi landmark/intersection/locality centre derived from the report place name",
        "coordinate_warning": "Not the Delhi Traffic Police geotag and not a surveyed crash location.",
        "coordinate_order": "[longitude, latitude]",
        "zone_radius_m": 250,
        "zone_diameter_m": 500,
        "geometry_representation": "approximate_250m_radius_zone",
        "buffer_warning": "The report defines crash-prone zones using a 500-metre diameter. This polygon is centred on an approximate location, not the unpublished police geotag."
      }
    },
    {
      "type": "Feature",
      "id": "crash-zone-zakhira-flyover-buffer-250m",
      "geometry": {
        "type": "Polygon",
        "coordinates": [
          [
            [
              77.16055956568873,
              28.669
            ],
            [
              77.16053766824945,
              28.66929313284275
            ],
            [
              77.16047235060283,
              28.66958125010129
            ],
            [
              77.16036473035194,
              28.669859422009445
            ],
            [
              77.1602166489091,
              28.670122888968738
            ],
            [
              77.16003063998885,
              28.670367142986457
            ],
            [
              77.1598098862554,
              28.67058800480863
            ],
            [
              77.15955816486631,
              28.67078169542825
            ],
            [
              77.15927978284437,
              28.670944900745116
            ],
            [
              77.15897950338312,
              28.671074828271003
            ],
            [
              77.15866246434743,
              28.67116925490992
            ],
            [
              77.15833409036308,
              28.671226564995898
            ],
            [
              77.158,
              28.67124577793748
            ],
            [
              77.15766590963692,
              28.671226564995898
            ],
            [
              77.15733753565257,
              28.67116925490992
            ],
            [
              77.15702049661688,
              28.671074828271003
            ],
            [
              77.15672021715564,
              28.670944900745116
            ],
            [
              77.15644183513369,
              28.67078169542825
            ],
            [
              77.1561901137446,
              28.67058800480863
            ],
            [
              77.15596936001116,
              28.670367142986457
            ],
            [
              77.1557833510909,
              28.670122888968738
            ],
            [
              77.15563526964806,
              28.669859422009445
            ],
            [
              77.15552764939717,
              28.66958125010129
            ],
            [
              77.15546233175056,
              28.66929313284275
            ],
            [
              77.15544043431127,
              28.669
            ],
            [
              77.15546233175056,
              28.66870686715725
            ],
            [
              77.15552764939717,
              28.66841874989871
            ],
            [
              77.15563526964806,
              28.668140577990556
            ],
            [
              77.1557833510909,
              28.667877111031263
            ],
            [
              77.15596936001116,
              28.667632857013544
            ],
            [
              77.1561901137446,
              28.667411995191372
            ],
            [
              77.15644183513369,
              28.66721830457175
            ],
            [
              77.15672021715564,
              28.667055099254885
            ],
            [
              77.15702049661688,
              28.666925171728998
            ],
            [
              77.15733753565257,
              28.66683074509008
            ],
            [
              77.15766590963692,
              28.666773435004103
            ],
            [
              77.158,
              28.666754222062522
            ],
            [
              77.15833409036308,
              28.666773435004103
            ],
            [
              77.15866246434743,
              28.66683074509008
            ],
            [
              77.15897950338312,
              28.666925171728998
            ],
            [
              77.15927978284437,
              28.667055099254885
            ],
            [
              77.15955816486631,
              28.66721830457175
            ],
            [
              77.1598098862554,
              28.667411995191372
            ],
            [
              77.16003063998885,
              28.667632857013544
            ],
            [
              77.1602166489091,
              28.667877111031263
            ],
            [
              77.16036473035194,
              28.668140577990556
            ],
            [
              77.16047235060283,
              28.66841874989871
            ],
            [
              77.16053766824945,
              28.66870686715725
            ],
            [
              77.16055956568873,
              28.669
            ]
          ]
        ]
      },
      "properties": {
        "feature_id": "crash-zone-zakhira-flyover",
        "location_name": "Zakhira Flyover",
        "road_name": "Rohtak Road",
        "listed_in_table_6_29": true,
        "table_6_29_rank": 21,
        "all_simple_crashes": 6,
        "all_fatal_crashes": 5,
        "all_total_crashes": 11,
        "pedestrian_crash_prone": false,
        "pedestrian_simple_crashes": null,
        "pedestrian_fatal_crashes": null,
        "pedestrian_total_crashes": null,
        "two_wheeler_crash_prone": true,
        "two_wheeler_simple_crashes": 5,
        "two_wheeler_fatal_crashes": 3,
        "two_wheeler_total_crashes": 8,
        "htv_crash_prone": false,
        "htv_simple_crashes": null,
        "htv_fatal_crashes": null,
        "htv_total_crashes": null,
        "hit_and_run_crash_prone": false,
        "hit_and_run_simple_crashes": null,
        "hit_and_run_fatal_crashes": null,
        "hit_and_run_total_crashes": null,
        "day_time_crash_prone": false,
        "day_simple_crashes": null,
        "day_fatal_crashes": null,
        "day_total_crashes": null,
        "night_time_crash_prone": true,
        "night_simple_crashes": null,
        "night_fatal_crashes": null,
        "night_total_crashes": null,
        "blackspot_2024": false,
        "blackspot_rank": null,
        "blackspot_noninjury_crashes": null,
        "blackspot_simple_crashes": null,
        "blackspot_fatal_crashes": null,
        "blackspot_total_crashes": null,
        "blackspot_persons_killed": null,
        "blackspot_persons_injured": null,
        "cctv_priority_candidate": false,
        "cctv_priority_reason": null,
        "zone_radius_m_derived": 250,
        "geometry_status": "coordinates_not_published_in_report",
        "osm_search_query": "Zakhira Flyover, Rohtak Road, Delhi, India",
        "source": "Delhi Road Crash Report 2024, Delhi Traffic Police",
        "source_pdf_pages": [
          112,
          113,
          114,
          115,
          122,
          128,
          129
        ],
        "night_time_simple_crashes": 3,
        "night_time_fatal_crashes": 4,
        "night_time_total_crashes": 7,
        "coordinate_is_approximate": true,
        "coordinate_method": "flyover_area_centre",
        "coordinate_confidence": "medium",
        "estimated_accuracy_m": 400,
        "coordinate_source": "Approximate Delhi landmark/intersection/locality centre derived from the report place name",
        "coordinate_warning": "Not the Delhi Traffic Police geotag and not a surveyed crash location.",
        "coordinate_order": "[longitude, latitude]",
        "zone_radius_m": 250,
        "zone_diameter_m": 500,
        "geometry_representation": "approximate_250m_radius_zone",
        "buffer_warning": "The report defines crash-prone zones using a 500-metre diameter. This polygon is centred on an approximate location, not the unpublished police geotag."
      }
    },
    {
      "type": "Feature",
      "id": "crash-zone-red-light-pulprahlad-pur-buffer-250m",
      "geometry": {
        "type": "Polygon",
        "coordinates": [
          [
            [
              77.29655543118568,
              28.499
            ],
            [
              77.29653356911764,
              28.499293132842748
            ],
            [
              77.29646835697956,
              28.49958125010129
            ],
            [
              77.29636091056919,
              28.499859422009443
            ],
            [
              77.29621306832442,
              28.500122888968736
            ],
            [
              77.29602735986704,
              28.500367142986455
            ],
            [
              77.29580696272025,
              28.500588004808627
            ],
            [
              77.29555564794033,
              28.50078169542825
            ],
            [
              77.29527771559285,
              28.500944900745115
            ],
            [
              77.2949779211773,
              28.501074828271
            ],
            [
              77.29466139425931,
              28.501169254909918
            ],
            [
              77.29433355070215,
              28.501226564995896
            ],
            [
              77.294,
              28.501245777937477
            ],
            [
              77.29366644929785,
              28.501226564995896
            ],
            [
              77.29333860574069,
              28.501169254909918
            ],
            [
              77.29302207882269,
              28.501074828271
            ],
            [
              77.29272228440715,
              28.500944900745115
            ],
            [
              77.29244435205966,
              28.50078169542825
            ],
            [
              77.29219303727974,
              28.500588004808627
            ],
            [
              77.29197264013295,
              28.500367142986455
            ],
            [
              77.29178693167557,
              28.500122888968736
            ],
            [
              77.2916390894308,
              28.499859422009443
            ],
            [
              77.29153164302043,
              28.49958125010129
            ],
            [
              77.29146643088235,
              28.499293132842748
            ],
            [
              77.29144456881431,
              28.499
            ],
            [
              77.29146643088235,
              28.49870686715725
            ],
            [
              77.29153164302043,
              28.498418749898708
            ],
            [
              77.2916390894308,
              28.498140577990554
            ],
            [
              77.29178693167557,
              28.49787711103126
            ],
            [
              77.29197264013295,
              28.497632857013542
            ],
            [
              77.29219303727974,
              28.49741199519137
            ],
            [
              77.29244435205966,
              28.49721830457175
            ],
            [
              77.29272228440715,
              28.497055099254883
            ],
            [
              77.29302207882269,
              28.496925171728996
            ],
            [
              77.29333860574069,
              28.49683074509008
            ],
            [
              77.29366644929785,
              28.4967734350041
            ],
            [
              77.294,
              28.49675422206252
            ],
            [
              77.29433355070215,
              28.4967734350041
            ],
            [
              77.29466139425931,
              28.49683074509008
            ],
            [
              77.2949779211773,
              28.496925171728996
            ],
            [
              77.29527771559285,
              28.497055099254883
            ],
            [
              77.29555564794033,
              28.49721830457175
            ],
            [
              77.29580696272025,
              28.49741199519137
            ],
            [
              77.29602735986704,
              28.497632857013542
            ],
            [
              77.29621306832442,
              28.49787711103126
            ],
            [
              77.29636091056919,
              28.498140577990554
            ],
            [
              77.29646835697956,
              28.498418749898708
            ],
            [
              77.29653356911764,
              28.49870686715725
            ],
            [
              77.29655543118568,
              28.499
            ]
          ]
        ]
      },
      "properties": {
        "feature_id": "crash-zone-red-light-pulprahlad-pur",
        "location_name": "Red Light Pulprahlad Pur",
        "road_name": "Mehrauli Badarpur Road",
        "listed_in_table_6_29": true,
        "table_6_29_rank": 22,
        "all_simple_crashes": 5,
        "all_fatal_crashes": 5,
        "all_total_crashes": 10,
        "pedestrian_crash_prone": false,
        "pedestrian_simple_crashes": null,
        "pedestrian_fatal_crashes": null,
        "pedestrian_total_crashes": null,
        "two_wheeler_crash_prone": true,
        "two_wheeler_simple_crashes": 3,
        "two_wheeler_fatal_crashes": 4,
        "two_wheeler_total_crashes": 7,
        "htv_crash_prone": true,
        "htv_simple_crashes": 2,
        "htv_fatal_crashes": 5,
        "htv_total_crashes": 7,
        "hit_and_run_crash_prone": false,
        "hit_and_run_simple_crashes": null,
        "hit_and_run_fatal_crashes": null,
        "hit_and_run_total_crashes": null,
        "day_time_crash_prone": true,
        "day_simple_crashes": null,
        "day_fatal_crashes": null,
        "day_total_crashes": null,
        "night_time_crash_prone": false,
        "night_simple_crashes": null,
        "night_fatal_crashes": null,
        "night_total_crashes": null,
        "blackspot_2024": false,
        "blackspot_rank": null,
        "blackspot_noninjury_crashes": null,
        "blackspot_simple_crashes": null,
        "blackspot_fatal_crashes": null,
        "blackspot_total_crashes": null,
        "blackspot_persons_killed": null,
        "blackspot_persons_injured": null,
        "cctv_priority_candidate": false,
        "cctv_priority_reason": null,
        "zone_radius_m_derived": 250,
        "geometry_status": "coordinates_not_published_in_report",
        "osm_search_query": "Red Light Pulprahlad Pur, Mehrauli Badarpur Road, Delhi, India",
        "source": "Delhi Road Crash Report 2024, Delhi Traffic Police",
        "source_pdf_pages": [
          112,
          113,
          114,
          115,
          122,
          123,
          127
        ],
        "day_time_simple_crashes": 2,
        "day_time_fatal_crashes": 4,
        "day_time_total_crashes": 6,
        "coordinate_is_approximate": true,
        "coordinate_method": "intersection_centre",
        "coordinate_confidence": "medium",
        "estimated_accuracy_m": 500,
        "coordinate_source": "Approximate Delhi landmark/intersection/locality centre derived from the report place name",
        "coordinate_warning": "Not the Delhi Traffic Police geotag and not a surveyed crash location.",
        "coordinate_order": "[longitude, latitude]",
        "zone_radius_m": 250,
        "zone_diameter_m": 500,
        "geometry_representation": "approximate_250m_radius_zone",
        "buffer_warning": "The report defines crash-prone zones using a 500-metre diameter. This polygon is centred on an approximate location, not the unpublished police geotag."
      }
    },
    {
      "type": "Feature",
      "id": "crash-zone-prem-bari-pull-buffer-250m",
      "geometry": {
        "type": "Polygon",
        "coordinates": [
          [
            [
              77.17056029903755,
              28.699
            ],
            [
              77.17053839532436,
              28.69929313284275
            ],
            [
              77.1704730589634,
              28.699581250101293
            ],
            [
              77.1703654078779,
              28.699859422009446
            ],
            [
              77.1702172840078,
              28.70012288896874
            ],
            [
              77.1700312217936,
              28.700367142986458
            ],
            [
              77.16981040481132,
              28.70058800480863
            ],
            [
              77.16955861130079,
              28.70078169542825
            ],
            [
              77.16928014951878,
              28.700944900745117
            ],
            [
              77.16897978402358,
              28.701074828271004
            ],
            [
              77.16866265415209,
              28.70116925490992
            ],
            [
              77.16833418608432,
              28.7012265649959
            ],
            [
              77.168,
              28.70124577793748
            ],
            [
              77.16766581391569,
              28.7012265649959
            ],
            [
              77.16733734584793,
              28.70116925490992
            ],
            [
              77.16702021597644,
              28.701074828271004
            ],
            [
              77.16671985048123,
              28.700944900745117
            ],
            [
              77.16644138869923,
              28.70078169542825
            ],
            [
              77.1661895951887,
              28.70058800480863
            ],
            [
              77.16596877820642,
              28.700367142986458
            ],
            [
              77.16578271599221,
              28.70012288896874
            ],
            [
              77.16563459212212,
              28.699859422009446
            ],
            [
              77.16552694103662,
              28.699581250101293
            ],
            [
              77.16546160467566,
              28.69929313284275
            ],
            [
              77.16543970096247,
              28.699
            ],
            [
              77.16546160467566,
              28.698706867157252
            ],
            [
              77.16552694103662,
              28.69841874989871
            ],
            [
              77.16563459212212,
              28.698140577990557
            ],
            [
              77.16578271599221,
              28.697877111031264
            ],
            [
              77.16596877820642,
              28.697632857013545
            ],
            [
              77.1661895951887,
              28.697411995191374
            ],
            [
              77.16644138869923,
              28.697218304571752
            ],
            [
              77.16671985048123,
              28.697055099254886
            ],
            [
              77.16702021597644,
              28.696925171729
            ],
            [
              77.16733734584793,
              28.696830745090082
            ],
            [
              77.16766581391569,
              28.696773435004104
            ],
            [
              77.168,
              28.696754222062523
            ],
            [
              77.16833418608432,
              28.696773435004104
            ],
            [
              77.16866265415209,
              28.696830745090082
            ],
            [
              77.16897978402358,
              28.696925171729
            ],
            [
              77.16928014951878,
              28.697055099254886
            ],
            [
              77.16955861130079,
              28.697218304571752
            ],
            [
              77.16981040481132,
              28.697411995191374
            ],
            [
              77.1700312217936,
              28.697632857013545
            ],
            [
              77.1702172840078,
              28.697877111031264
            ],
            [
              77.1703654078779,
              28.698140577990557
            ],
            [
              77.1704730589634,
              28.69841874989871
            ],
            [
              77.17053839532436,
              28.698706867157252
            ],
            [
              77.17056029903755,
              28.699
            ]
          ]
        ]
      },
      "properties": {
        "feature_id": "crash-zone-prem-bari-pull",
        "location_name": "Prem Bari Pull",
        "road_name": "Ring Road",
        "listed_in_table_6_29": true,
        "table_6_29_rank": 23,
        "all_simple_crashes": 4,
        "all_fatal_crashes": 5,
        "all_total_crashes": 9,
        "pedestrian_crash_prone": true,
        "pedestrian_simple_crashes": 0,
        "pedestrian_fatal_crashes": 3,
        "pedestrian_total_crashes": 3,
        "two_wheeler_crash_prone": false,
        "two_wheeler_simple_crashes": null,
        "two_wheeler_fatal_crashes": null,
        "two_wheeler_total_crashes": null,
        "htv_crash_prone": false,
        "htv_simple_crashes": null,
        "htv_fatal_crashes": null,
        "htv_total_crashes": null,
        "hit_and_run_crash_prone": false,
        "hit_and_run_simple_crashes": null,
        "hit_and_run_fatal_crashes": null,
        "hit_and_run_total_crashes": null,
        "day_time_crash_prone": false,
        "day_simple_crashes": null,
        "day_fatal_crashes": null,
        "day_total_crashes": null,
        "night_time_crash_prone": true,
        "night_simple_crashes": null,
        "night_fatal_crashes": null,
        "night_total_crashes": null,
        "blackspot_2024": false,
        "blackspot_rank": null,
        "blackspot_noninjury_crashes": null,
        "blackspot_simple_crashes": null,
        "blackspot_fatal_crashes": null,
        "blackspot_total_crashes": null,
        "blackspot_persons_killed": null,
        "blackspot_persons_injured": null,
        "cctv_priority_candidate": false,
        "cctv_priority_reason": null,
        "zone_radius_m_derived": 250,
        "geometry_status": "coordinates_not_published_in_report",
        "osm_search_query": "Prem Bari Pull, Ring Road, Delhi, India",
        "source": "Delhi Road Crash Report 2024, Delhi Traffic Police",
        "source_pdf_pages": [
          112,
          113,
          114,
          115,
          120,
          128,
          129
        ],
        "night_time_simple_crashes": 3,
        "night_time_fatal_crashes": 3,
        "night_time_total_crashes": 6,
        "coordinate_is_approximate": true,
        "coordinate_method": "bridge_intersection_centre",
        "coordinate_confidence": "medium",
        "estimated_accuracy_m": 500,
        "coordinate_source": "Approximate Delhi landmark/intersection/locality centre derived from the report place name",
        "coordinate_warning": "Not the Delhi Traffic Police geotag and not a surveyed crash location.",
        "coordinate_order": "[longitude, latitude]",
        "zone_radius_m": 250,
        "zone_diameter_m": 500,
        "geometry_representation": "approximate_250m_radius_zone",
        "buffer_warning": "The report defines crash-prone zones using a 500-metre diameter. This polygon is centred on an approximate location, not the unpublished police geotag."
      }
    },
    {
      "type": "Feature",
      "id": "crash-zone-hanuman-mandir-yamuna-bazar-buffer-250m",
      "geometry": {
        "type": "Polygon",
        "coordinates": [
          [
            [
              77.23455946799363,
              28.665
            ],
            [
              77.23453757139015,
              28.66529313284275
            ],
            [
              77.23447225623661,
              28.66558125010129
            ],
            [
              77.23436464009345,
              28.665859422009444
            ],
            [
              77.23421656430267,
              28.666122888968737
            ],
            [
              77.23403056248212,
              28.666367142986456
            ],
            [
              77.23380981717453,
              28.666588004808627
            ],
            [
              77.23355810539331,
              28.66678169542825
            ],
            [
              77.23327973399682,
              28.666944900745115
            ],
            [
              77.23297946599683,
              28.667074828271
            ],
            [
              77.23266243906208,
              28.66716925490992
            ],
            [
              77.23233407761131,
              28.667226564995897
            ],
            [
              77.232,
              28.667245777937477
            ],
            [
              77.23166592238869,
              28.667226564995897
            ],
            [
              77.23133756093792,
              28.66716925490992
            ],
            [
              77.23102053400316,
              28.667074828271
            ],
            [
              77.23072026600317,
              28.666944900745115
            ],
            [
              77.23044189460668,
              28.66678169542825
            ],
            [
              77.23019018282547,
              28.666588004808627
            ],
            [
              77.22996943751788,
              28.666367142986456
            ],
            [
              77.22978343569733,
              28.666122888968737
            ],
            [
              77.22963535990655,
              28.665859422009444
            ],
            [
              77.22952774376338,
              28.66558125010129
            ],
            [
              77.22946242860985,
              28.66529313284275
            ],
            [
              77.22944053200636,
              28.665
            ],
            [
              77.22946242860985,
              28.66470686715725
            ],
            [
              77.22952774376338,
              28.664418749898708
            ],
            [
              77.22963535990655,
              28.664140577990555
            ],
            [
              77.22978343569733,
              28.663877111031262
            ],
            [
              77.22996943751788,
              28.663632857013543
            ],
            [
              77.23019018282547,
              28.66341199519137
            ],
            [
              77.23044189460668,
              28.66321830457175
            ],
            [
              77.23072026600317,
              28.663055099254883
            ],
            [
              77.23102053400316,
              28.662925171728997
            ],
            [
              77.23133756093792,
              28.66283074509008
            ],
            [
              77.23166592238869,
              28.6627734350041
            ],
            [
              77.232,
              28.66275422206252
            ],
            [
              77.23233407761131,
              28.6627734350041
            ],
            [
              77.23266243906208,
              28.66283074509008
            ],
            [
              77.23297946599683,
              28.662925171728997
            ],
            [
              77.23327973399682,
              28.663055099254883
            ],
            [
              77.23355810539331,
              28.66321830457175
            ],
            [
              77.23380981717453,
              28.66341199519137
            ],
            [
              77.23403056248212,
              28.663632857013543
            ],
            [
              77.23421656430267,
              28.663877111031262
            ],
            [
              77.23436464009345,
              28.664140577990555
            ],
            [
              77.23447225623661,
              28.664418749898708
            ],
            [
              77.23453757139015,
              28.66470686715725
            ],
            [
              77.23455946799363,
              28.665
            ]
          ]
        ]
      },
      "properties": {
        "feature_id": "crash-zone-hanuman-mandir-yamuna-bazar",
        "location_name": "Hanuman Mandir Yamuna Bazar",
        "road_name": "Ring Road",
        "listed_in_table_6_29": true,
        "table_6_29_rank": 24,
        "all_simple_crashes": 4,
        "all_fatal_crashes": 5,
        "all_total_crashes": 9,
        "pedestrian_crash_prone": false,
        "pedestrian_simple_crashes": null,
        "pedestrian_fatal_crashes": null,
        "pedestrian_total_crashes": null,
        "two_wheeler_crash_prone": false,
        "two_wheeler_simple_crashes": null,
        "two_wheeler_fatal_crashes": null,
        "two_wheeler_total_crashes": null,
        "htv_crash_prone": false,
        "htv_simple_crashes": null,
        "htv_fatal_crashes": null,
        "htv_total_crashes": null,
        "hit_and_run_crash_prone": false,
        "hit_and_run_simple_crashes": null,
        "hit_and_run_fatal_crashes": null,
        "hit_and_run_total_crashes": null,
        "day_time_crash_prone": false,
        "day_simple_crashes": null,
        "day_fatal_crashes": null,
        "day_total_crashes": null,
        "night_time_crash_prone": false,
        "night_simple_crashes": null,
        "night_fatal_crashes": null,
        "night_total_crashes": null,
        "blackspot_2024": false,
        "blackspot_rank": null,
        "blackspot_noninjury_crashes": null,
        "blackspot_simple_crashes": null,
        "blackspot_fatal_crashes": null,
        "blackspot_total_crashes": null,
        "blackspot_persons_killed": null,
        "blackspot_persons_injured": null,
        "cctv_priority_candidate": false,
        "cctv_priority_reason": null,
        "zone_radius_m_derived": 250,
        "geometry_status": "coordinates_not_published_in_report",
        "osm_search_query": "Hanuman Mandir Yamuna Bazar, Ring Road, Delhi, India",
        "source": "Delhi Road Crash Report 2024, Delhi Traffic Police",
        "source_pdf_pages": [
          112,
          113,
          114,
          115
        ],
        "coordinate_is_approximate": true,
        "coordinate_method": "landmark_area_centre",
        "coordinate_confidence": "medium",
        "estimated_accuracy_m": 500,
        "coordinate_source": "Approximate Delhi landmark/intersection/locality centre derived from the report place name",
        "coordinate_warning": "Not the Delhi Traffic Police geotag and not a surveyed crash location.",
        "coordinate_order": "[longitude, latitude]",
        "zone_radius_m": 250,
        "zone_diameter_m": 500,
        "geometry_representation": "approximate_250m_radius_zone",
        "buffer_warning": "The report defines crash-prone zones using a 500-metre diameter. This polygon is centred on an approximate location, not the unpublished police geotag."
      }
    },
    {
      "type": "Feature",
      "id": "crash-zone-punjabi-bagh-chowk-buffer-250m",
      "geometry": {
        "type": "Polygon",
        "coordinates": [
          [
            [
              77.1345595412631,
              28.668
            ],
            [
              77.13453764403278,
              28.66829313284275
            ],
            [
              77.13447232700948,
              28.66858125010129
            ],
            [
              77.1343647077856,
              28.668859422009444
            ],
            [
              77.13421662775588,
              28.669122888968737
            ],
            [
              77.13403062061069,
              28.669367142986456
            ],
            [
              77.13380986898386,
              28.669588004808627
            ],
            [
              77.13355814999693,
              28.66978169542825
            ],
            [
              77.13327977063155,
              28.669944900745115
            ],
            [
              77.13297949403585,
              28.670074828271
            ],
            [
              77.13266245802562,
              28.67016925490992
            ],
            [
              77.13233408717491,
              28.670226564995897
            ],
            [
              77.132,
              28.670245777937478
            ],
            [
              77.1316659128251,
              28.670226564995897
            ],
            [
              77.13133754197439,
              28.67016925490992
            ],
            [
              77.13102050596416,
              28.670074828271
            ],
            [
              77.13072022936846,
              28.669944900745115
            ],
            [
              77.13044185000308,
              28.66978169542825
            ],
            [
              77.13019013101615,
              28.669588004808627
            ],
            [
              77.12996937938932,
              28.669367142986456
            ],
            [
              77.12978337224413,
              28.669122888968737
            ],
            [
              77.12963529221442,
              28.668859422009444
            ],
            [
              77.12952767299053,
              28.66858125010129
            ],
            [
              77.12946235596723,
              28.66829313284275
            ],
            [
              77.12944045873691,
              28.668
            ],
            [
              77.12946235596723,
              28.66770686715725
            ],
            [
              77.12952767299053,
              28.667418749898708
            ],
            [
              77.12963529221442,
              28.667140577990555
            ],
            [
              77.12978337224413,
              28.666877111031262
            ],
            [
              77.12996937938932,
              28.666632857013543
            ],
            [
              77.13019013101615,
              28.66641199519137
            ],
            [
              77.13044185000308,
              28.66621830457175
            ],
            [
              77.13072022936846,
              28.666055099254883
            ],
            [
              77.13102050596416,
              28.665925171728997
            ],
            [
              77.13133754197439,
              28.66583074509008
            ],
            [
              77.1316659128251,
              28.665773435004102
            ],
            [
              77.132,
              28.66575422206252
            ],
            [
              77.13233408717491,
              28.665773435004102
            ],
            [
              77.13266245802562,
              28.66583074509008
            ],
            [
              77.13297949403585,
              28.665925171728997
            ],
            [
              77.13327977063155,
              28.666055099254883
            ],
            [
              77.13355814999693,
              28.66621830457175
            ],
            [
              77.13380986898386,
              28.66641199519137
            ],
            [
              77.13403062061069,
              28.666632857013543
            ],
            [
              77.13421662775588,
              28.666877111031262
            ],
            [
              77.1343647077856,
              28.667140577990555
            ],
            [
              77.13447232700948,
              28.667418749898708
            ],
            [
              77.13453764403278,
              28.66770686715725
            ],
            [
              77.1345595412631,
              28.668
            ]
          ]
        ]
      },
      "properties": {
        "feature_id": "crash-zone-punjabi-bagh-chowk",
        "location_name": "Punjabi Bagh Chowk",
        "road_name": "Ring Road",
        "listed_in_table_6_29": true,
        "table_6_29_rank": 25,
        "all_simple_crashes": 4,
        "all_fatal_crashes": 5,
        "all_total_crashes": 9,
        "pedestrian_crash_prone": false,
        "pedestrian_simple_crashes": null,
        "pedestrian_fatal_crashes": null,
        "pedestrian_total_crashes": null,
        "two_wheeler_crash_prone": false,
        "two_wheeler_simple_crashes": null,
        "two_wheeler_fatal_crashes": null,
        "two_wheeler_total_crashes": null,
        "htv_crash_prone": false,
        "htv_simple_crashes": null,
        "htv_fatal_crashes": null,
        "htv_total_crashes": null,
        "hit_and_run_crash_prone": true,
        "hit_and_run_simple_crashes": 3,
        "hit_and_run_fatal_crashes": 3,
        "hit_and_run_total_crashes": 6,
        "day_time_crash_prone": true,
        "day_simple_crashes": null,
        "day_fatal_crashes": null,
        "day_total_crashes": null,
        "night_time_crash_prone": false,
        "night_simple_crashes": null,
        "night_fatal_crashes": null,
        "night_total_crashes": null,
        "blackspot_2024": false,
        "blackspot_rank": null,
        "blackspot_noninjury_crashes": null,
        "blackspot_simple_crashes": null,
        "blackspot_fatal_crashes": null,
        "blackspot_total_crashes": null,
        "blackspot_persons_killed": null,
        "blackspot_persons_injured": null,
        "cctv_priority_candidate": true,
        "cctv_priority_reason": "Listed in Table 6.37 as a hit-and-run crash-prone zone; the report recommends CCTV installation at these locations.",
        "zone_radius_m_derived": 250,
        "geometry_status": "coordinates_not_published_in_report",
        "osm_search_query": "Punjabi Bagh Chowk, Ring Road, Delhi, India",
        "source": "Delhi Road Crash Report 2024, Delhi Traffic Police",
        "source_pdf_pages": [
          112,
          113,
          114,
          115,
          125,
          127
        ],
        "day_time_simple_crashes": 3,
        "day_time_fatal_crashes": 3,
        "day_time_total_crashes": 6,
        "coordinate_is_approximate": true,
        "coordinate_method": "intersection_centre",
        "coordinate_confidence": "high",
        "estimated_accuracy_m": 300,
        "coordinate_source": "Approximate Delhi landmark/intersection/locality centre derived from the report place name",
        "coordinate_warning": "Not the Delhi Traffic Police geotag and not a surveyed crash location.",
        "coordinate_order": "[longitude, latitude]",
        "zone_radius_m": 250,
        "zone_diameter_m": 500,
        "geometry_representation": "approximate_250m_radius_zone",
        "buffer_warning": "The report defines crash-prone zones using a 500-metre diameter. This polygon is centred on an approximate location, not the unpublished police geotag."
      }
    },
    {
      "type": "Feature",
      "id": "crash-zone-mukarba-chowk-buffer-250m",
      "geometry": {
        "type": "Polygon",
        "coordinates": [
          [
            [
              77.15756113152347,
              28.733
            ],
            [
              77.15753922068824,
              28.73329313284275
            ],
            [
              77.15747386308303,
              28.73358125010129
            ],
            [
              77.1573661769946,
              28.733859422009445
            ],
            [
              77.15721800496175,
              28.734122888968738
            ],
            [
              77.15703188224906,
              28.734367142986457
            ],
            [
              77.15681099346774,
              28.73458800480863
            ],
            [
              77.15655911808611,
              28.73478169542825
            ],
            [
              77.15628056576173,
              28.734944900745116
            ],
            [
              77.15598010260214,
              28.735074828271003
            ],
            [
              77.15566286961528,
              28.73516925490992
            ],
            [
              77.15533429474553,
              28.735226564995898
            ],
            [
              77.155,
              28.73524577793748
            ],
            [
              77.15466570525447,
              28.735226564995898
            ],
            [
              77.15433713038472,
              28.73516925490992
            ],
            [
              77.15401989739786,
              28.735074828271003
            ],
            [
              77.15371943423827,
              28.734944900745116
            ],
            [
              77.1534408819139,
              28.73478169542825
            ],
            [
              77.15318900653226,
              28.73458800480863
            ],
            [
              77.15296811775094,
              28.734367142986457
            ],
            [
              77.15278199503825,
              28.734122888968738
            ],
            [
              77.1526338230054,
              28.733859422009445
            ],
            [
              77.15252613691698,
              28.73358125010129
            ],
            [
              77.15246077931177,
              28.73329313284275
            ],
            [
              77.15243886847654,
              28.733
            ],
            [
              77.15246077931177,
              28.73270686715725
            ],
            [
              77.15252613691698,
              28.73241874989871
            ],
            [
              77.1526338230054,
              28.732140577990556
            ],
            [
              77.15278199503825,
              28.731877111031263
            ],
            [
              77.15296811775094,
              28.731632857013544
            ],
            [
              77.15318900653226,
              28.731411995191372
            ],
            [
              77.1534408819139,
              28.73121830457175
            ],
            [
              77.15371943423827,
              28.731055099254885
            ],
            [
              77.15401989739786,
              28.730925171728998
            ],
            [
              77.15433713038472,
              28.73083074509008
            ],
            [
              77.15466570525447,
              28.730773435004103
            ],
            [
              77.155,
              28.730754222062522
            ],
            [
              77.15533429474553,
              28.730773435004103
            ],
            [
              77.15566286961528,
              28.73083074509008
            ],
            [
              77.15598010260214,
              28.730925171728998
            ],
            [
              77.15628056576173,
              28.731055099254885
            ],
            [
              77.15655911808611,
              28.73121830457175
            ],
            [
              77.15681099346774,
              28.731411995191372
            ],
            [
              77.15703188224906,
              28.731632857013544
            ],
            [
              77.15721800496175,
              28.731877111031263
            ],
            [
              77.1573661769946,
              28.732140577990556
            ],
            [
              77.15747386308303,
              28.73241874989871
            ],
            [
              77.15753922068824,
              28.73270686715725
            ],
            [
              77.15756113152347,
              28.733
            ]
          ]
        ]
      },
      "properties": {
        "feature_id": "crash-zone-mukarba-chowk",
        "location_name": "Mukarba Chowk",
        "road_name": "GTK Road",
        "listed_in_table_6_29": true,
        "table_6_29_rank": 26,
        "all_simple_crashes": 3,
        "all_fatal_crashes": 5,
        "all_total_crashes": 8,
        "pedestrian_crash_prone": false,
        "pedestrian_simple_crashes": null,
        "pedestrian_fatal_crashes": null,
        "pedestrian_total_crashes": null,
        "two_wheeler_crash_prone": true,
        "two_wheeler_simple_crashes": 0,
        "two_wheeler_fatal_crashes": 3,
        "two_wheeler_total_crashes": 3,
        "htv_crash_prone": false,
        "htv_simple_crashes": null,
        "htv_fatal_crashes": null,
        "htv_total_crashes": null,
        "hit_and_run_crash_prone": true,
        "hit_and_run_simple_crashes": 1,
        "hit_and_run_fatal_crashes": 3,
        "hit_and_run_total_crashes": 4,
        "day_time_crash_prone": false,
        "day_simple_crashes": null,
        "day_fatal_crashes": null,
        "day_total_crashes": null,
        "night_time_crash_prone": true,
        "night_simple_crashes": null,
        "night_fatal_crashes": null,
        "night_total_crashes": null,
        "blackspot_2024": false,
        "blackspot_rank": null,
        "blackspot_noninjury_crashes": null,
        "blackspot_simple_crashes": null,
        "blackspot_fatal_crashes": null,
        "blackspot_total_crashes": null,
        "blackspot_persons_killed": null,
        "blackspot_persons_injured": null,
        "cctv_priority_candidate": true,
        "cctv_priority_reason": "Listed in Table 6.37 as a hit-and-run crash-prone zone; the report recommends CCTV installation at these locations.",
        "zone_radius_m_derived": 250,
        "geometry_status": "coordinates_not_published_in_report",
        "osm_search_query": "Mukarba Chowk, GTK Road, Delhi, India",
        "source": "Delhi Road Crash Report 2024, Delhi Traffic Police",
        "source_pdf_pages": [
          112,
          113,
          114,
          115,
          122,
          125,
          128,
          129
        ],
        "night_time_simple_crashes": 1,
        "night_time_fatal_crashes": 5,
        "night_time_total_crashes": 6,
        "coordinate_is_approximate": true,
        "coordinate_method": "intersection_centre",
        "coordinate_confidence": "high",
        "estimated_accuracy_m": 300,
        "coordinate_source": "Approximate Delhi landmark/intersection/locality centre derived from the report place name",
        "coordinate_warning": "Not the Delhi Traffic Police geotag and not a surveyed crash location.",
        "coordinate_order": "[longitude, latitude]",
        "zone_radius_m": 250,
        "zone_diameter_m": 500,
        "geometry_representation": "approximate_250m_radius_zone",
        "buffer_warning": "The report defines crash-prone zones using a 500-metre diameter. This polygon is centred on an approximate location, not the unpublished police geotag."
      }
    },
    {
      "type": "Feature",
      "id": "crash-zone-shamshan-ghat-geeta-colony-buffer-250m",
      "geometry": {
        "type": "Polygon",
        "coordinates": [
          [
            [
              77.27655927266325,
              28.657
            ],
            [
              77.27653737773083,
              28.65729313284275
            ],
            [
              77.27647206756195,
              28.65758125010129
            ],
            [
              77.2763644596317,
              28.657859422009444
            ],
            [
              77.27621639514159,
              28.658122888968737
            ],
            [
              77.2760304075161,
              28.658367142986457
            ],
            [
              77.27580967905509,
              28.658588004808628
            ],
            [
              77.2755579864837,
              28.65878169542825
            ],
            [
              77.27527963633163,
              28.658944900745116
            ],
            [
              77.27497939124713,
              28.659074828271002
            ],
            [
              77.27466238850685,
              28.65916925490992
            ],
            [
              77.27433405211559,
              28.659226564995897
            ],
            [
              77.274,
              28.65924577793748
            ],
            [
              77.27366594788441,
              28.659226564995897
            ],
            [
              77.27333761149315,
              28.65916925490992
            ],
            [
              77.27302060875287,
              28.659074828271002
            ],
            [
              77.27272036366837,
              28.658944900745116
            ],
            [
              77.2724420135163,
              28.65878169542825
            ],
            [
              77.27219032094492,
              28.658588004808628
            ],
            [
              77.2719695924839,
              28.658367142986457
            ],
            [
              77.27178360485841,
              28.658122888968737
            ],
            [
              77.27163554036831,
              28.657859422009444
            ],
            [
              77.27152793243805,
              28.65758125010129
            ],
            [
              77.27146262226917,
              28.65729313284275
            ],
            [
              77.27144072733675,
              28.657
            ],
            [
              77.27146262226917,
              28.65670686715725
            ],
            [
              77.27152793243805,
              28.65641874989871
            ],
            [
              77.27163554036831,
              28.656140577990556
            ],
            [
              77.27178360485841,
              28.655877111031263
            ],
            [
              77.2719695924839,
              28.655632857013543
            ],
            [
              77.27219032094492,
              28.655411995191372
            ],
            [
              77.2724420135163,
              28.65521830457175
            ],
            [
              77.27272036366837,
              28.655055099254884
            ],
            [
              77.27302060875287,
              28.654925171728998
            ],
            [
              77.27333761149315,
              28.65483074509008
            ],
            [
              77.27366594788441,
              28.654773435004103
            ],
            [
              77.274,
              28.65475422206252
            ],
            [
              77.27433405211559,
              28.654773435004103
            ],
            [
              77.27466238850685,
              28.65483074509008
            ],
            [
              77.27497939124713,
              28.654925171728998
            ],
            [
              77.27527963633163,
              28.655055099254884
            ],
            [
              77.2755579864837,
              28.65521830457175
            ],
            [
              77.27580967905509,
              28.655411995191372
            ],
            [
              77.2760304075161,
              28.655632857013543
            ],
            [
              77.27621639514159,
              28.655877111031263
            ],
            [
              77.2763644596317,
              28.656140577990556
            ],
            [
              77.27647206756195,
              28.65641874989871
            ],
            [
              77.27653737773083,
              28.65670686715725
            ],
            [
              77.27655927266325,
              28.657
            ]
          ]
        ]
      },
      "properties": {
        "feature_id": "crash-zone-shamshan-ghat-geeta-colony",
        "location_name": "Shamshan Ghat Geeta Colony",
        "road_name": "Yamuna Pusta Road",
        "listed_in_table_6_29": true,
        "table_6_29_rank": 27,
        "all_simple_crashes": 3,
        "all_fatal_crashes": 5,
        "all_total_crashes": 8,
        "pedestrian_crash_prone": true,
        "pedestrian_simple_crashes": 3,
        "pedestrian_fatal_crashes": 3,
        "pedestrian_total_crashes": 6,
        "two_wheeler_crash_prone": false,
        "two_wheeler_simple_crashes": null,
        "two_wheeler_fatal_crashes": null,
        "two_wheeler_total_crashes": null,
        "htv_crash_prone": false,
        "htv_simple_crashes": null,
        "htv_fatal_crashes": null,
        "htv_total_crashes": null,
        "hit_and_run_crash_prone": true,
        "hit_and_run_simple_crashes": 0,
        "hit_and_run_fatal_crashes": 4,
        "hit_and_run_total_crashes": 4,
        "day_time_crash_prone": false,
        "day_simple_crashes": null,
        "day_fatal_crashes": null,
        "day_total_crashes": null,
        "night_time_crash_prone": true,
        "night_simple_crashes": null,
        "night_fatal_crashes": null,
        "night_total_crashes": null,
        "blackspot_2024": false,
        "blackspot_rank": null,
        "blackspot_noninjury_crashes": null,
        "blackspot_simple_crashes": null,
        "blackspot_fatal_crashes": null,
        "blackspot_total_crashes": null,
        "blackspot_persons_killed": null,
        "blackspot_persons_injured": null,
        "cctv_priority_candidate": true,
        "cctv_priority_reason": "Listed in Table 6.37 as a hit-and-run crash-prone zone; the report recommends CCTV installation at these locations.",
        "zone_radius_m_derived": 250,
        "geometry_status": "coordinates_not_published_in_report",
        "osm_search_query": "Shamshan Ghat Geeta Colony, Yamuna Pusta Road, Delhi, India",
        "source": "Delhi Road Crash Report 2024, Delhi Traffic Police",
        "source_pdf_pages": [
          112,
          113,
          114,
          115,
          120,
          125,
          128,
          129
        ],
        "night_time_simple_crashes": 0,
        "night_time_fatal_crashes": 3,
        "night_time_total_crashes": 3,
        "coordinate_is_approximate": true,
        "coordinate_method": "landmark_area_centre",
        "coordinate_confidence": "medium",
        "estimated_accuracy_m": 600,
        "coordinate_source": "Approximate Delhi landmark/intersection/locality centre derived from the report place name",
        "coordinate_warning": "Not the Delhi Traffic Police geotag and not a surveyed crash location.",
        "coordinate_order": "[longitude, latitude]",
        "zone_radius_m": 250,
        "zone_diameter_m": 500,
        "geometry_representation": "approximate_250m_radius_zone",
        "buffer_warning": "The report defines crash-prone zones using a 500-metre diameter. This polygon is centred on an approximate location, not the unpublished police geotag."
      }
    },
    {
      "type": "Feature",
      "id": "crash-zone-goyla-village-najafgarh-buffer-250m",
      "geometry": {
        "type": "Polygon",
        "coordinates": [
          [
            [
              77.02755810235367,
              28.609
            ],
            [
              77.02753621743341,
              28.60929313284275
            ],
            [
              77.02747093712969,
              28.609581250101293
            ],
            [
              77.02736337840662,
              28.609859422009446
            ],
            [
              77.02721538162375,
              28.61012288896874
            ],
            [
              77.02702947904709,
              28.61036714298646
            ],
            [
              77.02680885152125,
              28.61058800480863
            ],
            [
              77.02655727404436,
              28.61078169542825
            ],
            [
              77.02627905117683,
              28.610944900745118
            ],
            [
              77.02597894338905,
              28.611074828271004
            ],
            [
              77.02566208560846,
              28.61116925490992
            ],
            [
              77.02533389935954,
              28.6112265649959
            ],
            [
              77.025,
              28.61124577793748
            ],
            [
              77.02466610064047,
              28.6112265649959
            ],
            [
              77.02433791439155,
              28.61116925490992
            ],
            [
              77.02402105661096,
              28.611074828271004
            ],
            [
              77.02372094882318,
              28.610944900745118
            ],
            [
              77.02344272595565,
              28.61078169542825
            ],
            [
              77.02319114847876,
              28.61058800480863
            ],
            [
              77.02297052095292,
              28.61036714298646
            ],
            [
              77.02278461837626,
              28.61012288896874
            ],
            [
              77.02263662159339,
              28.609859422009446
            ],
            [
              77.02252906287032,
              28.609581250101293
            ],
            [
              77.0224637825666,
              28.60929313284275
            ],
            [
              77.02244189764635,
              28.609
            ],
            [
              77.0224637825666,
              28.608706867157252
            ],
            [
              77.02252906287032,
              28.60841874989871
            ],
            [
              77.02263662159339,
              28.608140577990557
            ],
            [
              77.02278461837626,
              28.607877111031264
            ],
            [
              77.02297052095292,
              28.607632857013545
            ],
            [
              77.02319114847876,
              28.607411995191374
            ],
            [
              77.02344272595565,
              28.607218304571752
            ],
            [
              77.02372094882318,
              28.607055099254886
            ],
            [
              77.02402105661096,
              28.606925171729
            ],
            [
              77.02433791439155,
              28.606830745090083
            ],
            [
              77.02466610064047,
              28.606773435004104
            ],
            [
              77.025,
              28.606754222062523
            ],
            [
              77.02533389935954,
              28.606773435004104
            ],
            [
              77.02566208560846,
              28.606830745090083
            ],
            [
              77.02597894338905,
              28.606925171729
            ],
            [
              77.02627905117683,
              28.607055099254886
            ],
            [
              77.02655727404436,
              28.607218304571752
            ],
            [
              77.02680885152125,
              28.607411995191374
            ],
            [
              77.02702947904709,
              28.607632857013545
            ],
            [
              77.02721538162375,
              28.607877111031264
            ],
            [
              77.02736337840662,
              28.608140577990557
            ],
            [
              77.02747093712969,
              28.60841874989871
            ],
            [
              77.02753621743341,
              28.608706867157252
            ],
            [
              77.02755810235367,
              28.609
            ]
          ]
        ]
      },
      "properties": {
        "feature_id": "crash-zone-goyla-village-najafgarh",
        "location_name": "Goyla Village Najafgarh",
        "road_name": "Goyla Dairy Road",
        "listed_in_table_6_29": true,
        "table_6_29_rank": 28,
        "all_simple_crashes": 2,
        "all_fatal_crashes": 5,
        "all_total_crashes": 7,
        "pedestrian_crash_prone": false,
        "pedestrian_simple_crashes": null,
        "pedestrian_fatal_crashes": null,
        "pedestrian_total_crashes": null,
        "two_wheeler_crash_prone": false,
        "two_wheeler_simple_crashes": null,
        "two_wheeler_fatal_crashes": null,
        "two_wheeler_total_crashes": null,
        "htv_crash_prone": false,
        "htv_simple_crashes": null,
        "htv_fatal_crashes": null,
        "htv_total_crashes": null,
        "hit_and_run_crash_prone": false,
        "hit_and_run_simple_crashes": null,
        "hit_and_run_fatal_crashes": null,
        "hit_and_run_total_crashes": null,
        "day_time_crash_prone": true,
        "day_simple_crashes": null,
        "day_fatal_crashes": null,
        "day_total_crashes": null,
        "night_time_crash_prone": false,
        "night_simple_crashes": null,
        "night_fatal_crashes": null,
        "night_total_crashes": null,
        "blackspot_2024": false,
        "blackspot_rank": null,
        "blackspot_noninjury_crashes": null,
        "blackspot_simple_crashes": null,
        "blackspot_fatal_crashes": null,
        "blackspot_total_crashes": null,
        "blackspot_persons_killed": null,
        "blackspot_persons_injured": null,
        "cctv_priority_candidate": false,
        "cctv_priority_reason": null,
        "zone_radius_m_derived": 250,
        "geometry_status": "coordinates_not_published_in_report",
        "osm_search_query": "Goyla Village Najafgarh, Goyla Dairy Road, Delhi, India",
        "source": "Delhi Road Crash Report 2024, Delhi Traffic Police",
        "source_pdf_pages": [
          112,
          113,
          114,
          115,
          127
        ],
        "day_time_simple_crashes": 1,
        "day_time_fatal_crashes": 3,
        "day_time_total_crashes": 4,
        "coordinate_is_approximate": true,
        "coordinate_method": "village_centre",
        "coordinate_confidence": "medium",
        "estimated_accuracy_m": 900,
        "coordinate_source": "Approximate Delhi landmark/intersection/locality centre derived from the report place name",
        "coordinate_warning": "Not the Delhi Traffic Police geotag and not a surveyed crash location.",
        "coordinate_order": "[longitude, latitude]",
        "zone_radius_m": 250,
        "zone_diameter_m": 500,
        "geometry_representation": "approximate_250m_radius_zone",
        "buffer_warning": "The report defines crash-prone zones using a 500-metre diameter. This polygon is centred on an approximate location, not the unpublished police geotag."
      }
    },
    {
      "type": "Feature",
      "id": "crash-zone-gandhi-vihar-bus-stand-buffer-250m",
      "geometry": {
        "type": "Polygon",
        "coordinates": [
          [
            [
              77.22856059269134,
              28.711
            ],
            [
              77.2285386864659,
              28.711293132842748
            ],
            [
              77.22847334261117,
              28.71158125010129
            ],
            [
              77.22836567917862,
              28.711859422009443
            ],
            [
              77.22821753831944,
              28.712122888968736
            ],
            [
              77.2280314547648,
              28.712367142986455
            ],
            [
              77.2278106124559,
              28.712588004808627
            ],
            [
              77.22755879006588,
              28.712781695428248
            ],
            [
              77.22728029634567,
              28.712944900745114
            ],
            [
              77.22697989640001,
              28.713074828271
            ],
            [
              77.22666273015527,
              28.713169254909918
            ],
            [
              77.22633422441383,
              28.713226564995896
            ],
            [
              77.226,
              28.713245777937477
            ],
            [
              77.22566577558617,
              28.713226564995896
            ],
            [
              77.22533726984473,
              28.713169254909918
            ],
            [
              77.22502010359999,
              28.713074828271
            ],
            [
              77.22471970365433,
              28.712944900745114
            ],
            [
              77.22444120993411,
              28.712781695428248
            ],
            [
              77.2241893875441,
              28.712588004808627
            ],
            [
              77.2239685452352,
              28.712367142986455
            ],
            [
              77.22378246168056,
              28.712122888968736
            ],
            [
              77.22363432082138,
              28.711859422009443
            ],
            [
              77.22352665738883,
              28.71158125010129
            ],
            [
              77.2234613135341,
              28.711293132842748
            ],
            [
              77.22343940730866,
              28.711
            ],
            [
              77.2234613135341,
              28.71070686715725
            ],
            [
              77.22352665738883,
              28.710418749898707
            ],
            [
              77.22363432082138,
              28.710140577990554
            ],
            [
              77.22378246168056,
              28.70987711103126
            ],
            [
              77.2239685452352,
              28.709632857013542
            ],
            [
              77.2241893875441,
              28.70941199519137
            ],
            [
              77.22444120993411,
              28.70921830457175
            ],
            [
              77.22471970365433,
              28.709055099254883
            ],
            [
              77.22502010359999,
              28.708925171728996
            ],
            [
              77.22533726984473,
              28.70883074509008
            ],
            [
              77.22566577558617,
              28.7087734350041
            ],
            [
              77.226,
              28.70875422206252
            ],
            [
              77.22633422441383,
              28.7087734350041
            ],
            [
              77.22666273015527,
              28.70883074509008
            ],
            [
              77.22697989640001,
              28.708925171728996
            ],
            [
              77.22728029634567,
              28.709055099254883
            ],
            [
              77.22755879006588,
              28.70921830457175
            ],
            [
              77.2278106124559,
              28.70941199519137
            ],
            [
              77.2280314547648,
              28.709632857013542
            ],
            [
              77.22821753831944,
              28.70987711103126
            ],
            [
              77.22836567917862,
              28.710140577990554
            ],
            [
              77.22847334261117,
              28.710418749898707
            ],
            [
              77.2285386864659,
              28.71070686715725
            ],
            [
              77.22856059269134,
              28.711
            ]
          ]
        ]
      },
      "properties": {
        "feature_id": "crash-zone-gandhi-vihar-bus-stand",
        "location_name": "Gandhi Vihar Bus Stand",
        "road_name": "Outer Ring Road",
        "listed_in_table_6_29": true,
        "table_6_29_rank": 29,
        "all_simple_crashes": 2,
        "all_fatal_crashes": 5,
        "all_total_crashes": 7,
        "pedestrian_crash_prone": false,
        "pedestrian_simple_crashes": null,
        "pedestrian_fatal_crashes": null,
        "pedestrian_total_crashes": null,
        "two_wheeler_crash_prone": true,
        "two_wheeler_simple_crashes": 1,
        "two_wheeler_fatal_crashes": 3,
        "two_wheeler_total_crashes": 4,
        "htv_crash_prone": false,
        "htv_simple_crashes": null,
        "htv_fatal_crashes": null,
        "htv_total_crashes": null,
        "hit_and_run_crash_prone": false,
        "hit_and_run_simple_crashes": null,
        "hit_and_run_fatal_crashes": null,
        "hit_and_run_total_crashes": null,
        "day_time_crash_prone": true,
        "day_simple_crashes": null,
        "day_fatal_crashes": null,
        "day_total_crashes": null,
        "night_time_crash_prone": false,
        "night_simple_crashes": null,
        "night_fatal_crashes": null,
        "night_total_crashes": null,
        "blackspot_2024": false,
        "blackspot_rank": null,
        "blackspot_noninjury_crashes": null,
        "blackspot_simple_crashes": null,
        "blackspot_fatal_crashes": null,
        "blackspot_total_crashes": null,
        "blackspot_persons_killed": null,
        "blackspot_persons_injured": null,
        "cctv_priority_candidate": false,
        "cctv_priority_reason": null,
        "zone_radius_m_derived": 250,
        "geometry_status": "coordinates_not_published_in_report",
        "osm_search_query": "Gandhi Vihar Bus Stand, Outer Ring Road, Delhi, India",
        "source": "Delhi Road Crash Report 2024, Delhi Traffic Police",
        "source_pdf_pages": [
          112,
          113,
          114,
          115,
          122,
          127
        ],
        "day_time_simple_crashes": 1,
        "day_time_fatal_crashes": 3,
        "day_time_total_crashes": 4,
        "coordinate_is_approximate": true,
        "coordinate_method": "bus_stand_area_centre",
        "coordinate_confidence": "medium",
        "estimated_accuracy_m": 600,
        "coordinate_source": "Approximate Delhi landmark/intersection/locality centre derived from the report place name",
        "coordinate_warning": "Not the Delhi Traffic Police geotag and not a surveyed crash location.",
        "coordinate_order": "[longitude, latitude]",
        "zone_radius_m": 250,
        "zone_diameter_m": 500,
        "geometry_representation": "approximate_250m_radius_zone",
        "buffer_warning": "The report defines crash-prone zones using a 500-metre diameter. This polygon is centred on an approximate location, not the unpublished police geotag."
      }
    },
    {
      "type": "Feature",
      "id": "crash-zone-archana-cinema-red-light-buffer-250m",
      "geometry": {
        "type": "Polygon",
        "coordinates": [
          [
            [
              77.23755674061131,
              28.553
            ],
            [
              77.23753486734095,
              28.55329313284275
            ],
            [
              77.23746962178758,
              28.553581250101292
            ],
            [
              77.23736212032073,
              28.553859422009445
            ],
            [
              77.23721420232029,
              28.554122888968738
            ],
            [
              77.23702839870424,
              28.554367142986457
            ],
            [
              77.23680788862399,
              28.55458800480863
            ],
            [
              77.23655644506815,
              28.55478169542825
            ],
            [
              77.23627837030566,
              28.554944900745117
            ],
            [
              77.23597842227281,
              28.555074828271003
            ],
            [
              77.2356617331636,
              28.55516925490992
            ],
            [
              77.23533372161648,
              28.5552265649959
            ],
            [
              77.235,
              28.55524577793748
            ],
            [
              77.23466627838351,
              28.5552265649959
            ],
            [
              77.2343382668364,
              28.55516925490992
            ],
            [
              77.23402157772719,
              28.555074828271003
            ],
            [
              77.23372162969434,
              28.554944900745117
            ],
            [
              77.23344355493185,
              28.55478169542825
            ],
            [
              77.23319211137601,
              28.55458800480863
            ],
            [
              77.23297160129576,
              28.554367142986457
            ],
            [
              77.23278579767971,
              28.554122888968738
            ],
            [
              77.23263787967927,
              28.553859422009445
            ],
            [
              77.23253037821242,
              28.553581250101292
            ],
            [
              77.23246513265904,
              28.55329313284275
            ],
            [
              77.23244325938869,
              28.553
            ],
            [
              77.23246513265904,
              28.55270686715725
            ],
            [
              77.23253037821242,
              28.55241874989871
            ],
            [
              77.23263787967927,
              28.552140577990556
            ],
            [
              77.23278579767971,
              28.551877111031263
            ],
            [
              77.23297160129576,
              28.551632857013544
            ],
            [
              77.23319211137601,
              28.551411995191373
            ],
            [
              77.23344355493185,
              28.55121830457175
            ],
            [
              77.23372162969434,
              28.551055099254885
            ],
            [
              77.23402157772719,
              28.550925171729
            ],
            [
              77.2343382668364,
              28.55083074509008
            ],
            [
              77.23466627838351,
              28.550773435004103
            ],
            [
              77.235,
              28.550754222062523
            ],
            [
              77.23533372161648,
              28.550773435004103
            ],
            [
              77.2356617331636,
              28.55083074509008
            ],
            [
              77.23597842227281,
              28.550925171729
            ],
            [
              77.23627837030566,
              28.551055099254885
            ],
            [
              77.23655644506815,
              28.55121830457175
            ],
            [
              77.23680788862399,
              28.551411995191373
            ],
            [
              77.23702839870424,
              28.551632857013544
            ],
            [
              77.23721420232029,
              28.551877111031263
            ],
            [
              77.23736212032073,
              28.552140577990556
            ],
            [
              77.23746962178758,
              28.55241874989871
            ],
            [
              77.23753486734095,
              28.55270686715725
            ],
            [
              77.23755674061131,
              28.553
            ]
          ]
        ]
      },
      "properties": {
        "feature_id": "crash-zone-archana-cinema-red-light",
        "location_name": "Archana Cinema Red Light",
        "road_name": "Josef Broz Tito Marg",
        "listed_in_table_6_29": true,
        "table_6_29_rank": 30,
        "all_simple_crashes": 2,
        "all_fatal_crashes": 5,
        "all_total_crashes": 7,
        "pedestrian_crash_prone": false,
        "pedestrian_simple_crashes": null,
        "pedestrian_fatal_crashes": null,
        "pedestrian_total_crashes": null,
        "two_wheeler_crash_prone": false,
        "two_wheeler_simple_crashes": null,
        "two_wheeler_fatal_crashes": null,
        "two_wheeler_total_crashes": null,
        "htv_crash_prone": false,
        "htv_simple_crashes": null,
        "htv_fatal_crashes": null,
        "htv_total_crashes": null,
        "hit_and_run_crash_prone": false,
        "hit_and_run_simple_crashes": null,
        "hit_and_run_fatal_crashes": null,
        "hit_and_run_total_crashes": null,
        "day_time_crash_prone": true,
        "day_simple_crashes": null,
        "day_fatal_crashes": null,
        "day_total_crashes": null,
        "night_time_crash_prone": false,
        "night_simple_crashes": null,
        "night_fatal_crashes": null,
        "night_total_crashes": null,
        "blackspot_2024": false,
        "blackspot_rank": null,
        "blackspot_noninjury_crashes": null,
        "blackspot_simple_crashes": null,
        "blackspot_fatal_crashes": null,
        "blackspot_total_crashes": null,
        "blackspot_persons_killed": null,
        "blackspot_persons_injured": null,
        "cctv_priority_candidate": false,
        "cctv_priority_reason": null,
        "zone_radius_m_derived": 250,
        "geometry_status": "coordinates_not_published_in_report",
        "osm_search_query": "Archana Cinema Red Light, Josef Broz Tito Marg, Delhi, India",
        "source": "Delhi Road Crash Report 2024, Delhi Traffic Police",
        "source_pdf_pages": [
          112,
          113,
          114,
          115,
          127
        ],
        "day_time_simple_crashes": 0,
        "day_time_fatal_crashes": 3,
        "day_time_total_crashes": 3,
        "coordinate_is_approximate": true,
        "coordinate_method": "landmark_intersection_centre",
        "coordinate_confidence": "high",
        "estimated_accuracy_m": 300,
        "coordinate_source": "Approximate Delhi landmark/intersection/locality centre derived from the report place name",
        "coordinate_warning": "Not the Delhi Traffic Police geotag and not a surveyed crash location.",
        "coordinate_order": "[longitude, latitude]",
        "zone_radius_m": 250,
        "zone_diameter_m": 500,
        "geometry_representation": "approximate_250m_radius_zone",
        "buffer_warning": "The report defines crash-prone zones using a 500-metre diameter. This polygon is centred on an approximate location, not the unpublished police geotag."
      }
    },
    {
      "type": "Feature",
      "id": "crash-zone-sarai-kale-khan-buffer-250m",
      "geometry": {
        "type": "Polygon",
        "coordinates": [
          [
            [
              77.257557591244,
              28.588
            ],
            [
              77.25753571069635,
              28.58829313284275
            ],
            [
              77.25747044343566,
              28.588581250101292
            ],
            [
              77.25736290620286,
              28.588859422009445
            ],
            [
              77.25721493898979,
              28.58912288896874
            ],
            [
              77.25702907355652,
              28.589367142986458
            ],
            [
              77.25680849011214,
              28.58958800480863
            ],
            [
              77.25655696290052,
              28.58978169542825
            ],
            [
              77.256278795622,
              28.589944900745117
            ],
            [
              77.25597874779584,
              28.590074828271003
            ],
            [
              77.25566195332352,
              28.59016925490992
            ],
            [
              77.25533383264633,
              28.5902265649959
            ],
            [
              77.255,
              28.59024577793748
            ],
            [
              77.25466616735366,
              28.5902265649959
            ],
            [
              77.25433804667647,
              28.59016925490992
            ],
            [
              77.25402125220415,
              28.590074828271003
            ],
            [
              77.253721204378,
              28.589944900745117
            ],
            [
              77.25344303709947,
              28.58978169542825
            ],
            [
              77.25319150988786,
              28.58958800480863
            ],
            [
              77.25297092644347,
              28.589367142986458
            ],
            [
              77.2527850610102,
              28.58912288896874
            ],
            [
              77.25263709379713,
              28.588859422009445
            ],
            [
              77.25252955656433,
              28.588581250101292
            ],
            [
              77.25246428930365,
              28.58829313284275
            ],
            [
              77.252442408756,
              28.588
            ],
            [
              77.25246428930365,
              28.58770686715725
            ],
            [
              77.25252955656433,
              28.58741874989871
            ],
            [
              77.25263709379713,
              28.587140577990557
            ],
            [
              77.2527850610102,
              28.586877111031264
            ],
            [
              77.25297092644347,
              28.586632857013544
            ],
            [
              77.25319150988786,
              28.586411995191373
            ],
            [
              77.25344303709947,
              28.58621830457175
            ],
            [
              77.253721204378,
              28.586055099254885
            ],
            [
              77.25402125220415,
              28.585925171729
            ],
            [
              77.25433804667647,
              28.58583074509008
            ],
            [
              77.25466616735366,
              28.585773435004104
            ],
            [
              77.255,
              28.585754222062523
            ],
            [
              77.25533383264633,
              28.585773435004104
            ],
            [
              77.25566195332352,
              28.58583074509008
            ],
            [
              77.25597874779584,
              28.585925171729
            ],
            [
              77.256278795622,
              28.586055099254885
            ],
            [
              77.25655696290052,
              28.58621830457175
            ],
            [
              77.25680849011214,
              28.586411995191373
            ],
            [
              77.25702907355652,
              28.586632857013544
            ],
            [
              77.25721493898979,
              28.586877111031264
            ],
            [
              77.25736290620286,
              28.587140577990557
            ],
            [
              77.25747044343566,
              28.58741874989871
            ],
            [
              77.25753571069635,
              28.58770686715725
            ],
            [
              77.257557591244,
              28.588
            ]
          ]
        ]
      },
      "properties": {
        "feature_id": "crash-zone-sarai-kale-khan",
        "location_name": "Sarai Kale Khan",
        "road_name": "Ring Road",
        "listed_in_table_6_29": true,
        "table_6_29_rank": 31,
        "all_simple_crashes": 16,
        "all_fatal_crashes": 4,
        "all_total_crashes": 20,
        "pedestrian_crash_prone": true,
        "pedestrian_simple_crashes": 8,
        "pedestrian_fatal_crashes": 2,
        "pedestrian_total_crashes": 10,
        "two_wheeler_crash_prone": false,
        "two_wheeler_simple_crashes": null,
        "two_wheeler_fatal_crashes": null,
        "two_wheeler_total_crashes": null,
        "htv_crash_prone": true,
        "htv_simple_crashes": 3,
        "htv_fatal_crashes": 1,
        "htv_total_crashes": 4,
        "hit_and_run_crash_prone": true,
        "hit_and_run_simple_crashes": 4,
        "hit_and_run_fatal_crashes": 3,
        "hit_and_run_total_crashes": 7,
        "day_time_crash_prone": true,
        "day_simple_crashes": null,
        "day_fatal_crashes": null,
        "day_total_crashes": null,
        "night_time_crash_prone": true,
        "night_simple_crashes": null,
        "night_fatal_crashes": null,
        "night_total_crashes": null,
        "blackspot_2024": false,
        "blackspot_rank": null,
        "blackspot_noninjury_crashes": null,
        "blackspot_simple_crashes": null,
        "blackspot_fatal_crashes": null,
        "blackspot_total_crashes": null,
        "blackspot_persons_killed": null,
        "blackspot_persons_injured": null,
        "cctv_priority_candidate": true,
        "cctv_priority_reason": "Listed in Table 6.37 as a hit-and-run crash-prone zone; the report recommends CCTV installation at these locations.",
        "zone_radius_m_derived": 250,
        "geometry_status": "coordinates_not_published_in_report",
        "osm_search_query": "Sarai Kale Khan, Ring Road, Delhi, India",
        "source": "Delhi Road Crash Report 2024, Delhi Traffic Police",
        "source_pdf_pages": [
          112,
          113,
          114,
          115,
          120,
          123,
          125,
          127,
          128,
          129
        ],
        "day_time_simple_crashes": 9,
        "day_time_fatal_crashes": 1,
        "day_time_total_crashes": 10,
        "night_time_simple_crashes": 7,
        "night_time_fatal_crashes": 3,
        "night_time_total_crashes": 10,
        "coordinate_is_approximate": true,
        "coordinate_method": "transport_hub_centre",
        "coordinate_confidence": "high",
        "estimated_accuracy_m": 350,
        "coordinate_source": "Approximate Delhi landmark/intersection/locality centre derived from the report place name",
        "coordinate_warning": "Not the Delhi Traffic Police geotag and not a surveyed crash location.",
        "coordinate_order": "[longitude, latitude]",
        "zone_radius_m": 250,
        "zone_diameter_m": 500,
        "geometry_representation": "approximate_250m_radius_zone",
        "buffer_warning": "The report defines crash-prone zones using a 500-metre diameter. This polygon is centred on an approximate location, not the unpublished police geotag."
      }
    },
    {
      "type": "Feature",
      "id": "crash-zone-kashmiri-gate-chowk-boulevard-road-buffer-250m",
      "geometry": {
        "type": "Polygon",
        "coordinates": [
          [
            [
              77.2315595168387,
              28.667
            ],
            [
              77.23153761981732,
              28.66729313284275
            ],
            [
              77.23147230341732,
              28.667581250101293
            ],
            [
              77.23136468522038,
              28.667859422009446
            ],
            [
              77.23121660660372,
              28.66812288896874
            ],
            [
              77.23103060123351,
              28.668367142986458
            ],
            [
              77.2308098517132,
              28.66858800480863
            ],
            [
              77.23055813512829,
              28.66878169542825
            ],
            [
              77.23027975841934,
              28.668944900745117
            ],
            [
              77.22997948468903,
              28.669074828271004
            ],
            [
              77.22966245170412,
              28.66916925490992
            ],
            [
              77.22933408398687,
              28.6692265649959
            ],
            [
              77.229,
              28.66924577793748
            ],
            [
              77.22866591601313,
              28.6692265649959
            ],
            [
              77.22833754829588,
              28.66916925490992
            ],
            [
              77.22802051531097,
              28.669074828271004
            ],
            [
              77.22772024158066,
              28.668944900745117
            ],
            [
              77.22744186487171,
              28.66878169542825
            ],
            [
              77.2271901482868,
              28.66858800480863
            ],
            [
              77.22696939876649,
              28.668367142986458
            ],
            [
              77.22678339339627,
              28.66812288896874
            ],
            [
              77.22663531477961,
              28.667859422009446
            ],
            [
              77.22652769658268,
              28.667581250101293
            ],
            [
              77.22646238018268,
              28.66729313284275
            ],
            [
              77.2264404831613,
              28.667
            ],
            [
              77.22646238018268,
              28.666706867157252
            ],
            [
              77.22652769658268,
              28.66641874989871
            ],
            [
              77.22663531477961,
              28.666140577990557
            ],
            [
              77.22678339339627,
              28.665877111031264
            ],
            [
              77.22696939876649,
              28.665632857013545
            ],
            [
              77.2271901482868,
              28.665411995191374
            ],
            [
              77.22744186487171,
              28.665218304571752
            ],
            [
              77.22772024158066,
              28.665055099254886
            ],
            [
              77.22802051531097,
              28.664925171729
            ],
            [
              77.22833754829588,
              28.664830745090082
            ],
            [
              77.22866591601313,
              28.664773435004104
            ],
            [
              77.229,
              28.664754222062523
            ],
            [
              77.22933408398687,
              28.664773435004104
            ],
            [
              77.22966245170412,
              28.664830745090082
            ],
            [
              77.22997948468903,
              28.664925171729
            ],
            [
              77.23027975841934,
              28.665055099254886
            ],
            [
              77.23055813512829,
              28.665218304571752
            ],
            [
              77.2308098517132,
              28.665411995191374
            ],
            [
              77.23103060123351,
              28.665632857013545
            ],
            [
              77.23121660660372,
              28.665877111031264
            ],
            [
              77.23136468522038,
              28.666140577990557
            ],
            [
              77.23147230341732,
              28.66641874989871
            ],
            [
              77.23153761981732,
              28.666706867157252
            ],
            [
              77.2315595168387,
              28.667
            ]
          ]
        ]
      },
      "properties": {
        "feature_id": "crash-zone-kashmiri-gate-chowk-boulevard-road",
        "location_name": "Kashmiri Gate Chowk Boulevard Road",
        "road_name": "Boulevard Road",
        "listed_in_table_6_29": true,
        "table_6_29_rank": 32,
        "all_simple_crashes": 14,
        "all_fatal_crashes": 4,
        "all_total_crashes": 18,
        "pedestrian_crash_prone": true,
        "pedestrian_simple_crashes": 8,
        "pedestrian_fatal_crashes": 4,
        "pedestrian_total_crashes": 12,
        "two_wheeler_crash_prone": false,
        "two_wheeler_simple_crashes": null,
        "two_wheeler_fatal_crashes": null,
        "two_wheeler_total_crashes": null,
        "htv_crash_prone": false,
        "htv_simple_crashes": null,
        "htv_fatal_crashes": null,
        "htv_total_crashes": null,
        "hit_and_run_crash_prone": false,
        "hit_and_run_simple_crashes": null,
        "hit_and_run_fatal_crashes": null,
        "hit_and_run_total_crashes": null,
        "day_time_crash_prone": false,
        "day_simple_crashes": null,
        "day_fatal_crashes": null,
        "day_total_crashes": null,
        "night_time_crash_prone": true,
        "night_simple_crashes": null,
        "night_fatal_crashes": null,
        "night_total_crashes": null,
        "blackspot_2024": false,
        "blackspot_rank": null,
        "blackspot_noninjury_crashes": null,
        "blackspot_simple_crashes": null,
        "blackspot_fatal_crashes": null,
        "blackspot_total_crashes": null,
        "blackspot_persons_killed": null,
        "blackspot_persons_injured": null,
        "cctv_priority_candidate": false,
        "cctv_priority_reason": null,
        "zone_radius_m_derived": 250,
        "geometry_status": "coordinates_not_published_in_report",
        "osm_search_query": "Kashmiri Gate Chowk Boulevard Road, Boulevard Road, Delhi, India",
        "source": "Delhi Road Crash Report 2024, Delhi Traffic Police",
        "source_pdf_pages": [
          112,
          113,
          114,
          115,
          120,
          128,
          129
        ],
        "night_time_simple_crashes": 8,
        "night_time_fatal_crashes": 2,
        "night_time_total_crashes": 10,
        "coordinate_is_approximate": true,
        "coordinate_method": "intersection_centre",
        "coordinate_confidence": "high",
        "estimated_accuracy_m": 300,
        "coordinate_source": "Approximate Delhi landmark/intersection/locality centre derived from the report place name",
        "coordinate_warning": "Not the Delhi Traffic Police geotag and not a surveyed crash location.",
        "coordinate_order": "[longitude, latitude]",
        "zone_radius_m": 250,
        "zone_diameter_m": 500,
        "geometry_representation": "approximate_250m_radius_zone",
        "buffer_warning": "The report defines crash-prone zones using a 500-metre diameter. This polygon is centred on an approximate location, not the unpublished police geotag."
      }
    },
    {
      "type": "Feature",
      "id": "crash-zone-burari-chowk-buffer-250m",
      "geometry": {
        "type": "Polygon",
        "coordinates": [
          [
            [
              77.20156142568668,
              28.745
            ],
            [
              77.20153951233485,
              28.74529313284275
            ],
            [
              77.20147414722288,
              28.745581250101292
            ],
            [
              77.20136644876597,
              28.745859422009445
            ],
            [
              77.20121825971457,
              28.74612288896874
            ],
            [
              77.20103211562443,
              28.746367142986458
            ],
            [
              77.20081120147255,
              28.74658800480863
            ],
            [
              77.20055929716132,
              28.74678169542825
            ],
            [
              77.20028071284334,
              28.746944900745117
            ],
            [
              77.19998021517353,
              28.747074828271003
            ],
            [
              77.19966294575032,
              28.74716925490992
            ],
            [
              77.19933433314154,
              28.7472265649959
            ],
            [
              77.199,
              28.74724577793748
            ],
            [
              77.19866566685846,
              28.7472265649959
            ],
            [
              77.19833705424968,
              28.74716925490992
            ],
            [
              77.19801978482647,
              28.747074828271003
            ],
            [
              77.19771928715666,
              28.746944900745117
            ],
            [
              77.19744070283868,
              28.74678169542825
            ],
            [
              77.19718879852745,
              28.74658800480863
            ],
            [
              77.19696788437557,
              28.746367142986458
            ],
            [
              77.19678174028543,
              28.74612288896874
            ],
            [
              77.19663355123403,
              28.745859422009445
            ],
            [
              77.19652585277711,
              28.745581250101292
            ],
            [
              77.19646048766515,
              28.74529313284275
            ],
            [
              77.19643857431332,
              28.745
            ],
            [
              77.19646048766515,
              28.74470686715725
            ],
            [
              77.19652585277711,
              28.74441874989871
            ],
            [
              77.19663355123403,
              28.744140577990557
            ],
            [
              77.19678174028543,
              28.743877111031264
            ],
            [
              77.19696788437557,
              28.743632857013544
            ],
            [
              77.19718879852745,
              28.743411995191373
            ],
            [
              77.19744070283868,
              28.74321830457175
            ],
            [
              77.19771928715666,
              28.743055099254885
            ],
            [
              77.19801978482647,
              28.742925171729
            ],
            [
              77.19833705424968,
              28.74283074509008
            ],
            [
              77.19866566685846,
              28.742773435004104
            ],
            [
              77.199,
              28.742754222062523
            ],
            [
              77.19933433314154,
              28.742773435004104
            ],
            [
              77.19966294575032,
              28.74283074509008
            ],
            [
              77.19998021517353,
              28.742925171729
            ],
            [
              77.20028071284334,
              28.743055099254885
            ],
            [
              77.20055929716132,
              28.74321830457175
            ],
            [
              77.20081120147255,
              28.743411995191373
            ],
            [
              77.20103211562443,
              28.743632857013544
            ],
            [
              77.20121825971457,
              28.743877111031264
            ],
            [
              77.20136644876597,
              28.744140577990557
            ],
            [
              77.20147414722288,
              28.74441874989871
            ],
            [
              77.20153951233485,
              28.74470686715725
            ],
            [
              77.20156142568668,
              28.745
            ]
          ]
        ]
      },
      "properties": {
        "feature_id": "crash-zone-burari-chowk",
        "location_name": "Burari Chowk",
        "road_name": "Outer Ring Road",
        "listed_in_table_6_29": true,
        "table_6_29_rank": 33,
        "all_simple_crashes": 12,
        "all_fatal_crashes": 4,
        "all_total_crashes": 16,
        "pedestrian_crash_prone": false,
        "pedestrian_simple_crashes": null,
        "pedestrian_fatal_crashes": null,
        "pedestrian_total_crashes": null,
        "two_wheeler_crash_prone": false,
        "two_wheeler_simple_crashes": null,
        "two_wheeler_fatal_crashes": null,
        "two_wheeler_total_crashes": null,
        "htv_crash_prone": false,
        "htv_simple_crashes": null,
        "htv_fatal_crashes": null,
        "htv_total_crashes": null,
        "hit_and_run_crash_prone": true,
        "hit_and_run_simple_crashes": 6,
        "hit_and_run_fatal_crashes": 3,
        "hit_and_run_total_crashes": 9,
        "day_time_crash_prone": false,
        "day_simple_crashes": null,
        "day_fatal_crashes": null,
        "day_total_crashes": null,
        "night_time_crash_prone": true,
        "night_simple_crashes": null,
        "night_fatal_crashes": null,
        "night_total_crashes": null,
        "blackspot_2024": false,
        "blackspot_rank": null,
        "blackspot_noninjury_crashes": null,
        "blackspot_simple_crashes": null,
        "blackspot_fatal_crashes": null,
        "blackspot_total_crashes": null,
        "blackspot_persons_killed": null,
        "blackspot_persons_injured": null,
        "cctv_priority_candidate": true,
        "cctv_priority_reason": "Listed in Table 6.37 as a hit-and-run crash-prone zone; the report recommends CCTV installation at these locations.",
        "zone_radius_m_derived": 250,
        "geometry_status": "coordinates_not_published_in_report",
        "osm_search_query": "Burari Chowk, Outer Ring Road, Delhi, India",
        "source": "Delhi Road Crash Report 2024, Delhi Traffic Police",
        "source_pdf_pages": [
          112,
          113,
          114,
          115,
          125,
          128,
          129
        ],
        "night_time_simple_crashes": 4,
        "night_time_fatal_crashes": 3,
        "night_time_total_crashes": 7,
        "coordinate_is_approximate": true,
        "coordinate_method": "intersection_centre",
        "coordinate_confidence": "medium",
        "estimated_accuracy_m": 550,
        "coordinate_source": "Approximate Delhi landmark/intersection/locality centre derived from the report place name",
        "coordinate_warning": "Not the Delhi Traffic Police geotag and not a surveyed crash location.",
        "coordinate_order": "[longitude, latitude]",
        "zone_radius_m": 250,
        "zone_diameter_m": 500,
        "geometry_representation": "approximate_250m_radius_zone",
        "buffer_warning": "The report defines crash-prone zones using a 500-metre diameter. This polygon is centred on an approximate location, not the unpublished police geotag."
      }
    },
    {
      "type": "Feature",
      "id": "crash-zone-adarsh-nagar-buffer-250m",
      "geometry": {
        "type": "Polygon",
        "coordinates": [
          [
            [
              77.17256071510013,
              28.716
            ],
            [
              77.17253880782746,
              28.71629313284275
            ],
            [
              77.17247346084898,
              28.716581250101292
            ],
            [
              77.1723657922696,
              28.716859422009446
            ],
            [
              77.17221764432857,
              28.71712288896874
            ],
            [
              77.17203155187822,
              28.717367142986458
            ],
            [
              77.17181069901198,
              28.71758800480863
            ],
            [
              77.17155886458364,
              28.71778169542825
            ],
            [
              77.17128035755006,
              28.717944900745117
            ],
            [
              77.17097994324382,
              28.718074828271003
            ],
            [
              77.170662761837,
              28.71816925490992
            ],
            [
              77.17033424039138,
              28.7182265649959
            ],
            [
              77.17,
              28.71824577793748
            ],
            [
              77.16966575960862,
              28.7182265649959
            ],
            [
              77.16933723816301,
              28.71816925490992
            ],
            [
              77.16902005675618,
              28.718074828271003
            ],
            [
              77.16871964244994,
              28.717944900745117
            ],
            [
              77.16844113541636,
              28.71778169542825
            ],
            [
              77.16818930098802,
              28.71758800480863
            ],
            [
              77.16796844812178,
              28.717367142986458
            ],
            [
              77.16778235567143,
              28.71712288896874
            ],
            [
              77.1676342077304,
              28.716859422009446
            ],
            [
              77.16752653915103,
              28.716581250101292
            ],
            [
              77.16746119217254,
              28.71629313284275
            ],
            [
              77.16743928489987,
              28.716
            ],
            [
              77.16746119217254,
              28.71570686715725
            ],
            [
              77.16752653915103,
              28.71541874989871
            ],
            [
              77.1676342077304,
              28.715140577990557
            ],
            [
              77.16778235567143,
              28.714877111031264
            ],
            [
              77.16796844812178,
              28.714632857013545
            ],
            [
              77.16818930098802,
              28.714411995191373
            ],
            [
              77.16844113541636,
              28.71421830457175
            ],
            [
              77.16871964244994,
              28.714055099254885
            ],
            [
              77.16902005675618,
              28.713925171729
            ],
            [
              77.16933723816301,
              28.713830745090082
            ],
            [
              77.16966575960862,
              28.713773435004104
            ],
            [
              77.17,
              28.713754222062523
            ],
            [
              77.17033424039138,
              28.713773435004104
            ],
            [
              77.170662761837,
              28.713830745090082
            ],
            [
              77.17097994324382,
              28.713925171729
            ],
            [
              77.17128035755006,
              28.714055099254885
            ],
            [
              77.17155886458364,
              28.71421830457175
            ],
            [
              77.17181069901198,
              28.714411995191373
            ],
            [
              77.17203155187822,
              28.714632857013545
            ],
            [
              77.17221764432857,
              28.714877111031264
            ],
            [
              77.1723657922696,
              28.715140577990557
            ],
            [
              77.17247346084898,
              28.71541874989871
            ],
            [
              77.17253880782746,
              28.71570686715725
            ],
            [
              77.17256071510013,
              28.716
            ]
          ]
        ]
      },
      "properties": {
        "feature_id": "crash-zone-adarsh-nagar",
        "location_name": "Adarsh Nagar",
        "road_name": "GTK Road",
        "listed_in_table_6_29": true,
        "table_6_29_rank": 34,
        "all_simple_crashes": 12,
        "all_fatal_crashes": 4,
        "all_total_crashes": 16,
        "pedestrian_crash_prone": true,
        "pedestrian_simple_crashes": 6,
        "pedestrian_fatal_crashes": 4,
        "pedestrian_total_crashes": 10,
        "two_wheeler_crash_prone": false,
        "two_wheeler_simple_crashes": null,
        "two_wheeler_fatal_crashes": null,
        "two_wheeler_total_crashes": null,
        "htv_crash_prone": true,
        "htv_simple_crashes": 3,
        "htv_fatal_crashes": 3,
        "htv_total_crashes": 6,
        "hit_and_run_crash_prone": false,
        "hit_and_run_simple_crashes": null,
        "hit_and_run_fatal_crashes": null,
        "hit_and_run_total_crashes": null,
        "day_time_crash_prone": false,
        "day_simple_crashes": null,
        "day_fatal_crashes": null,
        "day_total_crashes": null,
        "night_time_crash_prone": true,
        "night_simple_crashes": null,
        "night_fatal_crashes": null,
        "night_total_crashes": null,
        "blackspot_2024": false,
        "blackspot_rank": null,
        "blackspot_noninjury_crashes": null,
        "blackspot_simple_crashes": null,
        "blackspot_fatal_crashes": null,
        "blackspot_total_crashes": null,
        "blackspot_persons_killed": null,
        "blackspot_persons_injured": null,
        "cctv_priority_candidate": false,
        "cctv_priority_reason": null,
        "zone_radius_m_derived": 250,
        "geometry_status": "coordinates_not_published_in_report",
        "osm_search_query": "Adarsh Nagar, GTK Road, Delhi, India",
        "source": "Delhi Road Crash Report 2024, Delhi Traffic Police",
        "source_pdf_pages": [
          112,
          113,
          114,
          115,
          120,
          123,
          128,
          129
        ],
        "night_time_simple_crashes": 5,
        "night_time_fatal_crashes": 3,
        "night_time_total_crashes": 8,
        "coordinate_is_approximate": true,
        "coordinate_method": "locality_centre",
        "coordinate_confidence": "medium",
        "estimated_accuracy_m": 650,
        "coordinate_source": "Approximate Delhi landmark/intersection/locality centre derived from the report place name",
        "coordinate_warning": "Not the Delhi Traffic Police geotag and not a surveyed crash location.",
        "coordinate_order": "[longitude, latitude]",
        "zone_radius_m": 250,
        "zone_diameter_m": 500,
        "geometry_representation": "approximate_250m_radius_zone",
        "buffer_warning": "The report defines crash-prone zones using a 500-metre diameter. This polygon is centred on an approximate location, not the unpublished police geotag."
      }
    },
    {
      "type": "Feature",
      "id": "crash-zone-chhatra-marg-crossing-buffer-250m",
      "geometry": {
        "type": "Polygon",
        "coordinates": [
          [
            [
              77.2105600300127,
              28.688
            ],
            [
              77.21053812860104,
              28.688293132842748
            ],
            [
              77.21047279910533,
              28.68858125010129
            ],
            [
              77.21036515933135,
              28.688859422009443
            ],
            [
              77.21021705102544,
              28.689122888968736
            ],
            [
              77.21003100836182,
              28.689367142986455
            ],
            [
              77.20981021458202,
              28.689588004808627
            ],
            [
              77.20955844752883,
              28.68978169542825
            ],
            [
              77.20928001500634,
              28.689944900745115
            ],
            [
              77.20897968107222,
              28.690074828271
            ],
            [
              77.20866258452332,
              28.690169254909918
            ],
            [
              77.20833415096952,
              28.690226564995896
            ],
            [
              77.208,
              28.690245777937477
            ],
            [
              77.20766584903048,
              28.690226564995896
            ],
            [
              77.20733741547667,
              28.690169254909918
            ],
            [
              77.20702031892777,
              28.690074828271
            ],
            [
              77.20671998499365,
              28.689944900745115
            ],
            [
              77.20644155247116,
              28.68978169542825
            ],
            [
              77.20618978541798,
              28.689588004808627
            ],
            [
              77.20596899163817,
              28.689367142986455
            ],
            [
              77.20578294897456,
              28.689122888968736
            ],
            [
              77.20563484066865,
              28.688859422009443
            ],
            [
              77.20552720089466,
              28.68858125010129
            ],
            [
              77.20546187139895,
              28.688293132842748
            ],
            [
              77.2054399699873,
              28.688
            ],
            [
              77.20546187139895,
              28.68770686715725
            ],
            [
              77.20552720089466,
              28.687418749898708
            ],
            [
              77.20563484066865,
              28.687140577990554
            ],
            [
              77.20578294897456,
              28.68687711103126
            ],
            [
              77.20596899163817,
              28.686632857013542
            ],
            [
              77.20618978541798,
              28.68641199519137
            ],
            [
              77.20644155247116,
              28.68621830457175
            ],
            [
              77.20671998499365,
              28.686055099254883
            ],
            [
              77.20702031892777,
              28.685925171728996
            ],
            [
              77.20733741547667,
              28.68583074509008
            ],
            [
              77.20766584903048,
              28.6857734350041
            ],
            [
              77.208,
              28.68575422206252
            ],
            [
              77.20833415096952,
              28.6857734350041
            ],
            [
              77.20866258452332,
              28.68583074509008
            ],
            [
              77.20897968107222,
              28.685925171728996
            ],
            [
              77.20928001500634,
              28.686055099254883
            ],
            [
              77.20955844752883,
              28.68621830457175
            ],
            [
              77.20981021458202,
              28.68641199519137
            ],
            [
              77.21003100836182,
              28.686632857013542
            ],
            [
              77.21021705102544,
              28.68687711103126
            ],
            [
              77.21036515933135,
              28.687140577990554
            ],
            [
              77.21047279910533,
              28.687418749898708
            ],
            [
              77.21053812860104,
              28.68770686715725
            ],
            [
              77.2105600300127,
              28.688
            ]
          ]
        ]
      },
      "properties": {
        "feature_id": "crash-zone-chhatra-marg-crossing",
        "location_name": "Chhatra Marg Crossing",
        "road_name": "Ring Road",
        "listed_in_table_6_29": true,
        "table_6_29_rank": 35,
        "all_simple_crashes": 12,
        "all_fatal_crashes": 4,
        "all_total_crashes": 16,
        "pedestrian_crash_prone": true,
        "pedestrian_simple_crashes": 8,
        "pedestrian_fatal_crashes": 2,
        "pedestrian_total_crashes": 10,
        "two_wheeler_crash_prone": false,
        "two_wheeler_simple_crashes": null,
        "two_wheeler_fatal_crashes": null,
        "two_wheeler_total_crashes": null,
        "htv_crash_prone": false,
        "htv_simple_crashes": null,
        "htv_fatal_crashes": null,
        "htv_total_crashes": null,
        "hit_and_run_crash_prone": false,
        "hit_and_run_simple_crashes": null,
        "hit_and_run_fatal_crashes": null,
        "hit_and_run_total_crashes": null,
        "day_time_crash_prone": true,
        "day_simple_crashes": null,
        "day_fatal_crashes": null,
        "day_total_crashes": null,
        "night_time_crash_prone": false,
        "night_simple_crashes": null,
        "night_fatal_crashes": null,
        "night_total_crashes": null,
        "blackspot_2024": false,
        "blackspot_rank": null,
        "blackspot_noninjury_crashes": null,
        "blackspot_simple_crashes": null,
        "blackspot_fatal_crashes": null,
        "blackspot_total_crashes": null,
        "blackspot_persons_killed": null,
        "blackspot_persons_injured": null,
        "cctv_priority_candidate": false,
        "cctv_priority_reason": null,
        "zone_radius_m_derived": 250,
        "geometry_status": "coordinates_not_published_in_report",
        "osm_search_query": "Chhatra Marg Crossing, Ring Road, Delhi, India",
        "source": "Delhi Road Crash Report 2024, Delhi Traffic Police",
        "source_pdf_pages": [
          112,
          113,
          114,
          115,
          120,
          127
        ],
        "day_time_simple_crashes": 9,
        "day_time_fatal_crashes": 3,
        "day_time_total_crashes": 12,
        "coordinate_is_approximate": true,
        "coordinate_method": "intersection_centre",
        "coordinate_confidence": "medium",
        "estimated_accuracy_m": 500,
        "coordinate_source": "Approximate Delhi landmark/intersection/locality centre derived from the report place name",
        "coordinate_warning": "Not the Delhi Traffic Police geotag and not a surveyed crash location.",
        "coordinate_order": "[longitude, latitude]",
        "zone_radius_m": 250,
        "zone_diameter_m": 500,
        "geometry_representation": "approximate_250m_radius_zone",
        "buffer_warning": "The report defines crash-prone zones using a 500-metre diameter. This polygon is centred on an approximate location, not the unpublished police geotag."
      }
    },
    {
      "type": "Feature",
      "id": "crash-zone-shastri-nagar-metro-station-buffer-250m",
      "geometry": {
        "type": "Polygon",
        "coordinates": [
          [
            [
              77.18355959011562,
              28.67
            ],
            [
              77.18353769246735,
              28.67029313284275
            ],
            [
              77.1834723741974,
              28.670581250101293
            ],
            [
              77.18336475291943,
              28.670859422009446
            ],
            [
              77.1832166700634,
              28.67112288896874
            ],
            [
              77.183030659368,
              28.67136714298646
            ],
            [
              77.18280990352781,
              28.67158800480863
            ],
            [
              77.18255817973646,
              28.67178169542825
            ],
            [
              77.18227979505781,
              28.671944900745117
            ],
            [
              77.18197951273089,
              28.672074828271004
            ],
            [
              77.18166247066958,
              28.67216925490992
            ],
            [
              77.18133409355143,
              28.6722265649959
            ],
            [
              77.181,
              28.67224577793748
            ],
            [
              77.18066590644857,
              28.6722265649959
            ],
            [
              77.18033752933042,
              28.67216925490992
            ],
            [
              77.1800204872691,
              28.672074828271004
            ],
            [
              77.17972020494219,
              28.671944900745117
            ],
            [
              77.17944182026353,
              28.67178169542825
            ],
            [
              77.17919009647218,
              28.67158800480863
            ],
            [
              77.178969340632,
              28.67136714298646
            ],
            [
              77.17878332993659,
              28.67112288896874
            ],
            [
              77.17863524708056,
              28.670859422009446
            ],
            [
              77.1785276258026,
              28.670581250101293
            ],
            [
              77.17846230753264,
              28.67029313284275
            ],
            [
              77.17844040988437,
              28.67
            ],
            [
              77.17846230753264,
              28.669706867157252
            ],
            [
              77.1785276258026,
              28.66941874989871
            ],
            [
              77.17863524708056,
              28.669140577990557
            ],
            [
              77.17878332993659,
              28.668877111031264
            ],
            [
              77.178969340632,
              28.668632857013545
            ],
            [
              77.17919009647218,
              28.668411995191374
            ],
            [
              77.17944182026353,
              28.668218304571752
            ],
            [
              77.17972020494219,
              28.668055099254886
            ],
            [
              77.1800204872691,
              28.667925171729
            ],
            [
              77.18033752933042,
              28.667830745090082
            ],
            [
              77.18066590644857,
              28.667773435004104
            ],
            [
              77.181,
              28.667754222062523
            ],
            [
              77.18133409355143,
              28.667773435004104
            ],
            [
              77.18166247066958,
              28.667830745090082
            ],
            [
              77.18197951273089,
              28.667925171729
            ],
            [
              77.18227979505781,
              28.668055099254886
            ],
            [
              77.18255817973646,
              28.668218304571752
            ],
            [
              77.18280990352781,
              28.668411995191374
            ],
            [
              77.183030659368,
              28.668632857013545
            ],
            [
              77.1832166700634,
              28.668877111031264
            ],
            [
              77.18336475291943,
              28.669140577990557
            ],
            [
              77.1834723741974,
              28.66941874989871
            ],
            [
              77.18353769246735,
              28.669706867157252
            ],
            [
              77.18355959011562,
              28.67
            ]
          ]
        ]
      },
      "properties": {
        "feature_id": "crash-zone-shastri-nagar-metro-station",
        "location_name": "Shastri Nagar Metro Station",
        "road_name": "Vir Banda Bairagi Marg",
        "listed_in_table_6_29": true,
        "table_6_29_rank": 36,
        "all_simple_crashes": 10,
        "all_fatal_crashes": 4,
        "all_total_crashes": 14,
        "pedestrian_crash_prone": true,
        "pedestrian_simple_crashes": 5,
        "pedestrian_fatal_crashes": 3,
        "pedestrian_total_crashes": 8,
        "two_wheeler_crash_prone": false,
        "two_wheeler_simple_crashes": null,
        "two_wheeler_fatal_crashes": null,
        "two_wheeler_total_crashes": null,
        "htv_crash_prone": false,
        "htv_simple_crashes": null,
        "htv_fatal_crashes": null,
        "htv_total_crashes": null,
        "hit_and_run_crash_prone": true,
        "hit_and_run_simple_crashes": 5,
        "hit_and_run_fatal_crashes": 3,
        "hit_and_run_total_crashes": 8,
        "day_time_crash_prone": true,
        "day_simple_crashes": null,
        "day_fatal_crashes": null,
        "day_total_crashes": null,
        "night_time_crash_prone": false,
        "night_simple_crashes": null,
        "night_fatal_crashes": null,
        "night_total_crashes": null,
        "blackspot_2024": false,
        "blackspot_rank": null,
        "blackspot_noninjury_crashes": null,
        "blackspot_simple_crashes": null,
        "blackspot_fatal_crashes": null,
        "blackspot_total_crashes": null,
        "blackspot_persons_killed": null,
        "blackspot_persons_injured": null,
        "cctv_priority_candidate": true,
        "cctv_priority_reason": "Listed in Table 6.37 as a hit-and-run crash-prone zone; the report recommends CCTV installation at these locations.",
        "zone_radius_m_derived": 250,
        "geometry_status": "coordinates_not_published_in_report",
        "osm_search_query": "Shastri Nagar Metro Station, Vir Banda Bairagi Marg, Delhi, India",
        "source": "Delhi Road Crash Report 2024, Delhi Traffic Police",
        "source_pdf_pages": [
          112,
          113,
          114,
          115,
          120,
          125,
          127
        ],
        "day_time_simple_crashes": 6,
        "day_time_fatal_crashes": 3,
        "day_time_total_crashes": 9,
        "coordinate_is_approximate": true,
        "coordinate_method": "metro_station_centre",
        "coordinate_confidence": "high",
        "estimated_accuracy_m": 150,
        "coordinate_source": "Approximate Delhi landmark/intersection/locality centre derived from the report place name",
        "coordinate_warning": "Not the Delhi Traffic Police geotag and not a surveyed crash location.",
        "coordinate_order": "[longitude, latitude]",
        "zone_radius_m": 250,
        "zone_diameter_m": 500,
        "geometry_representation": "approximate_250m_radius_zone",
        "buffer_warning": "The report defines crash-prone zones using a 500-metre diameter. This polygon is centred on an approximate location, not the unpublished police geotag."
      }
    },
    {
      "type": "Feature",
      "id": "crash-zone-majlis-park-metro-station-buffer-250m",
      "geometry": {
        "type": "Polygon",
        "coordinates": [
          [
            [
              77.18426092571625,
              28.7246
            ],
            [
              77.18423901664173,
              28.724893132842748
            ],
            [
              77.18417366428852,
              28.72518125010129
            ],
            [
              77.18406598685353,
              28.725459422009443
            ],
            [
              77.18391782672747,
              28.725722888968736
            ],
            [
              77.18373171897122,
              28.725967142986455
            ],
            [
              77.18351084794007,
              28.726188004808627
            ],
            [
              77.18325899279861,
              28.72638169542825
            ],
            [
              77.18298046285813,
              28.726544900745115
            ],
            [
              77.18268002384313,
              28.726674828271
            ],
            [
              77.18236281634846,
              28.726769254909918
            ],
            [
              77.1820342678823,
              28.726826564995896
            ],
            [
              77.1817,
              28.726845777937477
            ],
            [
              77.18136573211771,
              28.726826564995896
            ],
            [
              77.18103718365155,
              28.726769254909918
            ],
            [
              77.18071997615688,
              28.726674828271
            ],
            [
              77.18041953714189,
              28.726544900745115
            ],
            [
              77.1801410072014,
              28.72638169542825
            ],
            [
              77.17988915205994,
              28.726188004808627
            ],
            [
              77.1796682810288,
              28.725967142986455
            ],
            [
              77.17948217327255,
              28.725722888968736
            ],
            [
              77.17933401314649,
              28.725459422009443
            ],
            [
              77.17922633571149,
              28.72518125010129
            ],
            [
              77.17916098335829,
              28.724893132842748
            ],
            [
              77.17913907428377,
              28.7246
            ],
            [
              77.17916098335829,
              28.72430686715725
            ],
            [
              77.17922633571149,
              28.724018749898708
            ],
            [
              77.17933401314649,
              28.723740577990554
            ],
            [
              77.17948217327255,
              28.72347711103126
            ],
            [
              77.1796682810288,
              28.723232857013542
            ],
            [
              77.17988915205994,
              28.72301199519137
            ],
            [
              77.1801410072014,
              28.72281830457175
            ],
            [
              77.18041953714189,
              28.722655099254883
            ],
            [
              77.18071997615688,
              28.722525171728996
            ],
            [
              77.18103718365155,
              28.72243074509008
            ],
            [
              77.18136573211771,
              28.7223734350041
            ],
            [
              77.1817,
              28.72235422206252
            ],
            [
              77.1820342678823,
              28.7223734350041
            ],
            [
              77.18236281634846,
              28.72243074509008
            ],
            [
              77.18268002384313,
              28.722525171728996
            ],
            [
              77.18298046285813,
              28.722655099254883
            ],
            [
              77.18325899279861,
              28.72281830457175
            ],
            [
              77.18351084794007,
              28.72301199519137
            ],
            [
              77.18373171897122,
              28.723232857013542
            ],
            [
              77.18391782672747,
              28.72347711103126
            ],
            [
              77.18406598685353,
              28.723740577990554
            ],
            [
              77.18417366428852,
              28.724018749898708
            ],
            [
              77.18423901664173,
              28.72430686715725
            ],
            [
              77.18426092571625,
              28.7246
            ]
          ]
        ]
      },
      "properties": {
        "feature_id": "crash-zone-majlis-park-metro-station",
        "location_name": "Majlis Park Metro Station",
        "road_name": "Road No.51",
        "listed_in_table_6_29": true,
        "table_6_29_rank": 37,
        "all_simple_crashes": 7,
        "all_fatal_crashes": 4,
        "all_total_crashes": 11,
        "pedestrian_crash_prone": false,
        "pedestrian_simple_crashes": null,
        "pedestrian_fatal_crashes": null,
        "pedestrian_total_crashes": null,
        "two_wheeler_crash_prone": true,
        "two_wheeler_simple_crashes": 2,
        "two_wheeler_fatal_crashes": 3,
        "two_wheeler_total_crashes": 5,
        "htv_crash_prone": false,
        "htv_simple_crashes": null,
        "htv_fatal_crashes": null,
        "htv_total_crashes": null,
        "hit_and_run_crash_prone": false,
        "hit_and_run_simple_crashes": null,
        "hit_and_run_fatal_crashes": null,
        "hit_and_run_total_crashes": null,
        "day_time_crash_prone": true,
        "day_simple_crashes": null,
        "day_fatal_crashes": null,
        "day_total_crashes": null,
        "night_time_crash_prone": false,
        "night_simple_crashes": null,
        "night_fatal_crashes": null,
        "night_total_crashes": null,
        "blackspot_2024": false,
        "blackspot_rank": null,
        "blackspot_noninjury_crashes": null,
        "blackspot_simple_crashes": null,
        "blackspot_fatal_crashes": null,
        "blackspot_total_crashes": null,
        "blackspot_persons_killed": null,
        "blackspot_persons_injured": null,
        "cctv_priority_candidate": false,
        "cctv_priority_reason": null,
        "zone_radius_m_derived": 250,
        "geometry_status": "coordinates_not_published_in_report",
        "osm_search_query": "Majlis Park Metro Station, Road No.51, Delhi, India",
        "source": "Delhi Road Crash Report 2024, Delhi Traffic Police",
        "source_pdf_pages": [
          112,
          113,
          114,
          115,
          122,
          127
        ],
        "day_time_simple_crashes": 5,
        "day_time_fatal_crashes": 3,
        "day_time_total_crashes": 8,
        "coordinate_is_approximate": true,
        "coordinate_method": "metro_station_centre",
        "coordinate_confidence": "high",
        "estimated_accuracy_m": 150,
        "coordinate_source": "Approximate Delhi landmark/intersection/locality centre derived from the report place name",
        "coordinate_warning": "Not the Delhi Traffic Police geotag and not a surveyed crash location.",
        "coordinate_order": "[longitude, latitude]",
        "zone_radius_m": 250,
        "zone_diameter_m": 500,
        "geometry_representation": "approximate_250m_radius_zone",
        "buffer_warning": "The report defines crash-prone zones using a 500-metre diameter. This polygon is centred on an approximate location, not the unpublished police geotag."
      }
    },
    {
      "type": "Feature",
      "id": "crash-zone-keshopur-t-point-buffer-250m",
      "geometry": {
        "type": "Polygon",
        "coordinates": [
          [
            [
              77.08455917502793,
              28.653
            ],
            [
              77.0845372809308,
              28.653293132842748
            ],
            [
              77.08447197325347,
              28.65358125010129
            ],
            [
              77.08436436942843,
              28.653859422009443
            ],
            [
              77.08421631058692,
              28.654122888968736
            ],
            [
              77.0840303300568,
              28.654367142986455
            ],
            [
              77.08380961001649,
              28.654588004808627
            ],
            [
              77.08355792704708,
              28.654781695428248
            ],
            [
              77.08327958751397,
              28.654944900745114
            ],
            [
              77.08297935388372,
              28.655074828271
            ],
            [
              77.08266236323698,
              28.655169254909918
            ],
            [
              77.08233403937162,
              28.655226564995896
            ],
            [
              77.082,
              28.655245777937477
            ],
            [
              77.08166596062837,
              28.655226564995896
            ],
            [
              77.08133763676301,
              28.655169254909918
            ],
            [
              77.08102064611627,
              28.655074828271
            ],
            [
              77.08072041248602,
              28.654944900745114
            ],
            [
              77.0804420729529,
              28.654781695428248
            ],
            [
              77.0801903899835,
              28.654588004808627
            ],
            [
              77.07996966994318,
              28.654367142986455
            ],
            [
              77.07978368941306,
              28.654122888968736
            ],
            [
              77.07963563057156,
              28.653859422009443
            ],
            [
              77.07952802674652,
              28.65358125010129
            ],
            [
              77.07946271906918,
              28.653293132842748
            ],
            [
              77.07944082497205,
              28.653
            ],
            [
              77.07946271906918,
              28.65270686715725
            ],
            [
              77.07952802674652,
              28.652418749898708
            ],
            [
              77.07963563057156,
              28.652140577990554
            ],
            [
              77.07978368941306,
              28.65187711103126
            ],
            [
              77.07996966994318,
              28.651632857013542
            ],
            [
              77.0801903899835,
              28.65141199519137
            ],
            [
              77.0804420729529,
              28.65121830457175
            ],
            [
              77.08072041248602,
              28.651055099254883
            ],
            [
              77.08102064611627,
              28.650925171728996
            ],
            [
              77.08133763676301,
              28.65083074509008
            ],
            [
              77.08166596062837,
              28.6507734350041
            ],
            [
              77.082,
              28.65075422206252
            ],
            [
              77.08233403937162,
              28.6507734350041
            ],
            [
              77.08266236323698,
              28.65083074509008
            ],
            [
              77.08297935388372,
              28.650925171728996
            ],
            [
              77.08327958751397,
              28.651055099254883
            ],
            [
              77.08355792704708,
              28.65121830457175
            ],
            [
              77.08380961001649,
              28.65141199519137
            ],
            [
              77.0840303300568,
              28.651632857013542
            ],
            [
              77.08421631058692,
              28.65187711103126
            ],
            [
              77.08436436942843,
              28.652140577990554
            ],
            [
              77.08447197325347,
              28.652418749898708
            ],
            [
              77.0845372809308,
              28.65270686715725
            ],
            [
              77.08455917502793,
              28.653
            ]
          ]
        ]
      },
      "properties": {
        "feature_id": "crash-zone-keshopur-t-point",
        "location_name": "Keshopur T Point",
        "road_name": "Outer Ring Road",
        "listed_in_table_6_29": true,
        "table_6_29_rank": 38,
        "all_simple_crashes": 7,
        "all_fatal_crashes": 4,
        "all_total_crashes": 11,
        "pedestrian_crash_prone": false,
        "pedestrian_simple_crashes": null,
        "pedestrian_fatal_crashes": null,
        "pedestrian_total_crashes": null,
        "two_wheeler_crash_prone": false,
        "two_wheeler_simple_crashes": null,
        "two_wheeler_fatal_crashes": null,
        "two_wheeler_total_crashes": null,
        "htv_crash_prone": false,
        "htv_simple_crashes": null,
        "htv_fatal_crashes": null,
        "htv_total_crashes": null,
        "hit_and_run_crash_prone": false,
        "hit_and_run_simple_crashes": null,
        "hit_and_run_fatal_crashes": null,
        "hit_and_run_total_crashes": null,
        "day_time_crash_prone": false,
        "day_simple_crashes": null,
        "day_fatal_crashes": null,
        "day_total_crashes": null,
        "night_time_crash_prone": false,
        "night_simple_crashes": null,
        "night_fatal_crashes": null,
        "night_total_crashes": null,
        "blackspot_2024": false,
        "blackspot_rank": null,
        "blackspot_noninjury_crashes": null,
        "blackspot_simple_crashes": null,
        "blackspot_fatal_crashes": null,
        "blackspot_total_crashes": null,
        "blackspot_persons_killed": null,
        "blackspot_persons_injured": null,
        "cctv_priority_candidate": false,
        "cctv_priority_reason": null,
        "zone_radius_m_derived": 250,
        "geometry_status": "coordinates_not_published_in_report",
        "osm_search_query": "Keshopur T Point, Outer Ring Road, Delhi, India",
        "source": "Delhi Road Crash Report 2024, Delhi Traffic Police",
        "source_pdf_pages": [
          112,
          113,
          114,
          115
        ],
        "coordinate_is_approximate": true,
        "coordinate_method": "intersection_centre",
        "coordinate_confidence": "medium",
        "estimated_accuracy_m": 500,
        "coordinate_source": "Approximate Delhi landmark/intersection/locality centre derived from the report place name",
        "coordinate_warning": "Not the Delhi Traffic Police geotag and not a surveyed crash location.",
        "coordinate_order": "[longitude, latitude]",
        "zone_radius_m": 250,
        "zone_diameter_m": 500,
        "geometry_representation": "approximate_250m_radius_zone",
        "buffer_warning": "The report defines crash-prone zones using a 500-metre diameter. This polygon is centred on an approximate location, not the unpublished police geotag."
      }
    },
    {
      "type": "Feature",
      "id": "crash-zone-azad-pur-chowk-buffer-250m",
      "geometry": {
        "type": "Polygon",
        "coordinates": [
          [
            [
              77.17756047031375,
              28.706
            ],
            [
              77.17753856513527,
              28.70629313284275
            ],
            [
              77.1774732244035,
              28.70658125010129
            ],
            [
              77.17736556611648,
              28.706859422009444
            ],
            [
              77.17721743233734,
              28.707122888968737
            ],
            [
              77.17703135767613,
              28.707367142986456
            ],
            [
              77.17681052592188,
              28.707588004808628
            ],
            [
              77.17655871556714,
              28.70778169542825
            ],
            [
              77.17628023515688,
              28.707944900745115
            ],
            [
              77.17597984956814,
              28.708074828271002
            ],
            [
              77.17566269848162,
              28.70816925490992
            ],
            [
              77.17533420844035,
              28.708226564995897
            ],
            [
              77.175,
              28.708245777937478
            ],
            [
              77.17466579155965,
              28.708226564995897
            ],
            [
              77.17433730151838,
              28.70816925490992
            ],
            [
              77.17402015043186,
              28.708074828271002
            ],
            [
              77.17371976484311,
              28.707944900745115
            ],
            [
              77.17344128443285,
              28.70778169542825
            ],
            [
              77.17318947407811,
              28.707588004808628
            ],
            [
              77.17296864232387,
              28.707367142986456
            ],
            [
              77.17278256766265,
              28.707122888968737
            ],
            [
              77.17263443388352,
              28.706859422009444
            ],
            [
              77.1725267755965,
              28.70658125010129
            ],
            [
              77.17246143486473,
              28.70629313284275
            ],
            [
              77.17243952968624,
              28.706
            ],
            [
              77.17246143486473,
              28.70570686715725
            ],
            [
              77.1725267755965,
              28.70541874989871
            ],
            [
              77.17263443388352,
              28.705140577990555
            ],
            [
              77.17278256766265,
              28.704877111031262
            ],
            [
              77.17296864232387,
              28.704632857013543
            ],
            [
              77.17318947407811,
              28.70441199519137
            ],
            [
              77.17344128443285,
              28.70421830457175
            ],
            [
              77.17371976484311,
              28.704055099254884
            ],
            [
              77.17402015043186,
              28.703925171728997
            ],
            [
              77.17433730151838,
              28.70383074509008
            ],
            [
              77.17466579155965,
              28.703773435004102
            ],
            [
              77.175,
              28.70375422206252
            ],
            [
              77.17533420844035,
              28.703773435004102
            ],
            [
              77.17566269848162,
              28.70383074509008
            ],
            [
              77.17597984956814,
              28.703925171728997
            ],
            [
              77.17628023515688,
              28.704055099254884
            ],
            [
              77.17655871556714,
              28.70421830457175
            ],
            [
              77.17681052592188,
              28.70441199519137
            ],
            [
              77.17703135767613,
              28.704632857013543
            ],
            [
              77.17721743233734,
              28.704877111031262
            ],
            [
              77.17736556611648,
              28.705140577990555
            ],
            [
              77.1774732244035,
              28.70541874989871
            ],
            [
              77.17753856513527,
              28.70570686715725
            ],
            [
              77.17756047031375,
              28.706
            ]
          ]
        ]
      },
      "properties": {
        "feature_id": "crash-zone-azad-pur-chowk",
        "location_name": "Azad Pur Chowk",
        "road_name": "GTK Road",
        "listed_in_table_6_29": true,
        "table_6_29_rank": 39,
        "all_simple_crashes": 7,
        "all_fatal_crashes": 4,
        "all_total_crashes": 11,
        "pedestrian_crash_prone": true,
        "pedestrian_simple_crashes": 6,
        "pedestrian_fatal_crashes": 3,
        "pedestrian_total_crashes": 9,
        "two_wheeler_crash_prone": false,
        "two_wheeler_simple_crashes": null,
        "two_wheeler_fatal_crashes": null,
        "two_wheeler_total_crashes": null,
        "htv_crash_prone": false,
        "htv_simple_crashes": null,
        "htv_fatal_crashes": null,
        "htv_total_crashes": null,
        "hit_and_run_crash_prone": true,
        "hit_and_run_simple_crashes": 1,
        "hit_and_run_fatal_crashes": 3,
        "hit_and_run_total_crashes": 4,
        "day_time_crash_prone": false,
        "day_simple_crashes": null,
        "day_fatal_crashes": null,
        "day_total_crashes": null,
        "night_time_crash_prone": true,
        "night_simple_crashes": null,
        "night_fatal_crashes": null,
        "night_total_crashes": null,
        "blackspot_2024": false,
        "blackspot_rank": null,
        "blackspot_noninjury_crashes": null,
        "blackspot_simple_crashes": null,
        "blackspot_fatal_crashes": null,
        "blackspot_total_crashes": null,
        "blackspot_persons_killed": null,
        "blackspot_persons_injured": null,
        "cctv_priority_candidate": true,
        "cctv_priority_reason": "Listed in Table 6.37 as a hit-and-run crash-prone zone; the report recommends CCTV installation at these locations.",
        "zone_radius_m_derived": 250,
        "geometry_status": "coordinates_not_published_in_report",
        "osm_search_query": "Azad Pur Chowk, GTK Road, Delhi, India",
        "source": "Delhi Road Crash Report 2024, Delhi Traffic Police",
        "source_pdf_pages": [
          112,
          113,
          114,
          115,
          120,
          125,
          128,
          129
        ],
        "night_time_simple_crashes": 3,
        "night_time_fatal_crashes": 3,
        "night_time_total_crashes": 6,
        "coordinate_is_approximate": true,
        "coordinate_method": "intersection_centre",
        "coordinate_confidence": "high",
        "estimated_accuracy_m": 300,
        "coordinate_source": "Approximate Delhi landmark/intersection/locality centre derived from the report place name",
        "coordinate_warning": "Not the Delhi Traffic Police geotag and not a surveyed crash location.",
        "coordinate_order": "[longitude, latitude]",
        "zone_radius_m": 250,
        "zone_diameter_m": 500,
        "geometry_representation": "approximate_250m_radius_zone",
        "buffer_warning": "The report defines crash-prone zones using a 500-metre diameter. This polygon is centred on an approximate location, not the unpublished police geotag."
      }
    },
    {
      "type": "Feature",
      "id": "crash-zone-delhi-gate-buffer-250m",
      "geometry": {
        "type": "Polygon",
        "coordinates": [
          [
            [
              77.24255885785075,
              28.64
            ],
            [
              77.24253696646711,
              28.64029313284275
            ],
            [
              77.24247166688384,
              28.64058125010129
            ],
            [
              77.24236407639492,
              28.640859422009445
            ],
            [
              77.24221603590343,
              28.641122888968738
            ],
            [
              77.24203007842323,
              28.641367142986457
            ],
            [
              77.24180938573836,
              28.64158800480863
            ],
            [
              77.24155773396186,
              28.64178169542825
            ],
            [
              77.24127942892537,
              28.641944900745116
            ],
            [
              77.24097923250525,
              28.642074828271003
            ],
            [
              77.24066228114548,
              28.64216925490992
            ],
            [
              77.24033399797169,
              28.642226564995898
            ],
            [
              77.24,
              28.64224577793748
            ],
            [
              77.2396660020283,
              28.642226564995898
            ],
            [
              77.23933771885451,
              28.64216925490992
            ],
            [
              77.23902076749474,
              28.642074828271003
            ],
            [
              77.23872057107462,
              28.641944900745116
            ],
            [
              77.23844226603813,
              28.64178169542825
            ],
            [
              77.23819061426163,
              28.64158800480863
            ],
            [
              77.23796992157676,
              28.641367142986457
            ],
            [
              77.23778396409656,
              28.641122888968738
            ],
            [
              77.23763592360507,
              28.640859422009445
            ],
            [
              77.23752833311615,
              28.64058125010129
            ],
            [
              77.23746303353288,
              28.64029313284275
            ],
            [
              77.23744114214924,
              28.64
            ],
            [
              77.23746303353288,
              28.63970686715725
            ],
            [
              77.23752833311615,
              28.63941874989871
            ],
            [
              77.23763592360507,
              28.639140577990556
            ],
            [
              77.23778396409656,
              28.638877111031263
            ],
            [
              77.23796992157676,
              28.638632857013544
            ],
            [
              77.23819061426163,
              28.638411995191372
            ],
            [
              77.23844226603813,
              28.63821830457175
            ],
            [
              77.23872057107462,
              28.638055099254885
            ],
            [
              77.23902076749474,
              28.637925171728998
            ],
            [
              77.23933771885451,
              28.63783074509008
            ],
            [
              77.2396660020283,
              28.637773435004103
            ],
            [
              77.24,
              28.637754222062522
            ],
            [
              77.24033399797169,
              28.637773435004103
            ],
            [
              77.24066228114548,
              28.63783074509008
            ],
            [
              77.24097923250525,
              28.637925171728998
            ],
            [
              77.24127942892537,
              28.638055099254885
            ],
            [
              77.24155773396186,
              28.63821830457175
            ],
            [
              77.24180938573836,
              28.638411995191372
            ],
            [
              77.24203007842323,
              28.638632857013544
            ],
            [
              77.24221603590343,
              28.638877111031263
            ],
            [
              77.24236407639492,
              28.639140577990556
            ],
            [
              77.24247166688384,
              28.63941874989871
            ],
            [
              77.24253696646711,
              28.63970686715725
            ],
            [
              77.24255885785075,
              28.64
            ]
          ]
        ]
      },
      "properties": {
        "feature_id": "crash-zone-delhi-gate",
        "location_name": "Delhi Gate",
        "road_name": "N. Subhash Marg",
        "listed_in_table_6_29": true,
        "table_6_29_rank": 40,
        "all_simple_crashes": 6,
        "all_fatal_crashes": 4,
        "all_total_crashes": 10,
        "pedestrian_crash_prone": false,
        "pedestrian_simple_crashes": null,
        "pedestrian_fatal_crashes": null,
        "pedestrian_total_crashes": null,
        "two_wheeler_crash_prone": false,
        "two_wheeler_simple_crashes": null,
        "two_wheeler_fatal_crashes": null,
        "two_wheeler_total_crashes": null,
        "htv_crash_prone": false,
        "htv_simple_crashes": null,
        "htv_fatal_crashes": null,
        "htv_total_crashes": null,
        "hit_and_run_crash_prone": false,
        "hit_and_run_simple_crashes": null,
        "hit_and_run_fatal_crashes": null,
        "hit_and_run_total_crashes": null,
        "day_time_crash_prone": false,
        "day_simple_crashes": null,
        "day_fatal_crashes": null,
        "day_total_crashes": null,
        "night_time_crash_prone": true,
        "night_simple_crashes": null,
        "night_fatal_crashes": null,
        "night_total_crashes": null,
        "blackspot_2024": false,
        "blackspot_rank": null,
        "blackspot_noninjury_crashes": null,
        "blackspot_simple_crashes": null,
        "blackspot_fatal_crashes": null,
        "blackspot_total_crashes": null,
        "blackspot_persons_killed": null,
        "blackspot_persons_injured": null,
        "cctv_priority_candidate": false,
        "cctv_priority_reason": null,
        "zone_radius_m_derived": 250,
        "geometry_status": "coordinates_not_published_in_report",
        "osm_search_query": "Delhi Gate, N. Subhash Marg, Delhi, India",
        "source": "Delhi Road Crash Report 2024, Delhi Traffic Police",
        "source_pdf_pages": [
          112,
          113,
          114,
          115,
          128,
          129
        ],
        "night_time_simple_crashes": 4,
        "night_time_fatal_crashes": 3,
        "night_time_total_crashes": 7,
        "coordinate_is_approximate": true,
        "coordinate_method": "landmark_intersection_centre",
        "coordinate_confidence": "high",
        "estimated_accuracy_m": 300,
        "coordinate_source": "Approximate Delhi landmark/intersection/locality centre derived from the report place name",
        "coordinate_warning": "Not the Delhi Traffic Police geotag and not a surveyed crash location.",
        "coordinate_order": "[longitude, latitude]",
        "zone_radius_m": 250,
        "zone_diameter_m": 500,
        "geometry_representation": "approximate_250m_radius_zone",
        "buffer_warning": "The report defines crash-prone zones using a 500-metre diameter. This polygon is centred on an approximate location, not the unpublished police geotag."
      }
    },
    {
      "type": "Feature",
      "id": "crash-zone-siraspur-buffer-250m",
      "geometry": {
        "type": "Polygon",
        "coordinates": [
          [
            [
              77.12156176910456,
              28.759
            ],
            [
              77.12153985281473,
              28.75929313284275
            ],
            [
              77.12147447893908,
              28.75958125010129
            ],
            [
              77.12136676604271,
              28.759859422009445
            ],
            [
              77.12121855712317,
              28.760122888968738
            ],
            [
              77.12103238807616,
              28.760367142986457
            ],
            [
              77.12081144430566,
              28.76058800480863
            ],
            [
              77.12055950622089,
              28.76078169542825
            ],
            [
              77.12028088455227,
              28.760944900745116
            ],
            [
              77.11998034659386,
              28.761074828271003
            ],
            [
              77.11966303463342,
              28.76116925490992
            ],
            [
              77.11933437796657,
              28.761226564995898
            ],
            [
              77.119,
              28.76124577793748
            ],
            [
              77.11866562203343,
              28.761226564995898
            ],
            [
              77.11833696536658,
              28.76116925490992
            ],
            [
              77.11801965340614,
              28.761074828271003
            ],
            [
              77.11771911544773,
              28.760944900745116
            ],
            [
              77.11744049377911,
              28.76078169542825
            ],
            [
              77.11718855569434,
              28.76058800480863
            ],
            [
              77.11696761192384,
              28.760367142986457
            ],
            [
              77.11678144287683,
              28.760122888968738
            ],
            [
              77.11663323395729,
              28.759859422009445
            ],
            [
              77.11652552106092,
              28.75958125010129
            ],
            [
              77.11646014718526,
              28.75929313284275
            ],
            [
              77.11643823089544,
              28.759
            ],
            [
              77.11646014718526,
              28.75870686715725
            ],
            [
              77.11652552106092,
              28.75841874989871
            ],
            [
              77.11663323395729,
              28.758140577990556
            ],
            [
              77.11678144287683,
              28.757877111031263
            ],
            [
              77.11696761192384,
              28.757632857013544
            ],
            [
              77.11718855569434,
              28.757411995191372
            ],
            [
              77.11744049377911,
              28.75721830457175
            ],
            [
              77.11771911544773,
              28.757055099254885
            ],
            [
              77.11801965340614,
              28.756925171728998
            ],
            [
              77.11833696536658,
              28.75683074509008
            ],
            [
              77.11866562203343,
              28.756773435004103
            ],
            [
              77.119,
              28.756754222062522
            ],
            [
              77.11933437796657,
              28.756773435004103
            ],
            [
              77.11966303463342,
              28.75683074509008
            ],
            [
              77.11998034659386,
              28.756925171728998
            ],
            [
              77.12028088455227,
              28.757055099254885
            ],
            [
              77.12055950622089,
              28.75721830457175
            ],
            [
              77.12081144430566,
              28.757411995191372
            ],
            [
              77.12103238807616,
              28.757632857013544
            ],
            [
              77.12121855712317,
              28.757877111031263
            ],
            [
              77.12136676604271,
              28.758140577990556
            ],
            [
              77.12147447893908,
              28.75841874989871
            ],
            [
              77.12153985281473,
              28.75870686715725
            ],
            [
              77.12156176910456,
              28.759
            ]
          ]
        ]
      },
      "properties": {
        "feature_id": "crash-zone-siraspur",
        "location_name": "Siraspur",
        "road_name": "GTK Road",
        "listed_in_table_6_29": true,
        "table_6_29_rank": 41,
        "all_simple_crashes": 6,
        "all_fatal_crashes": 4,
        "all_total_crashes": 10,
        "pedestrian_crash_prone": false,
        "pedestrian_simple_crashes": null,
        "pedestrian_fatal_crashes": null,
        "pedestrian_total_crashes": null,
        "two_wheeler_crash_prone": false,
        "two_wheeler_simple_crashes": null,
        "two_wheeler_fatal_crashes": null,
        "two_wheeler_total_crashes": null,
        "htv_crash_prone": false,
        "htv_simple_crashes": null,
        "htv_fatal_crashes": null,
        "htv_total_crashes": null,
        "hit_and_run_crash_prone": true,
        "hit_and_run_simple_crashes": 2,
        "hit_and_run_fatal_crashes": 3,
        "hit_and_run_total_crashes": 5,
        "day_time_crash_prone": false,
        "day_simple_crashes": null,
        "day_fatal_crashes": null,
        "day_total_crashes": null,
        "night_time_crash_prone": true,
        "night_simple_crashes": null,
        "night_fatal_crashes": null,
        "night_total_crashes": null,
        "blackspot_2024": false,
        "blackspot_rank": null,
        "blackspot_noninjury_crashes": null,
        "blackspot_simple_crashes": null,
        "blackspot_fatal_crashes": null,
        "blackspot_total_crashes": null,
        "blackspot_persons_killed": null,
        "blackspot_persons_injured": null,
        "cctv_priority_candidate": true,
        "cctv_priority_reason": "Listed in Table 6.37 as a hit-and-run crash-prone zone; the report recommends CCTV installation at these locations.",
        "zone_radius_m_derived": 250,
        "geometry_status": "coordinates_not_published_in_report",
        "osm_search_query": "Siraspur, GTK Road, Delhi, India",
        "source": "Delhi Road Crash Report 2024, Delhi Traffic Police",
        "source_pdf_pages": [
          112,
          113,
          114,
          115,
          125,
          128,
          129
        ],
        "night_time_simple_crashes": 4,
        "night_time_fatal_crashes": 3,
        "night_time_total_crashes": 7,
        "coordinate_is_approximate": true,
        "coordinate_method": "locality_centre",
        "coordinate_confidence": "medium",
        "estimated_accuracy_m": 800,
        "coordinate_source": "Approximate Delhi landmark/intersection/locality centre derived from the report place name",
        "coordinate_warning": "Not the Delhi Traffic Police geotag and not a surveyed crash location.",
        "coordinate_order": "[longitude, latitude]",
        "zone_radius_m": 250,
        "zone_diameter_m": 500,
        "geometry_representation": "approximate_250m_radius_zone",
        "buffer_warning": "The report defines crash-prone zones using a 500-metre diameter. This polygon is centred on an approximate location, not the unpublished police geotag."
      }
    },
    {
      "type": "Feature",
      "id": "crash-zone-dhaula-kuan-buffer-250m",
      "geometry": {
        "type": "Polygon",
        "coordinates": [
          [
            [
              77.16455768855599,
              28.592
            ],
            [
              77.16453580717582,
              28.592293132842748
            ],
            [
              77.16447053743184,
              28.59258125010129
            ],
            [
              77.16436299610741,
              28.592859422009443
            ],
            [
              77.16421502326446,
              28.593122888968736
            ],
            [
              77.16402915075932,
              28.593367142986455
            ],
            [
              77.1638085589221,
              28.593588004808627
            ],
            [
              77.16355702214031,
              28.593781695428248
            ],
            [
              77.163278844278,
              28.593944900745115
            ],
            [
              77.16297878503553,
              28.594074828271
            ],
            [
              77.16266197850973,
              28.594169254909918
            ],
            [
              77.1623338453481,
              28.594226564995896
            ],
            [
              77.162,
              28.594245777937477
            ],
            [
              77.16166615465191,
              28.594226564995896
            ],
            [
              77.16133802149028,
              28.594169254909918
            ],
            [
              77.16102121496448,
              28.594074828271
            ],
            [
              77.16072115572202,
              28.593944900745115
            ],
            [
              77.1604429778597,
              28.593781695428248
            ],
            [
              77.16019144107791,
              28.593588004808627
            ],
            [
              77.1599708492407,
              28.593367142986455
            ],
            [
              77.15978497673555,
              28.593122888968736
            ],
            [
              77.1596370038926,
              28.592859422009443
            ],
            [
              77.15952946256817,
              28.59258125010129
            ],
            [
              77.15946419282419,
              28.592293132842748
            ],
            [
              77.15944231144402,
              28.592
            ],
            [
              77.15946419282419,
              28.59170686715725
            ],
            [
              77.15952946256817,
              28.591418749898708
            ],
            [
              77.1596370038926,
              28.591140577990554
            ],
            [
              77.15978497673555,
              28.59087711103126
            ],
            [
              77.1599708492407,
              28.590632857013542
            ],
            [
              77.16019144107791,
              28.59041199519137
            ],
            [
              77.1604429778597,
              28.59021830457175
            ],
            [
              77.16072115572202,
              28.590055099254883
            ],
            [
              77.16102121496448,
              28.589925171728996
            ],
            [
              77.16133802149028,
              28.58983074509008
            ],
            [
              77.16166615465191,
              28.5897734350041
            ],
            [
              77.162,
              28.58975422206252
            ],
            [
              77.1623338453481,
              28.5897734350041
            ],
            [
              77.16266197850973,
              28.58983074509008
            ],
            [
              77.16297878503553,
              28.589925171728996
            ],
            [
              77.163278844278,
              28.590055099254883
            ],
            [
              77.16355702214031,
              28.59021830457175
            ],
            [
              77.1638085589221,
              28.59041199519137
            ],
            [
              77.16402915075932,
              28.590632857013542
            ],
            [
              77.16421502326446,
              28.59087711103126
            ],
            [
              77.16436299610741,
              28.591140577990554
            ],
            [
              77.16447053743184,
              28.591418749898708
            ],
            [
              77.16453580717582,
              28.59170686715725
            ],
            [
              77.16455768855599,
              28.592
            ]
          ]
        ]
      },
      "properties": {
        "feature_id": "crash-zone-dhaula-kuan",
        "location_name": "Dhaula Kuan",
        "road_name": "Ring Road",
        "listed_in_table_6_29": true,
        "table_6_29_rank": 42,
        "all_simple_crashes": 5,
        "all_fatal_crashes": 4,
        "all_total_crashes": 9,
        "pedestrian_crash_prone": false,
        "pedestrian_simple_crashes": null,
        "pedestrian_fatal_crashes": null,
        "pedestrian_total_crashes": null,
        "two_wheeler_crash_prone": false,
        "two_wheeler_simple_crashes": null,
        "two_wheeler_fatal_crashes": null,
        "two_wheeler_total_crashes": null,
        "htv_crash_prone": false,
        "htv_simple_crashes": null,
        "htv_fatal_crashes": null,
        "htv_total_crashes": null,
        "hit_and_run_crash_prone": true,
        "hit_and_run_simple_crashes": 1,
        "hit_and_run_fatal_crashes": 3,
        "hit_and_run_total_crashes": 4,
        "day_time_crash_prone": false,
        "day_simple_crashes": null,
        "day_fatal_crashes": null,
        "day_total_crashes": null,
        "night_time_crash_prone": true,
        "night_simple_crashes": null,
        "night_fatal_crashes": null,
        "night_total_crashes": null,
        "blackspot_2024": false,
        "blackspot_rank": null,
        "blackspot_noninjury_crashes": null,
        "blackspot_simple_crashes": null,
        "blackspot_fatal_crashes": null,
        "blackspot_total_crashes": null,
        "blackspot_persons_killed": null,
        "blackspot_persons_injured": null,
        "cctv_priority_candidate": true,
        "cctv_priority_reason": "Listed in Table 6.37 as a hit-and-run crash-prone zone; the report recommends CCTV installation at these locations.",
        "zone_radius_m_derived": 250,
        "geometry_status": "coordinates_not_published_in_report",
        "osm_search_query": "Dhaula Kuan, Ring Road, Delhi, India",
        "source": "Delhi Road Crash Report 2024, Delhi Traffic Police",
        "source_pdf_pages": [
          112,
          113,
          114,
          115,
          125,
          128,
          129
        ],
        "night_time_simple_crashes": 2,
        "night_time_fatal_crashes": 3,
        "night_time_total_crashes": 5,
        "coordinate_is_approximate": true,
        "coordinate_method": "interchange_centre",
        "coordinate_confidence": "high",
        "estimated_accuracy_m": 350,
        "coordinate_source": "Approximate Delhi landmark/intersection/locality centre derived from the report place name",
        "coordinate_warning": "Not the Delhi Traffic Police geotag and not a surveyed crash location.",
        "coordinate_order": "[longitude, latitude]",
        "zone_radius_m": 250,
        "zone_diameter_m": 500,
        "geometry_representation": "approximate_250m_radius_zone",
        "buffer_warning": "The report defines crash-prone zones using a 500-metre diameter. This polygon is centred on an approximate location, not the unpublished police geotag."
      }
    },
    {
      "type": "Feature",
      "id": "crash-zone-monastery-ring-road-buffer-250m",
      "geometry": {
        "type": "Polygon",
        "coordinates": [
          [
            [
              77.23056037243414,
              28.702
            ],
            [
              77.23053846809303,
              28.70229313284275
            ],
            [
              77.23047312985906,
              28.702581250101293
            ],
            [
              77.2303654756875,
              28.702859422009446
            ],
            [
              77.23021734757111,
              28.70312288896874
            ],
            [
              77.23003128002301,
              28.70336714298646
            ],
            [
              77.22981045671054,
              28.70358800480863
            ],
            [
              77.2295586559818,
              28.70378169542825
            ],
            [
              77.22928018621707,
              28.703944900745118
            ],
            [
              77.22897981211123,
              28.704074828271004
            ],
            [
              77.2286626731485,
              28.70416925490992
            ],
            [
              77.22833419566449,
              28.7042265649959
            ],
            [
              77.228,
              28.70424577793748
            ],
            [
              77.2276658043355,
              28.7042265649959
            ],
            [
              77.22733732685148,
              28.70416925490992
            ],
            [
              77.22702018788875,
              28.704074828271004
            ],
            [
              77.22671981378292,
              28.703944900745118
            ],
            [
              77.22644134401818,
              28.70378169542825
            ],
            [
              77.22618954328945,
              28.70358800480863
            ],
            [
              77.22596871997698,
              28.70336714298646
            ],
            [
              77.22578265242888,
              28.70312288896874
            ],
            [
              77.22563452431248,
              28.702859422009446
            ],
            [
              77.22552687014092,
              28.702581250101293
            ],
            [
              77.22546153190696,
              28.70229313284275
            ],
            [
              77.22543962756585,
              28.702
            ],
            [
              77.22546153190696,
              28.701706867157252
            ],
            [
              77.22552687014092,
              28.70141874989871
            ],
            [
              77.22563452431248,
              28.701140577990557
            ],
            [
              77.22578265242888,
              28.700877111031264
            ],
            [
              77.22596871997698,
              28.700632857013545
            ],
            [
              77.22618954328945,
              28.700411995191374
            ],
            [
              77.22644134401818,
              28.700218304571752
            ],
            [
              77.22671981378292,
              28.700055099254886
            ],
            [
              77.22702018788875,
              28.699925171729
            ],
            [
              77.22733732685148,
              28.699830745090082
            ],
            [
              77.2276658043355,
              28.699773435004104
            ],
            [
              77.228,
              28.699754222062523
            ],
            [
              77.22833419566449,
              28.699773435004104
            ],
            [
              77.2286626731485,
              28.699830745090082
            ],
            [
              77.22897981211123,
              28.699925171729
            ],
            [
              77.22928018621707,
              28.700055099254886
            ],
            [
              77.2295586559818,
              28.700218304571752
            ],
            [
              77.22981045671054,
              28.700411995191374
            ],
            [
              77.23003128002301,
              28.700632857013545
            ],
            [
              77.23021734757111,
              28.700877111031264
            ],
            [
              77.2303654756875,
              28.701140577990557
            ],
            [
              77.23047312985906,
              28.70141874989871
            ],
            [
              77.23053846809303,
              28.701706867157252
            ],
            [
              77.23056037243414,
              28.702
            ]
          ]
        ]
      },
      "properties": {
        "feature_id": "crash-zone-monastery-ring-road",
        "location_name": "Monastery Ring Road",
        "road_name": "Ring Road",
        "listed_in_table_6_29": true,
        "table_6_29_rank": 43,
        "all_simple_crashes": 5,
        "all_fatal_crashes": 4,
        "all_total_crashes": 9,
        "pedestrian_crash_prone": true,
        "pedestrian_simple_crashes": 5,
        "pedestrian_fatal_crashes": 4,
        "pedestrian_total_crashes": 9,
        "two_wheeler_crash_prone": false,
        "two_wheeler_simple_crashes": null,
        "two_wheeler_fatal_crashes": null,
        "two_wheeler_total_crashes": null,
        "htv_crash_prone": false,
        "htv_simple_crashes": null,
        "htv_fatal_crashes": null,
        "htv_total_crashes": null,
        "hit_and_run_crash_prone": false,
        "hit_and_run_simple_crashes": null,
        "hit_and_run_fatal_crashes": null,
        "hit_and_run_total_crashes": null,
        "day_time_crash_prone": false,
        "day_simple_crashes": null,
        "day_fatal_crashes": null,
        "day_total_crashes": null,
        "night_time_crash_prone": true,
        "night_simple_crashes": null,
        "night_fatal_crashes": null,
        "night_total_crashes": null,
        "blackspot_2024": false,
        "blackspot_rank": null,
        "blackspot_noninjury_crashes": null,
        "blackspot_simple_crashes": null,
        "blackspot_fatal_crashes": null,
        "blackspot_total_crashes": null,
        "blackspot_persons_killed": null,
        "blackspot_persons_injured": null,
        "cctv_priority_candidate": false,
        "cctv_priority_reason": null,
        "zone_radius_m_derived": 250,
        "geometry_status": "coordinates_not_published_in_report",
        "osm_search_query": "Monastery Ring Road, Ring Road, Delhi, India",
        "source": "Delhi Road Crash Report 2024, Delhi Traffic Police",
        "source_pdf_pages": [
          112,
          113,
          114,
          115,
          120,
          128,
          129
        ],
        "night_time_simple_crashes": 0,
        "night_time_fatal_crashes": 3,
        "night_time_total_crashes": 3,
        "coordinate_is_approximate": true,
        "coordinate_method": "landmark_area_centre",
        "coordinate_confidence": "medium",
        "estimated_accuracy_m": 550,
        "coordinate_source": "Approximate Delhi landmark/intersection/locality centre derived from the report place name",
        "coordinate_warning": "Not the Delhi Traffic Police geotag and not a surveyed crash location.",
        "coordinate_order": "[longitude, latitude]",
        "zone_radius_m": 250,
        "zone_diameter_m": 500,
        "geometry_representation": "approximate_250m_radius_zone",
        "buffer_warning": "The report defines crash-prone zones using a 500-metre diameter. This polygon is centred on an approximate location, not the unpublished police geotag."
      }
    },
    {
      "type": "Feature",
      "id": "crash-zone-kingsway-camp-chowk-buffer-250m",
      "geometry": {
        "type": "Polygon",
        "coordinates": [
          [
            [
              77.20856032350184,
              28.7
            ],
            [
              77.20853841957936,
              28.70029313284275
            ],
            [
              77.20847308259408,
              28.70058125010129
            ],
            [
              77.20836543047996,
              28.700859422009444
            ],
            [
              77.2082173051945,
              28.701122888968737
            ],
            [
              77.2080312412024,
              28.701367142986456
            ],
            [
              77.20781042211019,
              28.701588004808627
            ],
            [
              77.2075586261937,
              28.70178169542825
            ],
            [
              77.20728016175092,
              28.701944900745115
            ],
            [
              77.20697979338566,
              28.702074828271
            ],
            [
              77.2066626604839,
              28.70216925490992
            ],
            [
              77.20633418927756,
              28.702226564995897
            ],
            [
              77.206,
              28.702245777937478
            ],
            [
              77.20566581072245,
              28.702226564995897
            ],
            [
              77.2053373395161,
              28.70216925490992
            ],
            [
              77.20502020661435,
              28.702074828271
            ],
            [
              77.20471983824909,
              28.701944900745115
            ],
            [
              77.2044413738063,
              28.70178169542825
            ],
            [
              77.20418957788982,
              28.701588004808627
            ],
            [
              77.2039687587976,
              28.701367142986456
            ],
            [
              77.20378269480551,
              28.701122888968737
            ],
            [
              77.20363456952005,
              28.700859422009444
            ],
            [
              77.20352691740592,
              28.70058125010129
            ],
            [
              77.20346158042065,
              28.70029313284275
            ],
            [
              77.20343967649816,
              28.7
            ],
            [
              77.20346158042065,
              28.69970686715725
            ],
            [
              77.20352691740592,
              28.699418749898708
            ],
            [
              77.20363456952005,
              28.699140577990555
            ],
            [
              77.20378269480551,
              28.698877111031262
            ],
            [
              77.2039687587976,
              28.698632857013543
            ],
            [
              77.20418957788982,
              28.69841199519137
            ],
            [
              77.2044413738063,
              28.69821830457175
            ],
            [
              77.20471983824909,
              28.698055099254884
            ],
            [
              77.20502020661435,
              28.697925171728997
            ],
            [
              77.2053373395161,
              28.69783074509008
            ],
            [
              77.20566581072245,
              28.697773435004102
            ],
            [
              77.206,
              28.69775422206252
            ],
            [
              77.20633418927756,
              28.697773435004102
            ],
            [
              77.2066626604839,
              28.69783074509008
            ],
            [
              77.20697979338566,
              28.697925171728997
            ],
            [
              77.20728016175092,
              28.698055099254884
            ],
            [
              77.2075586261937,
              28.69821830457175
            ],
            [
              77.20781042211019,
              28.69841199519137
            ],
            [
              77.2080312412024,
              28.698632857013543
            ],
            [
              77.2082173051945,
              28.698877111031262
            ],
            [
              77.20836543047996,
              28.699140577990555
            ],
            [
              77.20847308259408,
              28.699418749898708
            ],
            [
              77.20853841957936,
              28.69970686715725
            ],
            [
              77.20856032350184,
              28.7
            ]
          ]
        ]
      },
      "properties": {
        "feature_id": "crash-zone-kingsway-camp-chowk",
        "location_name": "Kingsway Camp Chowk",
        "road_name": "Ring Road",
        "listed_in_table_6_29": true,
        "table_6_29_rank": 44,
        "all_simple_crashes": 4,
        "all_fatal_crashes": 4,
        "all_total_crashes": 8,
        "pedestrian_crash_prone": false,
        "pedestrian_simple_crashes": null,
        "pedestrian_fatal_crashes": null,
        "pedestrian_total_crashes": null,
        "two_wheeler_crash_prone": false,
        "two_wheeler_simple_crashes": null,
        "two_wheeler_fatal_crashes": null,
        "two_wheeler_total_crashes": null,
        "htv_crash_prone": false,
        "htv_simple_crashes": null,
        "htv_fatal_crashes": null,
        "htv_total_crashes": null,
        "hit_and_run_crash_prone": false,
        "hit_and_run_simple_crashes": null,
        "hit_and_run_fatal_crashes": null,
        "hit_and_run_total_crashes": null,
        "day_time_crash_prone": false,
        "day_simple_crashes": null,
        "day_fatal_crashes": null,
        "day_total_crashes": null,
        "night_time_crash_prone": true,
        "night_simple_crashes": null,
        "night_fatal_crashes": null,
        "night_total_crashes": null,
        "blackspot_2024": false,
        "blackspot_rank": null,
        "blackspot_noninjury_crashes": null,
        "blackspot_simple_crashes": null,
        "blackspot_fatal_crashes": null,
        "blackspot_total_crashes": null,
        "blackspot_persons_killed": null,
        "blackspot_persons_injured": null,
        "cctv_priority_candidate": false,
        "cctv_priority_reason": null,
        "zone_radius_m_derived": 250,
        "geometry_status": "coordinates_not_published_in_report",
        "osm_search_query": "Kingsway Camp Chowk, Ring Road, Delhi, India",
        "source": "Delhi Road Crash Report 2024, Delhi Traffic Police",
        "source_pdf_pages": [
          112,
          113,
          114,
          115,
          128,
          129
        ],
        "night_time_simple_crashes": 1,
        "night_time_fatal_crashes": 3,
        "night_time_total_crashes": 4,
        "coordinate_is_approximate": true,
        "coordinate_method": "intersection_centre",
        "coordinate_confidence": "medium",
        "estimated_accuracy_m": 450,
        "coordinate_source": "Approximate Delhi landmark/intersection/locality centre derived from the report place name",
        "coordinate_warning": "Not the Delhi Traffic Police geotag and not a surveyed crash location.",
        "coordinate_order": "[longitude, latitude]",
        "zone_radius_m": 250,
        "zone_diameter_m": 500,
        "geometry_representation": "approximate_250m_radius_zone",
        "buffer_warning": "The report defines crash-prone zones using a 500-metre diameter. This polygon is centred on an approximate location, not the unpublished police geotag."
      }
    },
    {
      "type": "Feature",
      "id": "crash-zone-govindpuri-metro-station-buffer-250m",
      "geometry": {
        "type": "Polygon",
        "coordinates": [
          [
            [
              77.2665565221228,
              28.544
            ],
            [
              77.26653465072164,
              28.54429313284275
            ],
            [
              77.2664694107439,
              28.54458125010129
            ],
            [
              77.26636191846367,
              28.544859422009445
            ],
            [
              77.26621401310369,
              28.545122888968738
            ],
            [
              77.26602822536566,
              28.545367142986457
            ],
            [
              77.26580773412928,
              28.54558800480863
            ],
            [
              77.26555631206077,
              28.54578169542825
            ],
            [
              77.2652782610614,
              28.545944900745116
            ],
            [
              77.26497833866087,
              28.546074828271003
            ],
            [
              77.26466167661461,
              28.54616925490992
            ],
            [
              77.26433369309801,
              28.546226564995898
            ],
            [
              77.264,
              28.54624577793748
            ],
            [
              77.26366630690198,
              28.546226564995898
            ],
            [
              77.26333832338538,
              28.54616925490992
            ],
            [
              77.26302166133912,
              28.546074828271003
            ],
            [
              77.2627217389386,
              28.545944900745116
            ],
            [
              77.26244368793922,
              28.54578169542825
            ],
            [
              77.26219226587071,
              28.54558800480863
            ],
            [
              77.26197177463433,
              28.545367142986457
            ],
            [
              77.2617859868963,
              28.545122888968738
            ],
            [
              77.26163808153632,
              28.544859422009445
            ],
            [
              77.2615305892561,
              28.54458125010129
            ],
            [
              77.26146534927835,
              28.54429313284275
            ],
            [
              77.2614434778772,
              28.544
            ],
            [
              77.26146534927835,
              28.54370686715725
            ],
            [
              77.2615305892561,
              28.54341874989871
            ],
            [
              77.26163808153632,
              28.543140577990556
            ],
            [
              77.2617859868963,
              28.542877111031263
            ],
            [
              77.26197177463433,
              28.542632857013544
            ],
            [
              77.26219226587071,
              28.542411995191372
            ],
            [
              77.26244368793922,
              28.54221830457175
            ],
            [
              77.2627217389386,
              28.542055099254885
            ],
            [
              77.26302166133912,
              28.541925171728998
            ],
            [
              77.26333832338538,
              28.54183074509008
            ],
            [
              77.26366630690198,
              28.541773435004103
            ],
            [
              77.264,
              28.541754222062522
            ],
            [
              77.26433369309801,
              28.541773435004103
            ],
            [
              77.26466167661461,
              28.54183074509008
            ],
            [
              77.26497833866087,
              28.541925171728998
            ],
            [
              77.2652782610614,
              28.542055099254885
            ],
            [
              77.26555631206077,
              28.54221830457175
            ],
            [
              77.26580773412928,
              28.542411995191372
            ],
            [
              77.26602822536566,
              28.542632857013544
            ],
            [
              77.26621401310369,
              28.542877111031263
            ],
            [
              77.26636191846367,
              28.543140577990556
            ],
            [
              77.2664694107439,
              28.54341874989871
            ],
            [
              77.26653465072164,
              28.54370686715725
            ],
            [
              77.2665565221228,
              28.544
            ]
          ]
        ]
      },
      "properties": {
        "feature_id": "crash-zone-govindpuri-metro-station",
        "location_name": "Govindpuri Metro Station",
        "road_name": "Anand Mai Marg",
        "listed_in_table_6_29": true,
        "table_6_29_rank": 45,
        "all_simple_crashes": 4,
        "all_fatal_crashes": 4,
        "all_total_crashes": 8,
        "pedestrian_crash_prone": false,
        "pedestrian_simple_crashes": null,
        "pedestrian_fatal_crashes": null,
        "pedestrian_total_crashes": null,
        "two_wheeler_crash_prone": false,
        "two_wheeler_simple_crashes": null,
        "two_wheeler_fatal_crashes": null,
        "two_wheeler_total_crashes": null,
        "htv_crash_prone": false,
        "htv_simple_crashes": null,
        "htv_fatal_crashes": null,
        "htv_total_crashes": null,
        "hit_and_run_crash_prone": false,
        "hit_and_run_simple_crashes": null,
        "hit_and_run_fatal_crashes": null,
        "hit_and_run_total_crashes": null,
        "day_time_crash_prone": false,
        "day_simple_crashes": null,
        "day_fatal_crashes": null,
        "day_total_crashes": null,
        "night_time_crash_prone": true,
        "night_simple_crashes": null,
        "night_fatal_crashes": null,
        "night_total_crashes": null,
        "blackspot_2024": false,
        "blackspot_rank": null,
        "blackspot_noninjury_crashes": null,
        "blackspot_simple_crashes": null,
        "blackspot_fatal_crashes": null,
        "blackspot_total_crashes": null,
        "blackspot_persons_killed": null,
        "blackspot_persons_injured": null,
        "cctv_priority_candidate": false,
        "cctv_priority_reason": null,
        "zone_radius_m_derived": 250,
        "geometry_status": "coordinates_not_published_in_report",
        "osm_search_query": "Govindpuri Metro Station, Anand Mai Marg, Delhi, India",
        "source": "Delhi Road Crash Report 2024, Delhi Traffic Police",
        "source_pdf_pages": [
          112,
          113,
          114,
          115,
          128,
          129
        ],
        "night_time_simple_crashes": 3,
        "night_time_fatal_crashes": 3,
        "night_time_total_crashes": 6,
        "coordinate_is_approximate": true,
        "coordinate_method": "metro_station_centre",
        "coordinate_confidence": "high",
        "estimated_accuracy_m": 150,
        "coordinate_source": "Approximate Delhi landmark/intersection/locality centre derived from the report place name",
        "coordinate_warning": "Not the Delhi Traffic Police geotag and not a surveyed crash location.",
        "coordinate_order": "[longitude, latitude]",
        "zone_radius_m": 250,
        "zone_diameter_m": 500,
        "geometry_representation": "approximate_250m_radius_zone",
        "buffer_warning": "The report defines crash-prone zones using a 500-metre diameter. This polygon is centred on an approximate location, not the unpublished police geotag."
      }
    },
    {
      "type": "Feature",
      "id": "crash-zone-nangloi-metro-station-buffer-250m",
      "geometry": {
        "type": "Polygon",
        "coordinates": [
          [
            [
              77.06555988333547,
              28.682
            ],
            [
              77.06553798317867,
              28.682293132842748
            ],
            [
              77.06547265742601,
              28.68258125010129
            ],
            [
              77.06536502381925,
              28.682859422009443
            ],
            [
              77.06521692399924,
              28.683122888968736
            ],
            [
              77.06503089199495,
              28.683367142986455
            ],
            [
              77.06481011086555,
              28.683588004808627
            ],
            [
              77.06455835823739,
              28.683781695428248
            ],
            [
              77.06427994166773,
              28.683944900745114
            ],
            [
              77.06397962494127,
              28.684074828271
            ],
            [
              77.06366254656047,
              28.684169254909918
            ],
            [
              77.0633341318243,
              28.684226564995896
            ],
            [
              77.063,
              28.684245777937477
            ],
            [
              77.0626658681757,
              28.684226564995896
            ],
            [
              77.06233745343954,
              28.684169254909918
            ],
            [
              77.06202037505874,
              28.684074828271
            ],
            [
              77.06172005833227,
              28.683944900745114
            ],
            [
              77.06144164176261,
              28.683781695428248
            ],
            [
              77.06118988913445,
              28.683588004808627
            ],
            [
              77.06096910800505,
              28.683367142986455
            ],
            [
              77.06078307600076,
              28.683122888968736
            ],
            [
              77.06063497618075,
              28.682859422009443
            ],
            [
              77.06052734257399,
              28.68258125010129
            ],
            [
              77.06046201682133,
              28.682293132842748
            ],
            [
              77.06044011666454,
              28.682
            ],
            [
              77.06046201682133,
              28.68170686715725
            ],
            [
              77.06052734257399,
              28.681418749898707
            ],
            [
              77.06063497618075,
              28.681140577990554
            ],
            [
              77.06078307600076,
              28.68087711103126
            ],
            [
              77.06096910800505,
              28.680632857013542
            ],
            [
              77.06118988913445,
              28.68041199519137
            ],
            [
              77.06144164176261,
              28.68021830457175
            ],
            [
              77.06172005833227,
              28.680055099254883
            ],
            [
              77.06202037505874,
              28.679925171728996
            ],
            [
              77.06233745343954,
              28.67983074509008
            ],
            [
              77.0626658681757,
              28.6797734350041
            ],
            [
              77.063,
              28.67975422206252
            ],
            [
              77.0633341318243,
              28.6797734350041
            ],
            [
              77.06366254656047,
              28.67983074509008
            ],
            [
              77.06397962494127,
              28.679925171728996
            ],
            [
              77.06427994166773,
              28.680055099254883
            ],
            [
              77.06455835823739,
              28.68021830457175
            ],
            [
              77.06481011086555,
              28.68041199519137
            ],
            [
              77.06503089199495,
              28.680632857013542
            ],
            [
              77.06521692399924,
              28.68087711103126
            ],
            [
              77.06536502381925,
              28.681140577990554
            ],
            [
              77.06547265742601,
              28.681418749898707
            ],
            [
              77.06553798317867,
              28.68170686715725
            ],
            [
              77.06555988333547,
              28.682
            ]
          ]
        ]
      },
      "properties": {
        "feature_id": "crash-zone-nangloi-metro-station",
        "location_name": "Nangloi Metro Station",
        "road_name": "Rohtak Road",
        "listed_in_table_6_29": true,
        "table_6_29_rank": 46,
        "all_simple_crashes": 3,
        "all_fatal_crashes": 4,
        "all_total_crashes": 7,
        "pedestrian_crash_prone": false,
        "pedestrian_simple_crashes": null,
        "pedestrian_fatal_crashes": null,
        "pedestrian_total_crashes": null,
        "two_wheeler_crash_prone": false,
        "two_wheeler_simple_crashes": null,
        "two_wheeler_fatal_crashes": null,
        "two_wheeler_total_crashes": null,
        "htv_crash_prone": false,
        "htv_simple_crashes": null,
        "htv_fatal_crashes": null,
        "htv_total_crashes": null,
        "hit_and_run_crash_prone": true,
        "hit_and_run_simple_crashes": 1,
        "hit_and_run_fatal_crashes": 3,
        "hit_and_run_total_crashes": 4,
        "day_time_crash_prone": false,
        "day_simple_crashes": null,
        "day_fatal_crashes": null,
        "day_total_crashes": null,
        "night_time_crash_prone": true,
        "night_simple_crashes": null,
        "night_fatal_crashes": null,
        "night_total_crashes": null,
        "blackspot_2024": false,
        "blackspot_rank": null,
        "blackspot_noninjury_crashes": null,
        "blackspot_simple_crashes": null,
        "blackspot_fatal_crashes": null,
        "blackspot_total_crashes": null,
        "blackspot_persons_killed": null,
        "blackspot_persons_injured": null,
        "cctv_priority_candidate": true,
        "cctv_priority_reason": "Listed in Table 6.37 as a hit-and-run crash-prone zone; the report recommends CCTV installation at these locations.",
        "zone_radius_m_derived": 250,
        "geometry_status": "coordinates_not_published_in_report",
        "osm_search_query": "Nangloi Metro Station, Rohtak Road, Delhi, India",
        "source": "Delhi Road Crash Report 2024, Delhi Traffic Police",
        "source_pdf_pages": [
          112,
          113,
          114,
          115,
          125,
          128,
          129
        ],
        "night_time_simple_crashes": 1,
        "night_time_fatal_crashes": 4,
        "night_time_total_crashes": 5,
        "coordinate_is_approximate": true,
        "coordinate_method": "metro_station_centre",
        "coordinate_confidence": "high",
        "estimated_accuracy_m": 150,
        "coordinate_source": "Approximate Delhi landmark/intersection/locality centre derived from the report place name",
        "coordinate_warning": "Not the Delhi Traffic Police geotag and not a surveyed crash location.",
        "coordinate_order": "[longitude, latitude]",
        "zone_radius_m": 250,
        "zone_diameter_m": 500,
        "geometry_representation": "approximate_250m_radius_zone",
        "buffer_warning": "The report defines crash-prone zones using a 500-metre diameter. This polygon is centred on an approximate location, not the unpublished police geotag."
      }
    },
    {
      "type": "Feature",
      "id": "crash-zone-metro-station-madipur-buffer-250m",
      "geometry": {
        "type": "Polygon",
        "coordinates": [
          [
            [
              77.1215597367031,
              28.676
            ],
            [
              77.12153783780077,
              28.676293132842748
            ],
            [
              77.12147251579003,
              28.67658125010129
            ],
            [
              77.12136488834862,
              28.676859422009443
            ],
            [
              77.1212167970119,
              28.677122888968736
            ],
            [
              77.12103077566368,
              28.677367142986455
            ],
            [
              77.12081000718082,
              28.677588004808626
            ],
            [
              77.12055826897327,
              28.677781695428248
            ],
            [
              77.12027986835156,
              28.677944900745114
            ],
            [
              77.1199795688275,
              28.678074828271
            ],
            [
              77.11966250860921,
              28.678169254909918
            ],
            [
              77.11933411268494,
              28.678226564995896
            ],
            [
              77.119,
              28.678245777937477
            ],
            [
              77.11866588731506,
              28.678226564995896
            ],
            [
              77.11833749139079,
              28.678169254909918
            ],
            [
              77.1180204311725,
              28.678074828271
            ],
            [
              77.11772013164844,
              28.677944900745114
            ],
            [
              77.11744173102673,
              28.677781695428248
            ],
            [
              77.11718999281918,
              28.677588004808626
            ],
            [
              77.11696922433632,
              28.677367142986455
            ],
            [
              77.1167832029881,
              28.677122888968736
            ],
            [
              77.11663511165138,
              28.676859422009443
            ],
            [
              77.11652748420997,
              28.67658125010129
            ],
            [
              77.11646216219923,
              28.676293132842748
            ],
            [
              77.1164402632969,
              28.676
            ],
            [
              77.11646216219923,
              28.67570686715725
            ],
            [
              77.11652748420997,
              28.675418749898707
            ],
            [
              77.11663511165138,
              28.675140577990554
            ],
            [
              77.1167832029881,
              28.67487711103126
            ],
            [
              77.11696922433632,
              28.674632857013542
            ],
            [
              77.11718999281918,
              28.67441199519137
            ],
            [
              77.11744173102673,
              28.67421830457175
            ],
            [
              77.11772013164844,
              28.674055099254883
            ],
            [
              77.1180204311725,
              28.673925171728996
            ],
            [
              77.11833749139079,
              28.67383074509008
            ],
            [
              77.11866588731506,
              28.6737734350041
            ],
            [
              77.119,
              28.67375422206252
            ],
            [
              77.11933411268494,
              28.6737734350041
            ],
            [
              77.11966250860921,
              28.67383074509008
            ],
            [
              77.1199795688275,
              28.673925171728996
            ],
            [
              77.12027986835156,
              28.674055099254883
            ],
            [
              77.12055826897327,
              28.67421830457175
            ],
            [
              77.12081000718082,
              28.67441199519137
            ],
            [
              77.12103077566368,
              28.674632857013542
            ],
            [
              77.1212167970119,
              28.67487711103126
            ],
            [
              77.12136488834862,
              28.675140577990554
            ],
            [
              77.12147251579003,
              28.675418749898707
            ],
            [
              77.12153783780077,
              28.67570686715725
            ],
            [
              77.1215597367031,
              28.676
            ]
          ]
        ]
      },
      "properties": {
        "feature_id": "crash-zone-metro-station-madipur",
        "location_name": "Metro Station Madipur",
        "road_name": "Rohtak Road",
        "listed_in_table_6_29": true,
        "table_6_29_rank": 47,
        "all_simple_crashes": 3,
        "all_fatal_crashes": 4,
        "all_total_crashes": 7,
        "pedestrian_crash_prone": true,
        "pedestrian_simple_crashes": 3,
        "pedestrian_fatal_crashes": 3,
        "pedestrian_total_crashes": 6,
        "two_wheeler_crash_prone": false,
        "two_wheeler_simple_crashes": null,
        "two_wheeler_fatal_crashes": null,
        "two_wheeler_total_crashes": null,
        "htv_crash_prone": false,
        "htv_simple_crashes": null,
        "htv_fatal_crashes": null,
        "htv_total_crashes": null,
        "hit_and_run_crash_prone": false,
        "hit_and_run_simple_crashes": null,
        "hit_and_run_fatal_crashes": null,
        "hit_and_run_total_crashes": null,
        "day_time_crash_prone": false,
        "day_simple_crashes": null,
        "day_fatal_crashes": null,
        "day_total_crashes": null,
        "night_time_crash_prone": false,
        "night_simple_crashes": null,
        "night_fatal_crashes": null,
        "night_total_crashes": null,
        "blackspot_2024": false,
        "blackspot_rank": null,
        "blackspot_noninjury_crashes": null,
        "blackspot_simple_crashes": null,
        "blackspot_fatal_crashes": null,
        "blackspot_total_crashes": null,
        "blackspot_persons_killed": null,
        "blackspot_persons_injured": null,
        "cctv_priority_candidate": false,
        "cctv_priority_reason": null,
        "zone_radius_m_derived": 250,
        "geometry_status": "coordinates_not_published_in_report",
        "osm_search_query": "Metro Station Madipur, Rohtak Road, Delhi, India",
        "source": "Delhi Road Crash Report 2024, Delhi Traffic Police",
        "source_pdf_pages": [
          112,
          113,
          114,
          115,
          120
        ],
        "coordinate_is_approximate": true,
        "coordinate_method": "metro_station_centre",
        "coordinate_confidence": "high",
        "estimated_accuracy_m": 150,
        "coordinate_source": "Approximate Delhi landmark/intersection/locality centre derived from the report place name",
        "coordinate_warning": "Not the Delhi Traffic Police geotag and not a surveyed crash location.",
        "coordinate_order": "[longitude, latitude]",
        "zone_radius_m": 250,
        "zone_diameter_m": 500,
        "geometry_representation": "approximate_250m_radius_zone",
        "buffer_warning": "The report defines crash-prone zones using a 500-metre diameter. This polygon is centred on an approximate location, not the unpublished police geotag."
      }
    },
    {
      "type": "Feature",
      "id": "crash-zone-keval-park-road-no-51-buffer-250m",
      "geometry": {
        "type": "Polygon",
        "coordinates": [
          [
            [
              77.18056073958563,
              28.717
            ],
            [
              77.18053883210348,
              28.717293132842748
            ],
            [
              77.18047348450015,
              28.71758125010129
            ],
            [
              77.18036581489125,
              28.717859422009443
            ],
            [
              77.18021766553363,
              28.718122888968736
            ],
            [
              77.18003157130387,
              28.718367142986455
            ],
            [
              77.17981071632585,
              28.718588004808627
            ],
            [
              77.17955887948946,
              28.718781695428248
            ],
            [
              77.1792803697928,
              28.718944900745115
            ],
            [
              77.17897995261401,
              28.719074828271
            ],
            [
              77.1786627681743,
              28.719169254909918
            ],
            [
              77.17833424358737,
              28.719226564995896
            ],
            [
              77.178,
              28.719245777937477
            ],
            [
              77.17766575641262,
              28.719226564995896
            ],
            [
              77.17733723182569,
              28.719169254909918
            ],
            [
              77.17702004738598,
              28.719074828271
            ],
            [
              77.17671963020719,
              28.718944900745115
            ],
            [
              77.17644112051053,
              28.718781695428248
            ],
            [
              77.17618928367415,
              28.718588004808627
            ],
            [
              77.17596842869612,
              28.718367142986455
            ],
            [
              77.17578233446636,
              28.718122888968736
            ],
            [
              77.17563418510875,
              28.717859422009443
            ],
            [
              77.17552651549984,
              28.71758125010129
            ],
            [
              77.17546116789651,
              28.717293132842748
            ],
            [
              77.17543926041436,
              28.717
            ],
            [
              77.17546116789651,
              28.71670686715725
            ],
            [
              77.17552651549984,
              28.716418749898708
            ],
            [
              77.17563418510875,
              28.716140577990554
            ],
            [
              77.17578233446636,
              28.71587711103126
            ],
            [
              77.17596842869612,
              28.715632857013542
            ],
            [
              77.17618928367415,
              28.71541199519137
            ],
            [
              77.17644112051053,
              28.71521830457175
            ],
            [
              77.17671963020719,
              28.715055099254883
            ],
            [
              77.17702004738598,
              28.714925171728996
            ],
            [
              77.17733723182569,
              28.71483074509008
            ],
            [
              77.17766575641262,
              28.7147734350041
            ],
            [
              77.178,
              28.71475422206252
            ],
            [
              77.17833424358737,
              28.7147734350041
            ],
            [
              77.1786627681743,
              28.71483074509008
            ],
            [
              77.17897995261401,
              28.714925171728996
            ],
            [
              77.1792803697928,
              28.715055099254883
            ],
            [
              77.17955887948946,
              28.71521830457175
            ],
            [
              77.17981071632585,
              28.71541199519137
            ],
            [
              77.18003157130387,
              28.715632857013542
            ],
            [
              77.18021766553363,
              28.71587711103126
            ],
            [
              77.18036581489125,
              28.716140577990554
            ],
            [
              77.18047348450015,
              28.716418749898708
            ],
            [
              77.18053883210348,
              28.71670686715725
            ],
            [
              77.18056073958563,
              28.717
            ]
          ]
        ]
      },
      "properties": {
        "feature_id": "crash-zone-keval-park-road-no-51",
        "location_name": "Keval Park Road No. 51",
        "road_name": "Road No. 51",
        "listed_in_table_6_29": true,
        "table_6_29_rank": 48,
        "all_simple_crashes": 2,
        "all_fatal_crashes": 4,
        "all_total_crashes": 6,
        "pedestrian_crash_prone": false,
        "pedestrian_simple_crashes": null,
        "pedestrian_fatal_crashes": null,
        "pedestrian_total_crashes": null,
        "two_wheeler_crash_prone": true,
        "two_wheeler_simple_crashes": 2,
        "two_wheeler_fatal_crashes": 4,
        "two_wheeler_total_crashes": 6,
        "htv_crash_prone": false,
        "htv_simple_crashes": null,
        "htv_fatal_crashes": null,
        "htv_total_crashes": null,
        "hit_and_run_crash_prone": false,
        "hit_and_run_simple_crashes": null,
        "hit_and_run_fatal_crashes": null,
        "hit_and_run_total_crashes": null,
        "day_time_crash_prone": false,
        "day_simple_crashes": null,
        "day_fatal_crashes": null,
        "day_total_crashes": null,
        "night_time_crash_prone": false,
        "night_simple_crashes": null,
        "night_fatal_crashes": null,
        "night_total_crashes": null,
        "blackspot_2024": false,
        "blackspot_rank": null,
        "blackspot_noninjury_crashes": null,
        "blackspot_simple_crashes": null,
        "blackspot_fatal_crashes": null,
        "blackspot_total_crashes": null,
        "blackspot_persons_killed": null,
        "blackspot_persons_injured": null,
        "cctv_priority_candidate": false,
        "cctv_priority_reason": null,
        "zone_radius_m_derived": 250,
        "geometry_status": "coordinates_not_published_in_report",
        "osm_search_query": "Keval Park Road No. 51, Road No. 51, Delhi, India",
        "source": "Delhi Road Crash Report 2024, Delhi Traffic Police",
        "source_pdf_pages": [
          112,
          113,
          114,
          115,
          122
        ],
        "coordinate_is_approximate": true,
        "coordinate_method": "locality_road_centre",
        "coordinate_confidence": "medium",
        "estimated_accuracy_m": 700,
        "coordinate_source": "Approximate Delhi landmark/intersection/locality centre derived from the report place name",
        "coordinate_warning": "Not the Delhi Traffic Police geotag and not a surveyed crash location.",
        "coordinate_order": "[longitude, latitude]",
        "zone_radius_m": 250,
        "zone_diameter_m": 500,
        "geometry_representation": "approximate_250m_radius_zone",
        "buffer_warning": "The report defines crash-prone zones using a 500-metre diameter. This polygon is centred on an approximate location, not the unpublished police geotag."
      }
    },
    {
      "type": "Feature",
      "id": "crash-zone-near-triveni-park-nangal-village-delhi-cantt-buffer-250m",
      "geometry": {
        "type": "Polygon",
        "coordinates": [
          [
            [
              77.11255810235366,
              28.609
            ],
            [
              77.1125362174334,
              28.60929313284275
            ],
            [
              77.11247093712969,
              28.609581250101293
            ],
            [
              77.11236337840661,
              28.609859422009446
            ],
            [
              77.11221538162374,
              28.61012288896874
            ],
            [
              77.11202947904708,
              28.61036714298646
            ],
            [
              77.11180885152125,
              28.61058800480863
            ],
            [
              77.11155727404436,
              28.61078169542825
            ],
            [
              77.11127905117682,
              28.610944900745118
            ],
            [
              77.11097894338904,
              28.611074828271004
            ],
            [
              77.11066208560845,
              28.61116925490992
            ],
            [
              77.11033389935953,
              28.6112265649959
            ],
            [
              77.11,
              28.61124577793748
            ],
            [
              77.10966610064047,
              28.6112265649959
            ],
            [
              77.10933791439155,
              28.61116925490992
            ],
            [
              77.10902105661096,
              28.611074828271004
            ],
            [
              77.10872094882318,
              28.610944900745118
            ],
            [
              77.10844272595564,
              28.61078169542825
            ],
            [
              77.10819114847875,
              28.61058800480863
            ],
            [
              77.10797052095292,
              28.61036714298646
            ],
            [
              77.10778461837626,
              28.61012288896874
            ],
            [
              77.10763662159339,
              28.609859422009446
            ],
            [
              77.10752906287031,
              28.609581250101293
            ],
            [
              77.1074637825666,
              28.60929313284275
            ],
            [
              77.10744189764634,
              28.609
            ],
            [
              77.1074637825666,
              28.608706867157252
            ],
            [
              77.10752906287031,
              28.60841874989871
            ],
            [
              77.10763662159339,
              28.608140577990557
            ],
            [
              77.10778461837626,
              28.607877111031264
            ],
            [
              77.10797052095292,
              28.607632857013545
            ],
            [
              77.10819114847875,
              28.607411995191374
            ],
            [
              77.10844272595564,
              28.607218304571752
            ],
            [
              77.10872094882318,
              28.607055099254886
            ],
            [
              77.10902105661096,
              28.606925171729
            ],
            [
              77.10933791439155,
              28.606830745090083
            ],
            [
              77.10966610064047,
              28.606773435004104
            ],
            [
              77.11,
              28.606754222062523
            ],
            [
              77.11033389935953,
              28.606773435004104
            ],
            [
              77.11066208560845,
              28.606830745090083
            ],
            [
              77.11097894338904,
              28.606925171729
            ],
            [
              77.11127905117682,
              28.607055099254886
            ],
            [
              77.11155727404436,
              28.607218304571752
            ],
            [
              77.11180885152125,
              28.607411995191374
            ],
            [
              77.11202947904708,
              28.607632857013545
            ],
            [
              77.11221538162374,
              28.607877111031264
            ],
            [
              77.11236337840661,
              28.608140577990557
            ],
            [
              77.11247093712969,
              28.60841874989871
            ],
            [
              77.1125362174334,
              28.608706867157252
            ],
            [
              77.11255810235366,
              28.609
            ]
          ]
        ]
      },
      "properties": {
        "feature_id": "crash-zone-near-triveni-park-nangal-village-delhi-cantt",
        "location_name": "Near Triveni Park Nangal Village Delhi Cantt",
        "road_name": "Pankha Road",
        "listed_in_table_6_29": true,
        "table_6_29_rank": 49,
        "all_simple_crashes": 2,
        "all_fatal_crashes": 4,
        "all_total_crashes": 6,
        "pedestrian_crash_prone": false,
        "pedestrian_simple_crashes": null,
        "pedestrian_fatal_crashes": null,
        "pedestrian_total_crashes": null,
        "two_wheeler_crash_prone": false,
        "two_wheeler_simple_crashes": null,
        "two_wheeler_fatal_crashes": null,
        "two_wheeler_total_crashes": null,
        "htv_crash_prone": false,
        "htv_simple_crashes": null,
        "htv_fatal_crashes": null,
        "htv_total_crashes": null,
        "hit_and_run_crash_prone": false,
        "hit_and_run_simple_crashes": null,
        "hit_and_run_fatal_crashes": null,
        "hit_and_run_total_crashes": null,
        "day_time_crash_prone": false,
        "day_simple_crashes": null,
        "day_fatal_crashes": null,
        "day_total_crashes": null,
        "night_time_crash_prone": false,
        "night_simple_crashes": null,
        "night_fatal_crashes": null,
        "night_total_crashes": null,
        "blackspot_2024": false,
        "blackspot_rank": null,
        "blackspot_noninjury_crashes": null,
        "blackspot_simple_crashes": null,
        "blackspot_fatal_crashes": null,
        "blackspot_total_crashes": null,
        "blackspot_persons_killed": null,
        "blackspot_persons_injured": null,
        "cctv_priority_candidate": false,
        "cctv_priority_reason": null,
        "zone_radius_m_derived": 250,
        "geometry_status": "coordinates_not_published_in_report",
        "osm_search_query": "Near Triveni Park Nangal Village Delhi Cantt, Pankha Road, Delhi, India",
        "source": "Delhi Road Crash Report 2024, Delhi Traffic Police",
        "source_pdf_pages": [
          112,
          113,
          114,
          115
        ],
        "coordinate_is_approximate": true,
        "coordinate_method": "locality_centre",
        "coordinate_confidence": "medium",
        "estimated_accuracy_m": 800,
        "coordinate_source": "Approximate Delhi landmark/intersection/locality centre derived from the report place name",
        "coordinate_warning": "Not the Delhi Traffic Police geotag and not a surveyed crash location.",
        "coordinate_order": "[longitude, latitude]",
        "zone_radius_m": 250,
        "zone_diameter_m": 500,
        "geometry_representation": "approximate_250m_radius_zone",
        "buffer_warning": "The report defines crash-prone zones using a 500-metre diameter. This polygon is centred on an approximate location, not the unpublished police geotag."
      }
    },
    {
      "type": "Feature",
      "id": "crash-zone-near-sdm-office-geeta-colony-buffer-250m",
      "geometry": {
        "type": "Polygon",
        "coordinates": [
          [
            [
              77.27655912621776,
              28.651
            ],
            [
              77.2765372325382,
              28.65129313284275
            ],
            [
              77.27647192610647,
              28.65158125010129
            ],
            [
              77.2763643243337,
              28.651859422009444
            ],
            [
              77.27621626831608,
              28.652122888968737
            ],
            [
              77.27603029133309,
              28.652367142986456
            ],
            [
              77.27580957550249,
              28.652588004808628
            ],
            [
              77.27555789733334,
              28.65278169542825
            ],
            [
              77.27527956310888,
              28.652944900745116
            ],
            [
              77.27497933520486,
              28.653074828271002
            ],
            [
              77.27466235060398,
              28.65316925490992
            ],
            [
              77.27433403300061,
              28.653226564995897
            ],
            [
              77.274,
              28.653245777937478
            ],
            [
              77.27366596699939,
              28.653226564995897
            ],
            [
              77.27333764939603,
              28.65316925490992
            ],
            [
              77.27302066479514,
              28.653074828271002
            ],
            [
              77.27272043689112,
              28.652944900745116
            ],
            [
              77.27244210266666,
              28.65278169542825
            ],
            [
              77.27219042449751,
              28.652588004808628
            ],
            [
              77.27196970866692,
              28.652367142986456
            ],
            [
              77.27178373168393,
              28.652122888968737
            ],
            [
              77.2716356756663,
              28.651859422009444
            ],
            [
              77.27152807389353,
              28.65158125010129
            ],
            [
              77.2714627674618,
              28.65129313284275
            ],
            [
              77.27144087378224,
              28.651
            ],
            [
              77.2714627674618,
              28.65070686715725
            ],
            [
              77.27152807389353,
              28.65041874989871
            ],
            [
              77.2716356756663,
              28.650140577990555
            ],
            [
              77.27178373168393,
              28.649877111031262
            ],
            [
              77.27196970866692,
              28.649632857013543
            ],
            [
              77.27219042449751,
              28.64941199519137
            ],
            [
              77.27244210266666,
              28.64921830457175
            ],
            [
              77.27272043689112,
              28.649055099254884
            ],
            [
              77.27302066479514,
              28.648925171728997
            ],
            [
              77.27333764939603,
              28.64883074509008
            ],
            [
              77.27366596699939,
              28.648773435004102
            ],
            [
              77.274,
              28.64875422206252
            ],
            [
              77.27433403300061,
              28.648773435004102
            ],
            [
              77.27466235060398,
              28.64883074509008
            ],
            [
              77.27497933520486,
              28.648925171728997
            ],
            [
              77.27527956310888,
              28.649055099254884
            ],
            [
              77.27555789733334,
              28.64921830457175
            ],
            [
              77.27580957550249,
              28.64941199519137
            ],
            [
              77.27603029133309,
              28.649632857013543
            ],
            [
              77.27621626831608,
              28.649877111031262
            ],
            [
              77.2763643243337,
              28.650140577990555
            ],
            [
              77.27647192610647,
              28.65041874989871
            ],
            [
              77.2765372325382,
              28.65070686715725
            ],
            [
              77.27655912621776,
              28.651
            ]
          ]
        ]
      },
      "properties": {
        "feature_id": "crash-zone-near-sdm-office-geeta-colony",
        "location_name": "Near SDM Office Geeta Colony",
        "road_name": "Yamuna Pusta Road",
        "listed_in_table_6_29": true,
        "table_6_29_rank": 50,
        "all_simple_crashes": 1,
        "all_fatal_crashes": 4,
        "all_total_crashes": 5,
        "pedestrian_crash_prone": false,
        "pedestrian_simple_crashes": null,
        "pedestrian_fatal_crashes": null,
        "pedestrian_total_crashes": null,
        "two_wheeler_crash_prone": true,
        "two_wheeler_simple_crashes": 0,
        "two_wheeler_fatal_crashes": 3,
        "two_wheeler_total_crashes": 3,
        "htv_crash_prone": false,
        "htv_simple_crashes": null,
        "htv_fatal_crashes": null,
        "htv_total_crashes": null,
        "hit_and_run_crash_prone": false,
        "hit_and_run_simple_crashes": null,
        "hit_and_run_fatal_crashes": null,
        "hit_and_run_total_crashes": null,
        "day_time_crash_prone": false,
        "day_simple_crashes": null,
        "day_fatal_crashes": null,
        "day_total_crashes": null,
        "night_time_crash_prone": true,
        "night_simple_crashes": null,
        "night_fatal_crashes": null,
        "night_total_crashes": null,
        "blackspot_2024": false,
        "blackspot_rank": null,
        "blackspot_noninjury_crashes": null,
        "blackspot_simple_crashes": null,
        "blackspot_fatal_crashes": null,
        "blackspot_total_crashes": null,
        "blackspot_persons_killed": null,
        "blackspot_persons_injured": null,
        "cctv_priority_candidate": false,
        "cctv_priority_reason": null,
        "zone_radius_m_derived": 250,
        "geometry_status": "coordinates_not_published_in_report",
        "osm_search_query": "Near SDM Office Geeta Colony, Yamuna Pusta Road, Delhi, India",
        "source": "Delhi Road Crash Report 2024, Delhi Traffic Police",
        "source_pdf_pages": [
          112,
          113,
          114,
          115,
          122,
          128,
          129
        ],
        "night_time_simple_crashes": 1,
        "night_time_fatal_crashes": 3,
        "night_time_total_crashes": 4,
        "coordinate_is_approximate": true,
        "coordinate_method": "civic_landmark_centre",
        "coordinate_confidence": "medium",
        "estimated_accuracy_m": 500,
        "coordinate_source": "Approximate Delhi landmark/intersection/locality centre derived from the report place name",
        "coordinate_warning": "Not the Delhi Traffic Police geotag and not a surveyed crash location.",
        "coordinate_order": "[longitude, latitude]",
        "zone_radius_m": 250,
        "zone_diameter_m": 500,
        "geometry_representation": "approximate_250m_radius_zone",
        "buffer_warning": "The report defines crash-prone zones using a 500-metre diameter. This polygon is centred on an approximate location, not the unpublished police geotag."
      }
    },
    {
      "type": "Feature",
      "id": "crash-zone-flyover-raja-ram-marg-buffer-250m",
      "geometry": {
        "type": "Polygon",
        "coordinates": [
          [
            [
              77.28155917502794,
              28.653
            ],
            [
              77.2815372809308,
              28.653293132842748
            ],
            [
              77.28147197325347,
              28.65358125010129
            ],
            [
              77.28136436942843,
              28.653859422009443
            ],
            [
              77.28121631058693,
              28.654122888968736
            ],
            [
              77.28103033005681,
              28.654367142986455
            ],
            [
              77.28080961001649,
              28.654588004808627
            ],
            [
              77.28055792704708,
              28.654781695428248
            ],
            [
              77.28027958751397,
              28.654944900745114
            ],
            [
              77.27997935388372,
              28.655074828271
            ],
            [
              77.27966236323698,
              28.655169254909918
            ],
            [
              77.27933403937162,
              28.655226564995896
            ],
            [
              77.279,
              28.655245777937477
            ],
            [
              77.27866596062837,
              28.655226564995896
            ],
            [
              77.27833763676301,
              28.655169254909918
            ],
            [
              77.27802064611627,
              28.655074828271
            ],
            [
              77.27772041248602,
              28.654944900745114
            ],
            [
              77.27744207295291,
              28.654781695428248
            ],
            [
              77.2771903899835,
              28.654588004808627
            ],
            [
              77.27696966994318,
              28.654367142986455
            ],
            [
              77.27678368941307,
              28.654122888968736
            ],
            [
              77.27663563057156,
              28.653859422009443
            ],
            [
              77.27652802674652,
              28.65358125010129
            ],
            [
              77.27646271906919,
              28.653293132842748
            ],
            [
              77.27644082497206,
              28.653
            ],
            [
              77.27646271906919,
              28.65270686715725
            ],
            [
              77.27652802674652,
              28.652418749898708
            ],
            [
              77.27663563057156,
              28.652140577990554
            ],
            [
              77.27678368941307,
              28.65187711103126
            ],
            [
              77.27696966994318,
              28.651632857013542
            ],
            [
              77.2771903899835,
              28.65141199519137
            ],
            [
              77.27744207295291,
              28.65121830457175
            ],
            [
              77.27772041248602,
              28.651055099254883
            ],
            [
              77.27802064611627,
              28.650925171728996
            ],
            [
              77.27833763676301,
              28.65083074509008
            ],
            [
              77.27866596062837,
              28.6507734350041
            ],
            [
              77.279,
              28.65075422206252
            ],
            [
              77.27933403937162,
              28.6507734350041
            ],
            [
              77.27966236323698,
              28.65083074509008
            ],
            [
              77.27997935388372,
              28.650925171728996
            ],
            [
              77.28027958751397,
              28.651055099254883
            ],
            [
              77.28055792704708,
              28.65121830457175
            ],
            [
              77.28080961001649,
              28.65141199519137
            ],
            [
              77.28103033005681,
              28.651632857013542
            ],
            [
              77.28121631058693,
              28.65187711103126
            ],
            [
              77.28136436942843,
              28.652140577990554
            ],
            [
              77.28147197325347,
              28.652418749898708
            ],
            [
              77.2815372809308,
              28.65270686715725
            ],
            [
              77.28155917502794,
              28.653
            ]
          ]
        ]
      },
      "properties": {
        "feature_id": "crash-zone-flyover-raja-ram-marg",
        "location_name": "Flyover Raja Ram Marg",
        "road_name": "Raja Ram Kohli Marg",
        "listed_in_table_6_29": true,
        "table_6_29_rank": 51,
        "all_simple_crashes": 1,
        "all_fatal_crashes": 4,
        "all_total_crashes": 5,
        "pedestrian_crash_prone": false,
        "pedestrian_simple_crashes": null,
        "pedestrian_fatal_crashes": null,
        "pedestrian_total_crashes": null,
        "two_wheeler_crash_prone": false,
        "two_wheeler_simple_crashes": null,
        "two_wheeler_fatal_crashes": null,
        "two_wheeler_total_crashes": null,
        "htv_crash_prone": false,
        "htv_simple_crashes": null,
        "htv_fatal_crashes": null,
        "htv_total_crashes": null,
        "hit_and_run_crash_prone": true,
        "hit_and_run_simple_crashes": 0,
        "hit_and_run_fatal_crashes": 3,
        "hit_and_run_total_crashes": 3,
        "day_time_crash_prone": false,
        "day_simple_crashes": null,
        "day_fatal_crashes": null,
        "day_total_crashes": null,
        "night_time_crash_prone": false,
        "night_simple_crashes": null,
        "night_fatal_crashes": null,
        "night_total_crashes": null,
        "blackspot_2024": false,
        "blackspot_rank": null,
        "blackspot_noninjury_crashes": null,
        "blackspot_simple_crashes": null,
        "blackspot_fatal_crashes": null,
        "blackspot_total_crashes": null,
        "blackspot_persons_killed": null,
        "blackspot_persons_injured": null,
        "cctv_priority_candidate": true,
        "cctv_priority_reason": "Listed in Table 6.37 as a hit-and-run crash-prone zone; the report recommends CCTV installation at these locations.",
        "zone_radius_m_derived": 250,
        "geometry_status": "coordinates_not_published_in_report",
        "osm_search_query": "Flyover Raja Ram Marg, Raja Ram Kohli Marg, Delhi, India",
        "source": "Delhi Road Crash Report 2024, Delhi Traffic Police",
        "source_pdf_pages": [
          112,
          113,
          114,
          115,
          125
        ],
        "coordinate_is_approximate": true,
        "coordinate_method": "flyover_area_centre",
        "coordinate_confidence": "medium",
        "estimated_accuracy_m": 500,
        "coordinate_source": "Approximate Delhi landmark/intersection/locality centre derived from the report place name",
        "coordinate_warning": "Not the Delhi Traffic Police geotag and not a surveyed crash location.",
        "coordinate_order": "[longitude, latitude]",
        "zone_radius_m": 250,
        "zone_diameter_m": 500,
        "geometry_representation": "approximate_250m_radius_zone",
        "buffer_warning": "The report defines crash-prone zones using a 500-metre diameter. This polygon is centred on an approximate location, not the unpublished police geotag."
      }
    },
    {
      "type": "Feature",
      "id": "crash-zone-telco-gajipur-buffer-250m",
      "geometry": {
        "type": "Polygon",
        "coordinates": [
          [
            [
              77.32455858963434,
              28.629
            ],
            [
              77.32453670054532,
              28.62929313284275
            ],
            [
              77.32447140780668,
              28.629581250101293
            ],
            [
              77.32436382859525,
              28.629859422009446
            ],
            [
              77.32421580362119,
              28.63012288896874
            ],
            [
              77.32402986563284,
              28.630367142986458
            ],
            [
              77.32380919608072,
              28.63058800480863
            ],
            [
              77.32355757068204,
              28.63078169542825
            ],
            [
              77.32327929481717,
              28.630944900745117
            ],
            [
              77.32297912986328,
              28.631074828271004
            ],
            [
              77.32266221172597,
              28.63116925490992
            ],
            [
              77.32233396296243,
              28.6312265649959
            ],
            [
              77.322,
              28.63124577793748
            ],
            [
              77.32166603703757,
              28.6312265649959
            ],
            [
              77.32133778827404,
              28.63116925490992
            ],
            [
              77.32102087013672,
              28.631074828271004
            ],
            [
              77.32072070518284,
              28.630944900745117
            ],
            [
              77.32044242931796,
              28.63078169542825
            ],
            [
              77.32019080391929,
              28.63058800480863
            ],
            [
              77.31997013436717,
              28.630367142986458
            ],
            [
              77.31978419637882,
              28.63012288896874
            ],
            [
              77.31963617140475,
              28.629859422009446
            ],
            [
              77.31952859219332,
              28.629581250101293
            ],
            [
              77.31946329945468,
              28.62929313284275
            ],
            [
              77.31944141036567,
              28.629
            ],
            [
              77.31946329945468,
              28.628706867157252
            ],
            [
              77.31952859219332,
              28.62841874989871
            ],
            [
              77.31963617140475,
              28.628140577990557
            ],
            [
              77.31978419637882,
              28.627877111031264
            ],
            [
              77.31997013436717,
              28.627632857013545
            ],
            [
              77.32019080391929,
              28.627411995191373
            ],
            [
              77.32044242931796,
              28.627218304571752
            ],
            [
              77.32072070518284,
              28.627055099254886
            ],
            [
              77.32102087013672,
              28.626925171729
            ],
            [
              77.32133778827404,
              28.626830745090082
            ],
            [
              77.32166603703757,
              28.626773435004104
            ],
            [
              77.322,
              28.626754222062523
            ],
            [
              77.32233396296243,
              28.626773435004104
            ],
            [
              77.32266221172597,
              28.626830745090082
            ],
            [
              77.32297912986328,
              28.626925171729
            ],
            [
              77.32327929481717,
              28.627055099254886
            ],
            [
              77.32355757068204,
              28.627218304571752
            ],
            [
              77.32380919608072,
              28.627411995191373
            ],
            [
              77.32402986563284,
              28.627632857013545
            ],
            [
              77.32421580362119,
              28.627877111031264
            ],
            [
              77.32436382859525,
              28.628140577990557
            ],
            [
              77.32447140780668,
              28.62841874989871
            ],
            [
              77.32453670054532,
              28.628706867157252
            ],
            [
              77.32455858963434,
              28.629
            ]
          ]
        ]
      },
      "properties": {
        "feature_id": "crash-zone-telco-gajipur",
        "location_name": "Telco Gajipur",
        "road_name": "Road No.56",
        "listed_in_table_6_29": true,
        "table_6_29_rank": 52,
        "all_simple_crashes": 9,
        "all_fatal_crashes": 3,
        "all_total_crashes": 12,
        "pedestrian_crash_prone": false,
        "pedestrian_simple_crashes": null,
        "pedestrian_fatal_crashes": null,
        "pedestrian_total_crashes": null,
        "two_wheeler_crash_prone": false,
        "two_wheeler_simple_crashes": null,
        "two_wheeler_fatal_crashes": null,
        "two_wheeler_total_crashes": null,
        "htv_crash_prone": false,
        "htv_simple_crashes": null,
        "htv_fatal_crashes": null,
        "htv_total_crashes": null,
        "hit_and_run_crash_prone": false,
        "hit_and_run_simple_crashes": null,
        "hit_and_run_fatal_crashes": null,
        "hit_and_run_total_crashes": null,
        "day_time_crash_prone": false,
        "day_simple_crashes": null,
        "day_fatal_crashes": null,
        "day_total_crashes": null,
        "night_time_crash_prone": false,
        "night_simple_crashes": null,
        "night_fatal_crashes": null,
        "night_total_crashes": null,
        "blackspot_2024": false,
        "blackspot_rank": null,
        "blackspot_noninjury_crashes": null,
        "blackspot_simple_crashes": null,
        "blackspot_fatal_crashes": null,
        "blackspot_total_crashes": null,
        "blackspot_persons_killed": null,
        "blackspot_persons_injured": null,
        "cctv_priority_candidate": false,
        "cctv_priority_reason": null,
        "zone_radius_m_derived": 250,
        "geometry_status": "coordinates_not_published_in_report",
        "osm_search_query": "Telco Gajipur, Road No.56, Delhi, India",
        "source": "Delhi Road Crash Report 2024, Delhi Traffic Police",
        "source_pdf_pages": [
          112,
          113,
          114,
          115
        ],
        "coordinate_is_approximate": true,
        "coordinate_method": "industrial_landmark_area",
        "coordinate_confidence": "medium",
        "estimated_accuracy_m": 700,
        "coordinate_source": "Approximate Delhi landmark/intersection/locality centre derived from the report place name",
        "coordinate_warning": "Not the Delhi Traffic Police geotag and not a surveyed crash location.",
        "coordinate_order": "[longitude, latitude]",
        "zone_radius_m": 250,
        "zone_diameter_m": 500,
        "geometry_representation": "approximate_250m_radius_zone",
        "buffer_warning": "The report defines crash-prone zones using a 500-metre diameter. This polygon is centred on an approximate location, not the unpublished police geotag."
      }
    },
    {
      "type": "Feature",
      "id": "crash-zone-loni-road-crossing-buffer-250m",
      "geometry": {
        "type": "Polygon",
        "coordinates": [
          [
            [
              77.2975599811153,
              28.686
            ],
            [
              77.29753808012198,
              28.68629313284275
            ],
            [
              77.29747275187408,
              28.68658125010129
            ],
            [
              77.29736511415604,
              28.686859422009444
            ],
            [
              77.29721700867906,
              28.687122888968737
            ],
            [
              77.29703096956891,
              28.687367142986457
            ],
            [
              77.29681018000635,
              28.687588004808628
            ],
            [
              77.29655841776199,
              28.68778169542825
            ],
            [
              77.29627999055765,
              28.687944900745116
            ],
            [
              77.29597966236,
              28.688074828271002
            ],
            [
              77.29566257186774,
              28.68816925490992
            ],
            [
              77.29533414458713,
              28.688226564995897
            ],
            [
              77.295,
              28.688245777937478
            ],
            [
              77.29466585541287,
              28.688226564995897
            ],
            [
              77.29433742813227,
              28.68816925490992
            ],
            [
              77.29402033764,
              28.688074828271002
            ],
            [
              77.29372000944235,
              28.687944900745116
            ],
            [
              77.29344158223802,
              28.68778169542825
            ],
            [
              77.29318981999366,
              28.687588004808628
            ],
            [
              77.2929690304311,
              28.687367142986457
            ],
            [
              77.29278299132095,
              28.687122888968737
            ],
            [
              77.29263488584397,
              28.686859422009444
            ],
            [
              77.29252724812592,
              28.68658125010129
            ],
            [
              77.29246191987802,
              28.68629313284275
            ],
            [
              77.2924400188847,
              28.686
            ],
            [
              77.29246191987802,
              28.68570686715725
            ],
            [
              77.29252724812592,
              28.68541874989871
            ],
            [
              77.29263488584397,
              28.685140577990555
            ],
            [
              77.29278299132095,
              28.684877111031263
            ],
            [
              77.2929690304311,
              28.684632857013543
            ],
            [
              77.29318981999366,
              28.684411995191372
            ],
            [
              77.29344158223802,
              28.68421830457175
            ],
            [
              77.29372000944235,
              28.684055099254884
            ],
            [
              77.29402033764,
              28.683925171728998
            ],
            [
              77.29433742813227,
              28.68383074509008
            ],
            [
              77.29466585541287,
              28.683773435004102
            ],
            [
              77.295,
              28.68375422206252
            ],
            [
              77.29533414458713,
              28.683773435004102
            ],
            [
              77.29566257186774,
              28.68383074509008
            ],
            [
              77.29597966236,
              28.683925171728998
            ],
            [
              77.29627999055765,
              28.684055099254884
            ],
            [
              77.29655841776199,
              28.68421830457175
            ],
            [
              77.29681018000635,
              28.684411995191372
            ],
            [
              77.29703096956891,
              28.684632857013543
            ],
            [
              77.29721700867906,
              28.684877111031263
            ],
            [
              77.29736511415604,
              28.685140577990555
            ],
            [
              77.29747275187408,
              28.68541874989871
            ],
            [
              77.29753808012198,
              28.68570686715725
            ],
            [
              77.2975599811153,
              28.686
            ]
          ]
        ]
      },
      "properties": {
        "feature_id": "crash-zone-loni-road-crossing",
        "location_name": "Loni Road Crossing",
        "road_name": "Wazirabad Road",
        "listed_in_table_6_29": true,
        "table_6_29_rank": 53,
        "all_simple_crashes": 8,
        "all_fatal_crashes": 3,
        "all_total_crashes": 11,
        "pedestrian_crash_prone": false,
        "pedestrian_simple_crashes": null,
        "pedestrian_fatal_crashes": null,
        "pedestrian_total_crashes": null,
        "two_wheeler_crash_prone": false,
        "two_wheeler_simple_crashes": null,
        "two_wheeler_fatal_crashes": null,
        "two_wheeler_total_crashes": null,
        "htv_crash_prone": false,
        "htv_simple_crashes": null,
        "htv_fatal_crashes": null,
        "htv_total_crashes": null,
        "hit_and_run_crash_prone": true,
        "hit_and_run_simple_crashes": 1,
        "hit_and_run_fatal_crashes": 3,
        "hit_and_run_total_crashes": 4,
        "day_time_crash_prone": false,
        "day_simple_crashes": null,
        "day_fatal_crashes": null,
        "day_total_crashes": null,
        "night_time_crash_prone": false,
        "night_simple_crashes": null,
        "night_fatal_crashes": null,
        "night_total_crashes": null,
        "blackspot_2024": false,
        "blackspot_rank": null,
        "blackspot_noninjury_crashes": null,
        "blackspot_simple_crashes": null,
        "blackspot_fatal_crashes": null,
        "blackspot_total_crashes": null,
        "blackspot_persons_killed": null,
        "blackspot_persons_injured": null,
        "cctv_priority_candidate": true,
        "cctv_priority_reason": "Listed in Table 6.37 as a hit-and-run crash-prone zone; the report recommends CCTV installation at these locations.",
        "zone_radius_m_derived": 250,
        "geometry_status": "coordinates_not_published_in_report",
        "osm_search_query": "Loni Road Crossing, Wazirabad Road, Delhi, India",
        "source": "Delhi Road Crash Report 2024, Delhi Traffic Police",
        "source_pdf_pages": [
          112,
          113,
          114,
          115,
          125
        ],
        "coordinate_is_approximate": true,
        "coordinate_method": "intersection_centre",
        "coordinate_confidence": "medium",
        "estimated_accuracy_m": 500,
        "coordinate_source": "Approximate Delhi landmark/intersection/locality centre derived from the report place name",
        "coordinate_warning": "Not the Delhi Traffic Police geotag and not a surveyed crash location.",
        "coordinate_order": "[longitude, latitude]",
        "zone_radius_m": 250,
        "zone_diameter_m": 500,
        "geometry_representation": "approximate_250m_radius_zone",
        "buffer_warning": "The report defines crash-prone zones using a 500-metre diameter. This polygon is centred on an approximate location, not the unpublished police geotag."
      }
    },
    {
      "type": "Feature",
      "id": "crash-zone-metro-station-dilshad-garden-buffer-250m",
      "geometry": {
        "type": "Polygon",
        "coordinates": [
          [
            [
              77.32355971226875,
              28.675
            ],
            [
              77.32353781357544,
              28.67529313284275
            ],
            [
              77.32347249218824,
              28.675581250101292
            ],
            [
              77.32336486577421,
              28.675859422009445
            ],
            [
              77.32321677585111,
              28.676122888968738
            ],
            [
              77.3230307562786,
              28.676367142986457
            ],
            [
              77.32280998990312,
              28.67658800480863
            ],
            [
              77.32255825409857,
              28.67678169542825
            ],
            [
              77.32227985613437,
              28.676944900745116
            ],
            [
              77.32197955947687,
              28.677074828271003
            ],
            [
              77.32166250228514,
              28.67716925490992
            ],
            [
              77.32133410949561,
              28.677226564995898
            ],
            [
              77.321,
              28.67724577793748
            ],
            [
              77.32066589050439,
              28.677226564995898
            ],
            [
              77.32033749771486,
              28.67716925490992
            ],
            [
              77.32002044052312,
              28.677074828271003
            ],
            [
              77.31972014386562,
              28.676944900745116
            ],
            [
              77.31944174590143,
              28.67678169542825
            ],
            [
              77.31919001009688,
              28.67658800480863
            ],
            [
              77.3189692437214,
              28.676367142986457
            ],
            [
              77.31878322414889,
              28.676122888968738
            ],
            [
              77.31863513422579,
              28.675859422009445
            ],
            [
              77.31852750781175,
              28.675581250101292
            ],
            [
              77.31846218642455,
              28.67529313284275
            ],
            [
              77.31844028773125,
              28.675
            ],
            [
              77.31846218642455,
              28.67470686715725
            ],
            [
              77.31852750781175,
              28.67441874989871
            ],
            [
              77.31863513422579,
              28.674140577990556
            ],
            [
              77.31878322414889,
              28.673877111031263
            ],
            [
              77.3189692437214,
              28.673632857013544
            ],
            [
              77.31919001009688,
              28.673411995191373
            ],
            [
              77.31944174590143,
              28.67321830457175
            ],
            [
              77.31972014386562,
              28.673055099254885
            ],
            [
              77.32002044052312,
              28.672925171729
            ],
            [
              77.32033749771486,
              28.67283074509008
            ],
            [
              77.32066589050439,
              28.672773435004103
            ],
            [
              77.321,
              28.672754222062522
            ],
            [
              77.32133410949561,
              28.672773435004103
            ],
            [
              77.32166250228514,
              28.67283074509008
            ],
            [
              77.32197955947687,
              28.672925171729
            ],
            [
              77.32227985613437,
              28.673055099254885
            ],
            [
              77.32255825409857,
              28.67321830457175
            ],
            [
              77.32280998990312,
              28.673411995191373
            ],
            [
              77.3230307562786,
              28.673632857013544
            ],
            [
              77.32321677585111,
              28.673877111031263
            ],
            [
              77.32336486577421,
              28.674140577990556
            ],
            [
              77.32347249218824,
              28.67441874989871
            ],
            [
              77.32353781357544,
              28.67470686715725
            ],
            [
              77.32355971226875,
              28.675
            ]
          ]
        ]
      },
      "properties": {
        "feature_id": "crash-zone-metro-station-dilshad-garden",
        "location_name": "Metro Station Dilshad Garden",
        "road_name": "G.T. Road",
        "listed_in_table_6_29": true,
        "table_6_29_rank": 54,
        "all_simple_crashes": 7,
        "all_fatal_crashes": 3,
        "all_total_crashes": 10,
        "pedestrian_crash_prone": false,
        "pedestrian_simple_crashes": null,
        "pedestrian_fatal_crashes": null,
        "pedestrian_total_crashes": null,
        "two_wheeler_crash_prone": false,
        "two_wheeler_simple_crashes": null,
        "two_wheeler_fatal_crashes": null,
        "two_wheeler_total_crashes": null,
        "htv_crash_prone": false,
        "htv_simple_crashes": null,
        "htv_fatal_crashes": null,
        "htv_total_crashes": null,
        "hit_and_run_crash_prone": false,
        "hit_and_run_simple_crashes": null,
        "hit_and_run_fatal_crashes": null,
        "hit_and_run_total_crashes": null,
        "day_time_crash_prone": false,
        "day_simple_crashes": null,
        "day_fatal_crashes": null,
        "day_total_crashes": null,
        "night_time_crash_prone": false,
        "night_simple_crashes": null,
        "night_fatal_crashes": null,
        "night_total_crashes": null,
        "blackspot_2024": false,
        "blackspot_rank": null,
        "blackspot_noninjury_crashes": null,
        "blackspot_simple_crashes": null,
        "blackspot_fatal_crashes": null,
        "blackspot_total_crashes": null,
        "blackspot_persons_killed": null,
        "blackspot_persons_injured": null,
        "cctv_priority_candidate": false,
        "cctv_priority_reason": null,
        "zone_radius_m_derived": 250,
        "geometry_status": "coordinates_not_published_in_report",
        "osm_search_query": "Metro Station Dilshad Garden, G.T. Road, Delhi, India",
        "source": "Delhi Road Crash Report 2024, Delhi Traffic Police",
        "source_pdf_pages": [
          112,
          113,
          114,
          115
        ],
        "coordinate_is_approximate": true,
        "coordinate_method": "metro_station_centre",
        "coordinate_confidence": "high",
        "estimated_accuracy_m": 150,
        "coordinate_source": "Approximate Delhi landmark/intersection/locality centre derived from the report place name",
        "coordinate_warning": "Not the Delhi Traffic Police geotag and not a surveyed crash location.",
        "coordinate_order": "[longitude, latitude]",
        "zone_radius_m": 250,
        "zone_diameter_m": 500,
        "geometry_representation": "approximate_250m_radius_zone",
        "buffer_warning": "The report defines crash-prone zones using a 500-metre diameter. This polygon is centred on an approximate location, not the unpublished police geotag."
      }
    },
    {
      "type": "Feature",
      "id": "crash-zone-hamdard-nagar-red-light-buffer-250m",
      "geometry": {
        "type": "Polygon",
        "coordinates": [
          [
            [
              77.25255581878714,
              28.515
            ],
            [
              77.25253395340312,
              28.51529313284275
            ],
            [
              77.25246873137381,
              28.51558125010129
            ],
            [
              77.25236126866625,
              28.515859422009445
            ],
            [
              77.25221340399713,
              28.516122888968738
            ],
            [
              77.25202766737196,
              28.516367142986457
            ],
            [
              77.25180723679587,
              28.51658800480863
            ],
            [
              77.25155588389714,
              28.51678169542825
            ],
            [
              77.25127790939356,
              28.516944900745116
            ],
            [
              77.25097806950596,
              28.517074828271003
            ],
            [
              77.25066149457794,
              28.51716925490992
            ],
            [
              77.25033360129429,
              28.517226564995898
            ],
            [
              77.25,
              28.51724577793748
            ],
            [
              77.24966639870571,
              28.517226564995898
            ],
            [
              77.24933850542206,
              28.51716925490992
            ],
            [
              77.24902193049404,
              28.517074828271003
            ],
            [
              77.24872209060644,
              28.516944900745116
            ],
            [
              77.24844411610286,
              28.51678169542825
            ],
            [
              77.24819276320413,
              28.51658800480863
            ],
            [
              77.24797233262804,
              28.516367142986457
            ],
            [
              77.24778659600287,
              28.516122888968738
            ],
            [
              77.24763873133375,
              28.515859422009445
            ],
            [
              77.24753126862619,
              28.51558125010129
            ],
            [
              77.24746604659688,
              28.51529313284275
            ],
            [
              77.24744418121286,
              28.515
            ],
            [
              77.24746604659688,
              28.51470686715725
            ],
            [
              77.24753126862619,
              28.51441874989871
            ],
            [
              77.24763873133375,
              28.514140577990556
            ],
            [
              77.24778659600287,
              28.513877111031263
            ],
            [
              77.24797233262804,
              28.513632857013544
            ],
            [
              77.24819276320413,
              28.513411995191372
            ],
            [
              77.24844411610286,
              28.51321830457175
            ],
            [
              77.24872209060644,
              28.513055099254885
            ],
            [
              77.24902193049404,
              28.512925171728998
            ],
            [
              77.24933850542206,
              28.51283074509008
            ],
            [
              77.24966639870571,
              28.512773435004103
            ],
            [
              77.25,
              28.512754222062522
            ],
            [
              77.25033360129429,
              28.512773435004103
            ],
            [
              77.25066149457794,
              28.51283074509008
            ],
            [
              77.25097806950596,
              28.512925171728998
            ],
            [
              77.25127790939356,
              28.513055099254885
            ],
            [
              77.25155588389714,
              28.51321830457175
            ],
            [
              77.25180723679587,
              28.513411995191372
            ],
            [
              77.25202766737196,
              28.513632857013544
            ],
            [
              77.25221340399713,
              28.513877111031263
            ],
            [
              77.25236126866625,
              28.514140577990556
            ],
            [
              77.25246873137381,
              28.51441874989871
            ],
            [
              77.25253395340312,
              28.51470686715725
            ],
            [
              77.25255581878714,
              28.515
            ]
          ]
        ]
      },
      "properties": {
        "feature_id": "crash-zone-hamdard-nagar-red-light",
        "location_name": "Hamdard Nagar Red Light",
        "road_name": "Mehrauli Badarpur Road",
        "listed_in_table_6_29": true,
        "table_6_29_rank": 55,
        "all_simple_crashes": 7,
        "all_fatal_crashes": 3,
        "all_total_crashes": 10,
        "pedestrian_crash_prone": false,
        "pedestrian_simple_crashes": null,
        "pedestrian_fatal_crashes": null,
        "pedestrian_total_crashes": null,
        "two_wheeler_crash_prone": false,
        "two_wheeler_simple_crashes": null,
        "two_wheeler_fatal_crashes": null,
        "two_wheeler_total_crashes": null,
        "htv_crash_prone": false,
        "htv_simple_crashes": null,
        "htv_fatal_crashes": null,
        "htv_total_crashes": null,
        "hit_and_run_crash_prone": false,
        "hit_and_run_simple_crashes": null,
        "hit_and_run_fatal_crashes": null,
        "hit_and_run_total_crashes": null,
        "day_time_crash_prone": false,
        "day_simple_crashes": null,
        "day_fatal_crashes": null,
        "day_total_crashes": null,
        "night_time_crash_prone": true,
        "night_simple_crashes": null,
        "night_fatal_crashes": null,
        "night_total_crashes": null,
        "blackspot_2024": false,
        "blackspot_rank": null,
        "blackspot_noninjury_crashes": null,
        "blackspot_simple_crashes": null,
        "blackspot_fatal_crashes": null,
        "blackspot_total_crashes": null,
        "blackspot_persons_killed": null,
        "blackspot_persons_injured": null,
        "cctv_priority_candidate": false,
        "cctv_priority_reason": null,
        "zone_radius_m_derived": 250,
        "geometry_status": "coordinates_not_published_in_report",
        "osm_search_query": "Hamdard Nagar Red Light, Mehrauli Badarpur Road, Delhi, India",
        "source": "Delhi Road Crash Report 2024, Delhi Traffic Police",
        "source_pdf_pages": [
          112,
          113,
          114,
          115,
          128,
          129
        ],
        "night_time_simple_crashes": 2,
        "night_time_fatal_crashes": 3,
        "night_time_total_crashes": 5,
        "coordinate_is_approximate": true,
        "coordinate_method": "intersection_centre",
        "coordinate_confidence": "medium",
        "estimated_accuracy_m": 600,
        "coordinate_source": "Approximate Delhi landmark/intersection/locality centre derived from the report place name",
        "coordinate_warning": "Not the Delhi Traffic Police geotag and not a surveyed crash location.",
        "coordinate_order": "[longitude, latitude]",
        "zone_radius_m": 250,
        "zone_diameter_m": 500,
        "geometry_representation": "approximate_250m_radius_zone",
        "buffer_warning": "The report defines crash-prone zones using a 500-metre diameter. This polygon is centred on an approximate location, not the unpublished police geotag."
      }
    },
    {
      "type": "Feature",
      "id": "crash-zone-uttam-nagar-buffer-250m",
      "geometry": {
        "type": "Polygon",
        "coordinates": [
          [
            [
              77.05855839466237,
              28.621
            ],
            [
              77.05853650724139,
              28.621293132842748
            ],
            [
              77.05847121947824,
              28.62158125010129
            ],
            [
              77.05836364846465,
              28.621859422009443
            ],
            [
              77.05821563477052,
              28.622122888968736
            ],
            [
              77.05802971095117,
              28.622367142986455
            ],
            [
              77.05780905821472,
              28.622588004808627
            ],
            [
              77.05755745199063,
              28.622781695428248
            ],
            [
              77.05727919733118,
              28.622944900745114
            ],
            [
              77.05697905525074,
              28.623074828271
            ],
            [
              77.0566621612635,
              28.623169254909918
            ],
            [
              77.05633393751347,
              28.623226564995896
            ],
            [
              77.056,
              28.623245777937477
            ],
            [
              77.05566606248652,
              28.623226564995896
            ],
            [
              77.05533783873649,
              28.623169254909918
            ],
            [
              77.05502094474926,
              28.623074828271
            ],
            [
              77.05472080266881,
              28.622944900745114
            ],
            [
              77.05444254800936,
              28.622781695428248
            ],
            [
              77.05419094178528,
              28.622588004808627
            ],
            [
              77.05397028904882,
              28.622367142986455
            ],
            [
              77.05378436522948,
              28.622122888968736
            ],
            [
              77.05363635153535,
              28.621859422009443
            ],
            [
              77.05352878052176,
              28.62158125010129
            ],
            [
              77.05346349275861,
              28.621293132842748
            ],
            [
              77.05344160533762,
              28.621
            ],
            [
              77.05346349275861,
              28.62070686715725
            ],
            [
              77.05352878052176,
              28.620418749898707
            ],
            [
              77.05363635153535,
              28.620140577990554
            ],
            [
              77.05378436522948,
              28.61987711103126
            ],
            [
              77.05397028904882,
              28.619632857013542
            ],
            [
              77.05419094178528,
              28.61941199519137
            ],
            [
              77.05444254800936,
              28.61921830457175
            ],
            [
              77.05472080266881,
              28.619055099254883
            ],
            [
              77.05502094474926,
              28.618925171728996
            ],
            [
              77.05533783873649,
              28.61883074509008
            ],
            [
              77.05566606248652,
              28.6187734350041
            ],
            [
              77.056,
              28.61875422206252
            ],
            [
              77.05633393751347,
              28.6187734350041
            ],
            [
              77.0566621612635,
              28.61883074509008
            ],
            [
              77.05697905525074,
              28.618925171728996
            ],
            [
              77.05727919733118,
              28.619055099254883
            ],
            [
              77.05755745199063,
              28.61921830457175
            ],
            [
              77.05780905821472,
              28.61941199519137
            ],
            [
              77.05802971095117,
              28.619632857013542
            ],
            [
              77.05821563477052,
              28.61987711103126
            ],
            [
              77.05836364846465,
              28.620140577990554
            ],
            [
              77.05847121947824,
              28.620418749898707
            ],
            [
              77.05853650724139,
              28.62070686715725
            ],
            [
              77.05855839466237,
              28.621
            ]
          ]
        ]
      },
      "properties": {
        "feature_id": "crash-zone-uttam-nagar",
        "location_name": "Uttam Nagar",
        "road_name": "Najafgarh Road",
        "listed_in_table_6_29": true,
        "table_6_29_rank": 56,
        "all_simple_crashes": 7,
        "all_fatal_crashes": 3,
        "all_total_crashes": 10,
        "pedestrian_crash_prone": false,
        "pedestrian_simple_crashes": null,
        "pedestrian_fatal_crashes": null,
        "pedestrian_total_crashes": null,
        "two_wheeler_crash_prone": false,
        "two_wheeler_simple_crashes": null,
        "two_wheeler_fatal_crashes": null,
        "two_wheeler_total_crashes": null,
        "htv_crash_prone": false,
        "htv_simple_crashes": null,
        "htv_fatal_crashes": null,
        "htv_total_crashes": null,
        "hit_and_run_crash_prone": false,
        "hit_and_run_simple_crashes": null,
        "hit_and_run_fatal_crashes": null,
        "hit_and_run_total_crashes": null,
        "day_time_crash_prone": false,
        "day_simple_crashes": null,
        "day_fatal_crashes": null,
        "day_total_crashes": null,
        "night_time_crash_prone": false,
        "night_simple_crashes": null,
        "night_fatal_crashes": null,
        "night_total_crashes": null,
        "blackspot_2024": false,
        "blackspot_rank": null,
        "blackspot_noninjury_crashes": null,
        "blackspot_simple_crashes": null,
        "blackspot_fatal_crashes": null,
        "blackspot_total_crashes": null,
        "blackspot_persons_killed": null,
        "blackspot_persons_injured": null,
        "cctv_priority_candidate": false,
        "cctv_priority_reason": null,
        "zone_radius_m_derived": 250,
        "geometry_status": "coordinates_not_published_in_report",
        "osm_search_query": "Uttam Nagar, Najafgarh Road, Delhi, India",
        "source": "Delhi Road Crash Report 2024, Delhi Traffic Police",
        "source_pdf_pages": [
          112,
          113,
          114,
          115
        ],
        "coordinate_is_approximate": true,
        "coordinate_method": "locality_centre",
        "coordinate_confidence": "medium",
        "estimated_accuracy_m": 900,
        "coordinate_source": "Approximate Delhi landmark/intersection/locality centre derived from the report place name",
        "coordinate_warning": "Not the Delhi Traffic Police geotag and not a surveyed crash location.",
        "coordinate_order": "[longitude, latitude]",
        "zone_radius_m": 250,
        "zone_diameter_m": 500,
        "geometry_representation": "approximate_250m_radius_zone",
        "buffer_warning": "The report defines crash-prone zones using a 500-metre diameter. This polygon is centred on an approximate location, not the unpublished police geotag."
      }
    },
    {
      "type": "Feature",
      "id": "crash-zone-radisson-hotel-buffer-250m",
      "geometry": {
        "type": "Polygon",
        "coordinates": [
          [
            [
              77.1215565221228,
              28.544
            ],
            [
              77.12153465072164,
              28.54429313284275
            ],
            [
              77.1214694107439,
              28.54458125010129
            ],
            [
              77.12136191846368,
              28.544859422009445
            ],
            [
              77.1212140131037,
              28.545122888968738
            ],
            [
              77.12102822536566,
              28.545367142986457
            ],
            [
              77.12080773412929,
              28.54558800480863
            ],
            [
              77.12055631206077,
              28.54578169542825
            ],
            [
              77.1202782610614,
              28.545944900745116
            ],
            [
              77.11997833866087,
              28.546074828271003
            ],
            [
              77.11966167661461,
              28.54616925490992
            ],
            [
              77.11933369309801,
              28.546226564995898
            ],
            [
              77.119,
              28.54624577793748
            ],
            [
              77.11866630690199,
              28.546226564995898
            ],
            [
              77.11833832338539,
              28.54616925490992
            ],
            [
              77.11802166133913,
              28.546074828271003
            ],
            [
              77.1177217389386,
              28.545944900745116
            ],
            [
              77.11744368793923,
              28.54578169542825
            ],
            [
              77.11719226587071,
              28.54558800480863
            ],
            [
              77.11697177463434,
              28.545367142986457
            ],
            [
              77.1167859868963,
              28.545122888968738
            ],
            [
              77.11663808153632,
              28.544859422009445
            ],
            [
              77.1165305892561,
              28.54458125010129
            ],
            [
              77.11646534927836,
              28.54429313284275
            ],
            [
              77.1164434778772,
              28.544
            ],
            [
              77.11646534927836,
              28.54370686715725
            ],
            [
              77.1165305892561,
              28.54341874989871
            ],
            [
              77.11663808153632,
              28.543140577990556
            ],
            [
              77.1167859868963,
              28.542877111031263
            ],
            [
              77.11697177463434,
              28.542632857013544
            ],
            [
              77.11719226587071,
              28.542411995191372
            ],
            [
              77.11744368793923,
              28.54221830457175
            ],
            [
              77.1177217389386,
              28.542055099254885
            ],
            [
              77.11802166133913,
              28.541925171728998
            ],
            [
              77.11833832338539,
              28.54183074509008
            ],
            [
              77.11866630690199,
              28.541773435004103
            ],
            [
              77.119,
              28.541754222062522
            ],
            [
              77.11933369309801,
              28.541773435004103
            ],
            [
              77.11966167661461,
              28.54183074509008
            ],
            [
              77.11997833866087,
              28.541925171728998
            ],
            [
              77.1202782610614,
              28.542055099254885
            ],
            [
              77.12055631206077,
              28.54221830457175
            ],
            [
              77.12080773412929,
              28.542411995191372
            ],
            [
              77.12102822536566,
              28.542632857013544
            ],
            [
              77.1212140131037,
              28.542877111031263
            ],
            [
              77.12136191846368,
              28.543140577990556
            ],
            [
              77.1214694107439,
              28.54341874989871
            ],
            [
              77.12153465072164,
              28.54370686715725
            ],
            [
              77.1215565221228,
              28.544
            ]
          ]
        ]
      },
      "properties": {
        "feature_id": "crash-zone-radisson-hotel",
        "location_name": "Radisson Hotel",
        "road_name": "NH-8",
        "listed_in_table_6_29": true,
        "table_6_29_rank": 57,
        "all_simple_crashes": 6,
        "all_fatal_crashes": 3,
        "all_total_crashes": 9,
        "pedestrian_crash_prone": false,
        "pedestrian_simple_crashes": null,
        "pedestrian_fatal_crashes": null,
        "pedestrian_total_crashes": null,
        "two_wheeler_crash_prone": false,
        "two_wheeler_simple_crashes": null,
        "two_wheeler_fatal_crashes": null,
        "two_wheeler_total_crashes": null,
        "htv_crash_prone": false,
        "htv_simple_crashes": null,
        "htv_fatal_crashes": null,
        "htv_total_crashes": null,
        "hit_and_run_crash_prone": false,
        "hit_and_run_simple_crashes": null,
        "hit_and_run_fatal_crashes": null,
        "hit_and_run_total_crashes": null,
        "day_time_crash_prone": false,
        "day_simple_crashes": null,
        "day_fatal_crashes": null,
        "day_total_crashes": null,
        "night_time_crash_prone": false,
        "night_simple_crashes": null,
        "night_fatal_crashes": null,
        "night_total_crashes": null,
        "blackspot_2024": false,
        "blackspot_rank": null,
        "blackspot_noninjury_crashes": null,
        "blackspot_simple_crashes": null,
        "blackspot_fatal_crashes": null,
        "blackspot_total_crashes": null,
        "blackspot_persons_killed": null,
        "blackspot_persons_injured": null,
        "cctv_priority_candidate": false,
        "cctv_priority_reason": null,
        "zone_radius_m_derived": 250,
        "geometry_status": "coordinates_not_published_in_report",
        "osm_search_query": "Radisson Hotel, NH-8, Delhi, India",
        "source": "Delhi Road Crash Report 2024, Delhi Traffic Police",
        "source_pdf_pages": [
          112,
          113,
          114,
          115
        ],
        "coordinate_is_approximate": true,
        "coordinate_method": "hotel_area_centre",
        "coordinate_confidence": "medium",
        "estimated_accuracy_m": 500,
        "coordinate_source": "Approximate Delhi landmark/intersection/locality centre derived from the report place name",
        "coordinate_warning": "Not the Delhi Traffic Police geotag and not a surveyed crash location.",
        "coordinate_order": "[longitude, latitude]",
        "zone_radius_m": 250,
        "zone_diameter_m": 500,
        "geometry_representation": "approximate_250m_radius_zone",
        "buffer_warning": "The report defines crash-prone zones using a 500-metre diameter. This polygon is centred on an approximate location, not the unpublished police geotag."
      }
    },
    {
      "type": "Feature",
      "id": "crash-zone-district-center-janakpuri-buffer-250m",
      "geometry": {
        "type": "Polygon",
        "coordinates": [
          [
            [
              77.08355858963434,
              28.629
            ],
            [
              77.08353670054532,
              28.62929313284275
            ],
            [
              77.08347140780668,
              28.629581250101293
            ],
            [
              77.08336382859525,
              28.629859422009446
            ],
            [
              77.08321580362119,
              28.63012288896874
            ],
            [
              77.08302986563284,
              28.630367142986458
            ],
            [
              77.08280919608072,
              28.63058800480863
            ],
            [
              77.08255757068204,
              28.63078169542825
            ],
            [
              77.08227929481717,
              28.630944900745117
            ],
            [
              77.08197912986329,
              28.631074828271004
            ],
            [
              77.08166221172597,
              28.63116925490992
            ],
            [
              77.08133396296243,
              28.6312265649959
            ],
            [
              77.081,
              28.63124577793748
            ],
            [
              77.08066603703757,
              28.6312265649959
            ],
            [
              77.08033778827404,
              28.63116925490992
            ],
            [
              77.08002087013672,
              28.631074828271004
            ],
            [
              77.07972070518284,
              28.630944900745117
            ],
            [
              77.07944242931796,
              28.63078169542825
            ],
            [
              77.07919080391929,
              28.63058800480863
            ],
            [
              77.07897013436717,
              28.630367142986458
            ],
            [
              77.07878419637882,
              28.63012288896874
            ],
            [
              77.07863617140475,
              28.629859422009446
            ],
            [
              77.07852859219332,
              28.629581250101293
            ],
            [
              77.07846329945468,
              28.62929313284275
            ],
            [
              77.07844141036567,
              28.629
            ],
            [
              77.07846329945468,
              28.628706867157252
            ],
            [
              77.07852859219332,
              28.62841874989871
            ],
            [
              77.07863617140475,
              28.628140577990557
            ],
            [
              77.07878419637882,
              28.627877111031264
            ],
            [
              77.07897013436717,
              28.627632857013545
            ],
            [
              77.07919080391929,
              28.627411995191373
            ],
            [
              77.07944242931796,
              28.627218304571752
            ],
            [
              77.07972070518284,
              28.627055099254886
            ],
            [
              77.08002087013672,
              28.626925171729
            ],
            [
              77.08033778827404,
              28.626830745090082
            ],
            [
              77.08066603703757,
              28.626773435004104
            ],
            [
              77.081,
              28.626754222062523
            ],
            [
              77.08133396296243,
              28.626773435004104
            ],
            [
              77.08166221172597,
              28.626830745090082
            ],
            [
              77.08197912986329,
              28.626925171729
            ],
            [
              77.08227929481717,
              28.627055099254886
            ],
            [
              77.08255757068204,
              28.627218304571752
            ],
            [
              77.08280919608072,
              28.627411995191373
            ],
            [
              77.08302986563284,
              28.627632857013545
            ],
            [
              77.08321580362119,
              28.627877111031264
            ],
            [
              77.08336382859525,
              28.628140577990557
            ],
            [
              77.08347140780668,
              28.62841874989871
            ],
            [
              77.08353670054532,
              28.628706867157252
            ],
            [
              77.08355858963434,
              28.629
            ]
          ]
        ]
      },
      "properties": {
        "feature_id": "crash-zone-district-center-janakpuri",
        "location_name": "District Center Janakpuri",
        "road_name": "Najafgarh Road",
        "listed_in_table_6_29": true,
        "table_6_29_rank": 58,
        "all_simple_crashes": 6,
        "all_fatal_crashes": 3,
        "all_total_crashes": 9,
        "pedestrian_crash_prone": false,
        "pedestrian_simple_crashes": null,
        "pedestrian_fatal_crashes": null,
        "pedestrian_total_crashes": null,
        "two_wheeler_crash_prone": false,
        "two_wheeler_simple_crashes": null,
        "two_wheeler_fatal_crashes": null,
        "two_wheeler_total_crashes": null,
        "htv_crash_prone": false,
        "htv_simple_crashes": null,
        "htv_fatal_crashes": null,
        "htv_total_crashes": null,
        "hit_and_run_crash_prone": true,
        "hit_and_run_simple_crashes": 1,
        "hit_and_run_fatal_crashes": 3,
        "hit_and_run_total_crashes": 4,
        "day_time_crash_prone": false,
        "day_simple_crashes": null,
        "day_fatal_crashes": null,
        "day_total_crashes": null,
        "night_time_crash_prone": false,
        "night_simple_crashes": null,
        "night_fatal_crashes": null,
        "night_total_crashes": null,
        "blackspot_2024": false,
        "blackspot_rank": null,
        "blackspot_noninjury_crashes": null,
        "blackspot_simple_crashes": null,
        "blackspot_fatal_crashes": null,
        "blackspot_total_crashes": null,
        "blackspot_persons_killed": null,
        "blackspot_persons_injured": null,
        "cctv_priority_candidate": true,
        "cctv_priority_reason": "Listed in Table 6.37 as a hit-and-run crash-prone zone; the report recommends CCTV installation at these locations.",
        "zone_radius_m_derived": 250,
        "geometry_status": "coordinates_not_published_in_report",
        "osm_search_query": "District Center Janakpuri, Najafgarh Road, Delhi, India",
        "source": "Delhi Road Crash Report 2024, Delhi Traffic Police",
        "source_pdf_pages": [
          112,
          113,
          114,
          115,
          125
        ],
        "coordinate_is_approximate": true,
        "coordinate_method": "commercial_centre",
        "coordinate_confidence": "high",
        "estimated_accuracy_m": 300,
        "coordinate_source": "Approximate Delhi landmark/intersection/locality centre derived from the report place name",
        "coordinate_warning": "Not the Delhi Traffic Police geotag and not a surveyed crash location.",
        "coordinate_order": "[longitude, latitude]",
        "zone_radius_m": 250,
        "zone_diameter_m": 500,
        "geometry_representation": "approximate_250m_radius_zone",
        "buffer_warning": "The report defines crash-prone zones using a 500-metre diameter. This polygon is centred on an approximate location, not the unpublished police geotag."
      }
    },
    {
      "type": "Feature",
      "id": "crash-zone-udyog-nagar-buffer-250m",
      "geometry": {
        "type": "Polygon",
        "coordinates": [
          [
            [
              77.09655985889361,
              28.681
            ],
            [
              77.09653795894592,
              28.68129313284275
            ],
            [
              77.096472633817,
              28.681581250101292
            ],
            [
              77.09636500123793,
              28.681859422009445
            ],
            [
              77.09621690283197,
              28.68212288896874
            ],
            [
              77.09603087260392,
              28.682367142986458
            ],
            [
              77.09581009358256,
              28.68258800480863
            ],
            [
              77.09555834335814,
              28.68278169542825
            ],
            [
              77.0952799294468,
              28.682944900745117
            ],
            [
              77.09497961558777,
              28.683074828271003
            ],
            [
              77.09466254023444,
              28.68316925490992
            ],
            [
              77.094334128634,
              28.6832265649959
            ],
            [
              77.094,
              28.68324577793748
            ],
            [
              77.09366587136599,
              28.6832265649959
            ],
            [
              77.09333745976555,
              28.68316925490992
            ],
            [
              77.09302038441221,
              28.683074828271003
            ],
            [
              77.09272007055318,
              28.682944900745117
            ],
            [
              77.09244165664185,
              28.68278169542825
            ],
            [
              77.09218990641743,
              28.68258800480863
            ],
            [
              77.09196912739607,
              28.682367142986458
            ],
            [
              77.09178309716802,
              28.68212288896874
            ],
            [
              77.09163499876206,
              28.681859422009445
            ],
            [
              77.09152736618299,
              28.681581250101292
            ],
            [
              77.09146204105407,
              28.68129313284275
            ],
            [
              77.09144014110637,
              28.681
            ],
            [
              77.09146204105407,
              28.68070686715725
            ],
            [
              77.09152736618299,
              28.68041874989871
            ],
            [
              77.09163499876206,
              28.680140577990556
            ],
            [
              77.09178309716802,
              28.679877111031264
            ],
            [
              77.09196912739607,
              28.679632857013544
            ],
            [
              77.09218990641743,
              28.679411995191373
            ],
            [
              77.09244165664185,
              28.67921830457175
            ],
            [
              77.09272007055318,
              28.679055099254885
            ],
            [
              77.09302038441221,
              28.678925171729
            ],
            [
              77.09333745976555,
              28.67883074509008
            ],
            [
              77.09366587136599,
              28.678773435004103
            ],
            [
              77.094,
              28.678754222062523
            ],
            [
              77.094334128634,
              28.678773435004103
            ],
            [
              77.09466254023444,
              28.67883074509008
            ],
            [
              77.09497961558777,
              28.678925171729
            ],
            [
              77.0952799294468,
              28.679055099254885
            ],
            [
              77.09555834335814,
              28.67921830457175
            ],
            [
              77.09581009358256,
              28.679411995191373
            ],
            [
              77.09603087260392,
              28.679632857013544
            ],
            [
              77.09621690283197,
              28.679877111031264
            ],
            [
              77.09636500123793,
              28.680140577990556
            ],
            [
              77.096472633817,
              28.68041874989871
            ],
            [
              77.09653795894592,
              28.68070686715725
            ],
            [
              77.09655985889361,
              28.681
            ]
          ]
        ]
      },
      "properties": {
        "feature_id": "crash-zone-udyog-nagar",
        "location_name": "Udyog Nagar",
        "road_name": "Rohtak Road",
        "listed_in_table_6_29": true,
        "table_6_29_rank": 59,
        "all_simple_crashes": 6,
        "all_fatal_crashes": 3,
        "all_total_crashes": 9,
        "pedestrian_crash_prone": false,
        "pedestrian_simple_crashes": null,
        "pedestrian_fatal_crashes": null,
        "pedestrian_total_crashes": null,
        "two_wheeler_crash_prone": false,
        "two_wheeler_simple_crashes": null,
        "two_wheeler_fatal_crashes": null,
        "two_wheeler_total_crashes": null,
        "htv_crash_prone": false,
        "htv_simple_crashes": null,
        "htv_fatal_crashes": null,
        "htv_total_crashes": null,
        "hit_and_run_crash_prone": false,
        "hit_and_run_simple_crashes": null,
        "hit_and_run_fatal_crashes": null,
        "hit_and_run_total_crashes": null,
        "day_time_crash_prone": false,
        "day_simple_crashes": null,
        "day_fatal_crashes": null,
        "day_total_crashes": null,
        "night_time_crash_prone": true,
        "night_simple_crashes": null,
        "night_fatal_crashes": null,
        "night_total_crashes": null,
        "blackspot_2024": false,
        "blackspot_rank": null,
        "blackspot_noninjury_crashes": null,
        "blackspot_simple_crashes": null,
        "blackspot_fatal_crashes": null,
        "blackspot_total_crashes": null,
        "blackspot_persons_killed": null,
        "blackspot_persons_injured": null,
        "cctv_priority_candidate": false,
        "cctv_priority_reason": null,
        "zone_radius_m_derived": 250,
        "geometry_status": "coordinates_not_published_in_report",
        "osm_search_query": "Udyog Nagar, Rohtak Road, Delhi, India",
        "source": "Delhi Road Crash Report 2024, Delhi Traffic Police",
        "source_pdf_pages": [
          112,
          113,
          114,
          115,
          128,
          129
        ],
        "night_time_simple_crashes": 2,
        "night_time_fatal_crashes": 3,
        "night_time_total_crashes": 5,
        "coordinate_is_approximate": true,
        "coordinate_method": "locality_metro_area_centre",
        "coordinate_confidence": "medium",
        "estimated_accuracy_m": 500,
        "coordinate_source": "Approximate Delhi landmark/intersection/locality centre derived from the report place name",
        "coordinate_warning": "Not the Delhi Traffic Police geotag and not a surveyed crash location.",
        "coordinate_order": "[longitude, latitude]",
        "zone_radius_m": 250,
        "zone_diameter_m": 500,
        "geometry_representation": "approximate_250m_radius_zone",
        "buffer_warning": "The report defines crash-prone zones using a 500-metre diameter. This polygon is centred on an approximate location, not the unpublished police geotag."
      }
    },
    {
      "type": "Feature",
      "id": "crash-zone-sai-baba-mandir-najafgarh-buffer-250m",
      "geometry": {
        "type": "Polygon",
        "coordinates": [
          [
            [
              76.98755812670588,
              28.61
            ],
            [
              76.98753624157729,
              28.61029313284275
            ],
            [
              76.98747096065213,
              28.61058125010129
            ],
            [
              76.98736340090514,
              28.610859422009444
            ],
            [
              76.98721540271339,
              28.611122888968737
            ],
            [
              76.987029498367,
              28.611367142986456
            ],
            [
              76.98680886874087,
              28.611588004808628
            ],
            [
              76.98655728886905,
              28.61178169542825
            ],
            [
              76.98627906335294,
              28.611944900745115
            ],
            [
              76.98597895270824,
              28.612074828271002
            ],
            [
              76.98566209191127,
              28.61216925490992
            ],
            [
              76.98533390253813,
              28.612226564995897
            ],
            [
              76.985,
              28.612245777937478
            ],
            [
              76.98466609746187,
              28.612226564995897
            ],
            [
              76.98433790808873,
              28.61216925490992
            ],
            [
              76.98402104729176,
              28.612074828271002
            ],
            [
              76.98372093664706,
              28.611944900745115
            ],
            [
              76.98344271113095,
              28.61178169542825
            ],
            [
              76.98319113125913,
              28.611588004808628
            ],
            [
              76.982970501633,
              28.611367142986456
            ],
            [
              76.98278459728661,
              28.611122888968737
            ],
            [
              76.98263659909486,
              28.610859422009444
            ],
            [
              76.98252903934787,
              28.61058125010129
            ],
            [
              76.98246375842271,
              28.61029313284275
            ],
            [
              76.98244187329412,
              28.61
            ],
            [
              76.98246375842271,
              28.60970686715725
            ],
            [
              76.98252903934787,
              28.60941874989871
            ],
            [
              76.98263659909486,
              28.609140577990555
            ],
            [
              76.98278459728661,
              28.608877111031262
            ],
            [
              76.982970501633,
              28.608632857013543
            ],
            [
              76.98319113125913,
              28.60841199519137
            ],
            [
              76.98344271113095,
              28.60821830457175
            ],
            [
              76.98372093664706,
              28.608055099254884
            ],
            [
              76.98402104729176,
              28.607925171728997
            ],
            [
              76.98433790808873,
              28.60783074509008
            ],
            [
              76.98466609746187,
              28.607773435004102
            ],
            [
              76.985,
              28.60775422206252
            ],
            [
              76.98533390253813,
              28.607773435004102
            ],
            [
              76.98566209191127,
              28.60783074509008
            ],
            [
              76.98597895270824,
              28.607925171728997
            ],
            [
              76.98627906335294,
              28.608055099254884
            ],
            [
              76.98655728886905,
              28.60821830457175
            ],
            [
              76.98680886874087,
              28.60841199519137
            ],
            [
              76.987029498367,
              28.608632857013543
            ],
            [
              76.98721540271339,
              28.608877111031262
            ],
            [
              76.98736340090514,
              28.609140577990555
            ],
            [
              76.98747096065213,
              28.60941874989871
            ],
            [
              76.98753624157729,
              28.60970686715725
            ],
            [
              76.98755812670588,
              28.61
            ]
          ]
        ]
      },
      "properties": {
        "feature_id": "crash-zone-sai-baba-mandir-najafgarh",
        "location_name": "Sai Baba Mandir Najafgarh",
        "road_name": "Najafgarh Road",
        "listed_in_table_6_29": true,
        "table_6_29_rank": 60,
        "all_simple_crashes": 6,
        "all_fatal_crashes": 3,
        "all_total_crashes": 9,
        "pedestrian_crash_prone": false,
        "pedestrian_simple_crashes": null,
        "pedestrian_fatal_crashes": null,
        "pedestrian_total_crashes": null,
        "two_wheeler_crash_prone": false,
        "two_wheeler_simple_crashes": null,
        "two_wheeler_fatal_crashes": null,
        "two_wheeler_total_crashes": null,
        "htv_crash_prone": false,
        "htv_simple_crashes": null,
        "htv_fatal_crashes": null,
        "htv_total_crashes": null,
        "hit_and_run_crash_prone": false,
        "hit_and_run_simple_crashes": null,
        "hit_and_run_fatal_crashes": null,
        "hit_and_run_total_crashes": null,
        "day_time_crash_prone": false,
        "day_simple_crashes": null,
        "day_fatal_crashes": null,
        "day_total_crashes": null,
        "night_time_crash_prone": false,
        "night_simple_crashes": null,
        "night_fatal_crashes": null,
        "night_total_crashes": null,
        "blackspot_2024": false,
        "blackspot_rank": null,
        "blackspot_noninjury_crashes": null,
        "blackspot_simple_crashes": null,
        "blackspot_fatal_crashes": null,
        "blackspot_total_crashes": null,
        "blackspot_persons_killed": null,
        "blackspot_persons_injured": null,
        "cctv_priority_candidate": false,
        "cctv_priority_reason": null,
        "zone_radius_m_derived": 250,
        "geometry_status": "coordinates_not_published_in_report",
        "osm_search_query": "Sai Baba Mandir Najafgarh, Najafgarh Road, Delhi, India",
        "source": "Delhi Road Crash Report 2024, Delhi Traffic Police",
        "source_pdf_pages": [
          112,
          113,
          114,
          115
        ],
        "coordinate_is_approximate": true,
        "coordinate_method": "locality_landmark_centre",
        "coordinate_confidence": "low",
        "estimated_accuracy_m": 1200,
        "coordinate_source": "Approximate Delhi landmark/intersection/locality centre derived from the report place name",
        "coordinate_warning": "Not the Delhi Traffic Police geotag and not a surveyed crash location.",
        "coordinate_order": "[longitude, latitude]",
        "zone_radius_m": 250,
        "zone_diameter_m": 500,
        "geometry_representation": "approximate_250m_radius_zone",
        "buffer_warning": "The report defines crash-prone zones using a 500-metre diameter. This polygon is centred on an approximate location, not the unpublished police geotag."
      }
    },
    {
      "type": "Feature",
      "id": "crash-zone-rama-road-crossing-buffer-250m",
      "geometry": {
        "type": "Polygon",
        "coordinates": [
          [
            [
              77.14955937031849,
              28.661
            ],
            [
              77.14953747455061,
              28.66129313284275
            ],
            [
              77.14947216188966,
              28.661581250101293
            ],
            [
              77.14936454985336,
              28.661859422009446
            ],
            [
              77.1492164797135,
              28.66212288896874
            ],
            [
              77.14903048499121,
              28.662367142986458
            ],
            [
              77.14880974810777,
              28.66258800480863
            ],
            [
              77.14855804593245,
              28.66278169542825
            ],
            [
              77.14827968515925,
              28.662944900745117
            ],
            [
              77.14797942861817,
              28.663074828271004
            ],
            [
              77.1476624137819,
              28.66316925490992
            ],
            [
              77.14733406486216,
              28.6632265649959
            ],
            [
              77.147,
              28.66324577793748
            ],
            [
              77.14666593513785,
              28.6632265649959
            ],
            [
              77.14633758621811,
              28.66316925490992
            ],
            [
              77.14602057138184,
              28.663074828271004
            ],
            [
              77.14572031484076,
              28.662944900745117
            ],
            [
              77.14544195406756,
              28.66278169542825
            ],
            [
              77.14519025189225,
              28.66258800480863
            ],
            [
              77.1449695150088,
              28.662367142986458
            ],
            [
              77.14478352028651,
              28.66212288896874
            ],
            [
              77.14463545014665,
              28.661859422009446
            ],
            [
              77.14452783811035,
              28.661581250101293
            ],
            [
              77.1444625254494,
              28.66129313284275
            ],
            [
              77.14444062968153,
              28.661
            ],
            [
              77.1444625254494,
              28.660706867157252
            ],
            [
              77.14452783811035,
              28.66041874989871
            ],
            [
              77.14463545014665,
              28.660140577990557
            ],
            [
              77.14478352028651,
              28.659877111031264
            ],
            [
              77.1449695150088,
              28.659632857013545
            ],
            [
              77.14519025189225,
              28.659411995191373
            ],
            [
              77.14544195406756,
              28.659218304571752
            ],
            [
              77.14572031484076,
              28.659055099254886
            ],
            [
              77.14602057138184,
              28.658925171729
            ],
            [
              77.14633758621811,
              28.658830745090082
            ],
            [
              77.14666593513785,
              28.658773435004104
            ],
            [
              77.147,
              28.658754222062523
            ],
            [
              77.14733406486216,
              28.658773435004104
            ],
            [
              77.1476624137819,
              28.658830745090082
            ],
            [
              77.14797942861817,
              28.658925171729
            ],
            [
              77.14827968515925,
              28.659055099254886
            ],
            [
              77.14855804593245,
              28.659218304571752
            ],
            [
              77.14880974810777,
              28.659411995191373
            ],
            [
              77.14903048499121,
              28.659632857013545
            ],
            [
              77.1492164797135,
              28.659877111031264
            ],
            [
              77.14936454985336,
              28.660140577990557
            ],
            [
              77.14947216188966,
              28.66041874989871
            ],
            [
              77.14953747455061,
              28.660706867157252
            ],
            [
              77.14955937031849,
              28.661
            ]
          ]
        ]
      },
      "properties": {
        "feature_id": "crash-zone-rama-road-crossing",
        "location_name": "Rama Road Crossing",
        "road_name": "Patel Road",
        "listed_in_table_6_29": true,
        "table_6_29_rank": 61,
        "all_simple_crashes": 6,
        "all_fatal_crashes": 3,
        "all_total_crashes": 9,
        "pedestrian_crash_prone": false,
        "pedestrian_simple_crashes": null,
        "pedestrian_fatal_crashes": null,
        "pedestrian_total_crashes": null,
        "two_wheeler_crash_prone": false,
        "two_wheeler_simple_crashes": null,
        "two_wheeler_fatal_crashes": null,
        "two_wheeler_total_crashes": null,
        "htv_crash_prone": false,
        "htv_simple_crashes": null,
        "htv_fatal_crashes": null,
        "htv_total_crashes": null,
        "hit_and_run_crash_prone": false,
        "hit_and_run_simple_crashes": null,
        "hit_and_run_fatal_crashes": null,
        "hit_and_run_total_crashes": null,
        "day_time_crash_prone": false,
        "day_simple_crashes": null,
        "day_fatal_crashes": null,
        "day_total_crashes": null,
        "night_time_crash_prone": false,
        "night_simple_crashes": null,
        "night_fatal_crashes": null,
        "night_total_crashes": null,
        "blackspot_2024": false,
        "blackspot_rank": null,
        "blackspot_noninjury_crashes": null,
        "blackspot_simple_crashes": null,
        "blackspot_fatal_crashes": null,
        "blackspot_total_crashes": null,
        "blackspot_persons_killed": null,
        "blackspot_persons_injured": null,
        "cctv_priority_candidate": false,
        "cctv_priority_reason": null,
        "zone_radius_m_derived": 250,
        "geometry_status": "coordinates_not_published_in_report",
        "osm_search_query": "Rama Road Crossing, Patel Road, Delhi, India",
        "source": "Delhi Road Crash Report 2024, Delhi Traffic Police",
        "source_pdf_pages": [
          112,
          113,
          114,
          115
        ],
        "coordinate_is_approximate": true,
        "coordinate_method": "intersection_centre",
        "coordinate_confidence": "medium",
        "estimated_accuracy_m": 500,
        "coordinate_source": "Approximate Delhi landmark/intersection/locality centre derived from the report place name",
        "coordinate_warning": "Not the Delhi Traffic Police geotag and not a surveyed crash location.",
        "coordinate_order": "[longitude, latitude]",
        "zone_radius_m": 250,
        "zone_diameter_m": 500,
        "geometry_representation": "approximate_250m_radius_zone",
        "buffer_warning": "The report defines crash-prone zones using a 500-metre diameter. This polygon is centred on an approximate location, not the unpublished police geotag."
      }
    },
    {
      "type": "Feature",
      "id": "crash-zone-c-1-janakpuri-buffer-250m",
      "geometry": {
        "type": "Polygon",
        "coordinates": [
          [
            [
              77.08955832156842,
              28.618
            ],
            [
              77.08953643477275,
              28.618293132842748
            ],
            [
              77.08947114887489,
              28.61858125010129
            ],
            [
              77.08936358093464,
              28.618859422009443
            ],
            [
              77.0892155714693,
              28.619122888968736
            ],
            [
              77.08902965296184,
              28.619367142986455
            ],
            [
              77.08880900652949,
              28.619588004808627
            ],
            [
              77.08855740749385,
              28.619781695428248
            ],
            [
              77.08827916078421,
              28.619944900745114
            ],
            [
              77.08797902727889,
              28.620074828271
            ],
            [
              77.08766214234541,
              28.620169254909918
            ],
            [
              77.08733392797281,
              28.620226564995896
            ],
            [
              77.087,
              28.620245777937477
            ],
            [
              77.0866660720272,
              28.620226564995896
            ],
            [
              77.0863378576546,
              28.620169254909918
            ],
            [
              77.08602097272112,
              28.620074828271
            ],
            [
              77.0857208392158,
              28.619944900745114
            ],
            [
              77.08544259250615,
              28.619781695428248
            ],
            [
              77.08519099347052,
              28.619588004808627
            ],
            [
              77.08497034703817,
              28.619367142986455
            ],
            [
              77.08478442853071,
              28.619122888968736
            ],
            [
              77.08463641906536,
              28.618859422009443
            ],
            [
              77.08452885112511,
              28.61858125010129
            ],
            [
              77.08446356522725,
              28.618293132842748
            ],
            [
              77.08444167843159,
              28.618
            ],
            [
              77.08446356522725,
              28.61770686715725
            ],
            [
              77.08452885112511,
              28.617418749898707
            ],
            [
              77.08463641906536,
              28.617140577990554
            ],
            [
              77.08478442853071,
              28.61687711103126
            ],
            [
              77.08497034703817,
              28.616632857013542
            ],
            [
              77.08519099347052,
              28.61641199519137
            ],
            [
              77.08544259250615,
              28.61621830457175
            ],
            [
              77.0857208392158,
              28.616055099254883
            ],
            [
              77.08602097272112,
              28.615925171728996
            ],
            [
              77.0863378576546,
              28.61583074509008
            ],
            [
              77.0866660720272,
              28.6157734350041
            ],
            [
              77.087,
              28.61575422206252
            ],
            [
              77.08733392797281,
              28.6157734350041
            ],
            [
              77.08766214234541,
              28.61583074509008
            ],
            [
              77.08797902727889,
              28.615925171728996
            ],
            [
              77.08827916078421,
              28.616055099254883
            ],
            [
              77.08855740749385,
              28.61621830457175
            ],
            [
              77.08880900652949,
              28.61641199519137
            ],
            [
              77.08902965296184,
              28.616632857013542
            ],
            [
              77.0892155714693,
              28.61687711103126
            ],
            [
              77.08936358093464,
              28.617140577990554
            ],
            [
              77.08947114887489,
              28.617418749898707
            ],
            [
              77.08953643477275,
              28.61770686715725
            ],
            [
              77.08955832156842,
              28.618
            ]
          ]
        ]
      },
      "properties": {
        "feature_id": "crash-zone-c-1-janakpuri",
        "location_name": "C-1 Janakpuri",
        "road_name": "Pankha Road",
        "listed_in_table_6_29": true,
        "table_6_29_rank": 62,
        "all_simple_crashes": 6,
        "all_fatal_crashes": 3,
        "all_total_crashes": 9,
        "pedestrian_crash_prone": false,
        "pedestrian_simple_crashes": null,
        "pedestrian_fatal_crashes": null,
        "pedestrian_total_crashes": null,
        "two_wheeler_crash_prone": false,
        "two_wheeler_simple_crashes": null,
        "two_wheeler_fatal_crashes": null,
        "two_wheeler_total_crashes": null,
        "htv_crash_prone": false,
        "htv_simple_crashes": null,
        "htv_fatal_crashes": null,
        "htv_total_crashes": null,
        "hit_and_run_crash_prone": false,
        "hit_and_run_simple_crashes": null,
        "hit_and_run_fatal_crashes": null,
        "hit_and_run_total_crashes": null,
        "day_time_crash_prone": false,
        "day_simple_crashes": null,
        "day_fatal_crashes": null,
        "day_total_crashes": null,
        "night_time_crash_prone": false,
        "night_simple_crashes": null,
        "night_fatal_crashes": null,
        "night_total_crashes": null,
        "blackspot_2024": false,
        "blackspot_rank": null,
        "blackspot_noninjury_crashes": null,
        "blackspot_simple_crashes": null,
        "blackspot_fatal_crashes": null,
        "blackspot_total_crashes": null,
        "blackspot_persons_killed": null,
        "blackspot_persons_injured": null,
        "cctv_priority_candidate": false,
        "cctv_priority_reason": null,
        "zone_radius_m_derived": 250,
        "geometry_status": "coordinates_not_published_in_report",
        "osm_search_query": "C-1 Janakpuri, Pankha Road, Delhi, India",
        "source": "Delhi Road Crash Report 2024, Delhi Traffic Police",
        "source_pdf_pages": [
          112,
          113,
          114,
          115
        ],
        "coordinate_is_approximate": true,
        "coordinate_method": "block_centre",
        "coordinate_confidence": "medium",
        "estimated_accuracy_m": 500,
        "coordinate_source": "Approximate Delhi landmark/intersection/locality centre derived from the report place name",
        "coordinate_warning": "Not the Delhi Traffic Police geotag and not a surveyed crash location.",
        "coordinate_order": "[longitude, latitude]",
        "zone_radius_m": 250,
        "zone_diameter_m": 500,
        "geometry_representation": "approximate_250m_radius_zone",
        "buffer_warning": "The report defines crash-prone zones using a 500-metre diameter. This polygon is centred on an approximate location, not the unpublished police geotag."
      }
    },
    {
      "type": "Feature",
      "id": "crash-zone-ghewra-more-buffer-250m",
      "geometry": {
        "type": "Polygon",
        "coordinates": [
          [
            [
              76.99855995666847,
              28.685
            ],
            [
              76.9985380558843,
              28.685293132842748
            ],
            [
              76.99847272826025,
              28.68558125010129
            ],
            [
              76.99836509157011,
              28.685859422009443
            ],
            [
              76.99821698750748,
              28.686122888968736
            ],
            [
              76.99803095017393,
              28.686367142986455
            ],
            [
              76.99781016271982,
              28.686588004808627
            ],
            [
              76.99755840287969,
              28.686781695428248
            ],
            [
              76.99727997833423,
              28.686944900745114
            ],
            [
              76.99697965300459,
              28.687074828271
            ],
            [
              76.99666256554043,
              28.687169254909918
            ],
            [
              76.99633414139618,
              28.687226564995896
            ],
            [
              76.996,
              28.687245777937477
            ],
            [
              76.99566585860381,
              28.687226564995896
            ],
            [
              76.99533743445956,
              28.687169254909918
            ],
            [
              76.9950203469954,
              28.687074828271
            ],
            [
              76.99472002166576,
              28.686944900745114
            ],
            [
              76.9944415971203,
              28.686781695428248
            ],
            [
              76.99418983728017,
              28.686588004808627
            ],
            [
              76.99396904982606,
              28.686367142986455
            ],
            [
              76.99378301249251,
              28.686122888968736
            ],
            [
              76.99363490842988,
              28.685859422009443
            ],
            [
              76.99352727173974,
              28.68558125010129
            ],
            [
              76.9934619441157,
              28.685293132842748
            ],
            [
              76.99344004333152,
              28.685
            ],
            [
              76.9934619441157,
              28.68470686715725
            ],
            [
              76.99352727173974,
              28.684418749898708
            ],
            [
              76.99363490842988,
              28.684140577990554
            ],
            [
              76.99378301249251,
              28.68387711103126
            ],
            [
              76.99396904982606,
              28.683632857013542
            ],
            [
              76.99418983728017,
              28.68341199519137
            ],
            [
              76.9944415971203,
              28.68321830457175
            ],
            [
              76.99472002166576,
              28.683055099254883
            ],
            [
              76.9950203469954,
              28.682925171728996
            ],
            [
              76.99533743445956,
              28.68283074509008
            ],
            [
              76.99566585860381,
              28.6827734350041
            ],
            [
              76.996,
              28.68275422206252
            ],
            [
              76.99633414139618,
              28.6827734350041
            ],
            [
              76.99666256554043,
              28.68283074509008
            ],
            [
              76.99697965300459,
              28.682925171728996
            ],
            [
              76.99727997833423,
              28.683055099254883
            ],
            [
              76.99755840287969,
              28.68321830457175
            ],
            [
              76.99781016271982,
              28.68341199519137
            ],
            [
              76.99803095017393,
              28.683632857013542
            ],
            [
              76.99821698750748,
              28.68387711103126
            ],
            [
              76.99836509157011,
              28.684140577990554
            ],
            [
              76.99847272826025,
              28.684418749898708
            ],
            [
              76.9985380558843,
              28.68470686715725
            ],
            [
              76.99855995666847,
              28.685
            ]
          ]
        ]
      },
      "properties": {
        "feature_id": "crash-zone-ghewra-more",
        "location_name": "Ghewra More",
        "road_name": "Rohtak Road",
        "listed_in_table_6_29": true,
        "table_6_29_rank": 63,
        "all_simple_crashes": 5,
        "all_fatal_crashes": 3,
        "all_total_crashes": 8,
        "pedestrian_crash_prone": true,
        "pedestrian_simple_crashes": 0,
        "pedestrian_fatal_crashes": 3,
        "pedestrian_total_crashes": 3,
        "two_wheeler_crash_prone": false,
        "two_wheeler_simple_crashes": null,
        "two_wheeler_fatal_crashes": null,
        "two_wheeler_total_crashes": null,
        "htv_crash_prone": false,
        "htv_simple_crashes": null,
        "htv_fatal_crashes": null,
        "htv_total_crashes": null,
        "hit_and_run_crash_prone": false,
        "hit_and_run_simple_crashes": null,
        "hit_and_run_fatal_crashes": null,
        "hit_and_run_total_crashes": null,
        "day_time_crash_prone": false,
        "day_simple_crashes": null,
        "day_fatal_crashes": null,
        "day_total_crashes": null,
        "night_time_crash_prone": false,
        "night_simple_crashes": null,
        "night_fatal_crashes": null,
        "night_total_crashes": null,
        "blackspot_2024": false,
        "blackspot_rank": null,
        "blackspot_noninjury_crashes": null,
        "blackspot_simple_crashes": null,
        "blackspot_fatal_crashes": null,
        "blackspot_total_crashes": null,
        "blackspot_persons_killed": null,
        "blackspot_persons_injured": null,
        "cctv_priority_candidate": false,
        "cctv_priority_reason": null,
        "zone_radius_m_derived": 250,
        "geometry_status": "coordinates_not_published_in_report",
        "osm_search_query": "Ghewra More, Rohtak Road, Delhi, India",
        "source": "Delhi Road Crash Report 2024, Delhi Traffic Police",
        "source_pdf_pages": [
          112,
          113,
          114,
          115,
          120
        ],
        "coordinate_is_approximate": true,
        "coordinate_method": "intersection_metro_area",
        "coordinate_confidence": "medium",
        "estimated_accuracy_m": 500,
        "coordinate_source": "Approximate Delhi landmark/intersection/locality centre derived from the report place name",
        "coordinate_warning": "Not the Delhi Traffic Police geotag and not a surveyed crash location.",
        "coordinate_order": "[longitude, latitude]",
        "zone_radius_m": 250,
        "zone_diameter_m": 500,
        "geometry_representation": "approximate_250m_radius_zone",
        "buffer_warning": "The report defines crash-prone zones using a 500-metre diameter. This polygon is centred on an approximate location, not the unpublished police geotag."
      }
    },
    {
      "type": "Feature",
      "id": "crash-zone-deepali-chowk-buffer-250m",
      "geometry": {
        "type": "Polygon",
        "coordinates": [
          [
            [
              77.1235602745745,
              28.698
            ],
            [
              77.1235383710706,
              28.69829313284275
            ],
            [
              77.1234730353339,
              28.69858125010129
            ],
            [
              77.12336538527698,
              28.698859422009445
            ],
            [
              77.12321726282218,
              28.699122888968738
            ],
            [
              77.12303120238575,
              28.699367142986457
            ],
            [
              77.12281038751333,
              28.69958800480863
            ],
            [
              77.12255859640862,
              28.69978169542825
            ],
            [
              77.12228013728725,
              28.699944900745116
            ],
            [
              77.12197977466197,
              28.700074828271003
            ],
            [
              77.12166264782057,
              28.70016925490992
            ],
            [
              77.12133418289125,
              28.700226564995898
            ],
            [
              77.121,
              28.70024577793748
            ],
            [
              77.12066581710874,
              28.700226564995898
            ],
            [
              77.12033735217942,
              28.70016925490992
            ],
            [
              77.12002022533802,
              28.700074828271003
            ],
            [
              77.11971986271274,
              28.699944900745116
            ],
            [
              77.11944140359137,
              28.69978169542825
            ],
            [
              77.11918961248666,
              28.69958800480863
            ],
            [
              77.11896879761424,
              28.699367142986457
            ],
            [
              77.11878273717781,
              28.699122888968738
            ],
            [
              77.118634614723,
              28.698859422009445
            ],
            [
              77.11852696466609,
              28.69858125010129
            ],
            [
              77.1184616289294,
              28.69829313284275
            ],
            [
              77.11843972542549,
              28.698
            ],
            [
              77.1184616289294,
              28.69770686715725
            ],
            [
              77.11852696466609,
              28.69741874989871
            ],
            [
              77.118634614723,
              28.697140577990556
            ],
            [
              77.11878273717781,
              28.696877111031263
            ],
            [
              77.11896879761424,
              28.696632857013544
            ],
            [
              77.11918961248666,
              28.696411995191372
            ],
            [
              77.11944140359137,
              28.69621830457175
            ],
            [
              77.11971986271274,
              28.696055099254885
            ],
            [
              77.12002022533802,
              28.695925171728998
            ],
            [
              77.12033735217942,
              28.69583074509008
            ],
            [
              77.12066581710874,
              28.695773435004103
            ],
            [
              77.121,
              28.695754222062522
            ],
            [
              77.12133418289125,
              28.695773435004103
            ],
            [
              77.12166264782057,
              28.69583074509008
            ],
            [
              77.12197977466197,
              28.695925171728998
            ],
            [
              77.12228013728725,
              28.696055099254885
            ],
            [
              77.12255859640862,
              28.69621830457175
            ],
            [
              77.12281038751333,
              28.696411995191372
            ],
            [
              77.12303120238575,
              28.696632857013544
            ],
            [
              77.12321726282218,
              28.696877111031263
            ],
            [
              77.12336538527698,
              28.697140577990556
            ],
            [
              77.1234730353339,
              28.69741874989871
            ],
            [
              77.1235383710706,
              28.69770686715725
            ],
            [
              77.1235602745745,
              28.698
            ]
          ]
        ]
      },
      "properties": {
        "feature_id": "crash-zone-deepali-chowk",
        "location_name": "Deepali Chowk",
        "road_name": "Outer Ring Road",
        "listed_in_table_6_29": true,
        "table_6_29_rank": 64,
        "all_simple_crashes": 5,
        "all_fatal_crashes": 3,
        "all_total_crashes": 8,
        "pedestrian_crash_prone": false,
        "pedestrian_simple_crashes": null,
        "pedestrian_fatal_crashes": null,
        "pedestrian_total_crashes": null,
        "two_wheeler_crash_prone": false,
        "two_wheeler_simple_crashes": null,
        "two_wheeler_fatal_crashes": null,
        "two_wheeler_total_crashes": null,
        "htv_crash_prone": false,
        "htv_simple_crashes": null,
        "htv_fatal_crashes": null,
        "htv_total_crashes": null,
        "hit_and_run_crash_prone": false,
        "hit_and_run_simple_crashes": null,
        "hit_and_run_fatal_crashes": null,
        "hit_and_run_total_crashes": null,
        "day_time_crash_prone": false,
        "day_simple_crashes": null,
        "day_fatal_crashes": null,
        "day_total_crashes": null,
        "night_time_crash_prone": false,
        "night_simple_crashes": null,
        "night_fatal_crashes": null,
        "night_total_crashes": null,
        "blackspot_2024": false,
        "blackspot_rank": null,
        "blackspot_noninjury_crashes": null,
        "blackspot_simple_crashes": null,
        "blackspot_fatal_crashes": null,
        "blackspot_total_crashes": null,
        "blackspot_persons_killed": null,
        "blackspot_persons_injured": null,
        "cctv_priority_candidate": false,
        "cctv_priority_reason": null,
        "zone_radius_m_derived": 250,
        "geometry_status": "coordinates_not_published_in_report",
        "osm_search_query": "Deepali Chowk, Outer Ring Road, Delhi, India",
        "source": "Delhi Road Crash Report 2024, Delhi Traffic Police",
        "source_pdf_pages": [
          112,
          113,
          114,
          115
        ],
        "coordinate_is_approximate": true,
        "coordinate_method": "intersection_centre",
        "coordinate_confidence": "medium",
        "estimated_accuracy_m": 450,
        "coordinate_source": "Approximate Delhi landmark/intersection/locality centre derived from the report place name",
        "coordinate_warning": "Not the Delhi Traffic Police geotag and not a surveyed crash location.",
        "coordinate_order": "[longitude, latitude]",
        "zone_radius_m": 250,
        "zone_diameter_m": 500,
        "geometry_representation": "approximate_250m_radius_zone",
        "buffer_warning": "The report defines crash-prone zones using a 500-metre diameter. This polygon is centred on an approximate location, not the unpublished police geotag."
      }
    },
    {
      "type": "Feature",
      "id": "crash-zone-crpf-camp-sonia-vihar-buffer-250m",
      "geometry": {
        "type": "Polygon",
        "coordinates": [
          [
            [
              77.25056113152347,
              28.733
            ],
            [
              77.25053922068824,
              28.73329313284275
            ],
            [
              77.25047386308303,
              28.73358125010129
            ],
            [
              77.2503661769946,
              28.733859422009445
            ],
            [
              77.25021800496175,
              28.734122888968738
            ],
            [
              77.25003188224906,
              28.734367142986457
            ],
            [
              77.24981099346775,
              28.73458800480863
            ],
            [
              77.24955911808611,
              28.73478169542825
            ],
            [
              77.24928056576174,
              28.734944900745116
            ],
            [
              77.24898010260215,
              28.735074828271003
            ],
            [
              77.24866286961529,
              28.73516925490992
            ],
            [
              77.24833429474553,
              28.735226564995898
            ],
            [
              77.248,
              28.73524577793748
            ],
            [
              77.24766570525448,
              28.735226564995898
            ],
            [
              77.24733713038472,
              28.73516925490992
            ],
            [
              77.24701989739786,
              28.735074828271003
            ],
            [
              77.24671943423827,
              28.734944900745116
            ],
            [
              77.2464408819139,
              28.73478169542825
            ],
            [
              77.24618900653226,
              28.73458800480863
            ],
            [
              77.24596811775095,
              28.734367142986457
            ],
            [
              77.24578199503826,
              28.734122888968738
            ],
            [
              77.2456338230054,
              28.733859422009445
            ],
            [
              77.24552613691698,
              28.73358125010129
            ],
            [
              77.24546077931177,
              28.73329313284275
            ],
            [
              77.24543886847654,
              28.733
            ],
            [
              77.24546077931177,
              28.73270686715725
            ],
            [
              77.24552613691698,
              28.73241874989871
            ],
            [
              77.2456338230054,
              28.732140577990556
            ],
            [
              77.24578199503826,
              28.731877111031263
            ],
            [
              77.24596811775095,
              28.731632857013544
            ],
            [
              77.24618900653226,
              28.731411995191372
            ],
            [
              77.2464408819139,
              28.73121830457175
            ],
            [
              77.24671943423827,
              28.731055099254885
            ],
            [
              77.24701989739786,
              28.730925171728998
            ],
            [
              77.24733713038472,
              28.73083074509008
            ],
            [
              77.24766570525448,
              28.730773435004103
            ],
            [
              77.248,
              28.730754222062522
            ],
            [
              77.24833429474553,
              28.730773435004103
            ],
            [
              77.24866286961529,
              28.73083074509008
            ],
            [
              77.24898010260215,
              28.730925171728998
            ],
            [
              77.24928056576174,
              28.731055099254885
            ],
            [
              77.24955911808611,
              28.73121830457175
            ],
            [
              77.24981099346775,
              28.731411995191372
            ],
            [
              77.25003188224906,
              28.731632857013544
            ],
            [
              77.25021800496175,
              28.731877111031263
            ],
            [
              77.2503661769946,
              28.732140577990556
            ],
            [
              77.25047386308303,
              28.73241874989871
            ],
            [
              77.25053922068824,
              28.73270686715725
            ],
            [
              77.25056113152347,
              28.733
            ]
          ]
        ]
      },
      "properties": {
        "feature_id": "crash-zone-crpf-camp-sonia-vihar",
        "location_name": "CRPF Camp Sonia Vihar",
        "road_name": "Pusta Road",
        "listed_in_table_6_29": true,
        "table_6_29_rank": 65,
        "all_simple_crashes": 5,
        "all_fatal_crashes": 3,
        "all_total_crashes": 8,
        "pedestrian_crash_prone": false,
        "pedestrian_simple_crashes": null,
        "pedestrian_fatal_crashes": null,
        "pedestrian_total_crashes": null,
        "two_wheeler_crash_prone": false,
        "two_wheeler_simple_crashes": null,
        "two_wheeler_fatal_crashes": null,
        "two_wheeler_total_crashes": null,
        "htv_crash_prone": false,
        "htv_simple_crashes": null,
        "htv_fatal_crashes": null,
        "htv_total_crashes": null,
        "hit_and_run_crash_prone": true,
        "hit_and_run_simple_crashes": 0,
        "hit_and_run_fatal_crashes": 3,
        "hit_and_run_total_crashes": 3,
        "day_time_crash_prone": false,
        "day_simple_crashes": null,
        "day_fatal_crashes": null,
        "day_total_crashes": null,
        "night_time_crash_prone": true,
        "night_simple_crashes": null,
        "night_fatal_crashes": null,
        "night_total_crashes": null,
        "blackspot_2024": false,
        "blackspot_rank": null,
        "blackspot_noninjury_crashes": null,
        "blackspot_simple_crashes": null,
        "blackspot_fatal_crashes": null,
        "blackspot_total_crashes": null,
        "blackspot_persons_killed": null,
        "blackspot_persons_injured": null,
        "cctv_priority_candidate": true,
        "cctv_priority_reason": "Listed in Table 6.37 as a hit-and-run crash-prone zone; the report recommends CCTV installation at these locations.",
        "zone_radius_m_derived": 250,
        "geometry_status": "coordinates_not_published_in_report",
        "osm_search_query": "CRPF Camp Sonia Vihar, Pusta Road, Delhi, India",
        "source": "Delhi Road Crash Report 2024, Delhi Traffic Police",
        "source_pdf_pages": [
          112,
          113,
          114,
          115,
          125,
          128,
          129
        ],
        "night_time_simple_crashes": 4,
        "night_time_fatal_crashes": 3,
        "night_time_total_crashes": 7,
        "coordinate_is_approximate": true,
        "coordinate_method": "institution_area_centre",
        "coordinate_confidence": "medium",
        "estimated_accuracy_m": 900,
        "coordinate_source": "Approximate Delhi landmark/intersection/locality centre derived from the report place name",
        "coordinate_warning": "Not the Delhi Traffic Police geotag and not a surveyed crash location.",
        "coordinate_order": "[longitude, latitude]",
        "zone_radius_m": 250,
        "zone_diameter_m": 500,
        "geometry_representation": "approximate_250m_radius_zone",
        "buffer_warning": "The report defines crash-prone zones using a 500-metre diameter. This polygon is centred on an approximate location, not the unpublished police geotag."
      }
    },
    {
      "type": "Feature",
      "id": "crash-zone-budhpur-ganda-nala-hanuman-mandir-budhpur-buffer-250m",
      "geometry": {
        "type": "Polygon",
        "coordinates": [
          [
            [
              77.1365621864415,
              28.776
            ],
            [
              77.13654026658129,
              28.77629313284275
            ],
            [
              77.13647488205561,
              28.77658125010129
            ],
            [
              77.13636715161176,
              28.776859422009444
            ],
            [
              77.13621891854756,
              28.777122888968737
            ],
            [
              77.13603271917181,
              28.777367142986456
            ],
            [
              77.13581173940744,
              28.777588004808628
            ],
            [
              77.1355597602795,
              28.77778169542825
            ],
            [
              77.13528109322074,
              28.777944900745116
            ],
            [
              77.13498050630179,
              28.778074828271002
            ],
            [
              77.13466314264817,
              28.77816925490992
            ],
            [
              77.13433443243997,
              28.778226564995897
            ],
            [
              77.134,
              28.778245777937478
            ],
            [
              77.13366556756003,
              28.778226564995897
            ],
            [
              77.13333685735184,
              28.77816925490992
            ],
            [
              77.13301949369821,
              28.778074828271002
            ],
            [
              77.13271890677926,
              28.777944900745116
            ],
            [
              77.1324402397205,
              28.77778169542825
            ],
            [
              77.13218826059256,
              28.777588004808628
            ],
            [
              77.13196728082819,
              28.777367142986456
            ],
            [
              77.13178108145244,
              28.777122888968737
            ],
            [
              77.13163284838824,
              28.776859422009444
            ],
            [
              77.13152511794439,
              28.77658125010129
            ],
            [
              77.13145973341871,
              28.77629313284275
            ],
            [
              77.1314378135585,
              28.776
            ],
            [
              77.13145973341871,
              28.77570686715725
            ],
            [
              77.13152511794439,
              28.77541874989871
            ],
            [
              77.13163284838824,
              28.775140577990555
            ],
            [
              77.13178108145244,
              28.774877111031262
            ],
            [
              77.13196728082819,
              28.774632857013543
            ],
            [
              77.13218826059256,
              28.77441199519137
            ],
            [
              77.1324402397205,
              28.77421830457175
            ],
            [
              77.13271890677926,
              28.774055099254884
            ],
            [
              77.13301949369821,
              28.773925171728997
            ],
            [
              77.13333685735184,
              28.77383074509008
            ],
            [
              77.13366556756003,
              28.773773435004102
            ],
            [
              77.134,
              28.77375422206252
            ],
            [
              77.13433443243997,
              28.773773435004102
            ],
            [
              77.13466314264817,
              28.77383074509008
            ],
            [
              77.13498050630179,
              28.773925171728997
            ],
            [
              77.13528109322074,
              28.774055099254884
            ],
            [
              77.1355597602795,
              28.77421830457175
            ],
            [
              77.13581173940744,
              28.77441199519137
            ],
            [
              77.13603271917181,
              28.774632857013543
            ],
            [
              77.13621891854756,
              28.774877111031262
            ],
            [
              77.13636715161176,
              28.775140577990555
            ],
            [
              77.13647488205561,
              28.77541874989871
            ],
            [
              77.13654026658129,
              28.77570686715725
            ],
            [
              77.1365621864415,
              28.776
            ]
          ]
        ]
      },
      "properties": {
        "feature_id": "crash-zone-budhpur-ganda-nala-hanuman-mandir-budhpur",
        "location_name": "Budhpur Ganda Nala/Hanuman Mandir Budhpur",
        "road_name": "GTK Road",
        "listed_in_table_6_29": true,
        "table_6_29_rank": 66,
        "all_simple_crashes": 5,
        "all_fatal_crashes": 3,
        "all_total_crashes": 8,
        "pedestrian_crash_prone": false,
        "pedestrian_simple_crashes": null,
        "pedestrian_fatal_crashes": null,
        "pedestrian_total_crashes": null,
        "two_wheeler_crash_prone": false,
        "two_wheeler_simple_crashes": null,
        "two_wheeler_fatal_crashes": null,
        "two_wheeler_total_crashes": null,
        "htv_crash_prone": false,
        "htv_simple_crashes": null,
        "htv_fatal_crashes": null,
        "htv_total_crashes": null,
        "hit_and_run_crash_prone": false,
        "hit_and_run_simple_crashes": null,
        "hit_and_run_fatal_crashes": null,
        "hit_and_run_total_crashes": null,
        "day_time_crash_prone": false,
        "day_simple_crashes": null,
        "day_fatal_crashes": null,
        "day_total_crashes": null,
        "night_time_crash_prone": true,
        "night_simple_crashes": null,
        "night_fatal_crashes": null,
        "night_total_crashes": null,
        "blackspot_2024": false,
        "blackspot_rank": null,
        "blackspot_noninjury_crashes": null,
        "blackspot_simple_crashes": null,
        "blackspot_fatal_crashes": null,
        "blackspot_total_crashes": null,
        "blackspot_persons_killed": null,
        "blackspot_persons_injured": null,
        "cctv_priority_candidate": false,
        "cctv_priority_reason": null,
        "zone_radius_m_derived": 250,
        "geometry_status": "coordinates_not_published_in_report",
        "osm_search_query": "Budhpur Ganda Nala/Hanuman Mandir Budhpur, GTK Road, Delhi, India",
        "source": "Delhi Road Crash Report 2024, Delhi Traffic Police",
        "source_pdf_pages": [
          112,
          113,
          114,
          115,
          128,
          129
        ],
        "night_time_simple_crashes": 1,
        "night_time_fatal_crashes": 3,
        "night_time_total_crashes": 4,
        "coordinate_is_approximate": true,
        "coordinate_method": "locality_landmark_centre",
        "coordinate_confidence": "low",
        "estimated_accuracy_m": 1200,
        "coordinate_source": "Approximate Delhi landmark/intersection/locality centre derived from the report place name",
        "coordinate_warning": "Not the Delhi Traffic Police geotag and not a surveyed crash location.",
        "coordinate_order": "[longitude, latitude]",
        "zone_radius_m": 250,
        "zone_diameter_m": 500,
        "geometry_representation": "approximate_250m_radius_zone",
        "buffer_warning": "The report defines crash-prone zones using a 500-metre diameter. This polygon is centred on an approximate location, not the unpublished police geotag."
      }
    },
    {
      "type": "Feature",
      "id": "crash-zone-sai-baba-mandir-nh-1-buffer-250m",
      "geometry": {
        "type": "Polygon",
        "coordinates": [
          [
            [
              77.1415620636578,
              28.771
            ],
            [
              77.14154014484804,
              28.77129313284275
            ],
            [
              77.14147476345566,
              28.771581250101292
            ],
            [
              77.14136703817444,
              28.771859422009445
            ],
            [
              77.14121881221376,
              28.772122888968738
            ],
            [
              77.14103262176096,
              28.772367142986457
            ],
            [
              77.14081165258627,
              28.77258800480863
            ],
            [
              77.14055968553353,
              28.77278169542825
            ],
            [
              77.14028103182889,
              28.772944900745117
            ],
            [
              77.1399804593145,
              28.773074828271003
            ],
            [
              77.1396631108694,
              28.77316925490992
            ],
            [
              77.13933441641348,
              28.7732265649959
            ],
            [
              77.139,
              28.77324577793748
            ],
            [
              77.13866558358652,
              28.7732265649959
            ],
            [
              77.13833688913058,
              28.77316925490992
            ],
            [
              77.13801954068549,
              28.773074828271003
            ],
            [
              77.1377189681711,
              28.772944900745117
            ],
            [
              77.13744031446646,
              28.77278169542825
            ],
            [
              77.13718834741373,
              28.77258800480863
            ],
            [
              77.13696737823904,
              28.772367142986457
            ],
            [
              77.13678118778623,
              28.772122888968738
            ],
            [
              77.13663296182555,
              28.771859422009445
            ],
            [
              77.13652523654433,
              28.771581250101292
            ],
            [
              77.13645985515195,
              28.77129313284275
            ],
            [
              77.13643793634219,
              28.771
            ],
            [
              77.13645985515195,
              28.77070686715725
            ],
            [
              77.13652523654433,
              28.77041874989871
            ],
            [
              77.13663296182555,
              28.770140577990556
            ],
            [
              77.13678118778623,
              28.769877111031263
            ],
            [
              77.13696737823904,
              28.769632857013544
            ],
            [
              77.13718834741373,
              28.769411995191373
            ],
            [
              77.13744031446646,
              28.76921830457175
            ],
            [
              77.1377189681711,
              28.769055099254885
            ],
            [
              77.13801954068549,
              28.768925171729
            ],
            [
              77.13833688913058,
              28.76883074509008
            ],
            [
              77.13866558358652,
              28.768773435004103
            ],
            [
              77.139,
              28.768754222062523
            ],
            [
              77.13933441641348,
              28.768773435004103
            ],
            [
              77.1396631108694,
              28.76883074509008
            ],
            [
              77.1399804593145,
              28.768925171729
            ],
            [
              77.14028103182889,
              28.769055099254885
            ],
            [
              77.14055968553353,
              28.76921830457175
            ],
            [
              77.14081165258627,
              28.769411995191373
            ],
            [
              77.14103262176096,
              28.769632857013544
            ],
            [
              77.14121881221376,
              28.769877111031263
            ],
            [
              77.14136703817444,
              28.770140577990556
            ],
            [
              77.14147476345566,
              28.77041874989871
            ],
            [
              77.14154014484804,
              28.77070686715725
            ],
            [
              77.1415620636578,
              28.771
            ]
          ]
        ]
      },
      "properties": {
        "feature_id": "crash-zone-sai-baba-mandir-nh-1",
        "location_name": "Sai Baba Mandir NH-1",
        "road_name": "GTK Road",
        "listed_in_table_6_29": true,
        "table_6_29_rank": 67,
        "all_simple_crashes": 4,
        "all_fatal_crashes": 3,
        "all_total_crashes": 7,
        "pedestrian_crash_prone": false,
        "pedestrian_simple_crashes": null,
        "pedestrian_fatal_crashes": null,
        "pedestrian_total_crashes": null,
        "two_wheeler_crash_prone": false,
        "two_wheeler_simple_crashes": null,
        "two_wheeler_fatal_crashes": null,
        "two_wheeler_total_crashes": null,
        "htv_crash_prone": false,
        "htv_simple_crashes": null,
        "htv_fatal_crashes": null,
        "htv_total_crashes": null,
        "hit_and_run_crash_prone": false,
        "hit_and_run_simple_crashes": null,
        "hit_and_run_fatal_crashes": null,
        "hit_and_run_total_crashes": null,
        "day_time_crash_prone": false,
        "day_simple_crashes": null,
        "day_fatal_crashes": null,
        "day_total_crashes": null,
        "night_time_crash_prone": false,
        "night_simple_crashes": null,
        "night_fatal_crashes": null,
        "night_total_crashes": null,
        "blackspot_2024": false,
        "blackspot_rank": null,
        "blackspot_noninjury_crashes": null,
        "blackspot_simple_crashes": null,
        "blackspot_fatal_crashes": null,
        "blackspot_total_crashes": null,
        "blackspot_persons_killed": null,
        "blackspot_persons_injured": null,
        "cctv_priority_candidate": false,
        "cctv_priority_reason": null,
        "zone_radius_m_derived": 250,
        "geometry_status": "coordinates_not_published_in_report",
        "osm_search_query": "Sai Baba Mandir NH-1, GTK Road, Delhi, India",
        "source": "Delhi Road Crash Report 2024, Delhi Traffic Police",
        "source_pdf_pages": [
          112,
          113,
          114,
          115
        ],
        "coordinate_is_approximate": true,
        "coordinate_method": "corridor_landmark_area",
        "coordinate_confidence": "low",
        "estimated_accuracy_m": 1600,
        "coordinate_source": "Approximate Delhi landmark/intersection/locality centre derived from the report place name",
        "coordinate_warning": "Not the Delhi Traffic Police geotag and not a surveyed crash location.",
        "coordinate_order": "[longitude, latitude]",
        "zone_radius_m": 250,
        "zone_diameter_m": 500,
        "geometry_representation": "approximate_250m_radius_zone",
        "buffer_warning": "The report defines crash-prone zones using a 500-metre diameter. This polygon is centred on an approximate location, not the unpublished police geotag."
      }
    },
    {
      "type": "Feature",
      "id": "crash-zone-khichadi-pur-buffer-250m",
      "geometry": {
        "type": "Polygon",
        "coordinates": [
          [
            [
              77.32055837029648,
              28.62
            ],
            [
              77.32053648308394,
              28.62029313284275
            ],
            [
              77.32047119594257,
              28.620581250101292
            ],
            [
              77.3203636259535,
              28.620859422009445
            ],
            [
              77.32021561366903,
              28.62112288896874
            ],
            [
              77.3200296916204,
              28.621367142986458
            ],
            [
              77.31980904098542,
              28.62158800480863
            ],
            [
              77.31955743715761,
              28.62178169542825
            ],
            [
              77.31927918514823,
              28.621944900745117
            ],
            [
              77.31897904592631,
              28.622074828271003
            ],
            [
              77.31866215495715,
              28.62216925490992
            ],
            [
              77.31833393433308,
              28.6222265649959
            ],
            [
              77.318,
              28.62224577793748
            ],
            [
              77.31766606566691,
              28.6222265649959
            ],
            [
              77.31733784504284,
              28.62216925490992
            ],
            [
              77.31702095407368,
              28.622074828271003
            ],
            [
              77.31672081485176,
              28.621944900745117
            ],
            [
              77.31644256284238,
              28.62178169542825
            ],
            [
              77.31619095901458,
              28.62158800480863
            ],
            [
              77.31597030837959,
              28.621367142986458
            ],
            [
              77.31578438633096,
              28.62112288896874
            ],
            [
              77.31563637404649,
              28.620859422009445
            ],
            [
              77.31552880405742,
              28.620581250101292
            ],
            [
              77.31546351691605,
              28.62029313284275
            ],
            [
              77.31544162970351,
              28.62
            ],
            [
              77.31546351691605,
              28.61970686715725
            ],
            [
              77.31552880405742,
              28.61941874989871
            ],
            [
              77.31563637404649,
              28.619140577990557
            ],
            [
              77.31578438633096,
              28.618877111031264
            ],
            [
              77.31597030837959,
              28.618632857013544
            ],
            [
              77.31619095901458,
              28.618411995191373
            ],
            [
              77.31644256284238,
              28.61821830457175
            ],
            [
              77.31672081485176,
              28.618055099254885
            ],
            [
              77.31702095407368,
              28.617925171729
            ],
            [
              77.31733784504284,
              28.61783074509008
            ],
            [
              77.31766606566691,
              28.617773435004104
            ],
            [
              77.318,
              28.617754222062523
            ],
            [
              77.31833393433308,
              28.617773435004104
            ],
            [
              77.31866215495715,
              28.61783074509008
            ],
            [
              77.31897904592631,
              28.617925171729
            ],
            [
              77.31927918514823,
              28.618055099254885
            ],
            [
              77.31955743715761,
              28.61821830457175
            ],
            [
              77.31980904098542,
              28.618411995191373
            ],
            [
              77.3200296916204,
              28.618632857013544
            ],
            [
              77.32021561366903,
              28.618877111031264
            ],
            [
              77.3203636259535,
              28.619140577990557
            ],
            [
              77.32047119594257,
              28.61941874989871
            ],
            [
              77.32053648308394,
              28.61970686715725
            ],
            [
              77.32055837029648,
              28.62
            ]
          ]
        ]
      },
      "properties": {
        "feature_id": "crash-zone-khichadi-pur",
        "location_name": "Khichadi Pur",
        "road_name": "NH-24",
        "listed_in_table_6_29": true,
        "table_6_29_rank": 68,
        "all_simple_crashes": 4,
        "all_fatal_crashes": 3,
        "all_total_crashes": 7,
        "pedestrian_crash_prone": false,
        "pedestrian_simple_crashes": null,
        "pedestrian_fatal_crashes": null,
        "pedestrian_total_crashes": null,
        "two_wheeler_crash_prone": false,
        "two_wheeler_simple_crashes": null,
        "two_wheeler_fatal_crashes": null,
        "two_wheeler_total_crashes": null,
        "htv_crash_prone": false,
        "htv_simple_crashes": null,
        "htv_fatal_crashes": null,
        "htv_total_crashes": null,
        "hit_and_run_crash_prone": false,
        "hit_and_run_simple_crashes": null,
        "hit_and_run_fatal_crashes": null,
        "hit_and_run_total_crashes": null,
        "day_time_crash_prone": false,
        "day_simple_crashes": null,
        "day_fatal_crashes": null,
        "day_total_crashes": null,
        "night_time_crash_prone": false,
        "night_simple_crashes": null,
        "night_fatal_crashes": null,
        "night_total_crashes": null,
        "blackspot_2024": false,
        "blackspot_rank": null,
        "blackspot_noninjury_crashes": null,
        "blackspot_simple_crashes": null,
        "blackspot_fatal_crashes": null,
        "blackspot_total_crashes": null,
        "blackspot_persons_killed": null,
        "blackspot_persons_injured": null,
        "cctv_priority_candidate": false,
        "cctv_priority_reason": null,
        "zone_radius_m_derived": 250,
        "geometry_status": "coordinates_not_published_in_report",
        "osm_search_query": "Khichadi Pur, NH-24, Delhi, India",
        "source": "Delhi Road Crash Report 2024, Delhi Traffic Police",
        "source_pdf_pages": [
          112,
          113,
          114,
          115
        ],
        "coordinate_is_approximate": true,
        "coordinate_method": "locality_centre",
        "coordinate_confidence": "medium",
        "estimated_accuracy_m": 700,
        "coordinate_source": "Approximate Delhi landmark/intersection/locality centre derived from the report place name",
        "coordinate_warning": "Not the Delhi Traffic Police geotag and not a surveyed crash location.",
        "coordinate_order": "[longitude, latitude]",
        "zone_radius_m": 250,
        "zone_diameter_m": 500,
        "geometry_representation": "approximate_250m_radius_zone",
        "buffer_warning": "The report defines crash-prone zones using a 500-metre diameter. This polygon is centred on an approximate location, not the unpublished police geotag."
      }
    },
    {
      "type": "Feature",
      "id": "crash-zone-kirari-more-buffer-250m",
      "geometry": {
        "type": "Polygon",
        "coordinates": [
          [
            [
              77.05456047031376,
              28.706
            ],
            [
              77.05453856513527,
              28.70629313284275
            ],
            [
              77.05447322440351,
              28.70658125010129
            ],
            [
              77.05436556611649,
              28.706859422009444
            ],
            [
              77.05421743233735,
              28.707122888968737
            ],
            [
              77.05403135767614,
              28.707367142986456
            ],
            [
              77.05381052592189,
              28.707588004808628
            ],
            [
              77.05355871556715,
              28.70778169542825
            ],
            [
              77.05328023515689,
              28.707944900745115
            ],
            [
              77.05297984956815,
              28.708074828271002
            ],
            [
              77.05266269848163,
              28.70816925490992
            ],
            [
              77.05233420844036,
              28.708226564995897
            ],
            [
              77.052,
              28.708245777937478
            ],
            [
              77.05166579155966,
              28.708226564995897
            ],
            [
              77.05133730151839,
              28.70816925490992
            ],
            [
              77.05102015043187,
              28.708074828271002
            ],
            [
              77.05071976484312,
              28.707944900745115
            ],
            [
              77.05044128443286,
              28.70778169542825
            ],
            [
              77.05018947407812,
              28.707588004808628
            ],
            [
              77.04996864232388,
              28.707367142986456
            ],
            [
              77.04978256766266,
              28.707122888968737
            ],
            [
              77.04963443388353,
              28.706859422009444
            ],
            [
              77.0495267755965,
              28.70658125010129
            ],
            [
              77.04946143486474,
              28.70629313284275
            ],
            [
              77.04943952968625,
              28.706
            ],
            [
              77.04946143486474,
              28.70570686715725
            ],
            [
              77.0495267755965,
              28.70541874989871
            ],
            [
              77.04963443388353,
              28.705140577990555
            ],
            [
              77.04978256766266,
              28.704877111031262
            ],
            [
              77.04996864232388,
              28.704632857013543
            ],
            [
              77.05018947407812,
              28.70441199519137
            ],
            [
              77.05044128443286,
              28.70421830457175
            ],
            [
              77.05071976484312,
              28.704055099254884
            ],
            [
              77.05102015043187,
              28.703925171728997
            ],
            [
              77.05133730151839,
              28.70383074509008
            ],
            [
              77.05166579155966,
              28.703773435004102
            ],
            [
              77.052,
              28.70375422206252
            ],
            [
              77.05233420844036,
              28.703773435004102
            ],
            [
              77.05266269848163,
              28.70383074509008
            ],
            [
              77.05297984956815,
              28.703925171728997
            ],
            [
              77.05328023515689,
              28.704055099254884
            ],
            [
              77.05355871556715,
              28.70421830457175
            ],
            [
              77.05381052592189,
              28.70441199519137
            ],
            [
              77.05403135767614,
              28.704632857013543
            ],
            [
              77.05421743233735,
              28.704877111031262
            ],
            [
              77.05436556611649,
              28.705140577990555
            ],
            [
              77.05447322440351,
              28.70541874989871
            ],
            [
              77.05453856513527,
              28.70570686715725
            ],
            [
              77.05456047031376,
              28.706
            ]
          ]
        ]
      },
      "properties": {
        "feature_id": "crash-zone-kirari-more",
        "location_name": "Kirari More",
        "road_name": "Rohtak Road",
        "listed_in_table_6_29": true,
        "table_6_29_rank": 69,
        "all_simple_crashes": 4,
        "all_fatal_crashes": 3,
        "all_total_crashes": 7,
        "pedestrian_crash_prone": false,
        "pedestrian_simple_crashes": null,
        "pedestrian_fatal_crashes": null,
        "pedestrian_total_crashes": null,
        "two_wheeler_crash_prone": false,
        "two_wheeler_simple_crashes": null,
        "two_wheeler_fatal_crashes": null,
        "two_wheeler_total_crashes": null,
        "htv_crash_prone": false,
        "htv_simple_crashes": null,
        "htv_fatal_crashes": null,
        "htv_total_crashes": null,
        "hit_and_run_crash_prone": true,
        "hit_and_run_simple_crashes": 0,
        "hit_and_run_fatal_crashes": 3,
        "hit_and_run_total_crashes": 3,
        "day_time_crash_prone": false,
        "day_simple_crashes": null,
        "day_fatal_crashes": null,
        "day_total_crashes": null,
        "night_time_crash_prone": false,
        "night_simple_crashes": null,
        "night_fatal_crashes": null,
        "night_total_crashes": null,
        "blackspot_2024": false,
        "blackspot_rank": null,
        "blackspot_noninjury_crashes": null,
        "blackspot_simple_crashes": null,
        "blackspot_fatal_crashes": null,
        "blackspot_total_crashes": null,
        "blackspot_persons_killed": null,
        "blackspot_persons_injured": null,
        "cctv_priority_candidate": true,
        "cctv_priority_reason": "Listed in Table 6.37 as a hit-and-run crash-prone zone; the report recommends CCTV installation at these locations.",
        "zone_radius_m_derived": 250,
        "geometry_status": "coordinates_not_published_in_report",
        "osm_search_query": "Kirari More, Rohtak Road, Delhi, India",
        "source": "Delhi Road Crash Report 2024, Delhi Traffic Police",
        "source_pdf_pages": [
          112,
          113,
          114,
          115,
          125
        ],
        "coordinate_is_approximate": true,
        "coordinate_method": "intersection_centre",
        "coordinate_confidence": "medium",
        "estimated_accuracy_m": 600,
        "coordinate_source": "Approximate Delhi landmark/intersection/locality centre derived from the report place name",
        "coordinate_warning": "Not the Delhi Traffic Police geotag and not a surveyed crash location.",
        "coordinate_order": "[longitude, latitude]",
        "zone_radius_m": 250,
        "zone_diameter_m": 500,
        "geometry_representation": "approximate_250m_radius_zone",
        "buffer_warning": "The report defines crash-prone zones using a 500-metre diameter. This polygon is centred on an approximate location, not the unpublished police geotag."
      }
    },
    {
      "type": "Feature",
      "id": "crash-zone-jharera-village-buffer-250m",
      "geometry": {
        "type": "Polygon",
        "coordinates": [
          [
            [
              77.12655742099582,
              28.581
            ],
            [
              77.12653554190469,
              28.58129313284275
            ],
            [
              77.12647027898856,
              28.58158125010129
            ],
            [
              77.12636274891406,
              28.581859422009444
            ],
            [
              77.12621479155055,
              28.582122888968737
            ],
            [
              77.12602893848957,
              28.582367142986456
            ],
            [
              77.1258083697285,
              28.582588004808628
            ],
            [
              77.12555685926,
              28.58278169542825
            ],
            [
              77.12527871049791,
              28.582944900745115
            ],
            [
              77.12497868264468,
              28.583074828271002
            ],
            [
              77.12466190926006,
              28.58316925490992
            ],
            [
              77.12433381042449,
              28.583226564995897
            ],
            [
              77.124,
              28.583245777937478
            ],
            [
              77.1236661895755,
              28.583226564995897
            ],
            [
              77.12333809073994,
              28.58316925490992
            ],
            [
              77.12302131735531,
              28.583074828271002
            ],
            [
              77.12272128950208,
              28.582944900745115
            ],
            [
              77.12244314073999,
              28.58278169542825
            ],
            [
              77.12219163027149,
              28.582588004808628
            ],
            [
              77.12197106151042,
              28.582367142986456
            ],
            [
              77.12178520844944,
              28.582122888968737
            ],
            [
              77.12163725108593,
              28.581859422009444
            ],
            [
              77.12152972101143,
              28.58158125010129
            ],
            [
              77.1214644580953,
              28.58129313284275
            ],
            [
              77.12144257900417,
              28.581
            ],
            [
              77.1214644580953,
              28.58070686715725
            ],
            [
              77.12152972101143,
              28.58041874989871
            ],
            [
              77.12163725108593,
              28.580140577990555
            ],
            [
              77.12178520844944,
              28.579877111031262
            ],
            [
              77.12197106151042,
              28.579632857013543
            ],
            [
              77.12219163027149,
              28.57941199519137
            ],
            [
              77.12244314073999,
              28.57921830457175
            ],
            [
              77.12272128950208,
              28.579055099254884
            ],
            [
              77.12302131735531,
              28.578925171728997
            ],
            [
              77.12333809073994,
              28.57883074509008
            ],
            [
              77.1236661895755,
              28.578773435004102
            ],
            [
              77.124,
              28.57875422206252
            ],
            [
              77.12433381042449,
              28.578773435004102
            ],
            [
              77.12466190926006,
              28.57883074509008
            ],
            [
              77.12497868264468,
              28.578925171728997
            ],
            [
              77.12527871049791,
              28.579055099254884
            ],
            [
              77.12555685926,
              28.57921830457175
            ],
            [
              77.1258083697285,
              28.57941199519137
            ],
            [
              77.12602893848957,
              28.579632857013543
            ],
            [
              77.12621479155055,
              28.579877111031262
            ],
            [
              77.12636274891406,
              28.580140577990555
            ],
            [
              77.12647027898856,
              28.58041874989871
            ],
            [
              77.12653554190469,
              28.58070686715725
            ],
            [
              77.12655742099582,
              28.581
            ]
          ]
        ]
      },
      "properties": {
        "feature_id": "crash-zone-jharera-village",
        "location_name": "Jharera Village",
        "road_name": "NH-8",
        "listed_in_table_6_29": true,
        "table_6_29_rank": 70,
        "all_simple_crashes": 4,
        "all_fatal_crashes": 3,
        "all_total_crashes": 7,
        "pedestrian_crash_prone": false,
        "pedestrian_simple_crashes": null,
        "pedestrian_fatal_crashes": null,
        "pedestrian_total_crashes": null,
        "two_wheeler_crash_prone": false,
        "two_wheeler_simple_crashes": null,
        "two_wheeler_fatal_crashes": null,
        "two_wheeler_total_crashes": null,
        "htv_crash_prone": false,
        "htv_simple_crashes": null,
        "htv_fatal_crashes": null,
        "htv_total_crashes": null,
        "hit_and_run_crash_prone": false,
        "hit_and_run_simple_crashes": null,
        "hit_and_run_fatal_crashes": null,
        "hit_and_run_total_crashes": null,
        "day_time_crash_prone": false,
        "day_simple_crashes": null,
        "day_fatal_crashes": null,
        "day_total_crashes": null,
        "night_time_crash_prone": true,
        "night_simple_crashes": null,
        "night_fatal_crashes": null,
        "night_total_crashes": null,
        "blackspot_2024": false,
        "blackspot_rank": null,
        "blackspot_noninjury_crashes": null,
        "blackspot_simple_crashes": null,
        "blackspot_fatal_crashes": null,
        "blackspot_total_crashes": null,
        "blackspot_persons_killed": null,
        "blackspot_persons_injured": null,
        "cctv_priority_candidate": false,
        "cctv_priority_reason": null,
        "zone_radius_m_derived": 250,
        "geometry_status": "coordinates_not_published_in_report",
        "osm_search_query": "Jharera Village, NH-8, Delhi, India",
        "source": "Delhi Road Crash Report 2024, Delhi Traffic Police",
        "source_pdf_pages": [
          112,
          113,
          114,
          115,
          128,
          129
        ],
        "night_time_simple_crashes": 1,
        "night_time_fatal_crashes": 3,
        "night_time_total_crashes": 4,
        "coordinate_is_approximate": true,
        "coordinate_method": "village_centre",
        "coordinate_confidence": "medium",
        "estimated_accuracy_m": 900,
        "coordinate_source": "Approximate Delhi landmark/intersection/locality centre derived from the report place name",
        "coordinate_warning": "Not the Delhi Traffic Police geotag and not a surveyed crash location.",
        "coordinate_order": "[longitude, latitude]",
        "zone_radius_m": 250,
        "zone_diameter_m": 500,
        "geometry_representation": "approximate_250m_radius_zone",
        "buffer_warning": "The report defines crash-prone zones using a 500-metre diameter. This polygon is centred on an approximate location, not the unpublished police geotag."
      }
    },
    {
      "type": "Feature",
      "id": "crash-zone-wazir-pur-depot-buffer-250m",
      "geometry": {
        "type": "Polygon",
        "coordinates": [
          [
            [
              77.16956029903754,
              28.699
            ],
            [
              77.16953839532435,
              28.69929313284275
            ],
            [
              77.16947305896339,
              28.699581250101293
            ],
            [
              77.16936540787789,
              28.699859422009446
            ],
            [
              77.1692172840078,
              28.70012288896874
            ],
            [
              77.16903122179359,
              28.700367142986458
            ],
            [
              77.16881040481131,
              28.70058800480863
            ],
            [
              77.16855861130078,
              28.70078169542825
            ],
            [
              77.16828014951878,
              28.700944900745117
            ],
            [
              77.16797978402357,
              28.701074828271004
            ],
            [
              77.16766265415208,
              28.70116925490992
            ],
            [
              77.16733418608432,
              28.7012265649959
            ],
            [
              77.167,
              28.70124577793748
            ],
            [
              77.16666581391569,
              28.7012265649959
            ],
            [
              77.16633734584792,
              28.70116925490992
            ],
            [
              77.16602021597643,
              28.701074828271004
            ],
            [
              77.16571985048122,
              28.700944900745117
            ],
            [
              77.16544138869922,
              28.70078169542825
            ],
            [
              77.16518959518869,
              28.70058800480863
            ],
            [
              77.16496877820641,
              28.700367142986458
            ],
            [
              77.1647827159922,
              28.70012288896874
            ],
            [
              77.16463459212211,
              28.699859422009446
            ],
            [
              77.16452694103661,
              28.699581250101293
            ],
            [
              77.16446160467565,
              28.69929313284275
            ],
            [
              77.16443970096246,
              28.699
            ],
            [
              77.16446160467565,
              28.698706867157252
            ],
            [
              77.16452694103661,
              28.69841874989871
            ],
            [
              77.16463459212211,
              28.698140577990557
            ],
            [
              77.1647827159922,
              28.697877111031264
            ],
            [
              77.16496877820641,
              28.697632857013545
            ],
            [
              77.16518959518869,
              28.697411995191374
            ],
            [
              77.16544138869922,
              28.697218304571752
            ],
            [
              77.16571985048122,
              28.697055099254886
            ],
            [
              77.16602021597643,
              28.696925171729
            ],
            [
              77.16633734584792,
              28.696830745090082
            ],
            [
              77.16666581391569,
              28.696773435004104
            ],
            [
              77.167,
              28.696754222062523
            ],
            [
              77.16733418608432,
              28.696773435004104
            ],
            [
              77.16766265415208,
              28.696830745090082
            ],
            [
              77.16797978402357,
              28.696925171729
            ],
            [
              77.16828014951878,
              28.697055099254886
            ],
            [
              77.16855861130078,
              28.697218304571752
            ],
            [
              77.16881040481131,
              28.697411995191374
            ],
            [
              77.16903122179359,
              28.697632857013545
            ],
            [
              77.1692172840078,
              28.697877111031264
            ],
            [
              77.16936540787789,
              28.698140577990557
            ],
            [
              77.16947305896339,
              28.69841874989871
            ],
            [
              77.16953839532435,
              28.698706867157252
            ],
            [
              77.16956029903754,
              28.699
            ]
          ]
        ]
      },
      "properties": {
        "feature_id": "crash-zone-wazir-pur-depot",
        "location_name": "Wazir Pur Depot",
        "road_name": "Ring Road",
        "listed_in_table_6_29": true,
        "table_6_29_rank": 71,
        "all_simple_crashes": 4,
        "all_fatal_crashes": 3,
        "all_total_crashes": 7,
        "pedestrian_crash_prone": false,
        "pedestrian_simple_crashes": null,
        "pedestrian_fatal_crashes": null,
        "pedestrian_total_crashes": null,
        "two_wheeler_crash_prone": false,
        "two_wheeler_simple_crashes": null,
        "two_wheeler_fatal_crashes": null,
        "two_wheeler_total_crashes": null,
        "htv_crash_prone": false,
        "htv_simple_crashes": null,
        "htv_fatal_crashes": null,
        "htv_total_crashes": null,
        "hit_and_run_crash_prone": false,
        "hit_and_run_simple_crashes": null,
        "hit_and_run_fatal_crashes": null,
        "hit_and_run_total_crashes": null,
        "day_time_crash_prone": false,
        "day_simple_crashes": null,
        "day_fatal_crashes": null,
        "day_total_crashes": null,
        "night_time_crash_prone": true,
        "night_simple_crashes": null,
        "night_fatal_crashes": null,
        "night_total_crashes": null,
        "blackspot_2024": false,
        "blackspot_rank": null,
        "blackspot_noninjury_crashes": null,
        "blackspot_simple_crashes": null,
        "blackspot_fatal_crashes": null,
        "blackspot_total_crashes": null,
        "blackspot_persons_killed": null,
        "blackspot_persons_injured": null,
        "cctv_priority_candidate": false,
        "cctv_priority_reason": null,
        "zone_radius_m_derived": 250,
        "geometry_status": "coordinates_not_published_in_report",
        "osm_search_query": "Wazir Pur Depot, Ring Road, Delhi, India",
        "source": "Delhi Road Crash Report 2024, Delhi Traffic Police",
        "source_pdf_pages": [
          112,
          113,
          114,
          115,
          128,
          129
        ],
        "night_time_simple_crashes": 2,
        "night_time_fatal_crashes": 3,
        "night_time_total_crashes": 5,
        "coordinate_is_approximate": true,
        "coordinate_method": "depot_area_centre",
        "coordinate_confidence": "high",
        "estimated_accuracy_m": 300,
        "coordinate_source": "Approximate Delhi landmark/intersection/locality centre derived from the report place name",
        "coordinate_warning": "Not the Delhi Traffic Police geotag and not a surveyed crash location.",
        "coordinate_order": "[longitude, latitude]",
        "zone_radius_m": 250,
        "zone_diameter_m": 500,
        "geometry_representation": "approximate_250m_radius_zone",
        "buffer_warning": "The report defines crash-prone zones using a 500-metre diameter. This polygon is centred on an approximate location, not the unpublished police geotag."
      }
    },
    {
      "type": "Feature",
      "id": "crash-zone-under-pass-gajipur-buffer-250m",
      "geometry": {
        "type": "Polygon",
        "coordinates": [
          [
            [
              77.32555846776752,
              28.624
            ],
            [
              77.3255365797211,
              28.624293132842748
            ],
            [
              77.32547129009238,
              28.62458125010129
            ],
            [
              77.325363716005,
              28.624859422009443
            ],
            [
              77.32521569808144,
              28.625122888968736
            ],
            [
              77.32502976894939,
              28.625367142986455
            ],
            [
              77.32480910990786,
              28.625588004808627
            ],
            [
              77.32455749649424,
              28.62578169542825
            ],
            [
              77.32427923388376,
              28.625944900745115
            ],
            [
              77.32397908322687,
              28.626074828271
            ],
            [
              77.32366218018451,
              28.626169254909918
            ],
            [
              77.3233339470556,
              28.626226564995896
            ],
            [
              77.323,
              28.626245777937477
            ],
            [
              77.32266605294438,
              28.626226564995896
            ],
            [
              77.32233781981547,
              28.626169254909918
            ],
            [
              77.32202091677311,
              28.626074828271
            ],
            [
              77.32172076611623,
              28.625944900745115
            ],
            [
              77.32144250350575,
              28.62578169542825
            ],
            [
              77.32119089009213,
              28.625588004808627
            ],
            [
              77.3209702310506,
              28.625367142986455
            ],
            [
              77.32078430191855,
              28.625122888968736
            ],
            [
              77.32063628399499,
              28.624859422009443
            ],
            [
              77.3205287099076,
              28.62458125010129
            ],
            [
              77.32046342027888,
              28.624293132842748
            ],
            [
              77.32044153223246,
              28.624
            ],
            [
              77.32046342027888,
              28.62370686715725
            ],
            [
              77.3205287099076,
              28.623418749898708
            ],
            [
              77.32063628399499,
              28.623140577990554
            ],
            [
              77.32078430191855,
              28.62287711103126
            ],
            [
              77.3209702310506,
              28.622632857013542
            ],
            [
              77.32119089009213,
              28.62241199519137
            ],
            [
              77.32144250350575,
              28.62221830457175
            ],
            [
              77.32172076611623,
              28.622055099254883
            ],
            [
              77.32202091677311,
              28.621925171728996
            ],
            [
              77.32233781981547,
              28.62183074509008
            ],
            [
              77.32266605294438,
              28.6217734350041
            ],
            [
              77.323,
              28.62175422206252
            ],
            [
              77.3233339470556,
              28.6217734350041
            ],
            [
              77.32366218018451,
              28.62183074509008
            ],
            [
              77.32397908322687,
              28.621925171728996
            ],
            [
              77.32427923388376,
              28.622055099254883
            ],
            [
              77.32455749649424,
              28.62221830457175
            ],
            [
              77.32480910990786,
              28.62241199519137
            ],
            [
              77.32502976894939,
              28.622632857013542
            ],
            [
              77.32521569808144,
              28.62287711103126
            ],
            [
              77.325363716005,
              28.623140577990554
            ],
            [
              77.32547129009238,
              28.623418749898708
            ],
            [
              77.3255365797211,
              28.62370686715725
            ],
            [
              77.32555846776752,
              28.624
            ]
          ]
        ]
      },
      "properties": {
        "feature_id": "crash-zone-under-pass-gajipur",
        "location_name": "Under Pass Gajipur",
        "road_name": "NH-24",
        "listed_in_table_6_29": true,
        "table_6_29_rank": 72,
        "all_simple_crashes": 4,
        "all_fatal_crashes": 3,
        "all_total_crashes": 7,
        "pedestrian_crash_prone": false,
        "pedestrian_simple_crashes": null,
        "pedestrian_fatal_crashes": null,
        "pedestrian_total_crashes": null,
        "two_wheeler_crash_prone": true,
        "two_wheeler_simple_crashes": 2,
        "two_wheeler_fatal_crashes": 3,
        "two_wheeler_total_crashes": 5,
        "htv_crash_prone": false,
        "htv_simple_crashes": null,
        "htv_fatal_crashes": null,
        "htv_total_crashes": null,
        "hit_and_run_crash_prone": true,
        "hit_and_run_simple_crashes": 2,
        "hit_and_run_fatal_crashes": 3,
        "hit_and_run_total_crashes": 5,
        "day_time_crash_prone": false,
        "day_simple_crashes": null,
        "day_fatal_crashes": null,
        "day_total_crashes": null,
        "night_time_crash_prone": false,
        "night_simple_crashes": null,
        "night_fatal_crashes": null,
        "night_total_crashes": null,
        "blackspot_2024": false,
        "blackspot_rank": null,
        "blackspot_noninjury_crashes": null,
        "blackspot_simple_crashes": null,
        "blackspot_fatal_crashes": null,
        "blackspot_total_crashes": null,
        "blackspot_persons_killed": null,
        "blackspot_persons_injured": null,
        "cctv_priority_candidate": true,
        "cctv_priority_reason": "Listed in Table 6.37 as a hit-and-run crash-prone zone; the report recommends CCTV installation at these locations.",
        "zone_radius_m_derived": 250,
        "geometry_status": "coordinates_not_published_in_report",
        "osm_search_query": "Under Pass Gajipur, NH-24, Delhi, India",
        "source": "Delhi Road Crash Report 2024, Delhi Traffic Police",
        "source_pdf_pages": [
          112,
          113,
          114,
          115,
          122,
          125
        ],
        "coordinate_is_approximate": true,
        "coordinate_method": "underpass_area_centre",
        "coordinate_confidence": "medium",
        "estimated_accuracy_m": 500,
        "coordinate_source": "Approximate Delhi landmark/intersection/locality centre derived from the report place name",
        "coordinate_warning": "Not the Delhi Traffic Police geotag and not a surveyed crash location.",
        "coordinate_order": "[longitude, latitude]",
        "zone_radius_m": 250,
        "zone_diameter_m": 500,
        "geometry_representation": "approximate_250m_radius_zone",
        "buffer_warning": "The report defines crash-prone zones using a 500-metre diameter. This polygon is centred on an approximate location, not the unpublished police geotag."
      }
    },
    {
      "type": "Feature",
      "id": "crash-zone-hilton-hotel-buffer-250m",
      "geometry": {
        "type": "Polygon",
        "coordinates": [
          [
            [
              77.30055802930444,
              28.606
            ],
            [
              77.30053614500913,
              28.60629313284275
            ],
            [
              77.30047086656957,
              28.606581250101293
            ],
            [
              77.30036331091794,
              28.606859422009446
            ],
            [
              77.30021531836128,
              28.60712288896874
            ],
            [
              77.30002942109324,
              28.607367142986458
            ],
            [
              77.29980879986765,
              28.60758800480863
            ],
            [
              77.29955722957482,
              28.60778169542825
            ],
            [
              77.29927901465223,
              28.607944900745117
            ],
            [
              77.29897891543432,
              28.608074828271004
            ],
            [
              77.29866206670192,
              28.60816925490992
            ],
            [
              77.2983338898247,
              28.6082265649959
            ],
            [
              77.298,
              28.60824577793748
            ],
            [
              77.2976661101753,
              28.6082265649959
            ],
            [
              77.29733793329808,
              28.60816925490992
            ],
            [
              77.29702108456569,
              28.608074828271004
            ],
            [
              77.29672098534778,
              28.607944900745117
            ],
            [
              77.29644277042519,
              28.60778169542825
            ],
            [
              77.29619120013236,
              28.60758800480863
            ],
            [
              77.29597057890676,
              28.607367142986458
            ],
            [
              77.29578468163872,
              28.60712288896874
            ],
            [
              77.29563668908206,
              28.606859422009446
            ],
            [
              77.29552913343043,
              28.606581250101293
            ],
            [
              77.29546385499087,
              28.60629313284275
            ],
            [
              77.29544197069556,
              28.606
            ],
            [
              77.29546385499087,
              28.605706867157252
            ],
            [
              77.29552913343043,
              28.60541874989871
            ],
            [
              77.29563668908206,
              28.605140577990557
            ],
            [
              77.29578468163872,
              28.604877111031264
            ],
            [
              77.29597057890676,
              28.604632857013545
            ],
            [
              77.29619120013236,
              28.604411995191374
            ],
            [
              77.29644277042519,
              28.604218304571752
            ],
            [
              77.29672098534778,
              28.604055099254886
            ],
            [
              77.29702108456569,
              28.603925171729
            ],
            [
              77.29733793329808,
              28.603830745090082
            ],
            [
              77.2976661101753,
              28.603773435004104
            ],
            [
              77.298,
              28.603754222062523
            ],
            [
              77.2983338898247,
              28.603773435004104
            ],
            [
              77.29866206670192,
              28.603830745090082
            ],
            [
              77.29897891543432,
              28.603925171729
            ],
            [
              77.29927901465223,
              28.604055099254886
            ],
            [
              77.29955722957482,
              28.604218304571752
            ],
            [
              77.29980879986765,
              28.604411995191374
            ],
            [
              77.30002942109324,
              28.604632857013545
            ],
            [
              77.30021531836128,
              28.604877111031264
            ],
            [
              77.30036331091794,
              28.605140577990557
            ],
            [
              77.30047086656957,
              28.60541874989871
            ],
            [
              77.30053614500913,
              28.605706867157252
            ],
            [
              77.30055802930444,
              28.606
            ]
          ]
        ]
      },
      "properties": {
        "feature_id": "crash-zone-hilton-hotel",
        "location_name": "Hilton Hotel",
        "road_name": "Noida Link Road",
        "listed_in_table_6_29": true,
        "table_6_29_rank": 73,
        "all_simple_crashes": 3,
        "all_fatal_crashes": 3,
        "all_total_crashes": 6,
        "pedestrian_crash_prone": false,
        "pedestrian_simple_crashes": null,
        "pedestrian_fatal_crashes": null,
        "pedestrian_total_crashes": null,
        "two_wheeler_crash_prone": false,
        "two_wheeler_simple_crashes": null,
        "two_wheeler_fatal_crashes": null,
        "two_wheeler_total_crashes": null,
        "htv_crash_prone": false,
        "htv_simple_crashes": null,
        "htv_fatal_crashes": null,
        "htv_total_crashes": null,
        "hit_and_run_crash_prone": false,
        "hit_and_run_simple_crashes": null,
        "hit_and_run_fatal_crashes": null,
        "hit_and_run_total_crashes": null,
        "day_time_crash_prone": false,
        "day_simple_crashes": null,
        "day_fatal_crashes": null,
        "day_total_crashes": null,
        "night_time_crash_prone": false,
        "night_simple_crashes": null,
        "night_fatal_crashes": null,
        "night_total_crashes": null,
        "blackspot_2024": false,
        "blackspot_rank": null,
        "blackspot_noninjury_crashes": null,
        "blackspot_simple_crashes": null,
        "blackspot_fatal_crashes": null,
        "blackspot_total_crashes": null,
        "blackspot_persons_killed": null,
        "blackspot_persons_injured": null,
        "cctv_priority_candidate": false,
        "cctv_priority_reason": null,
        "zone_radius_m_derived": 250,
        "geometry_status": "coordinates_not_published_in_report",
        "osm_search_query": "Hilton Hotel, Noida Link Road, Delhi, India",
        "source": "Delhi Road Crash Report 2024, Delhi Traffic Police",
        "source_pdf_pages": [
          112,
          113,
          114,
          115
        ],
        "coordinate_is_approximate": true,
        "coordinate_method": "hotel_area_centre",
        "coordinate_confidence": "medium",
        "estimated_accuracy_m": 800,
        "coordinate_source": "Approximate Delhi landmark/intersection/locality centre derived from the report place name",
        "coordinate_warning": "Not the Delhi Traffic Police geotag and not a surveyed crash location.",
        "coordinate_order": "[longitude, latitude]",
        "zone_radius_m": 250,
        "zone_diameter_m": 500,
        "geometry_representation": "approximate_250m_radius_zone",
        "buffer_warning": "The report defines crash-prone zones using a 500-metre diameter. This polygon is centred on an approximate location, not the unpublished police geotag."
      }
    },
    {
      "type": "Feature",
      "id": "crash-zone-ram-charan-aggarwal-chowk-buffer-250m",
      "geometry": {
        "type": "Polygon",
        "coordinates": [
          [
            [
              77.24655861401142,
              28.63
            ],
            [
              77.24653672471386,
              28.63029313284275
            ],
            [
              77.24647143135314,
              28.63058125010129
            ],
            [
              77.24636385111675,
              28.630859422009443
            ],
            [
              77.24621582473237,
              28.631122888968736
            ],
            [
              77.24602988497247,
              28.631367142986456
            ],
            [
              77.24580921331791,
              28.631588004808627
            ],
            [
              77.24555758552188,
              28.63178169542825
            ],
            [
              77.24527930700572,
              28.631944900745115
            ],
            [
              77.24497913919198,
              28.632074828271
            ],
            [
              77.24466221803522,
              28.63216925490992
            ],
            [
              77.24433396614427,
              28.632226564995896
            ],
            [
              77.244,
              28.632245777937477
            ],
            [
              77.24366603385573,
              28.632226564995896
            ],
            [
              77.24333778196478,
              28.63216925490992
            ],
            [
              77.24302086080802,
              28.632074828271
            ],
            [
              77.24272069299428,
              28.631944900745115
            ],
            [
              77.24244241447812,
              28.63178169542825
            ],
            [
              77.24219078668209,
              28.631588004808627
            ],
            [
              77.24197011502753,
              28.631367142986456
            ],
            [
              77.24178417526763,
              28.631122888968736
            ],
            [
              77.24163614888325,
              28.630859422009443
            ],
            [
              77.24152856864686,
              28.63058125010129
            ],
            [
              77.24146327528614,
              28.63029313284275
            ],
            [
              77.24144138598858,
              28.63
            ],
            [
              77.24146327528614,
              28.62970686715725
            ],
            [
              77.24152856864686,
              28.629418749898708
            ],
            [
              77.24163614888325,
              28.629140577990555
            ],
            [
              77.24178417526763,
              28.62887711103126
            ],
            [
              77.24197011502753,
              28.628632857013542
            ],
            [
              77.24219078668209,
              28.62841199519137
            ],
            [
              77.24244241447812,
              28.62821830457175
            ],
            [
              77.24272069299428,
              28.628055099254883
            ],
            [
              77.24302086080802,
              28.627925171728997
            ],
            [
              77.24333778196478,
              28.62783074509008
            ],
            [
              77.24366603385573,
              28.6277734350041
            ],
            [
              77.244,
              28.62775422206252
            ],
            [
              77.24433396614427,
              28.6277734350041
            ],
            [
              77.24466221803522,
              28.62783074509008
            ],
            [
              77.24497913919198,
              28.627925171728997
            ],
            [
              77.24527930700572,
              28.628055099254883
            ],
            [
              77.24555758552188,
              28.62821830457175
            ],
            [
              77.24580921331791,
              28.62841199519137
            ],
            [
              77.24602988497247,
              28.628632857013542
            ],
            [
              77.24621582473237,
              28.62887711103126
            ],
            [
              77.24636385111675,
              28.629140577990555
            ],
            [
              77.24647143135314,
              28.629418749898708
            ],
            [
              77.24653672471386,
              28.62970686715725
            ],
            [
              77.24655861401142,
              28.63
            ]
          ]
        ]
      },
      "properties": {
        "feature_id": "crash-zone-ram-charan-aggarwal-chowk",
        "location_name": "Ram Charan Aggarwal Chowk",
        "road_name": "BSZ Marg",
        "listed_in_table_6_29": true,
        "table_6_29_rank": 74,
        "all_simple_crashes": 3,
        "all_fatal_crashes": 3,
        "all_total_crashes": 6,
        "pedestrian_crash_prone": false,
        "pedestrian_simple_crashes": null,
        "pedestrian_fatal_crashes": null,
        "pedestrian_total_crashes": null,
        "two_wheeler_crash_prone": false,
        "two_wheeler_simple_crashes": null,
        "two_wheeler_fatal_crashes": null,
        "two_wheeler_total_crashes": null,
        "htv_crash_prone": false,
        "htv_simple_crashes": null,
        "htv_fatal_crashes": null,
        "htv_total_crashes": null,
        "hit_and_run_crash_prone": false,
        "hit_and_run_simple_crashes": null,
        "hit_and_run_fatal_crashes": null,
        "hit_and_run_total_crashes": null,
        "day_time_crash_prone": false,
        "day_simple_crashes": null,
        "day_fatal_crashes": null,
        "day_total_crashes": null,
        "night_time_crash_prone": false,
        "night_simple_crashes": null,
        "night_fatal_crashes": null,
        "night_total_crashes": null,
        "blackspot_2024": false,
        "blackspot_rank": null,
        "blackspot_noninjury_crashes": null,
        "blackspot_simple_crashes": null,
        "blackspot_fatal_crashes": null,
        "blackspot_total_crashes": null,
        "blackspot_persons_killed": null,
        "blackspot_persons_injured": null,
        "cctv_priority_candidate": false,
        "cctv_priority_reason": null,
        "zone_radius_m_derived": 250,
        "geometry_status": "coordinates_not_published_in_report",
        "osm_search_query": "Ram Charan Aggarwal Chowk, BSZ Marg, Delhi, India",
        "source": "Delhi Road Crash Report 2024, Delhi Traffic Police",
        "source_pdf_pages": [
          112,
          113,
          114,
          115
        ],
        "coordinate_is_approximate": true,
        "coordinate_method": "intersection_centre",
        "coordinate_confidence": "medium",
        "estimated_accuracy_m": 600,
        "coordinate_source": "Approximate Delhi landmark/intersection/locality centre derived from the report place name",
        "coordinate_warning": "Not the Delhi Traffic Police geotag and not a surveyed crash location.",
        "coordinate_order": "[longitude, latitude]",
        "zone_radius_m": 250,
        "zone_diameter_m": 500,
        "geometry_representation": "approximate_250m_radius_zone",
        "buffer_warning": "The report defines crash-prone zones using a 500-metre diameter. This polygon is centred on an approximate location, not the unpublished police geotag."
      }
    },
    {
      "type": "Feature",
      "id": "crash-zone-aiims-buffer-250m",
      "geometry": {
        "type": "Polygon",
        "coordinates": [
          [
            [
              77.21255708068198,
              28.567
            ],
            [
              77.21253520450226,
              28.56729313284275
            ],
            [
              77.21246995027062,
              28.56758125010129
            ],
            [
              77.21236243450505,
              28.567859422009445
            ],
            [
              77.21221449683011,
              28.568122888968738
            ],
            [
              77.21202866850044,
              28.568367142986457
            ],
            [
              77.21180812909026,
              28.56858800480863
            ],
            [
              77.21155665209004,
              28.56878169542825
            ],
            [
              77.21127854034098,
              28.568944900745116
            ],
            [
              77.2109785524122,
              28.569074828271003
            ],
            [
              77.21066182118035,
              28.56916925490992
            ],
            [
              77.21033376600461,
              28.569226564995898
            ],
            [
              77.21,
              28.56924577793748
            ],
            [
              77.20966623399538,
              28.569226564995898
            ],
            [
              77.20933817881964,
              28.56916925490992
            ],
            [
              77.20902144758779,
              28.569074828271003
            ],
            [
              77.208721459659,
              28.568944900745116
            ],
            [
              77.20844334790995,
              28.56878169542825
            ],
            [
              77.20819187090973,
              28.56858800480863
            ],
            [
              77.20797133149955,
              28.568367142986457
            ],
            [
              77.20778550316987,
              28.568122888968738
            ],
            [
              77.20763756549493,
              28.567859422009445
            ],
            [
              77.20753004972937,
              28.56758125010129
            ],
            [
              77.20746479549773,
              28.56729313284275
            ],
            [
              77.20744291931801,
              28.567
            ],
            [
              77.20746479549773,
              28.56670686715725
            ],
            [
              77.20753004972937,
              28.56641874989871
            ],
            [
              77.20763756549493,
              28.566140577990556
            ],
            [
              77.20778550316987,
              28.565877111031263
            ],
            [
              77.20797133149955,
              28.565632857013544
            ],
            [
              77.20819187090973,
              28.565411995191372
            ],
            [
              77.20844334790995,
              28.56521830457175
            ],
            [
              77.208721459659,
              28.565055099254884
            ],
            [
              77.20902144758779,
              28.564925171728998
            ],
            [
              77.20933817881964,
              28.56483074509008
            ],
            [
              77.20966623399538,
              28.564773435004103
            ],
            [
              77.21,
              28.564754222062522
            ],
            [
              77.21033376600461,
              28.564773435004103
            ],
            [
              77.21066182118035,
              28.56483074509008
            ],
            [
              77.2109785524122,
              28.564925171728998
            ],
            [
              77.21127854034098,
              28.565055099254884
            ],
            [
              77.21155665209004,
              28.56521830457175
            ],
            [
              77.21180812909026,
              28.565411995191372
            ],
            [
              77.21202866850044,
              28.565632857013544
            ],
            [
              77.21221449683011,
              28.565877111031263
            ],
            [
              77.21236243450505,
              28.566140577990556
            ],
            [
              77.21246995027062,
              28.56641874989871
            ],
            [
              77.21253520450226,
              28.56670686715725
            ],
            [
              77.21255708068198,
              28.567
            ]
          ]
        ]
      },
      "properties": {
        "feature_id": "crash-zone-aiims",
        "location_name": "AIIMS",
        "road_name": "Ring Road",
        "listed_in_table_6_29": true,
        "table_6_29_rank": 75,
        "all_simple_crashes": 3,
        "all_fatal_crashes": 3,
        "all_total_crashes": 6,
        "pedestrian_crash_prone": false,
        "pedestrian_simple_crashes": null,
        "pedestrian_fatal_crashes": null,
        "pedestrian_total_crashes": null,
        "two_wheeler_crash_prone": false,
        "two_wheeler_simple_crashes": null,
        "two_wheeler_fatal_crashes": null,
        "two_wheeler_total_crashes": null,
        "htv_crash_prone": false,
        "htv_simple_crashes": null,
        "htv_fatal_crashes": null,
        "htv_total_crashes": null,
        "hit_and_run_crash_prone": false,
        "hit_and_run_simple_crashes": null,
        "hit_and_run_fatal_crashes": null,
        "hit_and_run_total_crashes": null,
        "day_time_crash_prone": false,
        "day_simple_crashes": null,
        "day_fatal_crashes": null,
        "day_total_crashes": null,
        "night_time_crash_prone": false,
        "night_simple_crashes": null,
        "night_fatal_crashes": null,
        "night_total_crashes": null,
        "blackspot_2024": false,
        "blackspot_rank": null,
        "blackspot_noninjury_crashes": null,
        "blackspot_simple_crashes": null,
        "blackspot_fatal_crashes": null,
        "blackspot_total_crashes": null,
        "blackspot_persons_killed": null,
        "blackspot_persons_injured": null,
        "cctv_priority_candidate": false,
        "cctv_priority_reason": null,
        "zone_radius_m_derived": 250,
        "geometry_status": "coordinates_not_published_in_report",
        "osm_search_query": "AIIMS, Ring Road, Delhi, India",
        "source": "Delhi Road Crash Report 2024, Delhi Traffic Police",
        "source_pdf_pages": [
          112,
          113,
          114,
          115
        ],
        "coordinate_is_approximate": true,
        "coordinate_method": "hospital_centre",
        "coordinate_confidence": "high",
        "estimated_accuracy_m": 250,
        "coordinate_source": "Approximate Delhi landmark/intersection/locality centre derived from the report place name",
        "coordinate_warning": "Not the Delhi Traffic Police geotag and not a surveyed crash location.",
        "coordinate_order": "[longitude, latitude]",
        "zone_radius_m": 250,
        "zone_diameter_m": 500,
        "geometry_representation": "approximate_250m_radius_zone",
        "buffer_warning": "The report defines crash-prone zones using a 500-metre diameter. This polygon is centred on an approximate location, not the unpublished police geotag."
      }
    },
    {
      "type": "Feature",
      "id": "crash-zone-tilak-nagar-flyover-buffer-250m",
      "geometry": {
        "type": "Polygon",
        "coordinates": [
          [
            [
              77.09955883346122,
              28.639
            ],
            [
              77.09953694228624,
              28.63929313284275
            ],
            [
              77.09947164332536,
              28.63958125010129
            ],
            [
              77.09936405386192,
              28.639859422009444
            ],
            [
              77.09921601478146,
              28.640122888968737
            ],
            [
              77.09903005907371,
              28.640367142986456
            ],
            [
              77.09880936849235,
              28.640588004808627
            ],
            [
              77.09855771911444,
              28.64078169542825
            ],
            [
              77.0982794167306,
              28.640944900745115
            ],
            [
              77.09797922317179,
              28.641074828271
            ],
            [
              77.097662274833,
              28.64116925490992
            ],
            [
              77.09733399478822,
              28.641226564995897
            ],
            [
              77.097,
              28.641245777937478
            ],
            [
              77.09666600521177,
              28.641226564995897
            ],
            [
              77.09633772516699,
              28.64116925490992
            ],
            [
              77.0960207768282,
              28.641074828271
            ],
            [
              77.09572058326938,
              28.640944900745115
            ],
            [
              77.09544228088555,
              28.64078169542825
            ],
            [
              77.09519063150763,
              28.640588004808627
            ],
            [
              77.09496994092628,
              28.640367142986456
            ],
            [
              77.09478398521853,
              28.640122888968737
            ],
            [
              77.09463594613807,
              28.639859422009444
            ],
            [
              77.09452835667463,
              28.63958125010129
            ],
            [
              77.09446305771375,
              28.63929313284275
            ],
            [
              77.09444116653877,
              28.639
            ],
            [
              77.09446305771375,
              28.63870686715725
            ],
            [
              77.09452835667463,
              28.638418749898708
            ],
            [
              77.09463594613807,
              28.638140577990555
            ],
            [
              77.09478398521853,
              28.637877111031262
            ],
            [
              77.09496994092628,
              28.637632857013543
            ],
            [
              77.09519063150763,
              28.63741199519137
            ],
            [
              77.09544228088555,
              28.63721830457175
            ],
            [
              77.09572058326938,
              28.637055099254884
            ],
            [
              77.0960207768282,
              28.636925171728997
            ],
            [
              77.09633772516699,
              28.63683074509008
            ],
            [
              77.09666600521177,
              28.636773435004102
            ],
            [
              77.097,
              28.63675422206252
            ],
            [
              77.09733399478822,
              28.636773435004102
            ],
            [
              77.097662274833,
              28.63683074509008
            ],
            [
              77.09797922317179,
              28.636925171728997
            ],
            [
              77.0982794167306,
              28.637055099254884
            ],
            [
              77.09855771911444,
              28.63721830457175
            ],
            [
              77.09880936849235,
              28.63741199519137
            ],
            [
              77.09903005907371,
              28.637632857013543
            ],
            [
              77.09921601478146,
              28.637877111031262
            ],
            [
              77.09936405386192,
              28.638140577990555
            ],
            [
              77.09947164332536,
              28.638418749898708
            ],
            [
              77.09953694228624,
              28.63870686715725
            ],
            [
              77.09955883346122,
              28.639
            ]
          ]
        ]
      },
      "properties": {
        "feature_id": "crash-zone-tilak-nagar-flyover",
        "location_name": "Tilak Nagar Flyover",
        "road_name": "Najafgarh Road",
        "listed_in_table_6_29": true,
        "table_6_29_rank": 76,
        "all_simple_crashes": 3,
        "all_fatal_crashes": 3,
        "all_total_crashes": 6,
        "pedestrian_crash_prone": false,
        "pedestrian_simple_crashes": null,
        "pedestrian_fatal_crashes": null,
        "pedestrian_total_crashes": null,
        "two_wheeler_crash_prone": false,
        "two_wheeler_simple_crashes": null,
        "two_wheeler_fatal_crashes": null,
        "two_wheeler_total_crashes": null,
        "htv_crash_prone": false,
        "htv_simple_crashes": null,
        "htv_fatal_crashes": null,
        "htv_total_crashes": null,
        "hit_and_run_crash_prone": false,
        "hit_and_run_simple_crashes": null,
        "hit_and_run_fatal_crashes": null,
        "hit_and_run_total_crashes": null,
        "day_time_crash_prone": false,
        "day_simple_crashes": null,
        "day_fatal_crashes": null,
        "day_total_crashes": null,
        "night_time_crash_prone": true,
        "night_simple_crashes": null,
        "night_fatal_crashes": null,
        "night_total_crashes": null,
        "blackspot_2024": false,
        "blackspot_rank": null,
        "blackspot_noninjury_crashes": null,
        "blackspot_simple_crashes": null,
        "blackspot_fatal_crashes": null,
        "blackspot_total_crashes": null,
        "blackspot_persons_killed": null,
        "blackspot_persons_injured": null,
        "cctv_priority_candidate": false,
        "cctv_priority_reason": null,
        "zone_radius_m_derived": 250,
        "geometry_status": "coordinates_not_published_in_report",
        "osm_search_query": "Tilak Nagar Flyover, Najafgarh Road, Delhi, India",
        "source": "Delhi Road Crash Report 2024, Delhi Traffic Police",
        "source_pdf_pages": [
          112,
          113,
          114,
          115,
          128,
          129
        ],
        "night_time_simple_crashes": 1,
        "night_time_fatal_crashes": 3,
        "night_time_total_crashes": 4,
        "coordinate_is_approximate": true,
        "coordinate_method": "flyover_area_centre",
        "coordinate_confidence": "medium",
        "estimated_accuracy_m": 450,
        "coordinate_source": "Approximate Delhi landmark/intersection/locality centre derived from the report place name",
        "coordinate_warning": "Not the Delhi Traffic Police geotag and not a surveyed crash location.",
        "coordinate_order": "[longitude, latitude]",
        "zone_radius_m": 250,
        "zone_diameter_m": 500,
        "geometry_representation": "approximate_250m_radius_zone",
        "buffer_warning": "The report defines crash-prone zones using a 500-metre diameter. This polygon is centred on an approximate location, not the unpublished police geotag."
      }
    },
    {
      "type": "Feature",
      "id": "crash-zone-shani-mandir-nh-1-buffer-250m",
      "geometry": {
        "type": "Polygon",
        "coordinates": [
          [
            [
              77.14656304680358,
              28.811
            ],
            [
              77.14654111958286,
              28.81129313284275
            ],
            [
              77.14647571310157,
              28.81158125010129
            ],
            [
              77.1463679464827,
              28.811859422009444
            ],
            [
              77.146219663643,
              28.812122888968737
            ],
            [
              77.14603340174294,
              28.812367142986457
            ],
            [
              77.1458123477753,
              28.812588004808628
            ],
            [
              77.14556028403476,
              28.81278169542825
            ],
            [
              77.14528152340179,
              28.812944900745116
            ],
            [
              77.14498083554811,
              28.813074828271002
            ],
            [
              77.14466336532625,
              28.81316925490992
            ],
            [
              77.14433454473976,
              28.813226564995897
            ],
            [
              77.144,
              28.813245777937478
            ],
            [
              77.14366545526025,
              28.813226564995897
            ],
            [
              77.14333663467376,
              28.81316925490992
            ],
            [
              77.1430191644519,
              28.813074828271002
            ],
            [
              77.14271847659822,
              28.812944900745116
            ],
            [
              77.14243971596525,
              28.81278169542825
            ],
            [
              77.1421876522247,
              28.812588004808628
            ],
            [
              77.14196659825707,
              28.812367142986457
            ],
            [
              77.14178033635702,
              28.812122888968737
            ],
            [
              77.14163205351731,
              28.811859422009444
            ],
            [
              77.14152428689844,
              28.81158125010129
            ],
            [
              77.14145888041715,
              28.81129313284275
            ],
            [
              77.14143695319643,
              28.811
            ],
            [
              77.14145888041715,
              28.81070686715725
            ],
            [
              77.14152428689844,
              28.81041874989871
            ],
            [
              77.14163205351731,
              28.810140577990555
            ],
            [
              77.14178033635702,
              28.809877111031263
            ],
            [
              77.14196659825707,
              28.809632857013543
            ],
            [
              77.1421876522247,
              28.809411995191372
            ],
            [
              77.14243971596525,
              28.80921830457175
            ],
            [
              77.14271847659822,
              28.809055099254884
            ],
            [
              77.1430191644519,
              28.808925171728998
            ],
            [
              77.14333663467376,
              28.80883074509008
            ],
            [
              77.14366545526025,
              28.808773435004102
            ],
            [
              77.144,
              28.80875422206252
            ],
            [
              77.14433454473976,
              28.808773435004102
            ],
            [
              77.14466336532625,
              28.80883074509008
            ],
            [
              77.14498083554811,
              28.808925171728998
            ],
            [
              77.14528152340179,
              28.809055099254884
            ],
            [
              77.14556028403476,
              28.80921830457175
            ],
            [
              77.1458123477753,
              28.809411995191372
            ],
            [
              77.14603340174294,
              28.809632857013543
            ],
            [
              77.146219663643,
              28.809877111031263
            ],
            [
              77.1463679464827,
              28.810140577990555
            ],
            [
              77.14647571310157,
              28.81041874989871
            ],
            [
              77.14654111958286,
              28.81070686715725
            ],
            [
              77.14656304680358,
              28.811
            ]
          ]
        ]
      },
      "properties": {
        "feature_id": "crash-zone-shani-mandir-nh-1",
        "location_name": "Shani Mandir NH-1",
        "road_name": "GTK Road",
        "listed_in_table_6_29": true,
        "table_6_29_rank": 77,
        "all_simple_crashes": 3,
        "all_fatal_crashes": 3,
        "all_total_crashes": 6,
        "pedestrian_crash_prone": false,
        "pedestrian_simple_crashes": null,
        "pedestrian_fatal_crashes": null,
        "pedestrian_total_crashes": null,
        "two_wheeler_crash_prone": false,
        "two_wheeler_simple_crashes": null,
        "two_wheeler_fatal_crashes": null,
        "two_wheeler_total_crashes": null,
        "htv_crash_prone": false,
        "htv_simple_crashes": null,
        "htv_fatal_crashes": null,
        "htv_total_crashes": null,
        "hit_and_run_crash_prone": false,
        "hit_and_run_simple_crashes": null,
        "hit_and_run_fatal_crashes": null,
        "hit_and_run_total_crashes": null,
        "day_time_crash_prone": false,
        "day_simple_crashes": null,
        "day_fatal_crashes": null,
        "day_total_crashes": null,
        "night_time_crash_prone": false,
        "night_simple_crashes": null,
        "night_fatal_crashes": null,
        "night_total_crashes": null,
        "blackspot_2024": false,
        "blackspot_rank": null,
        "blackspot_noninjury_crashes": null,
        "blackspot_simple_crashes": null,
        "blackspot_fatal_crashes": null,
        "blackspot_total_crashes": null,
        "blackspot_persons_killed": null,
        "blackspot_persons_injured": null,
        "cctv_priority_candidate": false,
        "cctv_priority_reason": null,
        "zone_radius_m_derived": 250,
        "geometry_status": "coordinates_not_published_in_report",
        "osm_search_query": "Shani Mandir NH-1, GTK Road, Delhi, India",
        "source": "Delhi Road Crash Report 2024, Delhi Traffic Police",
        "source_pdf_pages": [
          112,
          113,
          114,
          115
        ],
        "coordinate_is_approximate": true,
        "coordinate_method": "corridor_landmark_area",
        "coordinate_confidence": "low",
        "estimated_accuracy_m": 1800,
        "coordinate_source": "Approximate Delhi landmark/intersection/locality centre derived from the report place name",
        "coordinate_warning": "Not the Delhi Traffic Police geotag and not a surveyed crash location.",
        "coordinate_order": "[longitude, latitude]",
        "zone_radius_m": 250,
        "zone_diameter_m": 500,
        "geometry_representation": "approximate_250m_radius_zone",
        "buffer_warning": "The report defines crash-prone zones using a 500-metre diameter. This polygon is centred on an approximate location, not the unpublished police geotag."
      }
    },
    {
      "type": "Feature",
      "id": "crash-zone-tilak-marg-bhagwan-das-marg-crossing-buffer-250m",
      "geometry": {
        "type": "Polygon",
        "coordinates": [
          [
            [
              77.23655841902952,
              28.622
            ],
            [
              77.23653653140005,
              28.62229313284275
            ],
            [
              77.23647124301507,
              28.62258125010129
            ],
            [
              77.23636367097696,
              28.622859422009444
            ],
            [
              77.23621565587308,
              28.623122888968737
            ],
            [
              77.23602973028292,
              28.623367142986456
            ],
            [
              77.23580907544489,
              28.623588004808628
            ],
            [
              77.2355574668244,
              28.62378169542825
            ],
            [
              77.23527920951476,
              28.623944900745116
            ],
            [
              77.23497906457564,
              28.624074828271002
            ],
            [
              77.23466216757019,
              28.62416925490992
            ],
            [
              77.23433394069401,
              28.624226564995897
            ],
            [
              77.234,
              28.624245777937478
            ],
            [
              77.23366605930597,
              28.624226564995897
            ],
            [
              77.2333378324298,
              28.62416925490992
            ],
            [
              77.23302093542435,
              28.624074828271002
            ],
            [
              77.23272079048523,
              28.623944900745116
            ],
            [
              77.23244253317559,
              28.62378169542825
            ],
            [
              77.2321909245551,
              28.623588004808628
            ],
            [
              77.23197026971707,
              28.623367142986456
            ],
            [
              77.23178434412691,
              28.623122888968737
            ],
            [
              77.23163632902303,
              28.622859422009444
            ],
            [
              77.23152875698491,
              28.62258125010129
            ],
            [
              77.23146346859994,
              28.62229313284275
            ],
            [
              77.23144158097047,
              28.622
            ],
            [
              77.23146346859994,
              28.62170686715725
            ],
            [
              77.23152875698491,
              28.62141874989871
            ],
            [
              77.23163632902303,
              28.621140577990555
            ],
            [
              77.23178434412691,
              28.620877111031263
            ],
            [
              77.23197026971707,
              28.620632857013543
            ],
            [
              77.2321909245551,
              28.620411995191372
            ],
            [
              77.23244253317559,
              28.62021830457175
            ],
            [
              77.23272079048523,
              28.620055099254884
            ],
            [
              77.23302093542435,
              28.619925171728998
            ],
            [
              77.2333378324298,
              28.61983074509008
            ],
            [
              77.23366605930597,
              28.619773435004102
            ],
            [
              77.234,
              28.61975422206252
            ],
            [
              77.23433394069401,
              28.619773435004102
            ],
            [
              77.23466216757019,
              28.61983074509008
            ],
            [
              77.23497906457564,
              28.619925171728998
            ],
            [
              77.23527920951476,
              28.620055099254884
            ],
            [
              77.2355574668244,
              28.62021830457175
            ],
            [
              77.23580907544489,
              28.620411995191372
            ],
            [
              77.23602973028292,
              28.620632857013543
            ],
            [
              77.23621565587308,
              28.620877111031263
            ],
            [
              77.23636367097696,
              28.621140577990555
            ],
            [
              77.23647124301507,
              28.62141874989871
            ],
            [
              77.23653653140005,
              28.62170686715725
            ],
            [
              77.23655841902952,
              28.622
            ]
          ]
        ]
      },
      "properties": {
        "feature_id": "crash-zone-tilak-marg-bhagwan-das-marg-crossing",
        "location_name": "Tilak Marg Bhagwan Das Marg Crossing",
        "road_name": "Tilak Marg",
        "listed_in_table_6_29": true,
        "table_6_29_rank": 78,
        "all_simple_crashes": 3,
        "all_fatal_crashes": 3,
        "all_total_crashes": 6,
        "pedestrian_crash_prone": false,
        "pedestrian_simple_crashes": null,
        "pedestrian_fatal_crashes": null,
        "pedestrian_total_crashes": null,
        "two_wheeler_crash_prone": false,
        "two_wheeler_simple_crashes": null,
        "two_wheeler_fatal_crashes": null,
        "two_wheeler_total_crashes": null,
        "htv_crash_prone": false,
        "htv_simple_crashes": null,
        "htv_fatal_crashes": null,
        "htv_total_crashes": null,
        "hit_and_run_crash_prone": false,
        "hit_and_run_simple_crashes": null,
        "hit_and_run_fatal_crashes": null,
        "hit_and_run_total_crashes": null,
        "day_time_crash_prone": false,
        "day_simple_crashes": null,
        "day_fatal_crashes": null,
        "day_total_crashes": null,
        "night_time_crash_prone": false,
        "night_simple_crashes": null,
        "night_fatal_crashes": null,
        "night_total_crashes": null,
        "blackspot_2024": false,
        "blackspot_rank": null,
        "blackspot_noninjury_crashes": null,
        "blackspot_simple_crashes": null,
        "blackspot_fatal_crashes": null,
        "blackspot_total_crashes": null,
        "blackspot_persons_killed": null,
        "blackspot_persons_injured": null,
        "cctv_priority_candidate": false,
        "cctv_priority_reason": null,
        "zone_radius_m_derived": 250,
        "geometry_status": "coordinates_not_published_in_report",
        "osm_search_query": "Tilak Marg Bhagwan Das Marg Crossing, Tilak Marg, Delhi, India",
        "source": "Delhi Road Crash Report 2024, Delhi Traffic Police",
        "source_pdf_pages": [
          112,
          113,
          114,
          115
        ],
        "coordinate_is_approximate": true,
        "coordinate_method": "intersection_centre",
        "coordinate_confidence": "high",
        "estimated_accuracy_m": 300,
        "coordinate_source": "Approximate Delhi landmark/intersection/locality centre derived from the report place name",
        "coordinate_warning": "Not the Delhi Traffic Police geotag and not a surveyed crash location.",
        "coordinate_order": "[longitude, latitude]",
        "zone_radius_m": 250,
        "zone_diameter_m": 500,
        "geometry_representation": "approximate_250m_radius_zone",
        "buffer_warning": "The report defines crash-prone zones using a 500-metre diameter. This polygon is centred on an approximate location, not the unpublished police geotag."
      }
    },
    {
      "type": "Feature",
      "id": "crash-zone-nirankari-colony-buffer-250m",
      "geometry": {
        "type": "Polygon",
        "coordinates": [
          [
            [
              77.22756071510013,
              28.716
            ],
            [
              77.22753880782746,
              28.71629313284275
            ],
            [
              77.22747346084897,
              28.716581250101292
            ],
            [
              77.2273657922696,
              28.716859422009446
            ],
            [
              77.22721764432856,
              28.71712288896874
            ],
            [
              77.22703155187821,
              28.717367142986458
            ],
            [
              77.22681069901198,
              28.71758800480863
            ],
            [
              77.22655886458364,
              28.71778169542825
            ],
            [
              77.22628035755005,
              28.717944900745117
            ],
            [
              77.22597994324381,
              28.718074828271003
            ],
            [
              77.22566276183699,
              28.71816925490992
            ],
            [
              77.22533424039138,
              28.7182265649959
            ],
            [
              77.225,
              28.71824577793748
            ],
            [
              77.22466575960861,
              28.7182265649959
            ],
            [
              77.224337238163,
              28.71816925490992
            ],
            [
              77.22402005675617,
              28.718074828271003
            ],
            [
              77.22371964244994,
              28.717944900745117
            ],
            [
              77.22344113541635,
              28.71778169542825
            ],
            [
              77.22318930098801,
              28.71758800480863
            ],
            [
              77.22296844812178,
              28.717367142986458
            ],
            [
              77.22278235567143,
              28.71712288896874
            ],
            [
              77.2226342077304,
              28.716859422009446
            ],
            [
              77.22252653915102,
              28.716581250101292
            ],
            [
              77.22246119217253,
              28.71629313284275
            ],
            [
              77.22243928489986,
              28.716
            ],
            [
              77.22246119217253,
              28.71570686715725
            ],
            [
              77.22252653915102,
              28.71541874989871
            ],
            [
              77.2226342077304,
              28.715140577990557
            ],
            [
              77.22278235567143,
              28.714877111031264
            ],
            [
              77.22296844812178,
              28.714632857013545
            ],
            [
              77.22318930098801,
              28.714411995191373
            ],
            [
              77.22344113541635,
              28.71421830457175
            ],
            [
              77.22371964244994,
              28.714055099254885
            ],
            [
              77.22402005675617,
              28.713925171729
            ],
            [
              77.224337238163,
              28.713830745090082
            ],
            [
              77.22466575960861,
              28.713773435004104
            ],
            [
              77.225,
              28.713754222062523
            ],
            [
              77.22533424039138,
              28.713773435004104
            ],
            [
              77.22566276183699,
              28.713830745090082
            ],
            [
              77.22597994324381,
              28.713925171729
            ],
            [
              77.22628035755005,
              28.714055099254885
            ],
            [
              77.22655886458364,
              28.71421830457175
            ],
            [
              77.22681069901198,
              28.714411995191373
            ],
            [
              77.22703155187821,
              28.714632857013545
            ],
            [
              77.22721764432856,
              28.714877111031264
            ],
            [
              77.2273657922696,
              28.715140577990557
            ],
            [
              77.22747346084897,
              28.71541874989871
            ],
            [
              77.22753880782746,
              28.71570686715725
            ],
            [
              77.22756071510013,
              28.716
            ]
          ]
        ]
      },
      "properties": {
        "feature_id": "crash-zone-nirankari-colony",
        "location_name": "Nirankari Colony",
        "road_name": "Outer Ring Road",
        "listed_in_table_6_29": true,
        "table_6_29_rank": 79,
        "all_simple_crashes": 3,
        "all_fatal_crashes": 3,
        "all_total_crashes": 6,
        "pedestrian_crash_prone": false,
        "pedestrian_simple_crashes": null,
        "pedestrian_fatal_crashes": null,
        "pedestrian_total_crashes": null,
        "two_wheeler_crash_prone": true,
        "two_wheeler_simple_crashes": 2,
        "two_wheeler_fatal_crashes": 3,
        "two_wheeler_total_crashes": 5,
        "htv_crash_prone": false,
        "htv_simple_crashes": null,
        "htv_fatal_crashes": null,
        "htv_total_crashes": null,
        "hit_and_run_crash_prone": false,
        "hit_and_run_simple_crashes": null,
        "hit_and_run_fatal_crashes": null,
        "hit_and_run_total_crashes": null,
        "day_time_crash_prone": false,
        "day_simple_crashes": null,
        "day_fatal_crashes": null,
        "day_total_crashes": null,
        "night_time_crash_prone": false,
        "night_simple_crashes": null,
        "night_fatal_crashes": null,
        "night_total_crashes": null,
        "blackspot_2024": false,
        "blackspot_rank": null,
        "blackspot_noninjury_crashes": null,
        "blackspot_simple_crashes": null,
        "blackspot_fatal_crashes": null,
        "blackspot_total_crashes": null,
        "blackspot_persons_killed": null,
        "blackspot_persons_injured": null,
        "cctv_priority_candidate": false,
        "cctv_priority_reason": null,
        "zone_radius_m_derived": 250,
        "geometry_status": "coordinates_not_published_in_report",
        "osm_search_query": "Nirankari Colony, Outer Ring Road, Delhi, India",
        "source": "Delhi Road Crash Report 2024, Delhi Traffic Police",
        "source_pdf_pages": [
          112,
          113,
          114,
          115,
          122
        ],
        "coordinate_is_approximate": true,
        "coordinate_method": "locality_centre",
        "coordinate_confidence": "medium",
        "estimated_accuracy_m": 800,
        "coordinate_source": "Approximate Delhi landmark/intersection/locality centre derived from the report place name",
        "coordinate_warning": "Not the Delhi Traffic Police geotag and not a surveyed crash location.",
        "coordinate_order": "[longitude, latitude]",
        "zone_radius_m": 250,
        "zone_diameter_m": 500,
        "geometry_representation": "approximate_250m_radius_zone",
        "buffer_warning": "The report defines crash-prone zones using a 500-metre diameter. This polygon is centred on an approximate location, not the unpublished police geotag."
      }
    },
    {
      "type": "Feature",
      "id": "crash-zone-satya-niketan-nanakpura-buffer-250m",
      "geometry": {
        "type": "Polygon",
        "coordinates": [
          [
            [
              77.172557591244,
              28.588
            ],
            [
              77.17253571069635,
              28.58829313284275
            ],
            [
              77.17247044343567,
              28.588581250101292
            ],
            [
              77.17236290620286,
              28.588859422009445
            ],
            [
              77.1722149389898,
              28.58912288896874
            ],
            [
              77.17202907355653,
              28.589367142986458
            ],
            [
              77.17180849011214,
              28.58958800480863
            ],
            [
              77.17155696290052,
              28.58978169542825
            ],
            [
              77.171278795622,
              28.589944900745117
            ],
            [
              77.17097874779584,
              28.590074828271003
            ],
            [
              77.17066195332353,
              28.59016925490992
            ],
            [
              77.17033383264634,
              28.5902265649959
            ],
            [
              77.17,
              28.59024577793748
            ],
            [
              77.16966616735367,
              28.5902265649959
            ],
            [
              77.16933804667647,
              28.59016925490992
            ],
            [
              77.16902125220416,
              28.590074828271003
            ],
            [
              77.168721204378,
              28.589944900745117
            ],
            [
              77.16844303709948,
              28.58978169542825
            ],
            [
              77.16819150988786,
              28.58958800480863
            ],
            [
              77.16797092644347,
              28.589367142986458
            ],
            [
              77.1677850610102,
              28.58912288896874
            ],
            [
              77.16763709379714,
              28.588859422009445
            ],
            [
              77.16752955656433,
              28.588581250101292
            ],
            [
              77.16746428930365,
              28.58829313284275
            ],
            [
              77.167442408756,
              28.588
            ],
            [
              77.16746428930365,
              28.58770686715725
            ],
            [
              77.16752955656433,
              28.58741874989871
            ],
            [
              77.16763709379714,
              28.587140577990557
            ],
            [
              77.1677850610102,
              28.586877111031264
            ],
            [
              77.16797092644347,
              28.586632857013544
            ],
            [
              77.16819150988786,
              28.586411995191373
            ],
            [
              77.16844303709948,
              28.58621830457175
            ],
            [
              77.168721204378,
              28.586055099254885
            ],
            [
              77.16902125220416,
              28.585925171729
            ],
            [
              77.16933804667647,
              28.58583074509008
            ],
            [
              77.16966616735367,
              28.585773435004104
            ],
            [
              77.17,
              28.585754222062523
            ],
            [
              77.17033383264634,
              28.585773435004104
            ],
            [
              77.17066195332353,
              28.58583074509008
            ],
            [
              77.17097874779584,
              28.585925171729
            ],
            [
              77.171278795622,
              28.586055099254885
            ],
            [
              77.17155696290052,
              28.58621830457175
            ],
            [
              77.17180849011214,
              28.586411995191373
            ],
            [
              77.17202907355653,
              28.586632857013544
            ],
            [
              77.1722149389898,
              28.586877111031264
            ],
            [
              77.17236290620286,
              28.587140577990557
            ],
            [
              77.17247044343567,
              28.58741874989871
            ],
            [
              77.17253571069635,
              28.58770686715725
            ],
            [
              77.172557591244,
              28.588
            ]
          ]
        ]
      },
      "properties": {
        "feature_id": "crash-zone-satya-niketan-nanakpura",
        "location_name": "Satya Niketan Nanakpura",
        "road_name": "Ring Road",
        "listed_in_table_6_29": true,
        "table_6_29_rank": 80,
        "all_simple_crashes": 3,
        "all_fatal_crashes": 3,
        "all_total_crashes": 6,
        "pedestrian_crash_prone": false,
        "pedestrian_simple_crashes": null,
        "pedestrian_fatal_crashes": null,
        "pedestrian_total_crashes": null,
        "two_wheeler_crash_prone": false,
        "two_wheeler_simple_crashes": null,
        "two_wheeler_fatal_crashes": null,
        "two_wheeler_total_crashes": null,
        "htv_crash_prone": false,
        "htv_simple_crashes": null,
        "htv_fatal_crashes": null,
        "htv_total_crashes": null,
        "hit_and_run_crash_prone": true,
        "hit_and_run_simple_crashes": 1,
        "hit_and_run_fatal_crashes": 3,
        "hit_and_run_total_crashes": 4,
        "day_time_crash_prone": false,
        "day_simple_crashes": null,
        "day_fatal_crashes": null,
        "day_total_crashes": null,
        "night_time_crash_prone": false,
        "night_simple_crashes": null,
        "night_fatal_crashes": null,
        "night_total_crashes": null,
        "blackspot_2024": false,
        "blackspot_rank": null,
        "blackspot_noninjury_crashes": null,
        "blackspot_simple_crashes": null,
        "blackspot_fatal_crashes": null,
        "blackspot_total_crashes": null,
        "blackspot_persons_killed": null,
        "blackspot_persons_injured": null,
        "cctv_priority_candidate": true,
        "cctv_priority_reason": "Listed in Table 6.37 as a hit-and-run crash-prone zone; the report recommends CCTV installation at these locations.",
        "zone_radius_m_derived": 250,
        "geometry_status": "coordinates_not_published_in_report",
        "osm_search_query": "Satya Niketan Nanakpura, Ring Road, Delhi, India",
        "source": "Delhi Road Crash Report 2024, Delhi Traffic Police",
        "source_pdf_pages": [
          112,
          113,
          114,
          115,
          125
        ],
        "coordinate_is_approximate": true,
        "coordinate_method": "locality_centre",
        "coordinate_confidence": "medium",
        "estimated_accuracy_m": 600,
        "coordinate_source": "Approximate Delhi landmark/intersection/locality centre derived from the report place name",
        "coordinate_warning": "Not the Delhi Traffic Police geotag and not a surveyed crash location.",
        "coordinate_order": "[longitude, latitude]",
        "zone_radius_m": 250,
        "zone_diameter_m": 500,
        "geometry_representation": "approximate_250m_radius_zone",
        "buffer_warning": "The report defines crash-prone zones using a 500-metre diameter. This polygon is centred on an approximate location, not the unpublished police geotag."
      }
    },
    {
      "type": "Feature",
      "id": "crash-zone-near-haldiram-wazirpur-buffer-250m",
      "geometry": {
        "type": "Polygon",
        "coordinates": [
          [
            [
              77.16956029903754,
              28.699
            ],
            [
              77.16953839532435,
              28.69929313284275
            ],
            [
              77.16947305896339,
              28.699581250101293
            ],
            [
              77.16936540787789,
              28.699859422009446
            ],
            [
              77.1692172840078,
              28.70012288896874
            ],
            [
              77.16903122179359,
              28.700367142986458
            ],
            [
              77.16881040481131,
              28.70058800480863
            ],
            [
              77.16855861130078,
              28.70078169542825
            ],
            [
              77.16828014951878,
              28.700944900745117
            ],
            [
              77.16797978402357,
              28.701074828271004
            ],
            [
              77.16766265415208,
              28.70116925490992
            ],
            [
              77.16733418608432,
              28.7012265649959
            ],
            [
              77.167,
              28.70124577793748
            ],
            [
              77.16666581391569,
              28.7012265649959
            ],
            [
              77.16633734584792,
              28.70116925490992
            ],
            [
              77.16602021597643,
              28.701074828271004
            ],
            [
              77.16571985048122,
              28.700944900745117
            ],
            [
              77.16544138869922,
              28.70078169542825
            ],
            [
              77.16518959518869,
              28.70058800480863
            ],
            [
              77.16496877820641,
              28.700367142986458
            ],
            [
              77.1647827159922,
              28.70012288896874
            ],
            [
              77.16463459212211,
              28.699859422009446
            ],
            [
              77.16452694103661,
              28.699581250101293
            ],
            [
              77.16446160467565,
              28.69929313284275
            ],
            [
              77.16443970096246,
              28.699
            ],
            [
              77.16446160467565,
              28.698706867157252
            ],
            [
              77.16452694103661,
              28.69841874989871
            ],
            [
              77.16463459212211,
              28.698140577990557
            ],
            [
              77.1647827159922,
              28.697877111031264
            ],
            [
              77.16496877820641,
              28.697632857013545
            ],
            [
              77.16518959518869,
              28.697411995191374
            ],
            [
              77.16544138869922,
              28.697218304571752
            ],
            [
              77.16571985048122,
              28.697055099254886
            ],
            [
              77.16602021597643,
              28.696925171729
            ],
            [
              77.16633734584792,
              28.696830745090082
            ],
            [
              77.16666581391569,
              28.696773435004104
            ],
            [
              77.167,
              28.696754222062523
            ],
            [
              77.16733418608432,
              28.696773435004104
            ],
            [
              77.16766265415208,
              28.696830745090082
            ],
            [
              77.16797978402357,
              28.696925171729
            ],
            [
              77.16828014951878,
              28.697055099254886
            ],
            [
              77.16855861130078,
              28.697218304571752
            ],
            [
              77.16881040481131,
              28.697411995191374
            ],
            [
              77.16903122179359,
              28.697632857013545
            ],
            [
              77.1692172840078,
              28.697877111031264
            ],
            [
              77.16936540787789,
              28.698140577990557
            ],
            [
              77.16947305896339,
              28.69841874989871
            ],
            [
              77.16953839532435,
              28.698706867157252
            ],
            [
              77.16956029903754,
              28.699
            ]
          ]
        ]
      },
      "properties": {
        "feature_id": "crash-zone-near-haldiram-wazirpur",
        "location_name": "Near Haldiram Wazirpur",
        "road_name": "Ring Road",
        "listed_in_table_6_29": true,
        "table_6_29_rank": 81,
        "all_simple_crashes": 3,
        "all_fatal_crashes": 3,
        "all_total_crashes": 6,
        "pedestrian_crash_prone": false,
        "pedestrian_simple_crashes": null,
        "pedestrian_fatal_crashes": null,
        "pedestrian_total_crashes": null,
        "two_wheeler_crash_prone": false,
        "two_wheeler_simple_crashes": null,
        "two_wheeler_fatal_crashes": null,
        "two_wheeler_total_crashes": null,
        "htv_crash_prone": false,
        "htv_simple_crashes": null,
        "htv_fatal_crashes": null,
        "htv_total_crashes": null,
        "hit_and_run_crash_prone": false,
        "hit_and_run_simple_crashes": null,
        "hit_and_run_fatal_crashes": null,
        "hit_and_run_total_crashes": null,
        "day_time_crash_prone": false,
        "day_simple_crashes": null,
        "day_fatal_crashes": null,
        "day_total_crashes": null,
        "night_time_crash_prone": false,
        "night_simple_crashes": null,
        "night_fatal_crashes": null,
        "night_total_crashes": null,
        "blackspot_2024": false,
        "blackspot_rank": null,
        "blackspot_noninjury_crashes": null,
        "blackspot_simple_crashes": null,
        "blackspot_fatal_crashes": null,
        "blackspot_total_crashes": null,
        "blackspot_persons_killed": null,
        "blackspot_persons_injured": null,
        "cctv_priority_candidate": false,
        "cctv_priority_reason": null,
        "zone_radius_m_derived": 250,
        "geometry_status": "coordinates_not_published_in_report",
        "osm_search_query": "Near Haldiram Wazirpur, Ring Road, Delhi, India",
        "source": "Delhi Road Crash Report 2024, Delhi Traffic Police",
        "source_pdf_pages": [
          112,
          113,
          114,
          115
        ],
        "coordinate_is_approximate": true,
        "coordinate_method": "commercial_landmark_area",
        "coordinate_confidence": "medium",
        "estimated_accuracy_m": 500,
        "coordinate_source": "Approximate Delhi landmark/intersection/locality centre derived from the report place name",
        "coordinate_warning": "Not the Delhi Traffic Police geotag and not a surveyed crash location.",
        "coordinate_order": "[longitude, latitude]",
        "zone_radius_m": 250,
        "zone_diameter_m": 500,
        "geometry_representation": "approximate_250m_radius_zone",
        "buffer_warning": "The report defines crash-prone zones using a 500-metre diameter. This polygon is centred on an approximate location, not the unpublished police geotag."
      }
    },
    {
      "type": "Feature",
      "id": "crash-zone-raja-harishchander-hospital-buffer-250m",
      "geometry": {
        "type": "Polygon",
        "coordinates": [
          [
            [
              77.09856405660881,
              28.852
            ],
            [
              77.09854212074907,
              28.85229313284275
            ],
            [
              77.09847668849852,
              28.85258125010129
            ],
            [
              77.09836887942107,
              28.852859422009445
            ],
            [
              77.09822053815996,
              28.853122888968738
            ],
            [
              77.0980342028753,
              28.853367142986457
            ],
            [
              77.09781306181543,
              28.85358800480863
            ],
            [
              77.09756089876524,
              28.85378169542825
            ],
            [
              77.0972820283044,
              28.853944900745116
            ],
            [
              77.09698122198384,
              28.854074828271003
            ],
            [
              77.09666362668308,
              28.85416925490992
            ],
            [
              77.0963346765458,
              28.854226564995898
            ],
            [
              77.096,
              28.85424577793748
            ],
            [
              77.09566532345421,
              28.854226564995898
            ],
            [
              77.09533637331693,
              28.85416925490992
            ],
            [
              77.09501877801617,
              28.854074828271003
            ],
            [
              77.0947179716956,
              28.853944900745116
            ],
            [
              77.09443910123477,
              28.85378169542825
            ],
            [
              77.09418693818458,
              28.85358800480863
            ],
            [
              77.09396579712471,
              28.853367142986457
            ],
            [
              77.09377946184004,
              28.853122888968738
            ],
            [
              77.09363112057893,
              28.852859422009445
            ],
            [
              77.09352331150149,
              28.85258125010129
            ],
            [
              77.09345787925093,
              28.85229313284275
            ],
            [
              77.0934359433912,
              28.852
            ],
            [
              77.09345787925093,
              28.85170686715725
            ],
            [
              77.09352331150149,
              28.85141874989871
            ],
            [
              77.09363112057893,
              28.851140577990556
            ],
            [
              77.09377946184004,
              28.850877111031263
            ],
            [
              77.09396579712471,
              28.850632857013544
            ],
            [
              77.09418693818458,
              28.850411995191372
            ],
            [
              77.09443910123477,
              28.85021830457175
            ],
            [
              77.0947179716956,
              28.850055099254885
            ],
            [
              77.09501877801617,
              28.849925171728998
            ],
            [
              77.09533637331693,
              28.84983074509008
            ],
            [
              77.09566532345421,
              28.849773435004103
            ],
            [
              77.096,
              28.849754222062522
            ],
            [
              77.0963346765458,
              28.849773435004103
            ],
            [
              77.09666362668308,
              28.84983074509008
            ],
            [
              77.09698122198384,
              28.849925171728998
            ],
            [
              77.0972820283044,
              28.850055099254885
            ],
            [
              77.09756089876524,
              28.85021830457175
            ],
            [
              77.09781306181543,
              28.850411995191372
            ],
            [
              77.0980342028753,
              28.850632857013544
            ],
            [
              77.09822053815996,
              28.850877111031263
            ],
            [
              77.09836887942107,
              28.851140577990556
            ],
            [
              77.09847668849852,
              28.85141874989871
            ],
            [
              77.09854212074907,
              28.85170686715725
            ],
            [
              77.09856405660881,
              28.852
            ]
          ]
        ]
      },
      "properties": {
        "feature_id": "crash-zone-raja-harishchander-hospital",
        "location_name": "Raja Harishchander Hospital",
        "road_name": "DSIDC Narela Road",
        "listed_in_table_6_29": true,
        "table_6_29_rank": 82,
        "all_simple_crashes": 3,
        "all_fatal_crashes": 3,
        "all_total_crashes": 6,
        "pedestrian_crash_prone": false,
        "pedestrian_simple_crashes": null,
        "pedestrian_fatal_crashes": null,
        "pedestrian_total_crashes": null,
        "two_wheeler_crash_prone": false,
        "two_wheeler_simple_crashes": null,
        "two_wheeler_fatal_crashes": null,
        "two_wheeler_total_crashes": null,
        "htv_crash_prone": false,
        "htv_simple_crashes": null,
        "htv_fatal_crashes": null,
        "htv_total_crashes": null,
        "hit_and_run_crash_prone": false,
        "hit_and_run_simple_crashes": null,
        "hit_and_run_fatal_crashes": null,
        "hit_and_run_total_crashes": null,
        "day_time_crash_prone": false,
        "day_simple_crashes": null,
        "day_fatal_crashes": null,
        "day_total_crashes": null,
        "night_time_crash_prone": false,
        "night_simple_crashes": null,
        "night_fatal_crashes": null,
        "night_total_crashes": null,
        "blackspot_2024": false,
        "blackspot_rank": null,
        "blackspot_noninjury_crashes": null,
        "blackspot_simple_crashes": null,
        "blackspot_fatal_crashes": null,
        "blackspot_total_crashes": null,
        "blackspot_persons_killed": null,
        "blackspot_persons_injured": null,
        "cctv_priority_candidate": false,
        "cctv_priority_reason": null,
        "zone_radius_m_derived": 250,
        "geometry_status": "coordinates_not_published_in_report",
        "osm_search_query": "Raja Harishchander Hospital, DSIDC Narela Road, Delhi, India",
        "source": "Delhi Road Crash Report 2024, Delhi Traffic Police",
        "source_pdf_pages": [
          112,
          113,
          114,
          115
        ],
        "coordinate_is_approximate": true,
        "coordinate_method": "hospital_centre",
        "coordinate_confidence": "high",
        "estimated_accuracy_m": 300,
        "coordinate_source": "Approximate Delhi landmark/intersection/locality centre derived from the report place name",
        "coordinate_warning": "Not the Delhi Traffic Police geotag and not a surveyed crash location.",
        "coordinate_order": "[longitude, latitude]",
        "zone_radius_m": 250,
        "zone_diameter_m": 500,
        "geometry_representation": "approximate_250m_radius_zone",
        "buffer_warning": "The report defines crash-prone zones using a 500-metre diameter. This polygon is centred on an approximate location, not the unpublished police geotag."
      }
    },
    {
      "type": "Feature",
      "id": "crash-zone-shalimar-bagh-buffer-250m",
      "geometry": {
        "type": "Polygon",
        "coordinates": [
          [
            [
              77.15956071510013,
              28.716
            ],
            [
              77.15953880782746,
              28.71629313284275
            ],
            [
              77.15947346084897,
              28.716581250101292
            ],
            [
              77.1593657922696,
              28.716859422009446
            ],
            [
              77.15921764432856,
              28.71712288896874
            ],
            [
              77.15903155187821,
              28.717367142986458
            ],
            [
              77.15881069901198,
              28.71758800480863
            ],
            [
              77.15855886458364,
              28.71778169542825
            ],
            [
              77.15828035755005,
              28.717944900745117
            ],
            [
              77.15797994324382,
              28.718074828271003
            ],
            [
              77.15766276183699,
              28.71816925490992
            ],
            [
              77.15733424039138,
              28.7182265649959
            ],
            [
              77.157,
              28.71824577793748
            ],
            [
              77.15666575960861,
              28.7182265649959
            ],
            [
              77.156337238163,
              28.71816925490992
            ],
            [
              77.15602005675618,
              28.718074828271003
            ],
            [
              77.15571964244994,
              28.717944900745117
            ],
            [
              77.15544113541635,
              28.71778169542825
            ],
            [
              77.15518930098801,
              28.71758800480863
            ],
            [
              77.15496844812178,
              28.717367142986458
            ],
            [
              77.15478235567143,
              28.71712288896874
            ],
            [
              77.1546342077304,
              28.716859422009446
            ],
            [
              77.15452653915102,
              28.716581250101292
            ],
            [
              77.15446119217253,
              28.71629313284275
            ],
            [
              77.15443928489987,
              28.716
            ],
            [
              77.15446119217253,
              28.71570686715725
            ],
            [
              77.15452653915102,
              28.71541874989871
            ],
            [
              77.1546342077304,
              28.715140577990557
            ],
            [
              77.15478235567143,
              28.714877111031264
            ],
            [
              77.15496844812178,
              28.714632857013545
            ],
            [
              77.15518930098801,
              28.714411995191373
            ],
            [
              77.15544113541635,
              28.71421830457175
            ],
            [
              77.15571964244994,
              28.714055099254885
            ],
            [
              77.15602005675618,
              28.713925171729
            ],
            [
              77.156337238163,
              28.713830745090082
            ],
            [
              77.15666575960861,
              28.713773435004104
            ],
            [
              77.157,
              28.713754222062523
            ],
            [
              77.15733424039138,
              28.713773435004104
            ],
            [
              77.15766276183699,
              28.713830745090082
            ],
            [
              77.15797994324382,
              28.713925171729
            ],
            [
              77.15828035755005,
              28.714055099254885
            ],
            [
              77.15855886458364,
              28.71421830457175
            ],
            [
              77.15881069901198,
              28.714411995191373
            ],
            [
              77.15903155187821,
              28.714632857013545
            ],
            [
              77.15921764432856,
              28.714877111031264
            ],
            [
              77.1593657922696,
              28.715140577990557
            ],
            [
              77.15947346084897,
              28.71541874989871
            ],
            [
              77.15953880782746,
              28.71570686715725
            ],
            [
              77.15956071510013,
              28.716
            ]
          ]
        ]
      },
      "properties": {
        "feature_id": "crash-zone-shalimar-bagh",
        "location_name": "Shalimar Bagh",
        "road_name": "Ring Road",
        "listed_in_table_6_29": true,
        "table_6_29_rank": 83,
        "all_simple_crashes": 3,
        "all_fatal_crashes": 3,
        "all_total_crashes": 6,
        "pedestrian_crash_prone": false,
        "pedestrian_simple_crashes": null,
        "pedestrian_fatal_crashes": null,
        "pedestrian_total_crashes": null,
        "two_wheeler_crash_prone": true,
        "two_wheeler_simple_crashes": 3,
        "two_wheeler_fatal_crashes": 3,
        "two_wheeler_total_crashes": 6,
        "htv_crash_prone": false,
        "htv_simple_crashes": null,
        "htv_fatal_crashes": null,
        "htv_total_crashes": null,
        "hit_and_run_crash_prone": false,
        "hit_and_run_simple_crashes": null,
        "hit_and_run_fatal_crashes": null,
        "hit_and_run_total_crashes": null,
        "day_time_crash_prone": false,
        "day_simple_crashes": null,
        "day_fatal_crashes": null,
        "day_total_crashes": null,
        "night_time_crash_prone": false,
        "night_simple_crashes": null,
        "night_fatal_crashes": null,
        "night_total_crashes": null,
        "blackspot_2024": false,
        "blackspot_rank": null,
        "blackspot_noninjury_crashes": null,
        "blackspot_simple_crashes": null,
        "blackspot_fatal_crashes": null,
        "blackspot_total_crashes": null,
        "blackspot_persons_killed": null,
        "blackspot_persons_injured": null,
        "cctv_priority_candidate": false,
        "cctv_priority_reason": null,
        "zone_radius_m_derived": 250,
        "geometry_status": "coordinates_not_published_in_report",
        "osm_search_query": "Shalimar Bagh, Ring Road, Delhi, India",
        "source": "Delhi Road Crash Report 2024, Delhi Traffic Police",
        "source_pdf_pages": [
          112,
          113,
          114,
          115,
          122
        ],
        "coordinate_is_approximate": true,
        "coordinate_method": "locality_centre",
        "coordinate_confidence": "medium",
        "estimated_accuracy_m": 800,
        "coordinate_source": "Approximate Delhi landmark/intersection/locality centre derived from the report place name",
        "coordinate_warning": "Not the Delhi Traffic Police geotag and not a surveyed crash location.",
        "coordinate_order": "[longitude, latitude]",
        "zone_radius_m": 250,
        "zone_diameter_m": 500,
        "geometry_representation": "approximate_250m_radius_zone",
        "buffer_warning": "The report defines crash-prone zones using a 500-metre diameter. This polygon is centred on an approximate location, not the unpublished police geotag."
      }
    },
    {
      "type": "Feature",
      "id": "crash-zone-round-about-bhairaon-enclave-buffer-250m",
      "geometry": {
        "type": "Polygon",
        "coordinates": [
          [
            [
              77.08955968783563,
              28.674
            ],
            [
              77.08953778935135,
              28.67429313284275
            ],
            [
              77.08947246858767,
              28.67458125010129
            ],
            [
              77.08936484320095,
              28.674859422009444
            ],
            [
              77.08921675469142,
              28.675122888968737
            ],
            [
              77.0890307368945,
              28.675367142986456
            ],
            [
              77.0888099726263,
              28.675588004808628
            ],
            [
              77.08855823922464,
              28.67578169542825
            ],
            [
              77.08827984391782,
              28.675944900745115
            ],
            [
              77.08797955012672,
              28.676074828271002
            ],
            [
              77.08766249596138,
              28.67616925490992
            ],
            [
              77.08733410630646,
              28.676226564995897
            ],
            [
              77.087,
              28.676245777937478
            ],
            [
              77.08666589369355,
              28.676226564995897
            ],
            [
              77.08633750403862,
              28.67616925490992
            ],
            [
              77.08602044987329,
              28.676074828271002
            ],
            [
              77.08572015608219,
              28.675944900745115
            ],
            [
              77.08544176077537,
              28.67578169542825
            ],
            [
              77.08519002737371,
              28.675588004808628
            ],
            [
              77.0849692631055,
              28.675367142986456
            ],
            [
              77.08478324530859,
              28.675122888968737
            ],
            [
              77.08463515679905,
              28.674859422009444
            ],
            [
              77.08452753141233,
              28.67458125010129
            ],
            [
              77.08446221064865,
              28.67429313284275
            ],
            [
              77.08444031216438,
              28.674
            ],
            [
              77.08446221064865,
              28.67370686715725
            ],
            [
              77.08452753141233,
              28.67341874989871
            ],
            [
              77.08463515679905,
              28.673140577990555
            ],
            [
              77.08478324530859,
              28.672877111031262
            ],
            [
              77.0849692631055,
              28.672632857013543
            ],
            [
              77.08519002737371,
              28.67241199519137
            ],
            [
              77.08544176077537,
              28.67221830457175
            ],
            [
              77.08572015608219,
              28.672055099254884
            ],
            [
              77.08602044987329,
              28.671925171728997
            ],
            [
              77.08633750403862,
              28.67183074509008
            ],
            [
              77.08666589369355,
              28.671773435004102
            ],
            [
              77.087,
              28.67175422206252
            ],
            [
              77.08733410630646,
              28.671773435004102
            ],
            [
              77.08766249596138,
              28.67183074509008
            ],
            [
              77.08797955012672,
              28.671925171728997
            ],
            [
              77.08827984391782,
              28.672055099254884
            ],
            [
              77.08855823922464,
              28.67221830457175
            ],
            [
              77.0888099726263,
              28.67241199519137
            ],
            [
              77.0890307368945,
              28.672632857013543
            ],
            [
              77.08921675469142,
              28.672877111031262
            ],
            [
              77.08936484320095,
              28.673140577990555
            ],
            [
              77.08947246858767,
              28.67341874989871
            ],
            [
              77.08953778935135,
              28.67370686715725
            ],
            [
              77.08955968783563,
              28.674
            ]
          ]
        ]
      },
      "properties": {
        "feature_id": "crash-zone-round-about-bhairaon-enclave",
        "location_name": "Round About Bhairaon Enclave",
        "road_name": "Outer Ring Road",
        "listed_in_table_6_29": true,
        "table_6_29_rank": 84,
        "all_simple_crashes": 3,
        "all_fatal_crashes": 3,
        "all_total_crashes": 6,
        "pedestrian_crash_prone": false,
        "pedestrian_simple_crashes": null,
        "pedestrian_fatal_crashes": null,
        "pedestrian_total_crashes": null,
        "two_wheeler_crash_prone": false,
        "two_wheeler_simple_crashes": null,
        "two_wheeler_fatal_crashes": null,
        "two_wheeler_total_crashes": null,
        "htv_crash_prone": false,
        "htv_simple_crashes": null,
        "htv_fatal_crashes": null,
        "htv_total_crashes": null,
        "hit_and_run_crash_prone": false,
        "hit_and_run_simple_crashes": null,
        "hit_and_run_fatal_crashes": null,
        "hit_and_run_total_crashes": null,
        "day_time_crash_prone": false,
        "day_simple_crashes": null,
        "day_fatal_crashes": null,
        "day_total_crashes": null,
        "night_time_crash_prone": false,
        "night_simple_crashes": null,
        "night_fatal_crashes": null,
        "night_total_crashes": null,
        "blackspot_2024": false,
        "blackspot_rank": null,
        "blackspot_noninjury_crashes": null,
        "blackspot_simple_crashes": null,
        "blackspot_fatal_crashes": null,
        "blackspot_total_crashes": null,
        "blackspot_persons_killed": null,
        "blackspot_persons_injured": null,
        "cctv_priority_candidate": false,
        "cctv_priority_reason": null,
        "zone_radius_m_derived": 250,
        "geometry_status": "coordinates_not_published_in_report",
        "osm_search_query": "Round About Bhairaon Enclave, Outer Ring Road, Delhi, India",
        "source": "Delhi Road Crash Report 2024, Delhi Traffic Police",
        "source_pdf_pages": [
          112,
          113,
          114,
          115
        ],
        "coordinate_is_approximate": true,
        "coordinate_method": "roundabout_area_centre",
        "coordinate_confidence": "medium",
        "estimated_accuracy_m": 650,
        "coordinate_source": "Approximate Delhi landmark/intersection/locality centre derived from the report place name",
        "coordinate_warning": "Not the Delhi Traffic Police geotag and not a surveyed crash location.",
        "coordinate_order": "[longitude, latitude]",
        "zone_radius_m": 250,
        "zone_diameter_m": 500,
        "geometry_representation": "approximate_250m_radius_zone",
        "buffer_warning": "The report defines crash-prone zones using a 500-metre diameter. This polygon is centred on an approximate location, not the unpublished police geotag."
      }
    },
    {
      "type": "Feature",
      "id": "crash-zone-jeewan-mala-hospital-buffer-250m",
      "geometry": {
        "type": "Polygon",
        "coordinates": [
          [
            [
              77.19255932148837,
              28.659
            ],
            [
              77.19253742613824,
              28.65929313284275
            ],
            [
              77.1924721147234,
              28.65958125010129
            ],
            [
              77.19236450474023,
              28.659859422009443
            ],
            [
              77.19221643742539,
              28.660122888968736
            ],
            [
              77.19203044625168,
              28.660367142986455
            ],
            [
              77.19180971357966,
              28.660588004808627
            ],
            [
              77.19155801620656,
              28.66078169542825
            ],
            [
              77.19127966074419,
              28.660944900745115
            ],
            [
              77.1909794099317,
              28.661074828271
            ],
            [
              77.19066240114373,
              28.661169254909918
            ],
            [
              77.19033405848855,
              28.661226564995896
            ],
            [
              77.19,
              28.661245777937477
            ],
            [
              77.18966594151145,
              28.661226564995896
            ],
            [
              77.18933759885627,
              28.661169254909918
            ],
            [
              77.1890205900683,
              28.661074828271
            ],
            [
              77.18872033925581,
              28.660944900745115
            ],
            [
              77.18844198379344,
              28.66078169542825
            ],
            [
              77.18819028642034,
              28.660588004808627
            ],
            [
              77.18796955374832,
              28.660367142986455
            ],
            [
              77.18778356257461,
              28.660122888968736
            ],
            [
              77.18763549525977,
              28.659859422009443
            ],
            [
              77.1875278852766,
              28.65958125010129
            ],
            [
              77.18746257386175,
              28.65929313284275
            ],
            [
              77.18744067851162,
              28.659
            ],
            [
              77.18746257386175,
              28.65870686715725
            ],
            [
              77.1875278852766,
              28.658418749898708
            ],
            [
              77.18763549525977,
              28.658140577990554
            ],
            [
              77.18778356257461,
              28.65787711103126
            ],
            [
              77.18796955374832,
              28.657632857013542
            ],
            [
              77.18819028642034,
              28.65741199519137
            ],
            [
              77.18844198379344,
              28.65721830457175
            ],
            [
              77.18872033925581,
              28.657055099254883
            ],
            [
              77.1890205900683,
              28.656925171728997
            ],
            [
              77.18933759885627,
              28.65683074509008
            ],
            [
              77.18966594151145,
              28.6567734350041
            ],
            [
              77.19,
              28.65675422206252
            ],
            [
              77.19033405848855,
              28.6567734350041
            ],
            [
              77.19066240114373,
              28.65683074509008
            ],
            [
              77.1909794099317,
              28.656925171728997
            ],
            [
              77.19127966074419,
              28.657055099254883
            ],
            [
              77.19155801620656,
              28.65721830457175
            ],
            [
              77.19180971357966,
              28.65741199519137
            ],
            [
              77.19203044625168,
              28.657632857013542
            ],
            [
              77.19221643742539,
              28.65787711103126
            ],
            [
              77.19236450474023,
              28.658140577990554
            ],
            [
              77.1924721147234,
              28.658418749898708
            ],
            [
              77.19253742613824,
              28.65870686715725
            ],
            [
              77.19255932148837,
              28.659
            ]
          ]
        ]
      },
      "properties": {
        "feature_id": "crash-zone-jeewan-mala-hospital",
        "location_name": "Jeewan Mala Hospital",
        "road_name": "New Rohtak Road",
        "listed_in_table_6_29": true,
        "table_6_29_rank": 85,
        "all_simple_crashes": 2,
        "all_fatal_crashes": 3,
        "all_total_crashes": 5,
        "pedestrian_crash_prone": false,
        "pedestrian_simple_crashes": null,
        "pedestrian_fatal_crashes": null,
        "pedestrian_total_crashes": null,
        "two_wheeler_crash_prone": false,
        "two_wheeler_simple_crashes": null,
        "two_wheeler_fatal_crashes": null,
        "two_wheeler_total_crashes": null,
        "htv_crash_prone": false,
        "htv_simple_crashes": null,
        "htv_fatal_crashes": null,
        "htv_total_crashes": null,
        "hit_and_run_crash_prone": false,
        "hit_and_run_simple_crashes": null,
        "hit_and_run_fatal_crashes": null,
        "hit_and_run_total_crashes": null,
        "day_time_crash_prone": false,
        "day_simple_crashes": null,
        "day_fatal_crashes": null,
        "day_total_crashes": null,
        "night_time_crash_prone": false,
        "night_simple_crashes": null,
        "night_fatal_crashes": null,
        "night_total_crashes": null,
        "blackspot_2024": false,
        "blackspot_rank": null,
        "blackspot_noninjury_crashes": null,
        "blackspot_simple_crashes": null,
        "blackspot_fatal_crashes": null,
        "blackspot_total_crashes": null,
        "blackspot_persons_killed": null,
        "blackspot_persons_injured": null,
        "cctv_priority_candidate": false,
        "cctv_priority_reason": null,
        "zone_radius_m_derived": 250,
        "geometry_status": "coordinates_not_published_in_report",
        "osm_search_query": "Jeewan Mala Hospital, New Rohtak Road, Delhi, India",
        "source": "Delhi Road Crash Report 2024, Delhi Traffic Police",
        "source_pdf_pages": [
          112,
          113,
          114,
          115
        ],
        "coordinate_is_approximate": true,
        "coordinate_method": "hospital_area_centre",
        "coordinate_confidence": "medium",
        "estimated_accuracy_m": 600,
        "coordinate_source": "Approximate Delhi landmark/intersection/locality centre derived from the report place name",
        "coordinate_warning": "Not the Delhi Traffic Police geotag and not a surveyed crash location.",
        "coordinate_order": "[longitude, latitude]",
        "zone_radius_m": 250,
        "zone_diameter_m": 500,
        "geometry_representation": "approximate_250m_radius_zone",
        "buffer_warning": "The report defines crash-prone zones using a 500-metre diameter. This polygon is centred on an approximate location, not the unpublished police geotag."
      }
    },
    {
      "type": "Feature",
      "id": "crash-zone-tughlaqabad-village-red-light-buffer-250m",
      "geometry": {
        "type": "Polygon",
        "coordinates": [
          [
            [
              77.27855572185706,
              28.511
            ],
            [
              77.27853385730229,
              28.51129313284275
            ],
            [
              77.27846863774656,
              28.51158125010129
            ],
            [
              77.27836117911453,
              28.511859422009444
            ],
            [
              77.27821332005323,
              28.512122888968737
            ],
            [
              77.27802759047215,
              28.512367142986456
            ],
            [
              77.27780716825596,
              28.512588004808627
            ],
            [
              77.27755582488986,
              28.51278169542825
            ],
            [
              77.27727786092854,
              28.512944900745115
            ],
            [
              77.27697803241243,
              28.513074828271
            ],
            [
              77.27666146949059,
              28.51316925490992
            ],
            [
              77.27633358864237,
              28.513226564995897
            ],
            [
              77.276,
              28.513245777937477
            ],
            [
              77.27566641135762,
              28.513226564995897
            ],
            [
              77.2753385305094,
              28.51316925490992
            ],
            [
              77.27502196758756,
              28.513074828271
            ],
            [
              77.27472213907146,
              28.512944900745115
            ],
            [
              77.27444417511013,
              28.51278169542825
            ],
            [
              77.27419283174403,
              28.512588004808627
            ],
            [
              77.27397240952784,
              28.512367142986456
            ],
            [
              77.27378667994677,
              28.512122888968737
            ],
            [
              77.27363882088547,
              28.511859422009444
            ],
            [
              77.27353136225344,
              28.51158125010129
            ],
            [
              77.2734661426977,
              28.51129313284275
            ],
            [
              77.27344427814293,
              28.511
            ],
            [
              77.2734661426977,
              28.51070686715725
            ],
            [
              77.27353136225344,
              28.510418749898708
            ],
            [
              77.27363882088547,
              28.510140577990555
            ],
            [
              77.27378667994677,
              28.509877111031262
            ],
            [
              77.27397240952784,
              28.509632857013543
            ],
            [
              77.27419283174403,
              28.50941199519137
            ],
            [
              77.27444417511013,
              28.50921830457175
            ],
            [
              77.27472213907146,
              28.509055099254883
            ],
            [
              77.27502196758756,
              28.508925171728997
            ],
            [
              77.2753385305094,
              28.50883074509008
            ],
            [
              77.27566641135762,
              28.5087734350041
            ],
            [
              77.276,
              28.50875422206252
            ],
            [
              77.27633358864237,
              28.5087734350041
            ],
            [
              77.27666146949059,
              28.50883074509008
            ],
            [
              77.27697803241243,
              28.508925171728997
            ],
            [
              77.27727786092854,
              28.509055099254883
            ],
            [
              77.27755582488986,
              28.50921830457175
            ],
            [
              77.27780716825596,
              28.50941199519137
            ],
            [
              77.27802759047215,
              28.509632857013543
            ],
            [
              77.27821332005323,
              28.509877111031262
            ],
            [
              77.27836117911453,
              28.510140577990555
            ],
            [
              77.27846863774656,
              28.510418749898708
            ],
            [
              77.27853385730229,
              28.51070686715725
            ],
            [
              77.27855572185706,
              28.511
            ]
          ]
        ]
      },
      "properties": {
        "feature_id": "crash-zone-tughlaqabad-village-red-light",
        "location_name": "Tughlaqabad Village Red Light",
        "road_name": "Mehrauli Badarpur Road",
        "listed_in_table_6_29": true,
        "table_6_29_rank": 86,
        "all_simple_crashes": 2,
        "all_fatal_crashes": 3,
        "all_total_crashes": 5,
        "pedestrian_crash_prone": false,
        "pedestrian_simple_crashes": null,
        "pedestrian_fatal_crashes": null,
        "pedestrian_total_crashes": null,
        "two_wheeler_crash_prone": false,
        "two_wheeler_simple_crashes": null,
        "two_wheeler_fatal_crashes": null,
        "two_wheeler_total_crashes": null,
        "htv_crash_prone": false,
        "htv_simple_crashes": null,
        "htv_fatal_crashes": null,
        "htv_total_crashes": null,
        "hit_and_run_crash_prone": false,
        "hit_and_run_simple_crashes": null,
        "hit_and_run_fatal_crashes": null,
        "hit_and_run_total_crashes": null,
        "day_time_crash_prone": false,
        "day_simple_crashes": null,
        "day_fatal_crashes": null,
        "day_total_crashes": null,
        "night_time_crash_prone": false,
        "night_simple_crashes": null,
        "night_fatal_crashes": null,
        "night_total_crashes": null,
        "blackspot_2024": false,
        "blackspot_rank": null,
        "blackspot_noninjury_crashes": null,
        "blackspot_simple_crashes": null,
        "blackspot_fatal_crashes": null,
        "blackspot_total_crashes": null,
        "blackspot_persons_killed": null,
        "blackspot_persons_injured": null,
        "cctv_priority_candidate": false,
        "cctv_priority_reason": null,
        "zone_radius_m_derived": 250,
        "geometry_status": "coordinates_not_published_in_report",
        "osm_search_query": "Tughlaqabad Village Red Light, Mehrauli Badarpur Road, Delhi, India",
        "source": "Delhi Road Crash Report 2024, Delhi Traffic Police",
        "source_pdf_pages": [
          112,
          113,
          114,
          115
        ],
        "coordinate_is_approximate": true,
        "coordinate_method": "intersection_centre",
        "coordinate_confidence": "medium",
        "estimated_accuracy_m": 650,
        "coordinate_source": "Approximate Delhi landmark/intersection/locality centre derived from the report place name",
        "coordinate_warning": "Not the Delhi Traffic Police geotag and not a surveyed crash location.",
        "coordinate_order": "[longitude, latitude]",
        "zone_radius_m": 250,
        "zone_diameter_m": 500,
        "geometry_representation": "approximate_250m_radius_zone",
        "buffer_warning": "The report defines crash-prone zones using a 500-metre diameter. This polygon is centred on an approximate location, not the unpublished police geotag."
      }
    },
    {
      "type": "Feature",
      "id": "crash-zone-khel-gaon-buffer-250m",
      "geometry": {
        "type": "Polygon",
        "coordinates": [
          [
            [
              77.27455815105935,
              28.611
            ],
            [
              77.27453626572242,
              28.61129313284275
            ],
            [
              77.27447098417578,
              28.611581250101292
            ],
            [
              77.27436342340481,
              28.611859422009445
            ],
            [
              77.27421542380412,
              28.612122888968738
            ],
            [
              77.27402951768791,
              28.612367142986457
            ],
            [
              77.27380888596137,
              28.61258800480863
            ],
            [
              77.27355730369452,
              28.61278169542825
            ],
            [
              77.27327907552967,
              28.612944900745116
            ],
            [
              77.2729789620279,
              28.613074828271003
            ],
            [
              77.27266209821441,
              28.61316925490992
            ],
            [
              77.2723339057169,
              28.613226564995898
            ],
            [
              77.272,
              28.61324577793748
            ],
            [
              77.2716660942831,
              28.613226564995898
            ],
            [
              77.2713379017856,
              28.61316925490992
            ],
            [
              77.2710210379721,
              28.613074828271003
            ],
            [
              77.27072092447034,
              28.612944900745116
            ],
            [
              77.2704426963055,
              28.61278169542825
            ],
            [
              77.27019111403864,
              28.61258800480863
            ],
            [
              77.2699704823121,
              28.612367142986457
            ],
            [
              77.26978457619589,
              28.612122888968738
            ],
            [
              77.2696365765952,
              28.611859422009445
            ],
            [
              77.26952901582423,
              28.611581250101292
            ],
            [
              77.2694637342776,
              28.61129313284275
            ],
            [
              77.26944184894066,
              28.611
            ],
            [
              77.2694637342776,
              28.61070686715725
            ],
            [
              77.26952901582423,
              28.61041874989871
            ],
            [
              77.2696365765952,
              28.610140577990556
            ],
            [
              77.26978457619589,
              28.609877111031263
            ],
            [
              77.2699704823121,
              28.609632857013544
            ],
            [
              77.27019111403864,
              28.609411995191373
            ],
            [
              77.2704426963055,
              28.60921830457175
            ],
            [
              77.27072092447034,
              28.609055099254885
            ],
            [
              77.2710210379721,
              28.608925171729
            ],
            [
              77.2713379017856,
              28.60883074509008
            ],
            [
              77.2716660942831,
              28.608773435004103
            ],
            [
              77.272,
              28.608754222062522
            ],
            [
              77.2723339057169,
              28.608773435004103
            ],
            [
              77.27266209821441,
              28.60883074509008
            ],
            [
              77.2729789620279,
              28.608925171729
            ],
            [
              77.27327907552967,
              28.609055099254885
            ],
            [
              77.27355730369452,
              28.60921830457175
            ],
            [
              77.27380888596137,
              28.609411995191373
            ],
            [
              77.27402951768791,
              28.609632857013544
            ],
            [
              77.27421542380412,
              28.609877111031263
            ],
            [
              77.27436342340481,
              28.610140577990556
            ],
            [
              77.27447098417578,
              28.61041874989871
            ],
            [
              77.27453626572242,
              28.61070686715725
            ],
            [
              77.27455815105935,
              28.611
            ]
          ]
        ]
      },
      "properties": {
        "feature_id": "crash-zone-khel-gaon",
        "location_name": "Khel Gaon",
        "road_name": "NH-24",
        "listed_in_table_6_29": true,
        "table_6_29_rank": 87,
        "all_simple_crashes": 2,
        "all_fatal_crashes": 3,
        "all_total_crashes": 5,
        "pedestrian_crash_prone": false,
        "pedestrian_simple_crashes": null,
        "pedestrian_fatal_crashes": null,
        "pedestrian_total_crashes": null,
        "two_wheeler_crash_prone": false,
        "two_wheeler_simple_crashes": null,
        "two_wheeler_fatal_crashes": null,
        "two_wheeler_total_crashes": null,
        "htv_crash_prone": false,
        "htv_simple_crashes": null,
        "htv_fatal_crashes": null,
        "htv_total_crashes": null,
        "hit_and_run_crash_prone": false,
        "hit_and_run_simple_crashes": null,
        "hit_and_run_fatal_crashes": null,
        "hit_and_run_total_crashes": null,
        "day_time_crash_prone": false,
        "day_simple_crashes": null,
        "day_fatal_crashes": null,
        "day_total_crashes": null,
        "night_time_crash_prone": false,
        "night_simple_crashes": null,
        "night_fatal_crashes": null,
        "night_total_crashes": null,
        "blackspot_2024": false,
        "blackspot_rank": null,
        "blackspot_noninjury_crashes": null,
        "blackspot_simple_crashes": null,
        "blackspot_fatal_crashes": null,
        "blackspot_total_crashes": null,
        "blackspot_persons_killed": null,
        "blackspot_persons_injured": null,
        "cctv_priority_candidate": false,
        "cctv_priority_reason": null,
        "zone_radius_m_derived": 250,
        "geometry_status": "coordinates_not_published_in_report",
        "osm_search_query": "Khel Gaon, NH-24, Delhi, India",
        "source": "Delhi Road Crash Report 2024, Delhi Traffic Police",
        "source_pdf_pages": [
          112,
          113,
          114,
          115
        ],
        "coordinate_is_approximate": true,
        "coordinate_method": "landmark_area_centre",
        "coordinate_confidence": "medium",
        "estimated_accuracy_m": 600,
        "coordinate_source": "Approximate Delhi landmark/intersection/locality centre derived from the report place name",
        "coordinate_warning": "Not the Delhi Traffic Police geotag and not a surveyed crash location.",
        "coordinate_order": "[longitude, latitude]",
        "zone_radius_m": 250,
        "zone_diameter_m": 500,
        "geometry_representation": "approximate_250m_radius_zone",
        "buffer_warning": "The report defines crash-prone zones using a 500-metre diameter. This polygon is centred on an approximate location, not the unpublished police geotag."
      }
    },
    {
      "type": "Feature",
      "id": "crash-zone-near-kv-school-naraina-buffer-250m",
      "geometry": {
        "type": "Polygon",
        "coordinates": [
          [
            [
              77.14005860182273,
              28.6295
            ],
            [
              77.14003671262944,
              28.62979313284275
            ],
            [
              77.13997141957977,
              28.63008125010129
            ],
            [
              77.13986383985586,
              28.630359422009445
            ],
            [
              77.13971581417665,
              28.630622888968738
            ],
            [
              77.13952987530253,
              28.630867142986457
            ],
            [
              77.1393092046992,
              28.63108800480863
            ],
            [
              77.13905757810187,
              28.63128169542825
            ],
            [
              77.13877930091137,
              28.631444900745116
            ],
            [
              77.13847913452757,
              28.631574828271003
            ],
            [
              77.13816221488055,
              28.63166925490992
            ],
            [
              77.13783396455332,
              28.631726564995898
            ],
            [
              77.1375,
              28.63174577793748
            ],
            [
              77.13716603544668,
              28.631726564995898
            ],
            [
              77.13683778511945,
              28.63166925490992
            ],
            [
              77.13652086547243,
              28.631574828271003
            ],
            [
              77.13622069908864,
              28.631444900745116
            ],
            [
              77.13594242189814,
              28.63128169542825
            ],
            [
              77.1356907953008,
              28.63108800480863
            ],
            [
              77.13547012469748,
              28.630867142986457
            ],
            [
              77.13528418582335,
              28.630622888968738
            ],
            [
              77.13513616014414,
              28.630359422009445
            ],
            [
              77.13502858042024,
              28.63008125010129
            ],
            [
              77.13496328737057,
              28.62979313284275
            ],
            [
              77.13494139817728,
              28.6295
            ],
            [
              77.13496328737057,
              28.62920686715725
            ],
            [
              77.13502858042024,
              28.62891874989871
            ],
            [
              77.13513616014414,
              28.628640577990556
            ],
            [
              77.13528418582335,
              28.628377111031263
            ],
            [
              77.13547012469748,
              28.628132857013544
            ],
            [
              77.1356907953008,
              28.627911995191372
            ],
            [
              77.13594242189814,
              28.62771830457175
            ],
            [
              77.13622069908864,
              28.627555099254884
            ],
            [
              77.13652086547243,
              28.627425171728998
            ],
            [
              77.13683778511945,
              28.62733074509008
            ],
            [
              77.13716603544668,
              28.627273435004103
            ],
            [
              77.1375,
              28.627254222062522
            ],
            [
              77.13783396455332,
              28.627273435004103
            ],
            [
              77.13816221488055,
              28.62733074509008
            ],
            [
              77.13847913452757,
              28.627425171728998
            ],
            [
              77.13877930091137,
              28.627555099254884
            ],
            [
              77.13905757810187,
              28.62771830457175
            ],
            [
              77.1393092046992,
              28.627911995191372
            ],
            [
              77.13952987530253,
              28.628132857013544
            ],
            [
              77.13971581417665,
              28.628377111031263
            ],
            [
              77.13986383985586,
              28.628640577990556
            ],
            [
              77.13997141957977,
              28.62891874989871
            ],
            [
              77.14003671262944,
              28.62920686715725
            ],
            [
              77.14005860182273,
              28.6295
            ]
          ]
        ]
      },
      "properties": {
        "feature_id": "crash-zone-near-kv-school-naraina",
        "location_name": "Near KV School Naraina",
        "road_name": "Ring Road",
        "listed_in_table_6_29": true,
        "table_6_29_rank": 88,
        "all_simple_crashes": 2,
        "all_fatal_crashes": 3,
        "all_total_crashes": 5,
        "pedestrian_crash_prone": false,
        "pedestrian_simple_crashes": null,
        "pedestrian_fatal_crashes": null,
        "pedestrian_total_crashes": null,
        "two_wheeler_crash_prone": true,
        "two_wheeler_simple_crashes": 1,
        "two_wheeler_fatal_crashes": 3,
        "two_wheeler_total_crashes": 4,
        "htv_crash_prone": false,
        "htv_simple_crashes": null,
        "htv_fatal_crashes": null,
        "htv_total_crashes": null,
        "hit_and_run_crash_prone": false,
        "hit_and_run_simple_crashes": null,
        "hit_and_run_fatal_crashes": null,
        "hit_and_run_total_crashes": null,
        "day_time_crash_prone": false,
        "day_simple_crashes": null,
        "day_fatal_crashes": null,
        "day_total_crashes": null,
        "night_time_crash_prone": false,
        "night_simple_crashes": null,
        "night_fatal_crashes": null,
        "night_total_crashes": null,
        "blackspot_2024": false,
        "blackspot_rank": null,
        "blackspot_noninjury_crashes": null,
        "blackspot_simple_crashes": null,
        "blackspot_fatal_crashes": null,
        "blackspot_total_crashes": null,
        "blackspot_persons_killed": null,
        "blackspot_persons_injured": null,
        "cctv_priority_candidate": false,
        "cctv_priority_reason": null,
        "zone_radius_m_derived": 250,
        "geometry_status": "coordinates_not_published_in_report",
        "osm_search_query": "Near KV School Naraina, Ring Road, Delhi, India",
        "source": "Delhi Road Crash Report 2024, Delhi Traffic Police",
        "source_pdf_pages": [
          112,
          113,
          114,
          115,
          122
        ],
        "coordinate_is_approximate": true,
        "coordinate_method": "institution_area_centre",
        "coordinate_confidence": "medium",
        "estimated_accuracy_m": 650,
        "coordinate_source": "Approximate Delhi landmark/intersection/locality centre derived from the report place name",
        "coordinate_warning": "Not the Delhi Traffic Police geotag and not a surveyed crash location.",
        "coordinate_order": "[longitude, latitude]",
        "zone_radius_m": 250,
        "zone_diameter_m": 500,
        "geometry_representation": "approximate_250m_radius_zone",
        "buffer_warning": "The report defines crash-prone zones using a 500-metre diameter. This polygon is centred on an approximate location, not the unpublished police geotag."
      }
    },
    {
      "type": "Feature",
      "id": "crash-zone-hanuman-mandir-buffer-250m",
      "geometry": {
        "type": "Polygon",
        "coordinates": [
          [
            [
              77.21455861401142,
              28.63
            ],
            [
              77.21453672471387,
              28.63029313284275
            ],
            [
              77.21447143135315,
              28.63058125010129
            ],
            [
              77.21436385111676,
              28.630859422009443
            ],
            [
              77.21421582473238,
              28.631122888968736
            ],
            [
              77.21402988497248,
              28.631367142986456
            ],
            [
              77.21380921331792,
              28.631588004808627
            ],
            [
              77.21355758552188,
              28.63178169542825
            ],
            [
              77.21327930700572,
              28.631944900745115
            ],
            [
              77.21297913919199,
              28.632074828271
            ],
            [
              77.21266221803522,
              28.63216925490992
            ],
            [
              77.21233396614427,
              28.632226564995896
            ],
            [
              77.212,
              28.632245777937477
            ],
            [
              77.21166603385574,
              28.632226564995896
            ],
            [
              77.21133778196479,
              28.63216925490992
            ],
            [
              77.21102086080802,
              28.632074828271
            ],
            [
              77.21072069299429,
              28.631944900745115
            ],
            [
              77.21044241447812,
              28.63178169542825
            ],
            [
              77.21019078668209,
              28.631588004808627
            ],
            [
              77.20997011502753,
              28.631367142986456
            ],
            [
              77.20978417526763,
              28.631122888968736
            ],
            [
              77.20963614888325,
              28.630859422009443
            ],
            [
              77.20952856864686,
              28.63058125010129
            ],
            [
              77.20946327528614,
              28.63029313284275
            ],
            [
              77.20944138598858,
              28.63
            ],
            [
              77.20946327528614,
              28.62970686715725
            ],
            [
              77.20952856864686,
              28.629418749898708
            ],
            [
              77.20963614888325,
              28.629140577990555
            ],
            [
              77.20978417526763,
              28.62887711103126
            ],
            [
              77.20997011502753,
              28.628632857013542
            ],
            [
              77.21019078668209,
              28.62841199519137
            ],
            [
              77.21044241447812,
              28.62821830457175
            ],
            [
              77.21072069299429,
              28.628055099254883
            ],
            [
              77.21102086080802,
              28.627925171728997
            ],
            [
              77.21133778196479,
              28.62783074509008
            ],
            [
              77.21166603385574,
              28.6277734350041
            ],
            [
              77.212,
              28.62775422206252
            ],
            [
              77.21233396614427,
              28.6277734350041
            ],
            [
              77.21266221803522,
              28.62783074509008
            ],
            [
              77.21297913919199,
              28.627925171728997
            ],
            [
              77.21327930700572,
              28.628055099254883
            ],
            [
              77.21355758552188,
              28.62821830457175
            ],
            [
              77.21380921331792,
              28.62841199519137
            ],
            [
              77.21402988497248,
              28.628632857013542
            ],
            [
              77.21421582473238,
              28.62887711103126
            ],
            [
              77.21436385111676,
              28.629140577990555
            ],
            [
              77.21447143135315,
              28.629418749898708
            ],
            [
              77.21453672471387,
              28.62970686715725
            ],
            [
              77.21455861401142,
              28.63
            ]
          ]
        ]
      },
      "properties": {
        "feature_id": "crash-zone-hanuman-mandir",
        "location_name": "Hanuman Mandir",
        "road_name": null,
        "listed_in_table_6_29": false,
        "table_6_29_rank": null,
        "all_simple_crashes": null,
        "all_fatal_crashes": null,
        "all_total_crashes": null,
        "pedestrian_crash_prone": false,
        "pedestrian_simple_crashes": null,
        "pedestrian_fatal_crashes": null,
        "pedestrian_total_crashes": null,
        "two_wheeler_crash_prone": true,
        "two_wheeler_simple_crashes": 2,
        "two_wheeler_fatal_crashes": 3,
        "two_wheeler_total_crashes": 5,
        "htv_crash_prone": false,
        "htv_simple_crashes": null,
        "htv_fatal_crashes": null,
        "htv_total_crashes": null,
        "hit_and_run_crash_prone": false,
        "hit_and_run_simple_crashes": null,
        "hit_and_run_fatal_crashes": null,
        "hit_and_run_total_crashes": null,
        "day_time_crash_prone": false,
        "day_simple_crashes": null,
        "day_fatal_crashes": null,
        "day_total_crashes": null,
        "night_time_crash_prone": true,
        "night_simple_crashes": null,
        "night_fatal_crashes": null,
        "night_total_crashes": null,
        "blackspot_2024": false,
        "blackspot_rank": null,
        "blackspot_noninjury_crashes": null,
        "blackspot_simple_crashes": null,
        "blackspot_fatal_crashes": null,
        "blackspot_total_crashes": null,
        "blackspot_persons_killed": null,
        "blackspot_persons_injured": null,
        "cctv_priority_candidate": false,
        "cctv_priority_reason": null,
        "zone_radius_m_derived": 250,
        "geometry_status": "coordinates_not_published_in_report",
        "osm_search_query": "Hanuman Mandir, Delhi, India",
        "source": "Delhi Road Crash Report 2024, Delhi Traffic Police",
        "source_pdf_pages": [
          122,
          128,
          129
        ],
        "night_time_simple_crashes": 3,
        "night_time_fatal_crashes": 3,
        "night_time_total_crashes": 6,
        "coordinate_is_approximate": true,
        "coordinate_method": "ambiguous_city_landmark_fallback",
        "coordinate_confidence": "very_low",
        "estimated_accuracy_m": 5000,
        "coordinate_source": "Approximate Delhi landmark/intersection/locality centre derived from the report place name",
        "coordinate_warning": "Not the Delhi Traffic Police geotag and not a surveyed crash location.",
        "coordinate_order": "[longitude, latitude]",
        "zone_radius_m": 250,
        "zone_diameter_m": 500,
        "geometry_representation": "approximate_250m_radius_zone",
        "buffer_warning": "The report defines crash-prone zones using a 500-metre diameter. This polygon is centred on an approximate location, not the unpublished police geotag."
      }
    },
    {
      "type": "Feature",
      "id": "crash-zone-kabootar-market-buffer-250m",
      "geometry": {
        "type": "Polygon",
        "coordinates": [
          [
            [
              77.23655915062223,
              28.652
            ],
            [
              77.23653725673388,
              28.65229313284275
            ],
            [
              77.23647194967937,
              28.652581250101292
            ],
            [
              77.23636434688048,
              28.652859422009445
            ],
            [
              77.23621628945095,
              28.65312288896874
            ],
            [
              77.23603031069445,
              28.653367142986458
            ],
            [
              77.23580959275905,
              28.65358800480863
            ],
            [
              77.23555791218983,
              28.65378169542825
            ],
            [
              77.23527957531111,
              28.653944900745117
            ],
            [
              77.23497934454404,
              28.654074828271003
            ],
            [
              77.23466235692031,
              28.65416925490992
            ],
            [
              77.23433403618603,
              28.6542265649959
            ],
            [
              77.234,
              28.65424577793748
            ],
            [
              77.23366596381396,
              28.6542265649959
            ],
            [
              77.23333764307968,
              28.65416925490992
            ],
            [
              77.23302065545595,
              28.654074828271003
            ],
            [
              77.23272042468888,
              28.653944900745117
            ],
            [
              77.23244208781016,
              28.65378169542825
            ],
            [
              77.23219040724094,
              28.65358800480863
            ],
            [
              77.23196968930554,
              28.653367142986458
            ],
            [
              77.23178371054904,
              28.65312288896874
            ],
            [
              77.23163565311951,
              28.652859422009445
            ],
            [
              77.23152805032062,
              28.652581250101292
            ],
            [
              77.2314627432661,
              28.65229313284275
            ],
            [
              77.23144084937776,
              28.652
            ],
            [
              77.2314627432661,
              28.65170686715725
            ],
            [
              77.23152805032062,
              28.65141874989871
            ],
            [
              77.23163565311951,
              28.651140577990557
            ],
            [
              77.23178371054904,
              28.650877111031264
            ],
            [
              77.23196968930554,
              28.650632857013544
            ],
            [
              77.23219040724094,
              28.650411995191373
            ],
            [
              77.23244208781016,
              28.65021830457175
            ],
            [
              77.23272042468888,
              28.650055099254885
            ],
            [
              77.23302065545595,
              28.649925171729
            ],
            [
              77.23333764307968,
              28.64983074509008
            ],
            [
              77.23366596381396,
              28.649773435004104
            ],
            [
              77.234,
              28.649754222062523
            ],
            [
              77.23433403618603,
              28.649773435004104
            ],
            [
              77.23466235692031,
              28.64983074509008
            ],
            [
              77.23497934454404,
              28.649925171729
            ],
            [
              77.23527957531111,
              28.650055099254885
            ],
            [
              77.23555791218983,
              28.65021830457175
            ],
            [
              77.23580959275905,
              28.650411995191373
            ],
            [
              77.23603031069445,
              28.650632857013544
            ],
            [
              77.23621628945095,
              28.650877111031264
            ],
            [
              77.23636434688048,
              28.651140577990557
            ],
            [
              77.23647194967937,
              28.65141874989871
            ],
            [
              77.23653725673388,
              28.65170686715725
            ],
            [
              77.23655915062223,
              28.652
            ]
          ]
        ]
      },
      "properties": {
        "feature_id": "crash-zone-kabootar-market",
        "location_name": "Kabootar Market",
        "road_name": null,
        "listed_in_table_6_29": false,
        "table_6_29_rank": null,
        "all_simple_crashes": null,
        "all_fatal_crashes": null,
        "all_total_crashes": null,
        "pedestrian_crash_prone": true,
        "pedestrian_simple_crashes": 0,
        "pedestrian_fatal_crashes": 3,
        "pedestrian_total_crashes": 3,
        "two_wheeler_crash_prone": false,
        "two_wheeler_simple_crashes": null,
        "two_wheeler_fatal_crashes": null,
        "two_wheeler_total_crashes": null,
        "htv_crash_prone": false,
        "htv_simple_crashes": null,
        "htv_fatal_crashes": null,
        "htv_total_crashes": null,
        "hit_and_run_crash_prone": false,
        "hit_and_run_simple_crashes": null,
        "hit_and_run_fatal_crashes": null,
        "hit_and_run_total_crashes": null,
        "day_time_crash_prone": false,
        "day_simple_crashes": null,
        "day_fatal_crashes": null,
        "day_total_crashes": null,
        "night_time_crash_prone": false,
        "night_simple_crashes": null,
        "night_fatal_crashes": null,
        "night_total_crashes": null,
        "blackspot_2024": false,
        "blackspot_rank": null,
        "blackspot_noninjury_crashes": null,
        "blackspot_simple_crashes": null,
        "blackspot_fatal_crashes": null,
        "blackspot_total_crashes": null,
        "blackspot_persons_killed": null,
        "blackspot_persons_injured": null,
        "cctv_priority_candidate": false,
        "cctv_priority_reason": null,
        "zone_radius_m_derived": 250,
        "geometry_status": "coordinates_not_published_in_report",
        "osm_search_query": "Kabootar Market, Delhi, India",
        "source": "Delhi Road Crash Report 2024, Delhi Traffic Police",
        "source_pdf_pages": [
          120
        ],
        "coordinate_is_approximate": true,
        "coordinate_method": "market_area_centre",
        "coordinate_confidence": "low",
        "estimated_accuracy_m": 1200,
        "coordinate_source": "Approximate Delhi landmark/intersection/locality centre derived from the report place name",
        "coordinate_warning": "Not the Delhi Traffic Police geotag and not a surveyed crash location.",
        "coordinate_order": "[longitude, latitude]",
        "zone_radius_m": 250,
        "zone_diameter_m": 500,
        "geometry_representation": "approximate_250m_radius_zone",
        "buffer_warning": "The report defines crash-prone zones using a 500-metre diameter. This polygon is centred on an approximate location, not the unpublished police geotag."
      }
    },
    {
      "type": "Feature",
      "id": "crash-zone-nangli-poona-buffer-250m",
      "geometry": {
        "type": "Polygon",
        "coordinates": [
          [
            [
              77.14956203910482,
              28.77
            ],
            [
              77.14954012050512,
              28.77029313284275
            ],
            [
              77.14947473973932,
              28.77058125010129
            ],
            [
              77.14936701549044,
              28.770859422009444
            ],
            [
              77.14921879095027,
              28.771122888968737
            ],
            [
              77.14903260228176,
              28.771367142986456
            ],
            [
              77.14881163522469,
              28.771588004808628
            ],
            [
              77.14855967058664,
              28.77178169542825
            ],
            [
              77.14828101955241,
              28.771944900745115
            ],
            [
              77.14798044991849,
              28.772074828271002
            ],
            [
              77.14766310451463,
              28.77216925490992
            ],
            [
              77.14733441320868,
              28.772226564995897
            ],
            [
              77.147,
              28.772245777937478
            ],
            [
              77.14666558679133,
              28.772226564995897
            ],
            [
              77.14633689548538,
              28.77216925490992
            ],
            [
              77.14601955008152,
              28.772074828271002
            ],
            [
              77.1457189804476,
              28.771944900745115
            ],
            [
              77.14544032941338,
              28.77178169542825
            ],
            [
              77.14518836477532,
              28.771588004808628
            ],
            [
              77.14496739771825,
              28.771367142986456
            ],
            [
              77.14478120904974,
              28.771122888968737
            ],
            [
              77.14463298450957,
              28.770859422009444
            ],
            [
              77.14452526026069,
              28.77058125010129
            ],
            [
              77.14445987949489,
              28.77029313284275
            ],
            [
              77.14443796089519,
              28.77
            ],
            [
              77.14445987949489,
              28.76970686715725
            ],
            [
              77.14452526026069,
              28.76941874989871
            ],
            [
              77.14463298450957,
              28.769140577990555
            ],
            [
              77.14478120904974,
              28.768877111031262
            ],
            [
              77.14496739771825,
              28.768632857013543
            ],
            [
              77.14518836477532,
              28.76841199519137
            ],
            [
              77.14544032941338,
              28.76821830457175
            ],
            [
              77.1457189804476,
              28.768055099254884
            ],
            [
              77.14601955008152,
              28.767925171728997
            ],
            [
              77.14633689548538,
              28.76783074509008
            ],
            [
              77.14666558679133,
              28.767773435004102
            ],
            [
              77.147,
              28.76775422206252
            ],
            [
              77.14733441320868,
              28.767773435004102
            ],
            [
              77.14766310451463,
              28.76783074509008
            ],
            [
              77.14798044991849,
              28.767925171728997
            ],
            [
              77.14828101955241,
              28.768055099254884
            ],
            [
              77.14855967058664,
              28.76821830457175
            ],
            [
              77.14881163522469,
              28.76841199519137
            ],
            [
              77.14903260228176,
              28.768632857013543
            ],
            [
              77.14921879095027,
              28.768877111031262
            ],
            [
              77.14936701549044,
              28.769140577990555
            ],
            [
              77.14947473973932,
              28.76941874989871
            ],
            [
              77.14954012050512,
              28.76970686715725
            ],
            [
              77.14956203910482,
              28.77
            ]
          ]
        ]
      },
      "properties": {
        "feature_id": "crash-zone-nangli-poona",
        "location_name": "Nangli Poona",
        "road_name": null,
        "listed_in_table_6_29": false,
        "table_6_29_rank": null,
        "all_simple_crashes": null,
        "all_fatal_crashes": null,
        "all_total_crashes": null,
        "pedestrian_crash_prone": false,
        "pedestrian_simple_crashes": null,
        "pedestrian_fatal_crashes": null,
        "pedestrian_total_crashes": null,
        "two_wheeler_crash_prone": false,
        "two_wheeler_simple_crashes": null,
        "two_wheeler_fatal_crashes": null,
        "two_wheeler_total_crashes": null,
        "htv_crash_prone": false,
        "htv_simple_crashes": null,
        "htv_fatal_crashes": null,
        "htv_total_crashes": null,
        "hit_and_run_crash_prone": false,
        "hit_and_run_simple_crashes": null,
        "hit_and_run_fatal_crashes": null,
        "hit_and_run_total_crashes": null,
        "day_time_crash_prone": false,
        "day_simple_crashes": null,
        "day_fatal_crashes": null,
        "day_total_crashes": null,
        "night_time_crash_prone": true,
        "night_simple_crashes": null,
        "night_fatal_crashes": null,
        "night_total_crashes": null,
        "blackspot_2024": false,
        "blackspot_rank": null,
        "blackspot_noninjury_crashes": null,
        "blackspot_simple_crashes": null,
        "blackspot_fatal_crashes": null,
        "blackspot_total_crashes": null,
        "blackspot_persons_killed": null,
        "blackspot_persons_injured": null,
        "cctv_priority_candidate": false,
        "cctv_priority_reason": null,
        "zone_radius_m_derived": 250,
        "geometry_status": "coordinates_not_published_in_report",
        "osm_search_query": "Nangli Poona, Delhi, India",
        "source": "Delhi Road Crash Report 2024, Delhi Traffic Police",
        "source_pdf_pages": [
          128,
          129
        ],
        "night_time_simple_crashes": 2,
        "night_time_fatal_crashes": 3,
        "night_time_total_crashes": 5,
        "coordinate_is_approximate": true,
        "coordinate_method": "village_centre",
        "coordinate_confidence": "medium",
        "estimated_accuracy_m": 900,
        "coordinate_source": "Approximate Delhi landmark/intersection/locality centre derived from the report place name",
        "coordinate_warning": "Not the Delhi Traffic Police geotag and not a surveyed crash location.",
        "coordinate_order": "[longitude, latitude]",
        "zone_radius_m": 250,
        "zone_diameter_m": 500,
        "geometry_representation": "approximate_250m_radius_zone",
        "buffer_warning": "The report defines crash-prone zones using a 500-metre diameter. This polygon is centred on an approximate location, not the unpublished police geotag."
      }
    },
    {
      "type": "Feature",
      "id": "crash-zone-rajouri-garden-buffer-250m",
      "geometry": {
        "type": "Polygon",
        "coordinates": [
          [
            [
              77.12255890663356,
              28.642
            ],
            [
              77.12253701483257,
              28.64229313284275
            ],
            [
              77.12247171400442,
              28.64258125010129
            ],
            [
              77.12236412146436,
              28.642859422009444
            ],
            [
              77.12221607815057,
              28.643122888968737
            ],
            [
              77.12203011712523,
              28.643367142986456
            ],
            [
              77.12180942023302,
              28.643588004808628
            ],
            [
              77.12155776365894,
              28.64378169542825
            ],
            [
              77.12127945331679,
              28.643944900745115
            ],
            [
              77.12097925117364,
              28.644074828271002
            ],
            [
              77.1206622937714,
              28.64416925490992
            ],
            [
              77.12033400433913,
              28.644226564995897
            ],
            [
              77.12,
              28.644245777937478
            ],
            [
              77.11966599566088,
              28.644226564995897
            ],
            [
              77.1193377062286,
              28.64416925490992
            ],
            [
              77.11902074882637,
              28.644074828271002
            ],
            [
              77.11872054668322,
              28.643944900745115
            ],
            [
              77.11844223634107,
              28.64378169542825
            ],
            [
              77.11819057976699,
              28.643588004808628
            ],
            [
              77.11796988287477,
              28.643367142986456
            ],
            [
              77.11778392184944,
              28.643122888968737
            ],
            [
              77.11763587853565,
              28.642859422009444
            ],
            [
              77.11752828599559,
              28.64258125010129
            ],
            [
              77.11746298516744,
              28.64229313284275
            ],
            [
              77.11744109336645,
              28.642
            ],
            [
              77.11746298516744,
              28.64170686715725
            ],
            [
              77.11752828599559,
              28.64141874989871
            ],
            [
              77.11763587853565,
              28.641140577990555
            ],
            [
              77.11778392184944,
              28.640877111031262
            ],
            [
              77.11796988287477,
              28.640632857013543
            ],
            [
              77.11819057976699,
              28.64041199519137
            ],
            [
              77.11844223634107,
              28.64021830457175
            ],
            [
              77.11872054668322,
              28.640055099254884
            ],
            [
              77.11902074882637,
              28.639925171728997
            ],
            [
              77.1193377062286,
              28.63983074509008
            ],
            [
              77.11966599566088,
              28.639773435004102
            ],
            [
              77.12,
              28.63975422206252
            ],
            [
              77.12033400433913,
              28.639773435004102
            ],
            [
              77.1206622937714,
              28.63983074509008
            ],
            [
              77.12097925117364,
              28.639925171728997
            ],
            [
              77.12127945331679,
              28.640055099254884
            ],
            [
              77.12155776365894,
              28.64021830457175
            ],
            [
              77.12180942023302,
              28.64041199519137
            ],
            [
              77.12203011712523,
              28.640632857013543
            ],
            [
              77.12221607815057,
              28.640877111031262
            ],
            [
              77.12236412146436,
              28.641140577990555
            ],
            [
              77.12247171400442,
              28.64141874989871
            ],
            [
              77.12253701483257,
              28.64170686715725
            ],
            [
              77.12255890663356,
              28.642
            ]
          ]
        ]
      },
      "properties": {
        "feature_id": "crash-zone-rajouri-garden",
        "location_name": "Rajouri Garden",
        "road_name": null,
        "listed_in_table_6_29": false,
        "table_6_29_rank": null,
        "all_simple_crashes": null,
        "all_fatal_crashes": null,
        "all_total_crashes": null,
        "pedestrian_crash_prone": false,
        "pedestrian_simple_crashes": null,
        "pedestrian_fatal_crashes": null,
        "pedestrian_total_crashes": null,
        "two_wheeler_crash_prone": false,
        "two_wheeler_simple_crashes": null,
        "two_wheeler_fatal_crashes": null,
        "two_wheeler_total_crashes": null,
        "htv_crash_prone": false,
        "htv_simple_crashes": null,
        "htv_fatal_crashes": null,
        "htv_total_crashes": null,
        "hit_and_run_crash_prone": false,
        "hit_and_run_simple_crashes": null,
        "hit_and_run_fatal_crashes": null,
        "hit_and_run_total_crashes": null,
        "day_time_crash_prone": false,
        "day_simple_crashes": null,
        "day_fatal_crashes": null,
        "day_total_crashes": null,
        "night_time_crash_prone": true,
        "night_simple_crashes": null,
        "night_fatal_crashes": null,
        "night_total_crashes": null,
        "blackspot_2024": false,
        "blackspot_rank": null,
        "blackspot_noninjury_crashes": null,
        "blackspot_simple_crashes": null,
        "blackspot_fatal_crashes": null,
        "blackspot_total_crashes": null,
        "blackspot_persons_killed": null,
        "blackspot_persons_injured": null,
        "cctv_priority_candidate": false,
        "cctv_priority_reason": null,
        "zone_radius_m_derived": 250,
        "geometry_status": "coordinates_not_published_in_report",
        "osm_search_query": "Rajouri Garden, Delhi, India",
        "source": "Delhi Road Crash Report 2024, Delhi Traffic Police",
        "source_pdf_pages": [
          128,
          129
        ],
        "night_time_simple_crashes": 8,
        "night_time_fatal_crashes": 2,
        "night_time_total_crashes": 10,
        "coordinate_is_approximate": true,
        "coordinate_method": "locality_centre",
        "coordinate_confidence": "medium",
        "estimated_accuracy_m": 700,
        "coordinate_source": "Approximate Delhi landmark/intersection/locality centre derived from the report place name",
        "coordinate_warning": "Not the Delhi Traffic Police geotag and not a surveyed crash location.",
        "coordinate_order": "[longitude, latitude]",
        "zone_radius_m": 250,
        "zone_diameter_m": 500,
        "geometry_representation": "approximate_250m_radius_zone",
        "buffer_warning": "The report defines crash-prone zones using a 500-metre diameter. This polygon is centred on an approximate location, not the unpublished police geotag."
      }
    },
    {
      "type": "Feature",
      "id": "crash-zone-shastri-park-it-park-buffer-250m",
      "geometry": {
        "type": "Polygon",
        "coordinates": [
          [
            [
              77.2525595412631,
              28.668
            ],
            [
              77.25253764403277,
              28.66829313284275
            ],
            [
              77.25247232700947,
              28.66858125010129
            ],
            [
              77.25236470778559,
              28.668859422009444
            ],
            [
              77.25221662775587,
              28.669122888968737
            ],
            [
              77.25203062061068,
              28.669367142986456
            ],
            [
              77.25180986898386,
              28.669588004808627
            ],
            [
              77.25155814999692,
              28.66978169542825
            ],
            [
              77.25127977063154,
              28.669944900745115
            ],
            [
              77.25097949403585,
              28.670074828271
            ],
            [
              77.25066245802562,
              28.67016925490992
            ],
            [
              77.2503340871749,
              28.670226564995897
            ],
            [
              77.25,
              28.670245777937478
            ],
            [
              77.2496659128251,
              28.670226564995897
            ],
            [
              77.24933754197438,
              28.67016925490992
            ],
            [
              77.24902050596415,
              28.670074828271
            ],
            [
              77.24872022936846,
              28.669944900745115
            ],
            [
              77.24844185000308,
              28.66978169542825
            ],
            [
              77.24819013101614,
              28.669588004808627
            ],
            [
              77.24796937938932,
              28.669367142986456
            ],
            [
              77.24778337224413,
              28.669122888968737
            ],
            [
              77.24763529221441,
              28.668859422009444
            ],
            [
              77.24752767299053,
              28.66858125010129
            ],
            [
              77.24746235596723,
              28.66829313284275
            ],
            [
              77.2474404587369,
              28.668
            ],
            [
              77.24746235596723,
              28.66770686715725
            ],
            [
              77.24752767299053,
              28.667418749898708
            ],
            [
              77.24763529221441,
              28.667140577990555
            ],
            [
              77.24778337224413,
              28.666877111031262
            ],
            [
              77.24796937938932,
              28.666632857013543
            ],
            [
              77.24819013101614,
              28.66641199519137
            ],
            [
              77.24844185000308,
              28.66621830457175
            ],
            [
              77.24872022936846,
              28.666055099254883
            ],
            [
              77.24902050596415,
              28.665925171728997
            ],
            [
              77.24933754197438,
              28.66583074509008
            ],
            [
              77.2496659128251,
              28.665773435004102
            ],
            [
              77.25,
              28.66575422206252
            ],
            [
              77.2503340871749,
              28.665773435004102
            ],
            [
              77.25066245802562,
              28.66583074509008
            ],
            [
              77.25097949403585,
              28.665925171728997
            ],
            [
              77.25127977063154,
              28.666055099254883
            ],
            [
              77.25155814999692,
              28.66621830457175
            ],
            [
              77.25180986898386,
              28.66641199519137
            ],
            [
              77.25203062061068,
              28.666632857013543
            ],
            [
              77.25221662775587,
              28.666877111031262
            ],
            [
              77.25236470778559,
              28.667140577990555
            ],
            [
              77.25247232700947,
              28.667418749898708
            ],
            [
              77.25253764403277,
              28.66770686715725
            ],
            [
              77.2525595412631,
              28.668
            ]
          ]
        ]
      },
      "properties": {
        "feature_id": "crash-zone-shastri-park-it-park",
        "location_name": "Shastri Park/IT Park",
        "road_name": null,
        "listed_in_table_6_29": false,
        "table_6_29_rank": null,
        "all_simple_crashes": null,
        "all_fatal_crashes": null,
        "all_total_crashes": null,
        "pedestrian_crash_prone": false,
        "pedestrian_simple_crashes": null,
        "pedestrian_fatal_crashes": null,
        "pedestrian_total_crashes": null,
        "two_wheeler_crash_prone": false,
        "two_wheeler_simple_crashes": null,
        "two_wheeler_fatal_crashes": null,
        "two_wheeler_total_crashes": null,
        "htv_crash_prone": false,
        "htv_simple_crashes": null,
        "htv_fatal_crashes": null,
        "htv_total_crashes": null,
        "hit_and_run_crash_prone": false,
        "hit_and_run_simple_crashes": null,
        "hit_and_run_fatal_crashes": null,
        "hit_and_run_total_crashes": null,
        "day_time_crash_prone": true,
        "day_simple_crashes": null,
        "day_fatal_crashes": null,
        "day_total_crashes": null,
        "night_time_crash_prone": false,
        "night_simple_crashes": null,
        "night_fatal_crashes": null,
        "night_total_crashes": null,
        "blackspot_2024": false,
        "blackspot_rank": null,
        "blackspot_noninjury_crashes": null,
        "blackspot_simple_crashes": null,
        "blackspot_fatal_crashes": null,
        "blackspot_total_crashes": null,
        "blackspot_persons_killed": null,
        "blackspot_persons_injured": null,
        "cctv_priority_candidate": false,
        "cctv_priority_reason": null,
        "zone_radius_m_derived": 250,
        "geometry_status": "coordinates_not_published_in_report",
        "osm_search_query": "Shastri Park/IT Park, Delhi, India",
        "source": "Delhi Road Crash Report 2024, Delhi Traffic Police",
        "source_pdf_pages": [
          127
        ],
        "day_time_simple_crashes": 16,
        "day_time_fatal_crashes": 0,
        "day_time_total_crashes": 16,
        "coordinate_is_approximate": true,
        "coordinate_method": "locality_landmark_centre",
        "coordinate_confidence": "medium",
        "estimated_accuracy_m": 600,
        "coordinate_source": "Approximate Delhi landmark/intersection/locality centre derived from the report place name",
        "coordinate_warning": "Not the Delhi Traffic Police geotag and not a surveyed crash location.",
        "coordinate_order": "[longitude, latitude]",
        "zone_radius_m": 250,
        "zone_diameter_m": 500,
        "geometry_representation": "approximate_250m_radius_zone",
        "buffer_warning": "The report defines crash-prone zones using a 500-metre diameter. This polygon is centred on an approximate location, not the unpublished police geotag."
      }
    }
  ]
}