{
  "type": "FeatureCollection",
  "name": "Delhi liquor vends with complete approximate coordinates",
  "metadata": {
    "record_count": 374,
    "operator_counts": {
      "DSCSC": 201,
      "DCCWS": 173
    },
    "scope": "Official published listings from DSCSC and DCCWS. DTTDC and DSIIDC full current lists are not included.",
    "official_total_context": "Delhi Excise reports 712 L-6/L-10 licensees in 2024-25, so this file is expanded but not complete.",
    "geometry_note": "Official source pages do not publish latitude/longitude. Features therefore use null geometry; no coordinates were invented.",
    "generated_on": "2026-07-28",
    "sources": [
      "https://dscsc.delhi.gov.in/dscsc/liquor-vends",
      "https://dccws.delhi.gov.in/dccws/indian-made-foreign-liquor",
      "https://dccws.delhi.gov.in/dccws/country-liquor"
    ],
    "official_record_count": 374,
    "official_records_with_high_confidence_osm_geometry": 1,
    "standalone_osm_points_appended": 13,
    "total_feature_count": 387,
    "total_features_with_geometry": 14,
    "coordinate_order": "[longitude, latitude]",
    "osm_matching_policy": "Coordinates were attached to an official record only where the name/address match was high confidence. Other exact OSM points remain standalone to avoid false one-to-one assignments.",
    "osm_coverage_warning": "This is not a complete OpenStreetMap extract. Community mapping coverage is incomplete and can change.",
    "osm_attribution": "© OpenStreetMap contributors; ODbL",
    "coordinate_fill_generated_on": "2026-07-29",
    "coordinate_fill_policy": "Existing OSM points were retained. Official records without coordinates were assigned the centre of the named locality, sector, neighbourhood, mall area or closest interpretable parent area.",
    "important_accuracy_warning": "373 official records use approximate area-centre coordinates and must not be treated as storefront, building, parcel, routing or enforcement locations.",
    "features_with_geometry": 387,
    "official_exact_osm_points": 1,
    "official_approximate_area_points": 373,
    "standalone_exact_osm_points": 13,
    "method_counts": {
      "interpreted_locality_centroid": 47,
      "named_locality_centroid": 276,
      "fuzzy_locality_centroid": 13,
      "sector_centroid": 23,
      "named_parent_area_centroid": 5,
      "existing_osm_point": 14,
      "interpreted_parent_area_centroid": 9
    },
    "confidence_counts": {
      "medium": 346,
      "low": 27,
      "high": 14
    },
    "used_area_anchor_count": 249,
    "recommended_map_label": "Approximate locality centre"
  },
  "features": [
    {
      "type": "Feature",
      "id": "dscsc-imfl-1",
      "geometry": {
        "type": "Point",
        "coordinates": [
          77.1635,
          28.5845
        ]
      },
      "properties": {
        "serial_no": 1,
        "name": "YASHWANT PLACE",
        "vend_category": "IMFL vend",
        "licence_class": "L-6 / official list heading",
        "operator": "Delhi State Civil Supplies Corporation Limited (DSCSC)",
        "jurisdiction": "NCT of Delhi",
        "geometry_status": "not published by source",
        "source_url": "https://dscsc.delhi.gov.in/dscsc/liquor-vends",
        "source_last_updated": "2026-07-17",
        "coordinate_search_source": "OpenStreetMap",
        "coordinate_search_status": "no high-confidence one-to-one OSM match assigned",
        "coordinate_is_approximate": true,
        "coordinate_quality": "approximate_area_centroid",
        "matched_area": "yashwant place",
        "coordinate_method": "interpreted_locality_centroid",
        "coordinate_confidence": "medium",
        "estimated_accuracy_m": 1500,
        "coordinate_warning": "Approximate locality/sector centre. This is not the verified vend entrance.",
        "coordinate_source": "Area-centroid approximation based on the locality wording in the official vend name",
        "coordinate_fill_version": "2026-07-29-area-centroid-fill-v1",
        "coordinate_order": "[longitude, latitude]"
      }
    },
    {
      "type": "Feature",
      "id": "dscsc-imfl-2",
      "geometry": {
        "type": "Point",
        "coordinates": [
          77.1375,
          28.6295
        ]
      },
      "properties": {
        "serial_no": 2,
        "name": "NARAINA VIHAR",
        "vend_category": "IMFL vend",
        "licence_class": "L-6 / official list heading",
        "operator": "Delhi State Civil Supplies Corporation Limited (DSCSC)",
        "jurisdiction": "NCT of Delhi",
        "geometry_status": "not published by source",
        "source_url": "https://dscsc.delhi.gov.in/dscsc/liquor-vends",
        "source_last_updated": "2026-07-17",
        "coordinate_search_source": "OpenStreetMap",
        "coordinate_search_status": "no high-confidence one-to-one OSM match assigned",
        "coordinate_is_approximate": true,
        "coordinate_quality": "approximate_area_centroid",
        "matched_area": "naraina vihar",
        "coordinate_method": "interpreted_locality_centroid",
        "coordinate_confidence": "medium",
        "estimated_accuracy_m": 1500,
        "coordinate_warning": "Approximate locality/sector centre. This is not the verified vend entrance.",
        "coordinate_source": "Area-centroid approximation based on the locality wording in the official vend name",
        "coordinate_fill_version": "2026-07-29-area-centroid-fill-v1",
        "coordinate_order": "[longitude, latitude]"
      }
    },
    {
      "type": "Feature",
      "id": "dscsc-imfl-3",
      "geometry": {
        "type": "Point",
        "coordinates": [
          77.206,
          28.5245
        ]
      },
      "properties": {
        "serial_no": 3,
        "name": "SAKET",
        "vend_category": "IMFL vend",
        "licence_class": "L-6 / official list heading",
        "operator": "Delhi State Civil Supplies Corporation Limited (DSCSC)",
        "jurisdiction": "NCT of Delhi",
        "geometry_status": "not published by source",
        "source_url": "https://dscsc.delhi.gov.in/dscsc/liquor-vends",
        "source_last_updated": "2026-07-17",
        "coordinate_search_source": "OpenStreetMap",
        "coordinate_search_status": "no high-confidence one-to-one OSM match assigned",
        "coordinate_is_approximate": true,
        "coordinate_quality": "approximate_area_centroid",
        "matched_area": "saket",
        "coordinate_method": "named_locality_centroid",
        "coordinate_confidence": "medium",
        "estimated_accuracy_m": 1200,
        "coordinate_warning": "Approximate locality/sector centre. This is not the verified vend entrance.",
        "coordinate_source": "Area-centroid approximation based on the locality wording in the official vend name",
        "coordinate_fill_version": "2026-07-29-area-centroid-fill-v1",
        "coordinate_order": "[longitude, latitude]"
      }
    },
    {
      "type": "Feature",
      "id": "dscsc-imfl-4",
      "geometry": {
        "type": "Point",
        "coordinates": [
          77.219,
          28.628
        ]
      },
      "properties": {
        "serial_no": 4,
        "name": "LOK NAYAK BHAWAN",
        "vend_category": "IMFL vend",
        "licence_class": "L-6 / official list heading",
        "operator": "Delhi State Civil Supplies Corporation Limited (DSCSC)",
        "jurisdiction": "NCT of Delhi",
        "geometry_status": "not published by source",
        "source_url": "https://dscsc.delhi.gov.in/dscsc/liquor-vends",
        "source_last_updated": "2026-07-17",
        "coordinate_search_source": "OpenStreetMap",
        "coordinate_search_status": "no high-confidence one-to-one OSM match assigned",
        "coordinate_is_approximate": true,
        "coordinate_quality": "approximate_area_centroid",
        "matched_area": "lok nayak bhawan",
        "coordinate_method": "interpreted_locality_centroid",
        "coordinate_confidence": "medium",
        "estimated_accuracy_m": 1500,
        "coordinate_warning": "Approximate locality/sector centre. This is not the verified vend entrance.",
        "coordinate_source": "Area-centroid approximation based on the locality wording in the official vend name",
        "coordinate_fill_version": "2026-07-29-area-centroid-fill-v1",
        "coordinate_order": "[longitude, latitude]"
      }
    },
    {
      "type": "Feature",
      "id": "dscsc-imfl-5",
      "geometry": {
        "type": "Point",
        "coordinates": [
          77.2167,
          28.6315
        ]
      },
      "properties": {
        "serial_no": 5,
        "name": "G BLK CONNAUGHT PLACE",
        "vend_category": "IMFL vend",
        "licence_class": "L-6 / official list heading",
        "operator": "Delhi State Civil Supplies Corporation Limited (DSCSC)",
        "jurisdiction": "NCT of Delhi",
        "geometry_status": "not published by source",
        "source_url": "https://dscsc.delhi.gov.in/dscsc/liquor-vends",
        "source_last_updated": "2026-07-17",
        "coordinate_search_source": "OpenStreetMap",
        "coordinate_search_status": "no high-confidence one-to-one OSM match assigned",
        "coordinate_is_approximate": true,
        "coordinate_quality": "approximate_area_centroid",
        "matched_area": "connaught place",
        "coordinate_method": "interpreted_locality_centroid",
        "coordinate_confidence": "medium",
        "estimated_accuracy_m": 1500,
        "coordinate_warning": "Approximate locality/sector centre. This is not the verified vend entrance.",
        "coordinate_source": "Area-centroid approximation based on the locality wording in the official vend name",
        "coordinate_fill_version": "2026-07-29-area-centroid-fill-v1",
        "coordinate_order": "[longitude, latitude]"
      }
    },
    {
      "type": "Feature",
      "id": "dscsc-imfl-6",
      "geometry": {
        "type": "Point",
        "coordinates": [
          77.102,
          28.641
        ]
      },
      "properties": {
        "serial_no": 6,
        "name": "MEENAKSHI GARADEN 112",
        "vend_category": "IMFL vend",
        "licence_class": "L-6 / official list heading",
        "operator": "Delhi State Civil Supplies Corporation Limited (DSCSC)",
        "jurisdiction": "NCT of Delhi",
        "geometry_status": "not published by source",
        "source_url": "https://dscsc.delhi.gov.in/dscsc/liquor-vends",
        "source_last_updated": "2026-07-17",
        "coordinate_search_source": "OpenStreetMap",
        "coordinate_search_status": "no high-confidence one-to-one OSM match assigned",
        "coordinate_is_approximate": true,
        "coordinate_quality": "approximate_area_centroid",
        "matched_area": "meenakshi garden",
        "coordinate_method": "interpreted_locality_centroid",
        "coordinate_confidence": "medium",
        "estimated_accuracy_m": 1500,
        "coordinate_warning": "Approximate locality/sector centre. This is not the verified vend entrance.",
        "coordinate_source": "Area-centroid approximation based on the locality wording in the official vend name",
        "coordinate_fill_version": "2026-07-29-area-centroid-fill-v1",
        "coordinate_order": "[longitude, latitude]"
      }
    },
    {
      "type": "Feature",
      "id": "dscsc-imfl-7",
      "geometry": {
        "type": "Point",
        "coordinates": [
          77.176,
          28.682
        ]
      },
      "properties": {
        "serial_no": 7,
        "name": "NIMRI COLONY",
        "vend_category": "IMFL vend",
        "licence_class": "L-6 / official list heading",
        "operator": "Delhi State Civil Supplies Corporation Limited (DSCSC)",
        "jurisdiction": "NCT of Delhi",
        "geometry_status": "not published by source",
        "source_url": "https://dscsc.delhi.gov.in/dscsc/liquor-vends",
        "source_last_updated": "2026-07-17",
        "coordinate_search_source": "OpenStreetMap",
        "coordinate_search_status": "no high-confidence one-to-one OSM match assigned",
        "coordinate_is_approximate": true,
        "coordinate_quality": "approximate_area_centroid",
        "matched_area": "nimri colony",
        "coordinate_method": "named_locality_centroid",
        "coordinate_confidence": "medium",
        "estimated_accuracy_m": 1200,
        "coordinate_warning": "Approximate locality/sector centre. This is not the verified vend entrance.",
        "coordinate_source": "Area-centroid approximation based on the locality wording in the official vend name",
        "coordinate_fill_version": "2026-07-29-area-centroid-fill-v1",
        "coordinate_order": "[longitude, latitude]"
      }
    },
    {
      "type": "Feature",
      "id": "dscsc-imfl-8",
      "geometry": {
        "type": "Point",
        "coordinates": [
          77.129,
          28.637
        ]
      },
      "properties": {
        "serial_no": 8,
        "name": "MAYAPURI",
        "vend_category": "IMFL vend",
        "licence_class": "L-6 / official list heading",
        "operator": "Delhi State Civil Supplies Corporation Limited (DSCSC)",
        "jurisdiction": "NCT of Delhi",
        "geometry_status": "not published by source",
        "source_url": "https://dscsc.delhi.gov.in/dscsc/liquor-vends",
        "source_last_updated": "2026-07-17",
        "coordinate_search_source": "OpenStreetMap",
        "coordinate_search_status": "no high-confidence one-to-one OSM match assigned",
        "coordinate_is_approximate": true,
        "coordinate_quality": "approximate_area_centroid",
        "matched_area": "mayapuri",
        "coordinate_method": "named_locality_centroid",
        "coordinate_confidence": "medium",
        "estimated_accuracy_m": 1200,
        "coordinate_warning": "Approximate locality/sector centre. This is not the verified vend entrance.",
        "coordinate_source": "Area-centroid approximation based on the locality wording in the official vend name",
        "coordinate_fill_version": "2026-07-29-area-centroid-fill-v1",
        "coordinate_order": "[longitude, latitude]"
      }
    },
    {
      "type": "Feature",
      "id": "dscsc-imfl-9",
      "geometry": {
        "type": "Point",
        "coordinates": [
          77.323,
          28.627
        ]
      },
      "properties": {
        "serial_no": 9,
        "name": "GAZIPUR",
        "vend_category": "IMFL vend",
        "licence_class": "L-6 / official list heading",
        "operator": "Delhi State Civil Supplies Corporation Limited (DSCSC)",
        "jurisdiction": "NCT of Delhi",
        "geometry_status": "not published by source",
        "source_url": "https://dscsc.delhi.gov.in/dscsc/liquor-vends",
        "source_last_updated": "2026-07-17",
        "coordinate_search_source": "OpenStreetMap",
        "coordinate_search_status": "no high-confidence one-to-one OSM match assigned",
        "coordinate_is_approximate": true,
        "coordinate_quality": "approximate_area_centroid",
        "matched_area": "gazipur",
        "coordinate_method": "named_locality_centroid",
        "coordinate_confidence": "medium",
        "estimated_accuracy_m": 1200,
        "coordinate_warning": "Approximate locality/sector centre. This is not the verified vend entrance.",
        "coordinate_source": "Area-centroid approximation based on the locality wording in the official vend name",
        "coordinate_fill_version": "2026-07-29-area-centroid-fill-v1",
        "coordinate_order": "[longitude, latitude]"
      }
    },
    {
      "type": "Feature",
      "id": "dscsc-imfl-10",
      "geometry": {
        "type": "Point",
        "coordinates": [
          77.097,
          28.639
        ]
      },
      "properties": {
        "serial_no": 10,
        "name": "SANTGARH, TILAK NAGAR",
        "vend_category": "IMFL vend",
        "licence_class": "L-6 / official list heading",
        "operator": "Delhi State Civil Supplies Corporation Limited (DSCSC)",
        "jurisdiction": "NCT of Delhi",
        "geometry_status": "not published by source",
        "source_url": "https://dscsc.delhi.gov.in/dscsc/liquor-vends",
        "source_last_updated": "2026-07-17",
        "coordinate_search_source": "OpenStreetMap",
        "coordinate_search_status": "no high-confidence one-to-one OSM match assigned",
        "coordinate_is_approximate": true,
        "coordinate_quality": "approximate_area_centroid",
        "matched_area": "tilak nagar",
        "coordinate_method": "named_locality_centroid",
        "coordinate_confidence": "medium",
        "estimated_accuracy_m": 1200,
        "coordinate_warning": "Approximate locality/sector centre. This is not the verified vend entrance.",
        "coordinate_source": "Area-centroid approximation based on the locality wording in the official vend name",
        "coordinate_fill_version": "2026-07-29-area-centroid-fill-v1",
        "coordinate_order": "[longitude, latitude]"
      }
    },
    {
      "type": "Feature",
      "id": "dscsc-imfl-11",
      "geometry": {
        "type": "Point",
        "coordinates": [
          77.07,
          28.638
        ]
      },
      "properties": {
        "serial_no": 11,
        "name": "BODELLA VIKASPURI",
        "vend_category": "IMFL vend",
        "licence_class": "L-6 / official list heading",
        "operator": "Delhi State Civil Supplies Corporation Limited (DSCSC)",
        "jurisdiction": "NCT of Delhi",
        "geometry_status": "not published by source",
        "source_url": "https://dscsc.delhi.gov.in/dscsc/liquor-vends",
        "source_last_updated": "2026-07-17",
        "coordinate_search_source": "OpenStreetMap",
        "coordinate_search_status": "no high-confidence one-to-one OSM match assigned",
        "coordinate_is_approximate": true,
        "coordinate_quality": "approximate_area_centroid",
        "matched_area": "vikaspuri",
        "coordinate_method": "named_locality_centroid",
        "coordinate_confidence": "medium",
        "estimated_accuracy_m": 1200,
        "coordinate_warning": "Approximate locality/sector centre. This is not the verified vend entrance.",
        "coordinate_source": "Area-centroid approximation based on the locality wording in the official vend name",
        "coordinate_fill_version": "2026-07-29-area-centroid-fill-v1",
        "coordinate_order": "[longitude, latitude]"
      }
    },
    {
      "type": "Feature",
      "id": "dscsc-imfl-12",
      "geometry": {
        "type": "Point",
        "coordinates": [
          77.261,
          28.703
        ]
      },
      "properties": {
        "serial_no": 12,
        "name": "BHAJANPURA A1",
        "vend_category": "IMFL vend",
        "licence_class": "L-6 / official list heading",
        "operator": "Delhi State Civil Supplies Corporation Limited (DSCSC)",
        "jurisdiction": "NCT of Delhi",
        "geometry_status": "not published by source",
        "source_url": "https://dscsc.delhi.gov.in/dscsc/liquor-vends",
        "source_last_updated": "2026-07-17",
        "coordinate_search_source": "OpenStreetMap",
        "coordinate_search_status": "no high-confidence one-to-one OSM match assigned",
        "coordinate_is_approximate": true,
        "coordinate_quality": "approximate_area_centroid",
        "matched_area": "bhajanpura",
        "coordinate_method": "named_locality_centroid",
        "coordinate_confidence": "medium",
        "estimated_accuracy_m": 1200,
        "coordinate_warning": "Approximate locality/sector centre. This is not the verified vend entrance.",
        "coordinate_source": "Area-centroid approximation based on the locality wording in the official vend name",
        "coordinate_fill_version": "2026-07-29-area-centroid-fill-v1",
        "coordinate_order": "[longitude, latitude]"
      }
    },
    {
      "type": "Feature",
      "id": "dscsc-imfl-13",
      "geometry": {
        "type": "Point",
        "coordinates": [
          77.141,
          28.626
        ]
      },
      "properties": {
        "serial_no": 13,
        "name": "NARAINA IND AREA",
        "vend_category": "IMFL vend",
        "licence_class": "L-6 / official list heading",
        "operator": "Delhi State Civil Supplies Corporation Limited (DSCSC)",
        "jurisdiction": "NCT of Delhi",
        "geometry_status": "not published by source",
        "source_url": "https://dscsc.delhi.gov.in/dscsc/liquor-vends",
        "source_last_updated": "2026-07-17",
        "coordinate_search_source": "OpenStreetMap",
        "coordinate_search_status": "no high-confidence one-to-one OSM match assigned",
        "coordinate_is_approximate": true,
        "coordinate_quality": "approximate_area_centroid",
        "matched_area": "naraina industrial area",
        "coordinate_method": "fuzzy_locality_centroid",
        "coordinate_confidence": "low",
        "estimated_accuracy_m": 2200,
        "coordinate_warning": "Approximate locality/sector centre. This is not the verified vend entrance.",
        "coordinate_source": "Area-centroid approximation based on the locality wording in the official vend name",
        "coordinate_fill_version": "2026-07-29-area-centroid-fill-v1",
        "coordinate_order": "[longitude, latitude]"
      }
    },
    {
      "type": "Feature",
      "id": "dscsc-imfl-14",
      "geometry": {
        "type": "Point",
        "coordinates": [
          77.302,
          28.655
        ]
      },
      "properties": {
        "serial_no": 14,
        "name": "ADITYA MEGA MALL, CBD",
        "vend_category": "IMFL vend",
        "licence_class": "L-6 / official list heading",
        "operator": "Delhi State Civil Supplies Corporation Limited (DSCSC)",
        "jurisdiction": "NCT of Delhi",
        "geometry_status": "not published by source",
        "source_url": "https://dscsc.delhi.gov.in/dscsc/liquor-vends",
        "source_last_updated": "2026-07-17",
        "coordinate_search_source": "OpenStreetMap",
        "coordinate_search_status": "no high-confidence one-to-one OSM match assigned",
        "coordinate_is_approximate": true,
        "coordinate_quality": "approximate_area_centroid",
        "matched_area": "aditya mega mall",
        "coordinate_method": "interpreted_locality_centroid",
        "coordinate_confidence": "medium",
        "estimated_accuracy_m": 1500,
        "coordinate_warning": "Approximate locality/sector centre. This is not the verified vend entrance.",
        "coordinate_source": "Area-centroid approximation based on the locality wording in the official vend name",
        "coordinate_fill_version": "2026-07-29-area-centroid-fill-v1",
        "coordinate_order": "[longitude, latitude]"
      }
    },
    {
      "type": "Feature",
      "id": "dscsc-imfl-15",
      "geometry": {
        "type": "Point",
        "coordinates": [
          77.033,
          28.619
        ]
      },
      "properties": {
        "serial_no": 15,
        "name": "KAKROLA MODE",
        "vend_category": "IMFL vend",
        "licence_class": "L-6 / official list heading",
        "operator": "Delhi State Civil Supplies Corporation Limited (DSCSC)",
        "jurisdiction": "NCT of Delhi",
        "geometry_status": "not published by source",
        "source_url": "https://dscsc.delhi.gov.in/dscsc/liquor-vends",
        "source_last_updated": "2026-07-17",
        "coordinate_search_source": "OpenStreetMap",
        "coordinate_search_status": "no high-confidence one-to-one OSM match assigned",
        "coordinate_is_approximate": true,
        "coordinate_quality": "approximate_area_centroid",
        "matched_area": "kakrola",
        "coordinate_method": "named_locality_centroid",
        "coordinate_confidence": "medium",
        "estimated_accuracy_m": 1200,
        "coordinate_warning": "Approximate locality/sector centre. This is not the verified vend entrance.",
        "coordinate_source": "Area-centroid approximation based on the locality wording in the official vend name",
        "coordinate_fill_version": "2026-07-29-area-centroid-fill-v1",
        "coordinate_order": "[longitude, latitude]"
      }
    },
    {
      "type": "Feature",
      "id": "dscsc-imfl-16",
      "geometry": {
        "type": "Point",
        "coordinates": [
          77.278,
          28.548
        ]
      },
      "properties": {
        "serial_no": 16,
        "name": "OKHLA",
        "vend_category": "IMFL vend",
        "licence_class": "L-6 / official list heading",
        "operator": "Delhi State Civil Supplies Corporation Limited (DSCSC)",
        "jurisdiction": "NCT of Delhi",
        "geometry_status": "not published by source",
        "source_url": "https://dscsc.delhi.gov.in/dscsc/liquor-vends",
        "source_last_updated": "2026-07-17",
        "coordinate_search_source": "OpenStreetMap",
        "coordinate_search_status": "no high-confidence one-to-one OSM match assigned",
        "coordinate_is_approximate": true,
        "coordinate_quality": "approximate_area_centroid",
        "matched_area": "okhla",
        "coordinate_method": "named_locality_centroid",
        "coordinate_confidence": "medium",
        "estimated_accuracy_m": 1200,
        "coordinate_warning": "Approximate locality/sector centre. This is not the verified vend entrance.",
        "coordinate_source": "Area-centroid approximation based on the locality wording in the official vend name",
        "coordinate_fill_version": "2026-07-29-area-centroid-fill-v1",
        "coordinate_order": "[longitude, latitude]"
      }
    },
    {
      "type": "Feature",
      "id": "dscsc-imfl-17",
      "geometry": {
        "type": "Point",
        "coordinates": [
          77.253,
          28.558
        ]
      },
      "properties": {
        "serial_no": 17,
        "name": "EAST OF KAILASH",
        "vend_category": "IMFL vend",
        "licence_class": "L-6 / official list heading",
        "operator": "Delhi State Civil Supplies Corporation Limited (DSCSC)",
        "jurisdiction": "NCT of Delhi",
        "geometry_status": "not published by source",
        "source_url": "https://dscsc.delhi.gov.in/dscsc/liquor-vends",
        "source_last_updated": "2026-07-17",
        "coordinate_search_source": "OpenStreetMap",
        "coordinate_search_status": "no high-confidence one-to-one OSM match assigned",
        "coordinate_is_approximate": true,
        "coordinate_quality": "approximate_area_centroid",
        "matched_area": "east of kailash",
        "coordinate_method": "named_locality_centroid",
        "coordinate_confidence": "medium",
        "estimated_accuracy_m": 1200,
        "coordinate_warning": "Approximate locality/sector centre. This is not the verified vend entrance.",
        "coordinate_source": "Area-centroid approximation based on the locality wording in the official vend name",
        "coordinate_fill_version": "2026-07-29-area-centroid-fill-v1",
        "coordinate_order": "[longitude, latitude]"
      }
    },
    {
      "type": "Feature",
      "id": "dscsc-imfl-18",
      "geometry": {
        "type": "Point",
        "coordinates": [
          77.263,
          28.541
        ]
      },
      "properties": {
        "serial_no": 18,
        "name": "GOVIND PURI",
        "vend_category": "IMFL vend",
        "licence_class": "L-6 / official list heading",
        "operator": "Delhi State Civil Supplies Corporation Limited (DSCSC)",
        "jurisdiction": "NCT of Delhi",
        "geometry_status": "not published by source",
        "source_url": "https://dscsc.delhi.gov.in/dscsc/liquor-vends",
        "source_last_updated": "2026-07-17",
        "coordinate_search_source": "OpenStreetMap",
        "coordinate_search_status": "no high-confidence one-to-one OSM match assigned",
        "coordinate_is_approximate": true,
        "coordinate_quality": "approximate_area_centroid",
        "matched_area": "govindpuri",
        "coordinate_method": "named_locality_centroid",
        "coordinate_confidence": "medium",
        "estimated_accuracy_m": 1200,
        "coordinate_warning": "Approximate locality/sector centre. This is not the verified vend entrance.",
        "coordinate_source": "Area-centroid approximation based on the locality wording in the official vend name",
        "coordinate_fill_version": "2026-07-29-area-centroid-fill-v1",
        "coordinate_order": "[longitude, latitude]"
      }
    },
    {
      "type": "Feature",
      "id": "dscsc-imfl-19",
      "geometry": {
        "type": "Point",
        "coordinates": [
          77.177,
          28.566
        ]
      },
      "properties": {
        "serial_no": 19,
        "name": "R K PURAM",
        "vend_category": "IMFL vend",
        "licence_class": "L-6 / official list heading",
        "operator": "Delhi State Civil Supplies Corporation Limited (DSCSC)",
        "jurisdiction": "NCT of Delhi",
        "geometry_status": "not published by source",
        "source_url": "https://dscsc.delhi.gov.in/dscsc/liquor-vends",
        "source_last_updated": "2026-07-17",
        "coordinate_search_source": "OpenStreetMap",
        "coordinate_search_status": "no high-confidence one-to-one OSM match assigned",
        "coordinate_is_approximate": true,
        "coordinate_quality": "approximate_area_centroid",
        "matched_area": "rk puram",
        "coordinate_method": "named_locality_centroid",
        "coordinate_confidence": "medium",
        "estimated_accuracy_m": 1200,
        "coordinate_warning": "Approximate locality/sector centre. This is not the verified vend entrance.",
        "coordinate_source": "Area-centroid approximation based on the locality wording in the official vend name",
        "coordinate_fill_version": "2026-07-29-area-centroid-fill-v1",
        "coordinate_order": "[longitude, latitude]"
      }
    },
    {
      "type": "Feature",
      "id": "dscsc-imfl-20",
      "geometry": {
        "type": "Point",
        "coordinates": [
          77.126,
          28.711
        ]
      },
      "properties": {
        "serial_no": 20,
        "name": "ROHINI SECTOR-9",
        "vend_category": "IMFL vend",
        "licence_class": "L-6 / official list heading",
        "operator": "Delhi State Civil Supplies Corporation Limited (DSCSC)",
        "jurisdiction": "NCT of Delhi",
        "geometry_status": "not published by source",
        "source_url": "https://dscsc.delhi.gov.in/dscsc/liquor-vends",
        "source_last_updated": "2026-07-17",
        "coordinate_search_source": "OpenStreetMap",
        "coordinate_search_status": "no high-confidence one-to-one OSM match assigned",
        "coordinate_is_approximate": true,
        "coordinate_quality": "approximate_area_centroid",
        "matched_area": "rohini sector 9",
        "coordinate_method": "sector_centroid",
        "coordinate_confidence": "medium",
        "estimated_accuracy_m": 800,
        "coordinate_warning": "Approximate locality/sector centre. This is not the verified vend entrance.",
        "coordinate_source": "Area-centroid approximation based on the locality wording in the official vend name",
        "coordinate_fill_version": "2026-07-29-area-centroid-fill-v1",
        "coordinate_order": "[longitude, latitude]"
      }
    },
    {
      "type": "Feature",
      "id": "dscsc-imfl-21",
      "geometry": {
        "type": "Point",
        "coordinates": [
          77.175,
          28.706
        ]
      },
      "properties": {
        "serial_no": 21,
        "name": "AZADPUR",
        "vend_category": "IMFL vend",
        "licence_class": "L-6 / official list heading",
        "operator": "Delhi State Civil Supplies Corporation Limited (DSCSC)",
        "jurisdiction": "NCT of Delhi",
        "geometry_status": "not published by source",
        "source_url": "https://dscsc.delhi.gov.in/dscsc/liquor-vends",
        "source_last_updated": "2026-07-17",
        "coordinate_search_source": "OpenStreetMap",
        "coordinate_search_status": "no high-confidence one-to-one OSM match assigned",
        "coordinate_is_approximate": true,
        "coordinate_quality": "approximate_area_centroid",
        "matched_area": "azadpur",
        "coordinate_method": "named_locality_centroid",
        "coordinate_confidence": "medium",
        "estimated_accuracy_m": 1200,
        "coordinate_warning": "Approximate locality/sector centre. This is not the verified vend entrance.",
        "coordinate_source": "Area-centroid approximation based on the locality wording in the official vend name",
        "coordinate_fill_version": "2026-07-29-area-centroid-fill-v1",
        "coordinate_order": "[longitude, latitude]"
      }
    },
    {
      "type": "Feature",
      "id": "dscsc-imfl-22",
      "geometry": {
        "type": "Point",
        "coordinates": [
          77.239,
          28.548
        ]
      },
      "properties": {
        "serial_no": 22,
        "name": "ZAMRUDPUR",
        "vend_category": "IMFL vend",
        "licence_class": "L-6 / official list heading",
        "operator": "Delhi State Civil Supplies Corporation Limited (DSCSC)",
        "jurisdiction": "NCT of Delhi",
        "geometry_status": "not published by source",
        "source_url": "https://dscsc.delhi.gov.in/dscsc/liquor-vends",
        "source_last_updated": "2026-07-17",
        "coordinate_search_source": "OpenStreetMap",
        "coordinate_search_status": "no high-confidence one-to-one OSM match assigned",
        "coordinate_is_approximate": true,
        "coordinate_quality": "approximate_area_centroid",
        "matched_area": "zamrudpur",
        "coordinate_method": "named_locality_centroid",
        "coordinate_confidence": "medium",
        "estimated_accuracy_m": 1200,
        "coordinate_warning": "Approximate locality/sector centre. This is not the verified vend entrance.",
        "coordinate_source": "Area-centroid approximation based on the locality wording in the official vend name",
        "coordinate_fill_version": "2026-07-29-area-centroid-fill-v1",
        "coordinate_order": "[longitude, latitude]"
      }
    },
    {
      "type": "Feature",
      "id": "dscsc-imfl-23",
      "geometry": {
        "type": "Point",
        "coordinates": [
          77.283,
          28.538
        ]
      },
      "properties": {
        "serial_no": 23,
        "name": "JASOLA DLF TOWER",
        "vend_category": "IMFL vend",
        "licence_class": "L-6 / official list heading",
        "operator": "Delhi State Civil Supplies Corporation Limited (DSCSC)",
        "jurisdiction": "NCT of Delhi",
        "geometry_status": "not published by source",
        "source_url": "https://dscsc.delhi.gov.in/dscsc/liquor-vends",
        "source_last_updated": "2026-07-17",
        "coordinate_search_source": "OpenStreetMap",
        "coordinate_search_status": "no high-confidence one-to-one OSM match assigned",
        "coordinate_is_approximate": true,
        "coordinate_quality": "approximate_area_centroid",
        "matched_area": "jasola",
        "coordinate_method": "named_locality_centroid",
        "coordinate_confidence": "medium",
        "estimated_accuracy_m": 1200,
        "coordinate_warning": "Approximate locality/sector centre. This is not the verified vend entrance.",
        "coordinate_source": "Area-centroid approximation based on the locality wording in the official vend name",
        "coordinate_fill_version": "2026-07-29-area-centroid-fill-v1",
        "coordinate_order": "[longitude, latitude]"
      }
    },
    {
      "type": "Feature",
      "id": "dscsc-imfl-24",
      "geometry": {
        "type": "Point",
        "coordinates": [
          77.198,
          28.649
        ]
      },
      "properties": {
        "serial_no": 24,
        "name": "D B G MARKET",
        "vend_category": "IMFL vend",
        "licence_class": "L-6 / official list heading",
        "operator": "Delhi State Civil Supplies Corporation Limited (DSCSC)",
        "jurisdiction": "NCT of Delhi",
        "geometry_status": "not published by source",
        "source_url": "https://dscsc.delhi.gov.in/dscsc/liquor-vends",
        "source_last_updated": "2026-07-17",
        "coordinate_search_source": "OpenStreetMap",
        "coordinate_search_status": "no high-confidence one-to-one OSM match assigned",
        "coordinate_is_approximate": true,
        "coordinate_quality": "approximate_area_centroid",
        "matched_area": "dbg market",
        "coordinate_method": "named_locality_centroid",
        "coordinate_confidence": "medium",
        "estimated_accuracy_m": 1200,
        "coordinate_warning": "Approximate locality/sector centre. This is not the verified vend entrance.",
        "coordinate_source": "Area-centroid approximation based on the locality wording in the official vend name",
        "coordinate_fill_version": "2026-07-29-area-centroid-fill-v1",
        "coordinate_order": "[longitude, latitude]"
      }
    },
    {
      "type": "Feature",
      "id": "dscsc-imfl-25",
      "geometry": {
        "type": "Point",
        "coordinates": [
          77.045,
          28.62
        ]
      },
      "properties": {
        "serial_no": 25,
        "name": "NAWADA",
        "vend_category": "IMFL vend",
        "licence_class": "L-6 / official list heading",
        "operator": "Delhi State Civil Supplies Corporation Limited (DSCSC)",
        "jurisdiction": "NCT of Delhi",
        "geometry_status": "not published by source",
        "source_url": "https://dscsc.delhi.gov.in/dscsc/liquor-vends",
        "source_last_updated": "2026-07-17",
        "coordinate_search_source": "OpenStreetMap",
        "coordinate_search_status": "no high-confidence one-to-one OSM match assigned",
        "coordinate_is_approximate": true,
        "coordinate_quality": "approximate_area_centroid",
        "matched_area": "nawada",
        "coordinate_method": "named_locality_centroid",
        "coordinate_confidence": "medium",
        "estimated_accuracy_m": 1200,
        "coordinate_warning": "Approximate locality/sector centre. This is not the verified vend entrance.",
        "coordinate_source": "Area-centroid approximation based on the locality wording in the official vend name",
        "coordinate_fill_version": "2026-07-29-area-centroid-fill-v1",
        "coordinate_order": "[longitude, latitude]"
      }
    },
    {
      "type": "Feature",
      "id": "dscsc-imfl-26",
      "geometry": {
        "type": "Point",
        "coordinates": [
          77.263,
          28.511
        ]
      },
      "properties": {
        "serial_no": 26,
        "name": "T K D EXTN.",
        "vend_category": "IMFL vend",
        "licence_class": "L-6 / official list heading",
        "operator": "Delhi State Civil Supplies Corporation Limited (DSCSC)",
        "jurisdiction": "NCT of Delhi",
        "geometry_status": "not published by source",
        "source_url": "https://dscsc.delhi.gov.in/dscsc/liquor-vends",
        "source_last_updated": "2026-07-17",
        "coordinate_search_source": "OpenStreetMap",
        "coordinate_search_status": "no high-confidence one-to-one OSM match assigned",
        "coordinate_is_approximate": true,
        "coordinate_quality": "approximate_area_centroid",
        "matched_area": "tughlakabad extension",
        "coordinate_method": "named_locality_centroid",
        "coordinate_confidence": "medium",
        "estimated_accuracy_m": 1200,
        "coordinate_warning": "Approximate locality/sector centre. This is not the verified vend entrance.",
        "coordinate_source": "Area-centroid approximation based on the locality wording in the official vend name",
        "coordinate_fill_version": "2026-07-29-area-centroid-fill-v1",
        "coordinate_order": "[longitude, latitude]"
      }
    },
    {
      "type": "Feature",
      "id": "dscsc-imfl-27",
      "geometry": {
        "type": "Point",
        "coordinates": [
          77.087,
          28.696
        ]
      },
      "properties": {
        "serial_no": 27,
        "name": "MANGOL PURI",
        "vend_category": "IMFL vend",
        "licence_class": "L-6 / official list heading",
        "operator": "Delhi State Civil Supplies Corporation Limited (DSCSC)",
        "jurisdiction": "NCT of Delhi",
        "geometry_status": "not published by source",
        "source_url": "https://dscsc.delhi.gov.in/dscsc/liquor-vends",
        "source_last_updated": "2026-07-17",
        "coordinate_search_source": "OpenStreetMap",
        "coordinate_search_status": "no high-confidence one-to-one OSM match assigned",
        "coordinate_is_approximate": true,
        "coordinate_quality": "approximate_area_centroid",
        "matched_area": "mangolpuri",
        "coordinate_method": "named_locality_centroid",
        "coordinate_confidence": "medium",
        "estimated_accuracy_m": 1200,
        "coordinate_warning": "Approximate locality/sector centre. This is not the verified vend entrance.",
        "coordinate_source": "Area-centroid approximation based on the locality wording in the official vend name",
        "coordinate_fill_version": "2026-07-29-area-centroid-fill-v1",
        "coordinate_order": "[longitude, latitude]"
      }
    },
    {
      "type": "Feature",
      "id": "dscsc-imfl-28",
      "geometry": {
        "type": "Point",
        "coordinates": [
          77.162,
          28.725
        ]
      },
      "properties": {
        "serial_no": 28,
        "name": "JAHANGIR PURI",
        "vend_category": "IMFL vend",
        "licence_class": "L-6 / official list heading",
        "operator": "Delhi State Civil Supplies Corporation Limited (DSCSC)",
        "jurisdiction": "NCT of Delhi",
        "geometry_status": "not published by source",
        "source_url": "https://dscsc.delhi.gov.in/dscsc/liquor-vends",
        "source_last_updated": "2026-07-17",
        "coordinate_search_source": "OpenStreetMap",
        "coordinate_search_status": "no high-confidence one-to-one OSM match assigned",
        "coordinate_is_approximate": true,
        "coordinate_quality": "approximate_area_centroid",
        "matched_area": "jahangirpuri",
        "coordinate_method": "named_locality_centroid",
        "coordinate_confidence": "medium",
        "estimated_accuracy_m": 1200,
        "coordinate_warning": "Approximate locality/sector centre. This is not the verified vend entrance.",
        "coordinate_source": "Area-centroid approximation based on the locality wording in the official vend name",
        "coordinate_fill_version": "2026-07-29-area-centroid-fill-v1",
        "coordinate_order": "[longitude, latitude]"
      }
    },
    {
      "type": "Feature",
      "id": "dscsc-imfl-29",
      "geometry": {
        "type": "Point",
        "coordinates": [
          77.116,
          28.724
        ]
      },
      "properties": {
        "serial_no": 29,
        "name": "ROHINI SECTOR-11",
        "vend_category": "IMFL vend",
        "licence_class": "L-6 / official list heading",
        "operator": "Delhi State Civil Supplies Corporation Limited (DSCSC)",
        "jurisdiction": "NCT of Delhi",
        "geometry_status": "not published by source",
        "source_url": "https://dscsc.delhi.gov.in/dscsc/liquor-vends",
        "source_last_updated": "2026-07-17",
        "coordinate_search_source": "OpenStreetMap",
        "coordinate_search_status": "no high-confidence one-to-one OSM match assigned",
        "coordinate_is_approximate": true,
        "coordinate_quality": "approximate_area_centroid",
        "matched_area": "rohini sector 11",
        "coordinate_method": "sector_centroid",
        "coordinate_confidence": "medium",
        "estimated_accuracy_m": 800,
        "coordinate_warning": "Approximate locality/sector centre. This is not the verified vend entrance.",
        "coordinate_source": "Area-centroid approximation based on the locality wording in the official vend name",
        "coordinate_fill_version": "2026-07-29-area-centroid-fill-v1",
        "coordinate_order": "[longitude, latitude]"
      }
    },
    {
      "type": "Feature",
      "id": "dscsc-imfl-30",
      "geometry": {
        "type": "Point",
        "coordinates": [
          77.266,
          28.7
        ]
      },
      "properties": {
        "serial_no": 30,
        "name": "SOUTH GAMRI BLOCK A",
        "vend_category": "IMFL vend",
        "licence_class": "L-6 / official list heading",
        "operator": "Delhi State Civil Supplies Corporation Limited (DSCSC)",
        "jurisdiction": "NCT of Delhi",
        "geometry_status": "not published by source",
        "source_url": "https://dscsc.delhi.gov.in/dscsc/liquor-vends",
        "source_last_updated": "2026-07-17",
        "coordinate_search_source": "OpenStreetMap",
        "coordinate_search_status": "no high-confidence one-to-one OSM match assigned",
        "coordinate_is_approximate": true,
        "coordinate_quality": "approximate_area_centroid",
        "matched_area": "south gamri",
        "coordinate_method": "named_locality_centroid",
        "coordinate_confidence": "medium",
        "estimated_accuracy_m": 1200,
        "coordinate_warning": "Approximate locality/sector centre. This is not the verified vend entrance.",
        "coordinate_source": "Area-centroid approximation based on the locality wording in the official vend name",
        "coordinate_fill_version": "2026-07-29-area-centroid-fill-v1",
        "coordinate_order": "[longitude, latitude]"
      }
    },
    {
      "type": "Feature",
      "id": "dscsc-imfl-31",
      "geometry": {
        "type": "Point",
        "coordinates": [
          77.303,
          28.493
        ]
      },
      "properties": {
        "serial_no": 31,
        "name": "BADARPUR",
        "vend_category": "IMFL vend",
        "licence_class": "L-6 / official list heading",
        "operator": "Delhi State Civil Supplies Corporation Limited (DSCSC)",
        "jurisdiction": "NCT of Delhi",
        "geometry_status": "not published by source",
        "source_url": "https://dscsc.delhi.gov.in/dscsc/liquor-vends",
        "source_last_updated": "2026-07-17",
        "coordinate_search_source": "OpenStreetMap",
        "coordinate_search_status": "no high-confidence one-to-one OSM match assigned",
        "coordinate_is_approximate": true,
        "coordinate_quality": "approximate_area_centroid",
        "matched_area": "badarpur",
        "coordinate_method": "named_locality_centroid",
        "coordinate_confidence": "medium",
        "estimated_accuracy_m": 1200,
        "coordinate_warning": "Approximate locality/sector centre. This is not the verified vend entrance.",
        "coordinate_source": "Area-centroid approximation based on the locality wording in the official vend name",
        "coordinate_fill_version": "2026-07-29-area-centroid-fill-v1",
        "coordinate_order": "[longitude, latitude]"
      }
    },
    {
      "type": "Feature",
      "id": "dscsc-imfl-32",
      "geometry": {
        "type": "Point",
        "coordinates": [
          77.228,
          28.702
        ]
      },
      "properties": {
        "serial_no": 32,
        "name": "MAJNU KA TILA",
        "vend_category": "IMFL vend",
        "licence_class": "L-6 / official list heading",
        "operator": "Delhi State Civil Supplies Corporation Limited (DSCSC)",
        "jurisdiction": "NCT of Delhi",
        "geometry_status": "not published by source",
        "source_url": "https://dscsc.delhi.gov.in/dscsc/liquor-vends",
        "source_last_updated": "2026-07-17",
        "coordinate_search_source": "OpenStreetMap",
        "coordinate_search_status": "no high-confidence one-to-one OSM match assigned",
        "coordinate_is_approximate": true,
        "coordinate_quality": "approximate_area_centroid",
        "matched_area": "majnu ka tila",
        "coordinate_method": "named_locality_centroid",
        "coordinate_confidence": "medium",
        "estimated_accuracy_m": 1200,
        "coordinate_warning": "Approximate locality/sector centre. This is not the verified vend entrance.",
        "coordinate_source": "Area-centroid approximation based on the locality wording in the official vend name",
        "coordinate_fill_version": "2026-07-29-area-centroid-fill-v1",
        "coordinate_order": "[longitude, latitude]"
      }
    },
    {
      "type": "Feature",
      "id": "dscsc-imfl-33",
      "geometry": {
        "type": "Point",
        "coordinates": [
          77.175,
          28.706
        ]
      },
      "properties": {
        "serial_no": 33,
        "name": "AZADPUR, GUPTA CORNER",
        "vend_category": "IMFL vend",
        "licence_class": "L-6 / official list heading",
        "operator": "Delhi State Civil Supplies Corporation Limited (DSCSC)",
        "jurisdiction": "NCT of Delhi",
        "geometry_status": "not published by source",
        "source_url": "https://dscsc.delhi.gov.in/dscsc/liquor-vends",
        "source_last_updated": "2026-07-17",
        "coordinate_search_source": "OpenStreetMap",
        "coordinate_search_status": "no high-confidence one-to-one OSM match assigned",
        "coordinate_is_approximate": true,
        "coordinate_quality": "approximate_area_centroid",
        "matched_area": "azadpur",
        "coordinate_method": "named_locality_centroid",
        "coordinate_confidence": "medium",
        "estimated_accuracy_m": 1200,
        "coordinate_warning": "Approximate locality/sector centre. This is not the verified vend entrance.",
        "coordinate_source": "Area-centroid approximation based on the locality wording in the official vend name",
        "coordinate_fill_version": "2026-07-29-area-centroid-fill-v1",
        "coordinate_order": "[longitude, latitude]"
      }
    },
    {
      "type": "Feature",
      "id": "dscsc-imfl-34",
      "geometry": {
        "type": "Point",
        "coordinates": [
          77.258,
          28.684
        ]
      },
      "properties": {
        "serial_no": 34,
        "name": "NEW USMANPUR",
        "vend_category": "IMFL vend",
        "licence_class": "L-6 / official list heading",
        "operator": "Delhi State Civil Supplies Corporation Limited (DSCSC)",
        "jurisdiction": "NCT of Delhi",
        "geometry_status": "not published by source",
        "source_url": "https://dscsc.delhi.gov.in/dscsc/liquor-vends",
        "source_last_updated": "2026-07-17",
        "coordinate_search_source": "OpenStreetMap",
        "coordinate_search_status": "no high-confidence one-to-one OSM match assigned",
        "coordinate_is_approximate": true,
        "coordinate_quality": "approximate_area_centroid",
        "matched_area": "new usmanpur",
        "coordinate_method": "named_locality_centroid",
        "coordinate_confidence": "medium",
        "estimated_accuracy_m": 1200,
        "coordinate_warning": "Approximate locality/sector centre. This is not the verified vend entrance.",
        "coordinate_source": "Area-centroid approximation based on the locality wording in the official vend name",
        "coordinate_fill_version": "2026-07-29-area-centroid-fill-v1",
        "coordinate_order": "[longitude, latitude]"
      }
    },
    {
      "type": "Feature",
      "id": "dscsc-imfl-35",
      "geometry": {
        "type": "Point",
        "coordinates": [
          77.11,
          28.609
        ]
      },
      "properties": {
        "serial_no": 35,
        "name": "NANGAL RAI",
        "vend_category": "IMFL vend",
        "licence_class": "L-6 / official list heading",
        "operator": "Delhi State Civil Supplies Corporation Limited (DSCSC)",
        "jurisdiction": "NCT of Delhi",
        "geometry_status": "not published by source",
        "source_url": "https://dscsc.delhi.gov.in/dscsc/liquor-vends",
        "source_last_updated": "2026-07-17",
        "coordinate_search_source": "OpenStreetMap",
        "coordinate_search_status": "no high-confidence one-to-one OSM match assigned",
        "coordinate_is_approximate": true,
        "coordinate_quality": "approximate_area_centroid",
        "matched_area": "nangal rai",
        "coordinate_method": "interpreted_locality_centroid",
        "coordinate_confidence": "medium",
        "estimated_accuracy_m": 1500,
        "coordinate_warning": "Approximate locality/sector centre. This is not the verified vend entrance.",
        "coordinate_source": "Area-centroid approximation based on the locality wording in the official vend name",
        "coordinate_fill_version": "2026-07-29-area-centroid-fill-v1",
        "coordinate_order": "[longitude, latitude]"
      }
    },
    {
      "type": "Feature",
      "id": "dscsc-imfl-36",
      "geometry": {
        "type": "Point",
        "coordinates": [
          77.174,
          28.554
        ]
      },
      "properties": {
        "serial_no": 36,
        "name": "MUNIRKA",
        "vend_category": "IMFL vend",
        "licence_class": "L-6 / official list heading",
        "operator": "Delhi State Civil Supplies Corporation Limited (DSCSC)",
        "jurisdiction": "NCT of Delhi",
        "geometry_status": "not published by source",
        "source_url": "https://dscsc.delhi.gov.in/dscsc/liquor-vends",
        "source_last_updated": "2026-07-17",
        "coordinate_search_source": "OpenStreetMap",
        "coordinate_search_status": "no high-confidence one-to-one OSM match assigned",
        "coordinate_is_approximate": true,
        "coordinate_quality": "approximate_area_centroid",
        "matched_area": "munirka",
        "coordinate_method": "named_locality_centroid",
        "coordinate_confidence": "medium",
        "estimated_accuracy_m": 1200,
        "coordinate_warning": "Approximate locality/sector centre. This is not the verified vend entrance.",
        "coordinate_source": "Area-centroid approximation based on the locality wording in the official vend name",
        "coordinate_fill_version": "2026-07-29-area-centroid-fill-v1",
        "coordinate_order": "[longitude, latitude]"
      }
    },
    {
      "type": "Feature",
      "id": "dscsc-imfl-37",
      "geometry": {
        "type": "Point",
        "coordinates": [
          77.21,
          28.646
        ]
      },
      "properties": {
        "serial_no": 37,
        "name": "SHORA KOTHI",
        "vend_category": "IMFL vend",
        "licence_class": "L-6 / official list heading",
        "operator": "Delhi State Civil Supplies Corporation Limited (DSCSC)",
        "jurisdiction": "NCT of Delhi",
        "geometry_status": "not published by source",
        "source_url": "https://dscsc.delhi.gov.in/dscsc/liquor-vends",
        "source_last_updated": "2026-07-17",
        "coordinate_search_source": "OpenStreetMap",
        "coordinate_search_status": "no high-confidence one-to-one OSM match assigned",
        "coordinate_is_approximate": true,
        "coordinate_quality": "approximate_area_centroid",
        "matched_area": "shora kothi",
        "coordinate_method": "named_parent_area_centroid",
        "coordinate_confidence": "low",
        "estimated_accuracy_m": 3000,
        "coordinate_warning": "Approximate locality/sector centre. This is not the verified vend entrance.",
        "coordinate_source": "Area-centroid approximation based on the locality wording in the official vend name",
        "coordinate_fill_version": "2026-07-29-area-centroid-fill-v1",
        "coordinate_order": "[longitude, latitude]"
      }
    },
    {
      "type": "Feature",
      "id": "dscsc-imfl-38",
      "geometry": {
        "type": "Point",
        "coordinates": [
          77.207,
          28.676
        ]
      },
      "properties": {
        "serial_no": 38,
        "name": "MALKAGANJ",
        "vend_category": "IMFL vend",
        "licence_class": "L-6 / official list heading",
        "operator": "Delhi State Civil Supplies Corporation Limited (DSCSC)",
        "jurisdiction": "NCT of Delhi",
        "geometry_status": "not published by source",
        "source_url": "https://dscsc.delhi.gov.in/dscsc/liquor-vends",
        "source_last_updated": "2026-07-17",
        "coordinate_search_source": "OpenStreetMap",
        "coordinate_search_status": "no high-confidence one-to-one OSM match assigned",
        "coordinate_is_approximate": true,
        "coordinate_quality": "approximate_area_centroid",
        "matched_area": "malkaganj",
        "coordinate_method": "named_locality_centroid",
        "coordinate_confidence": "medium",
        "estimated_accuracy_m": 1200,
        "coordinate_warning": "Approximate locality/sector centre. This is not the verified vend entrance.",
        "coordinate_source": "Area-centroid approximation based on the locality wording in the official vend name",
        "coordinate_fill_version": "2026-07-29-area-centroid-fill-v1",
        "coordinate_order": "[longitude, latitude]"
      }
    },
    {
      "type": "Feature",
      "id": "dscsc-imfl-39",
      "geometry": {
        "type": "Point",
        "coordinates": [
          77.119,
          28.731
        ]
      },
      "properties": {
        "serial_no": 39,
        "name": "ROHINI SECTOR-16",
        "vend_category": "IMFL vend",
        "licence_class": "L-6 / official list heading",
        "operator": "Delhi State Civil Supplies Corporation Limited (DSCSC)",
        "jurisdiction": "NCT of Delhi",
        "geometry_status": "not published by source",
        "source_url": "https://dscsc.delhi.gov.in/dscsc/liquor-vends",
        "source_last_updated": "2026-07-17",
        "coordinate_search_source": "OpenStreetMap",
        "coordinate_search_status": "no high-confidence one-to-one OSM match assigned",
        "coordinate_is_approximate": true,
        "coordinate_quality": "approximate_area_centroid",
        "matched_area": "rohini sector 16",
        "coordinate_method": "sector_centroid",
        "coordinate_confidence": "medium",
        "estimated_accuracy_m": 800,
        "coordinate_warning": "Approximate locality/sector centre. This is not the verified vend entrance.",
        "coordinate_source": "Area-centroid approximation based on the locality wording in the official vend name",
        "coordinate_fill_version": "2026-07-29-area-centroid-fill-v1",
        "coordinate_order": "[longitude, latitude]"
      }
    },
    {
      "type": "Feature",
      "id": "dscsc-imfl-40",
      "geometry": {
        "type": "Point",
        "coordinates": [
          77.112,
          28.643
        ]
      },
      "properties": {
        "serial_no": 40,
        "name": "PACIFIC MALL KP BLOCK",
        "vend_category": "IMFL vend",
        "licence_class": "L-6 / official list heading",
        "operator": "Delhi State Civil Supplies Corporation Limited (DSCSC)",
        "jurisdiction": "NCT of Delhi",
        "geometry_status": "not published by source",
        "source_url": "https://dscsc.delhi.gov.in/dscsc/liquor-vends",
        "source_last_updated": "2026-07-17",
        "coordinate_search_source": "OpenStreetMap",
        "coordinate_search_status": "no high-confidence one-to-one OSM match assigned",
        "coordinate_is_approximate": true,
        "coordinate_quality": "approximate_area_centroid",
        "matched_area": "pacific mall tagore garden",
        "coordinate_method": "interpreted_locality_centroid",
        "coordinate_confidence": "medium",
        "estimated_accuracy_m": 1500,
        "coordinate_warning": "Approximate locality/sector centre. This is not the verified vend entrance.",
        "coordinate_source": "Area-centroid approximation based on the locality wording in the official vend name",
        "coordinate_fill_version": "2026-07-29-area-centroid-fill-v1",
        "coordinate_order": "[longitude, latitude]"
      }
    },
    {
      "type": "Feature",
      "id": "dscsc-imfl-41",
      "geometry": {
        "type": "Point",
        "coordinates": [
          77.305,
          28.627
        ]
      },
      "properties": {
        "serial_no": 41,
        "name": "MANDAWALI",
        "vend_category": "IMFL vend",
        "licence_class": "L-6 / official list heading",
        "operator": "Delhi State Civil Supplies Corporation Limited (DSCSC)",
        "jurisdiction": "NCT of Delhi",
        "geometry_status": "not published by source",
        "source_url": "https://dscsc.delhi.gov.in/dscsc/liquor-vends",
        "source_last_updated": "2026-07-17",
        "coordinate_search_source": "OpenStreetMap",
        "coordinate_search_status": "no high-confidence one-to-one OSM match assigned",
        "coordinate_is_approximate": true,
        "coordinate_quality": "approximate_area_centroid",
        "matched_area": "mandawali",
        "coordinate_method": "named_locality_centroid",
        "coordinate_confidence": "medium",
        "estimated_accuracy_m": 1200,
        "coordinate_warning": "Approximate locality/sector centre. This is not the verified vend entrance.",
        "coordinate_source": "Area-centroid approximation based on the locality wording in the official vend name",
        "coordinate_fill_version": "2026-07-29-area-centroid-fill-v1",
        "coordinate_order": "[longitude, latitude]"
      }
    },
    {
      "type": "Feature",
      "id": "dscsc-imfl-42",
      "geometry": {
        "type": "Point",
        "coordinates": [
          77.126,
          28.706
        ]
      },
      "properties": {
        "serial_no": 42,
        "name": "ROHINI SECTOR-8",
        "vend_category": "IMFL vend",
        "licence_class": "L-6 / official list heading",
        "operator": "Delhi State Civil Supplies Corporation Limited (DSCSC)",
        "jurisdiction": "NCT of Delhi",
        "geometry_status": "not published by source",
        "source_url": "https://dscsc.delhi.gov.in/dscsc/liquor-vends",
        "source_last_updated": "2026-07-17",
        "coordinate_search_source": "OpenStreetMap",
        "coordinate_search_status": "no high-confidence one-to-one OSM match assigned",
        "coordinate_is_approximate": true,
        "coordinate_quality": "approximate_area_centroid",
        "matched_area": "rohini sector 8",
        "coordinate_method": "sector_centroid",
        "coordinate_confidence": "medium",
        "estimated_accuracy_m": 800,
        "coordinate_warning": "Approximate locality/sector centre. This is not the verified vend entrance.",
        "coordinate_source": "Area-centroid approximation based on the locality wording in the official vend name",
        "coordinate_fill_version": "2026-07-29-area-centroid-fill-v1",
        "coordinate_order": "[longitude, latitude]"
      }
    },
    {
      "type": "Feature",
      "id": "dscsc-imfl-43",
      "geometry": {
        "type": "Point",
        "coordinates": [
          77.116,
          28.711
        ]
      },
      "properties": {
        "serial_no": 43,
        "name": "ROHINI SECTOR-4",
        "vend_category": "IMFL vend",
        "licence_class": "L-6 / official list heading",
        "operator": "Delhi State Civil Supplies Corporation Limited (DSCSC)",
        "jurisdiction": "NCT of Delhi",
        "geometry_status": "not published by source",
        "source_url": "https://dscsc.delhi.gov.in/dscsc/liquor-vends",
        "source_last_updated": "2026-07-17",
        "coordinate_search_source": "OpenStreetMap",
        "coordinate_search_status": "no high-confidence one-to-one OSM match assigned",
        "coordinate_is_approximate": true,
        "coordinate_quality": "approximate_area_centroid",
        "matched_area": "rohini sector 4",
        "coordinate_method": "sector_centroid",
        "coordinate_confidence": "medium",
        "estimated_accuracy_m": 800,
        "coordinate_warning": "Approximate locality/sector centre. This is not the verified vend entrance.",
        "coordinate_source": "Area-centroid approximation based on the locality wording in the official vend name",
        "coordinate_fill_version": "2026-07-29-area-centroid-fill-v1",
        "coordinate_order": "[longitude, latitude]"
      }
    },
    {
      "type": "Feature",
      "id": "dscsc-imfl-44",
      "geometry": {
        "type": "Point",
        "coordinates": [
          77.034,
          28.799
        ]
      },
      "properties": {
        "serial_no": 44,
        "name": "BAWANA, SEC-3",
        "vend_category": "IMFL vend",
        "licence_class": "L-6 / official list heading",
        "operator": "Delhi State Civil Supplies Corporation Limited (DSCSC)",
        "jurisdiction": "NCT of Delhi",
        "geometry_status": "not published by source",
        "source_url": "https://dscsc.delhi.gov.in/dscsc/liquor-vends",
        "source_last_updated": "2026-07-17",
        "coordinate_search_source": "OpenStreetMap",
        "coordinate_search_status": "no high-confidence one-to-one OSM match assigned",
        "coordinate_is_approximate": true,
        "coordinate_quality": "approximate_area_centroid",
        "matched_area": "bawana sector 3",
        "coordinate_method": "named_locality_centroid",
        "coordinate_confidence": "medium",
        "estimated_accuracy_m": 1200,
        "coordinate_warning": "Approximate locality/sector centre. This is not the verified vend entrance.",
        "coordinate_source": "Area-centroid approximation based on the locality wording in the official vend name",
        "coordinate_fill_version": "2026-07-29-area-centroid-fill-v1",
        "coordinate_order": "[longitude, latitude]"
      }
    },
    {
      "type": "Feature",
      "id": "dscsc-imfl-45",
      "geometry": {
        "type": "Point",
        "coordinates": [
          77.237,
          28.551
        ]
      },
      "properties": {
        "serial_no": 45,
        "name": "GREATER KAILASH -I",
        "vend_category": "IMFL vend",
        "licence_class": "L-6 / official list heading",
        "operator": "Delhi State Civil Supplies Corporation Limited (DSCSC)",
        "jurisdiction": "NCT of Delhi",
        "geometry_status": "not published by source",
        "source_url": "https://dscsc.delhi.gov.in/dscsc/liquor-vends",
        "source_last_updated": "2026-07-17",
        "coordinate_search_source": "OpenStreetMap",
        "coordinate_search_status": "no high-confidence one-to-one OSM match assigned",
        "coordinate_is_approximate": true,
        "coordinate_quality": "approximate_area_centroid",
        "matched_area": "greater kailash 1",
        "coordinate_method": "fuzzy_locality_centroid",
        "coordinate_confidence": "low",
        "estimated_accuracy_m": 2200,
        "coordinate_warning": "Approximate locality/sector centre. This is not the verified vend entrance.",
        "coordinate_source": "Area-centroid approximation based on the locality wording in the official vend name",
        "coordinate_fill_version": "2026-07-29-area-centroid-fill-v1",
        "coordinate_order": "[longitude, latitude]"
      }
    },
    {
      "type": "Feature",
      "id": "dscsc-imfl-46",
      "geometry": {
        "type": "Point",
        "coordinates": [
          77.255,
          28.535
        ]
      },
      "properties": {
        "serial_no": 46,
        "name": "KALKAJI, KRISHNA MKT",
        "vend_category": "IMFL vend",
        "licence_class": "L-6 / official list heading",
        "operator": "Delhi State Civil Supplies Corporation Limited (DSCSC)",
        "jurisdiction": "NCT of Delhi",
        "geometry_status": "not published by source",
        "source_url": "https://dscsc.delhi.gov.in/dscsc/liquor-vends",
        "source_last_updated": "2026-07-17",
        "coordinate_search_source": "OpenStreetMap",
        "coordinate_search_status": "no high-confidence one-to-one OSM match assigned",
        "coordinate_is_approximate": true,
        "coordinate_quality": "approximate_area_centroid",
        "matched_area": "kalkaji",
        "coordinate_method": "named_locality_centroid",
        "coordinate_confidence": "medium",
        "estimated_accuracy_m": 1200,
        "coordinate_warning": "Approximate locality/sector centre. This is not the verified vend entrance.",
        "coordinate_source": "Area-centroid approximation based on the locality wording in the official vend name",
        "coordinate_fill_version": "2026-07-29-area-centroid-fill-v1",
        "coordinate_order": "[longitude, latitude]"
      }
    },
    {
      "type": "Feature",
      "id": "dscsc-imfl-47",
      "geometry": {
        "type": "Point",
        "coordinates": [
          77.279,
          28.656
        ]
      },
      "properties": {
        "serial_no": 47,
        "name": "KRISHNA NAGAR A4/17",
        "vend_category": "IMFL vend",
        "licence_class": "L-6 / official list heading",
        "operator": "Delhi State Civil Supplies Corporation Limited (DSCSC)",
        "jurisdiction": "NCT of Delhi",
        "geometry_status": "not published by source",
        "source_url": "https://dscsc.delhi.gov.in/dscsc/liquor-vends",
        "source_last_updated": "2026-07-17",
        "coordinate_search_source": "OpenStreetMap",
        "coordinate_search_status": "no high-confidence one-to-one OSM match assigned",
        "coordinate_is_approximate": true,
        "coordinate_quality": "approximate_area_centroid",
        "matched_area": "krishna nagar",
        "coordinate_method": "named_locality_centroid",
        "coordinate_confidence": "medium",
        "estimated_accuracy_m": 1200,
        "coordinate_warning": "Approximate locality/sector centre. This is not the verified vend entrance.",
        "coordinate_source": "Area-centroid approximation based on the locality wording in the official vend name",
        "coordinate_fill_version": "2026-07-29-area-centroid-fill-v1",
        "coordinate_order": "[longitude, latitude]"
      }
    },
    {
      "type": "Feature",
      "id": "dscsc-imfl-48",
      "geometry": {
        "type": "Point",
        "coordinates": [
          77.329,
          28.685
        ]
      },
      "properties": {
        "serial_no": 48,
        "name": "SEEMA PURI",
        "vend_category": "IMFL vend",
        "licence_class": "L-6 / official list heading",
        "operator": "Delhi State Civil Supplies Corporation Limited (DSCSC)",
        "jurisdiction": "NCT of Delhi",
        "geometry_status": "not published by source",
        "source_url": "https://dscsc.delhi.gov.in/dscsc/liquor-vends",
        "source_last_updated": "2026-07-17",
        "coordinate_search_source": "OpenStreetMap",
        "coordinate_search_status": "no high-confidence one-to-one OSM match assigned",
        "coordinate_is_approximate": true,
        "coordinate_quality": "approximate_area_centroid",
        "matched_area": "seemapuri",
        "coordinate_method": "named_locality_centroid",
        "coordinate_confidence": "medium",
        "estimated_accuracy_m": 1200,
        "coordinate_warning": "Approximate locality/sector centre. This is not the verified vend entrance.",
        "coordinate_source": "Area-centroid approximation based on the locality wording in the official vend name",
        "coordinate_fill_version": "2026-07-29-area-centroid-fill-v1",
        "coordinate_order": "[longitude, latitude]"
      }
    },
    {
      "type": "Feature",
      "id": "dscsc-imfl-49",
      "geometry": {
        "type": "Point",
        "coordinates": [
          77.043,
          28.578
        ]
      },
      "properties": {
        "serial_no": 49,
        "name": "DWARKA SEC 19",
        "vend_category": "IMFL vend",
        "licence_class": "L-6 / official list heading",
        "operator": "Delhi State Civil Supplies Corporation Limited (DSCSC)",
        "jurisdiction": "NCT of Delhi",
        "geometry_status": "not published by source",
        "source_url": "https://dscsc.delhi.gov.in/dscsc/liquor-vends",
        "source_last_updated": "2026-07-17",
        "coordinate_search_source": "OpenStreetMap",
        "coordinate_search_status": "no high-confidence one-to-one OSM match assigned",
        "coordinate_is_approximate": true,
        "coordinate_quality": "approximate_area_centroid",
        "matched_area": "dwarka sector 19",
        "coordinate_method": "sector_centroid",
        "coordinate_confidence": "medium",
        "estimated_accuracy_m": 900,
        "coordinate_warning": "Approximate locality/sector centre. This is not the verified vend entrance.",
        "coordinate_source": "Area-centroid approximation based on the locality wording in the official vend name",
        "coordinate_fill_version": "2026-07-29-area-centroid-fill-v1",
        "coordinate_order": "[longitude, latitude]"
      }
    },
    {
      "type": "Feature",
      "id": "dscsc-imfl-50",
      "geometry": {
        "type": "Point",
        "coordinates": [
          77.163,
          28.672
        ]
      },
      "properties": {
        "serial_no": 50,
        "name": "SHAHZADABAGH",
        "vend_category": "IMFL vend",
        "licence_class": "L-6 / official list heading",
        "operator": "Delhi State Civil Supplies Corporation Limited (DSCSC)",
        "jurisdiction": "NCT of Delhi",
        "geometry_status": "not published by source",
        "source_url": "https://dscsc.delhi.gov.in/dscsc/liquor-vends",
        "source_last_updated": "2026-07-17",
        "coordinate_search_source": "OpenStreetMap",
        "coordinate_search_status": "no high-confidence one-to-one OSM match assigned",
        "coordinate_is_approximate": true,
        "coordinate_quality": "approximate_area_centroid",
        "matched_area": "shahzada bagh",
        "coordinate_method": "named_locality_centroid",
        "coordinate_confidence": "medium",
        "estimated_accuracy_m": 1200,
        "coordinate_warning": "Approximate locality/sector centre. This is not the verified vend entrance.",
        "coordinate_source": "Area-centroid approximation based on the locality wording in the official vend name",
        "coordinate_fill_version": "2026-07-29-area-centroid-fill-v1",
        "coordinate_order": "[longitude, latitude]"
      }
    },
    {
      "type": "Feature",
      "id": "dscsc-imfl-51",
      "geometry": {
        "type": "Point",
        "coordinates": [
          77.287,
          28.664
        ]
      },
      "properties": {
        "serial_no": 51,
        "name": "VISHWAS NAGAR",
        "vend_category": "IMFL vend",
        "licence_class": "L-6 / official list heading",
        "operator": "Delhi State Civil Supplies Corporation Limited (DSCSC)",
        "jurisdiction": "NCT of Delhi",
        "geometry_status": "not published by source",
        "source_url": "https://dscsc.delhi.gov.in/dscsc/liquor-vends",
        "source_last_updated": "2026-07-17",
        "coordinate_search_source": "OpenStreetMap",
        "coordinate_search_status": "no high-confidence one-to-one OSM match assigned",
        "coordinate_is_approximate": true,
        "coordinate_quality": "approximate_area_centroid",
        "matched_area": "vishwas nagar",
        "coordinate_method": "named_locality_centroid",
        "coordinate_confidence": "medium",
        "estimated_accuracy_m": 1200,
        "coordinate_warning": "Approximate locality/sector centre. This is not the verified vend entrance.",
        "coordinate_source": "Area-centroid approximation based on the locality wording in the official vend name",
        "coordinate_fill_version": "2026-07-29-area-centroid-fill-v1",
        "coordinate_order": "[longitude, latitude]"
      }
    },
    {
      "type": "Feature",
      "id": "dscsc-imfl-52",
      "geometry": {
        "type": "Point",
        "coordinates": [
          77.311,
          28.613
        ]
      },
      "properties": {
        "serial_no": 52,
        "name": "TRILOK PURI",
        "vend_category": "IMFL vend",
        "licence_class": "L-6 / official list heading",
        "operator": "Delhi State Civil Supplies Corporation Limited (DSCSC)",
        "jurisdiction": "NCT of Delhi",
        "geometry_status": "not published by source",
        "source_url": "https://dscsc.delhi.gov.in/dscsc/liquor-vends",
        "source_last_updated": "2026-07-17",
        "coordinate_search_source": "OpenStreetMap",
        "coordinate_search_status": "no high-confidence one-to-one OSM match assigned",
        "coordinate_is_approximate": true,
        "coordinate_quality": "approximate_area_centroid",
        "matched_area": "trilokpuri",
        "coordinate_method": "named_locality_centroid",
        "coordinate_confidence": "medium",
        "estimated_accuracy_m": 1200,
        "coordinate_warning": "Approximate locality/sector centre. This is not the verified vend entrance.",
        "coordinate_source": "Area-centroid approximation based on the locality wording in the official vend name",
        "coordinate_fill_version": "2026-07-29-area-centroid-fill-v1",
        "coordinate_order": "[longitude, latitude]"
      }
    },
    {
      "type": "Feature",
      "id": "dscsc-imfl-53",
      "geometry": {
        "type": "Point",
        "coordinates": [
          77.321,
          28.681
        ]
      },
      "properties": {
        "serial_no": 53,
        "name": "DILSHAD GARDEN B-BLK",
        "vend_category": "IMFL vend",
        "licence_class": "L-6 / official list heading",
        "operator": "Delhi State Civil Supplies Corporation Limited (DSCSC)",
        "jurisdiction": "NCT of Delhi",
        "geometry_status": "not published by source",
        "source_url": "https://dscsc.delhi.gov.in/dscsc/liquor-vends",
        "source_last_updated": "2026-07-17",
        "coordinate_search_source": "OpenStreetMap",
        "coordinate_search_status": "no high-confidence one-to-one OSM match assigned",
        "coordinate_is_approximate": true,
        "coordinate_quality": "approximate_area_centroid",
        "matched_area": "dilshad garden",
        "coordinate_method": "named_locality_centroid",
        "coordinate_confidence": "medium",
        "estimated_accuracy_m": 1200,
        "coordinate_warning": "Approximate locality/sector centre. This is not the verified vend entrance.",
        "coordinate_source": "Area-centroid approximation based on the locality wording in the official vend name",
        "coordinate_fill_version": "2026-07-29-area-centroid-fill-v1",
        "coordinate_order": "[longitude, latitude]"
      }
    },
    {
      "type": "Feature",
      "id": "dscsc-imfl-54",
      "geometry": {
        "type": "Point",
        "coordinates": [
          77.116,
          28.708
        ]
      },
      "properties": {
        "serial_no": 54,
        "name": "AVANTIKA",
        "vend_category": "IMFL vend",
        "licence_class": "L-6 / official list heading",
        "operator": "Delhi State Civil Supplies Corporation Limited (DSCSC)",
        "jurisdiction": "NCT of Delhi",
        "geometry_status": "not published by source",
        "source_url": "https://dscsc.delhi.gov.in/dscsc/liquor-vends",
        "source_last_updated": "2026-07-17",
        "coordinate_search_source": "OpenStreetMap",
        "coordinate_search_status": "no high-confidence one-to-one OSM match assigned",
        "coordinate_is_approximate": true,
        "coordinate_quality": "approximate_area_centroid",
        "matched_area": "avantika",
        "coordinate_method": "named_locality_centroid",
        "coordinate_confidence": "medium",
        "estimated_accuracy_m": 1200,
        "coordinate_warning": "Approximate locality/sector centre. This is not the verified vend entrance.",
        "coordinate_source": "Area-centroid approximation based on the locality wording in the official vend name",
        "coordinate_fill_version": "2026-07-29-area-centroid-fill-v1",
        "coordinate_order": "[longitude, latitude]"
      }
    },
    {
      "type": "Feature",
      "id": "dscsc-imfl-55",
      "geometry": {
        "type": "Point",
        "coordinates": [
          77.321,
          28.681
        ]
      },
      "properties": {
        "serial_no": 55,
        "name": "DILSHAD GARDEN C-BLOCK",
        "vend_category": "IMFL vend",
        "licence_class": "L-6 / official list heading",
        "operator": "Delhi State Civil Supplies Corporation Limited (DSCSC)",
        "jurisdiction": "NCT of Delhi",
        "geometry_status": "not published by source",
        "source_url": "https://dscsc.delhi.gov.in/dscsc/liquor-vends",
        "source_last_updated": "2026-07-17",
        "coordinate_search_source": "OpenStreetMap",
        "coordinate_search_status": "no high-confidence one-to-one OSM match assigned",
        "coordinate_is_approximate": true,
        "coordinate_quality": "approximate_area_centroid",
        "matched_area": "dilshad garden",
        "coordinate_method": "named_locality_centroid",
        "coordinate_confidence": "medium",
        "estimated_accuracy_m": 1200,
        "coordinate_warning": "Approximate locality/sector centre. This is not the verified vend entrance.",
        "coordinate_source": "Area-centroid approximation based on the locality wording in the official vend name",
        "coordinate_fill_version": "2026-07-29-area-centroid-fill-v1",
        "coordinate_order": "[longitude, latitude]"
      }
    },
    {
      "type": "Feature",
      "id": "dscsc-imfl-56",
      "geometry": {
        "type": "Point",
        "coordinates": [
          77.116,
          28.711
        ]
      },
      "properties": {
        "serial_no": 56,
        "name": "ROHINI EXTN SECTOR-4",
        "vend_category": "IMFL vend",
        "licence_class": "L-6 / official list heading",
        "operator": "Delhi State Civil Supplies Corporation Limited (DSCSC)",
        "jurisdiction": "NCT of Delhi",
        "geometry_status": "not published by source",
        "source_url": "https://dscsc.delhi.gov.in/dscsc/liquor-vends",
        "source_last_updated": "2026-07-17",
        "coordinate_search_source": "OpenStreetMap",
        "coordinate_search_status": "no high-confidence one-to-one OSM match assigned",
        "coordinate_is_approximate": true,
        "coordinate_quality": "approximate_area_centroid",
        "matched_area": "rohini sector 4",
        "coordinate_method": "sector_centroid",
        "coordinate_confidence": "medium",
        "estimated_accuracy_m": 800,
        "coordinate_warning": "Approximate locality/sector centre. This is not the verified vend entrance.",
        "coordinate_source": "Area-centroid approximation based on the locality wording in the official vend name",
        "coordinate_fill_version": "2026-07-29-area-centroid-fill-v1",
        "coordinate_order": "[longitude, latitude]"
      }
    },
    {
      "type": "Feature",
      "id": "dscsc-imfl-57",
      "geometry": {
        "type": "Point",
        "coordinates": [
          77.308,
          28.691
        ]
      },
      "properties": {
        "serial_no": 57,
        "name": "NAND NAGRI",
        "vend_category": "IMFL vend",
        "licence_class": "L-6 / official list heading",
        "operator": "Delhi State Civil Supplies Corporation Limited (DSCSC)",
        "jurisdiction": "NCT of Delhi",
        "geometry_status": "not published by source",
        "source_url": "https://dscsc.delhi.gov.in/dscsc/liquor-vends",
        "source_last_updated": "2026-07-17",
        "coordinate_search_source": "OpenStreetMap",
        "coordinate_search_status": "no high-confidence one-to-one OSM match assigned",
        "coordinate_is_approximate": true,
        "coordinate_quality": "approximate_area_centroid",
        "matched_area": "nand nagri",
        "coordinate_method": "named_locality_centroid",
        "coordinate_confidence": "medium",
        "estimated_accuracy_m": 1200,
        "coordinate_warning": "Approximate locality/sector centre. This is not the verified vend entrance.",
        "coordinate_source": "Area-centroid approximation based on the locality wording in the official vend name",
        "coordinate_fill_version": "2026-07-29-area-centroid-fill-v1",
        "coordinate_order": "[longitude, latitude]"
      }
    },
    {
      "type": "Feature",
      "id": "dscsc-imfl-58",
      "geometry": {
        "type": "Point",
        "coordinates": [
          77.202,
          28.558
        ]
      },
      "properties": {
        "serial_no": 58,
        "name": "GREEN PARK",
        "vend_category": "IMFL vend",
        "licence_class": "L-6 / official list heading",
        "operator": "Delhi State Civil Supplies Corporation Limited (DSCSC)",
        "jurisdiction": "NCT of Delhi",
        "geometry_status": "not published by source",
        "source_url": "https://dscsc.delhi.gov.in/dscsc/liquor-vends",
        "source_last_updated": "2026-07-17",
        "coordinate_search_source": "OpenStreetMap",
        "coordinate_search_status": "no high-confidence one-to-one OSM match assigned",
        "coordinate_is_approximate": true,
        "coordinate_quality": "approximate_area_centroid",
        "matched_area": "green park",
        "coordinate_method": "named_locality_centroid",
        "coordinate_confidence": "medium",
        "estimated_accuracy_m": 1200,
        "coordinate_warning": "Approximate locality/sector centre. This is not the verified vend entrance.",
        "coordinate_source": "Area-centroid approximation based on the locality wording in the official vend name",
        "coordinate_fill_version": "2026-07-29-area-centroid-fill-v1",
        "coordinate_order": "[longitude, latitude]"
      }
    },
    {
      "type": "Feature",
      "id": "dscsc-imfl-59",
      "geometry": {
        "type": "Point",
        "coordinates": [
          77.145,
          28.675
        ]
      },
      "properties": {
        "serial_no": 59,
        "name": "KARAMPURA",
        "vend_category": "IMFL vend",
        "licence_class": "L-6 / official list heading",
        "operator": "Delhi State Civil Supplies Corporation Limited (DSCSC)",
        "jurisdiction": "NCT of Delhi",
        "geometry_status": "not published by source",
        "source_url": "https://dscsc.delhi.gov.in/dscsc/liquor-vends",
        "source_last_updated": "2026-07-17",
        "coordinate_search_source": "OpenStreetMap",
        "coordinate_search_status": "no high-confidence one-to-one OSM match assigned",
        "coordinate_is_approximate": true,
        "coordinate_quality": "approximate_area_centroid",
        "matched_area": "karampura",
        "coordinate_method": "named_locality_centroid",
        "coordinate_confidence": "medium",
        "estimated_accuracy_m": 1200,
        "coordinate_warning": "Approximate locality/sector centre. This is not the verified vend entrance.",
        "coordinate_source": "Area-centroid approximation based on the locality wording in the official vend name",
        "coordinate_fill_version": "2026-07-29-area-centroid-fill-v1",
        "coordinate_order": "[longitude, latitude]"
      }
    },
    {
      "type": "Feature",
      "id": "dscsc-imfl-60",
      "geometry": {
        "type": "Point",
        "coordinates": [
          77.096,
          28.613
        ]
      },
      "properties": {
        "serial_no": 60,
        "name": "LAJWANTI GARDEN",
        "vend_category": "IMFL vend",
        "licence_class": "L-6 / official list heading",
        "operator": "Delhi State Civil Supplies Corporation Limited (DSCSC)",
        "jurisdiction": "NCT of Delhi",
        "geometry_status": "not published by source",
        "source_url": "https://dscsc.delhi.gov.in/dscsc/liquor-vends",
        "source_last_updated": "2026-07-17",
        "coordinate_search_source": "OpenStreetMap",
        "coordinate_search_status": "no high-confidence one-to-one OSM match assigned",
        "coordinate_is_approximate": true,
        "coordinate_quality": "approximate_area_centroid",
        "matched_area": "lajwanti garden",
        "coordinate_method": "named_locality_centroid",
        "coordinate_confidence": "medium",
        "estimated_accuracy_m": 1200,
        "coordinate_warning": "Approximate locality/sector centre. This is not the verified vend entrance.",
        "coordinate_source": "Area-centroid approximation based on the locality wording in the official vend name",
        "coordinate_fill_version": "2026-07-29-area-centroid-fill-v1",
        "coordinate_order": "[longitude, latitude]"
      }
    },
    {
      "type": "Feature",
      "id": "dscsc-imfl-61",
      "geometry": {
        "type": "Point",
        "coordinates": [
          77.25281,
          28.54275
        ]
      },
      "properties": {
        "serial_no": 61,
        "name": "KALKAJI B34",
        "vend_category": "IMFL vend",
        "licence_class": "L-6 / official list heading",
        "operator": "Delhi State Civil Supplies Corporation Limited (DSCSC)",
        "jurisdiction": "NCT of Delhi",
        "geometry_status": "matched to precise OpenStreetMap point",
        "source_url": "https://dscsc.delhi.gov.in/dscsc/liquor-vends",
        "source_last_updated": "2026-07-17",
        "coordinate_search_source": "OpenStreetMap",
        "coordinate_search_status": "high-confidence OSM match",
        "coordinate_source": "OpenStreetMap",
        "osm_type": "node",
        "osm_id": 11098760405,
        "osm_tag": "shop=alcohol",
        "osm_name": "Government liquor shop",
        "osm_address": "B-34, New Delhi 110019",
        "coordinate_match_confidence": "high",
        "coordinate_match_basis": "Official name KALKAJI B34 matches the OSM address B-34 in Kalkaji.",
        "coordinate_source_url": "https://www.openstreetmap.org/node/11098760405",
        "coordinate_is_approximate": false,
        "coordinate_quality": "exact_mapped_point",
        "estimated_accuracy_m": 30,
        "coordinate_warning": null,
        "coordinate_fill_version": "2026-07-29-area-centroid-fill-v1"
      }
    },
    {
      "type": "Feature",
      "id": "dscsc-imfl-62",
      "geometry": {
        "type": "Point",
        "coordinates": [
          77.16,
          28.681
        ]
      },
      "properties": {
        "serial_no": 62,
        "name": "LAWRANCE ROAD",
        "vend_category": "IMFL vend",
        "licence_class": "L-6 / official list heading",
        "operator": "Delhi State Civil Supplies Corporation Limited (DSCSC)",
        "jurisdiction": "NCT of Delhi",
        "geometry_status": "not published by source",
        "source_url": "https://dscsc.delhi.gov.in/dscsc/liquor-vends",
        "source_last_updated": "2026-07-17",
        "coordinate_search_source": "OpenStreetMap",
        "coordinate_search_status": "no high-confidence one-to-one OSM match assigned",
        "coordinate_is_approximate": true,
        "coordinate_quality": "approximate_area_centroid",
        "matched_area": "lawrence road",
        "coordinate_method": "named_locality_centroid",
        "coordinate_confidence": "medium",
        "estimated_accuracy_m": 1200,
        "coordinate_warning": "Approximate locality/sector centre. This is not the verified vend entrance.",
        "coordinate_source": "Area-centroid approximation based on the locality wording in the official vend name",
        "coordinate_fill_version": "2026-07-29-area-centroid-fill-v1",
        "coordinate_order": "[longitude, latitude]"
      }
    },
    {
      "type": "Feature",
      "id": "dscsc-imfl-63",
      "geometry": {
        "type": "Point",
        "coordinates": [
          77.318,
          28.62
        ]
      },
      "properties": {
        "serial_no": 63,
        "name": "KHICHRI PUR",
        "vend_category": "IMFL vend",
        "licence_class": "L-6 / official list heading",
        "operator": "Delhi State Civil Supplies Corporation Limited (DSCSC)",
        "jurisdiction": "NCT of Delhi",
        "geometry_status": "not published by source",
        "source_url": "https://dscsc.delhi.gov.in/dscsc/liquor-vends",
        "source_last_updated": "2026-07-17",
        "coordinate_search_source": "OpenStreetMap",
        "coordinate_search_status": "no high-confidence one-to-one OSM match assigned",
        "coordinate_is_approximate": true,
        "coordinate_quality": "approximate_area_centroid",
        "matched_area": "khichripur",
        "coordinate_method": "fuzzy_locality_centroid",
        "coordinate_confidence": "low",
        "estimated_accuracy_m": 2200,
        "coordinate_warning": "Approximate locality/sector centre. This is not the verified vend entrance.",
        "coordinate_source": "Area-centroid approximation based on the locality wording in the official vend name",
        "coordinate_fill_version": "2026-07-29-area-centroid-fill-v1",
        "coordinate_order": "[longitude, latitude]"
      }
    },
    {
      "type": "Feature",
      "id": "dscsc-imfl-64",
      "geometry": {
        "type": "Point",
        "coordinates": [
          77.224,
          28.652
        ]
      },
      "properties": {
        "serial_no": 64,
        "name": "G. B. ROAD",
        "vend_category": "IMFL vend",
        "licence_class": "L-6 / official list heading",
        "operator": "Delhi State Civil Supplies Corporation Limited (DSCSC)",
        "jurisdiction": "NCT of Delhi",
        "geometry_status": "not published by source",
        "source_url": "https://dscsc.delhi.gov.in/dscsc/liquor-vends",
        "source_last_updated": "2026-07-17",
        "coordinate_search_source": "OpenStreetMap",
        "coordinate_search_status": "no high-confidence one-to-one OSM match assigned",
        "coordinate_is_approximate": true,
        "coordinate_quality": "approximate_area_centroid",
        "matched_area": "shradhanand marg gb road",
        "coordinate_method": "interpreted_locality_centroid",
        "coordinate_confidence": "medium",
        "estimated_accuracy_m": 1500,
        "coordinate_warning": "Approximate locality/sector centre. This is not the verified vend entrance.",
        "coordinate_source": "Area-centroid approximation based on the locality wording in the official vend name",
        "coordinate_fill_version": "2026-07-29-area-centroid-fill-v1",
        "coordinate_order": "[longitude, latitude]"
      }
    },
    {
      "type": "Feature",
      "id": "dscsc-imfl-65",
      "geometry": {
        "type": "Point",
        "coordinates": [
          77.089,
          28.591
        ]
      },
      "properties": {
        "serial_no": 65,
        "name": "RAJ NAGAR-1, PALAM",
        "vend_category": "IMFL vend",
        "licence_class": "L-6 / official list heading",
        "operator": "Delhi State Civil Supplies Corporation Limited (DSCSC)",
        "jurisdiction": "NCT of Delhi",
        "geometry_status": "not published by source",
        "source_url": "https://dscsc.delhi.gov.in/dscsc/liquor-vends",
        "source_last_updated": "2026-07-17",
        "coordinate_search_source": "OpenStreetMap",
        "coordinate_search_status": "no high-confidence one-to-one OSM match assigned",
        "coordinate_is_approximate": true,
        "coordinate_quality": "approximate_area_centroid",
        "matched_area": "raj nagar palam",
        "coordinate_method": "fuzzy_locality_centroid",
        "coordinate_confidence": "low",
        "estimated_accuracy_m": 2200,
        "coordinate_warning": "Approximate locality/sector centre. This is not the verified vend entrance.",
        "coordinate_source": "Area-centroid approximation based on the locality wording in the official vend name",
        "coordinate_fill_version": "2026-07-29-area-centroid-fill-v1",
        "coordinate_order": "[longitude, latitude]"
      }
    },
    {
      "type": "Feature",
      "id": "dscsc-imfl-66",
      "geometry": {
        "type": "Point",
        "coordinates": [
          77.253,
          28.558
        ]
      },
      "properties": {
        "serial_no": 66,
        "name": "EAST OF KAILASH 37",
        "vend_category": "IMFL vend",
        "licence_class": "L-6 / official list heading",
        "operator": "Delhi State Civil Supplies Corporation Limited (DSCSC)",
        "jurisdiction": "NCT of Delhi",
        "geometry_status": "not published by source",
        "source_url": "https://dscsc.delhi.gov.in/dscsc/liquor-vends",
        "source_last_updated": "2026-07-17",
        "coordinate_search_source": "OpenStreetMap",
        "coordinate_search_status": "no high-confidence one-to-one OSM match assigned",
        "coordinate_is_approximate": true,
        "coordinate_quality": "approximate_area_centroid",
        "matched_area": "east of kailash",
        "coordinate_method": "named_locality_centroid",
        "coordinate_confidence": "medium",
        "estimated_accuracy_m": 1200,
        "coordinate_warning": "Approximate locality/sector centre. This is not the verified vend entrance.",
        "coordinate_source": "Area-centroid approximation based on the locality wording in the official vend name",
        "coordinate_fill_version": "2026-07-29-area-centroid-fill-v1",
        "coordinate_order": "[longitude, latitude]"
      }
    },
    {
      "type": "Feature",
      "id": "dscsc-imfl-67",
      "geometry": {
        "type": "Point",
        "coordinates": [
          77.175,
          28.681
        ]
      },
      "properties": {
        "serial_no": 67,
        "name": "SINDHORA KALAN",
        "vend_category": "IMFL vend",
        "licence_class": "L-6 / official list heading",
        "operator": "Delhi State Civil Supplies Corporation Limited (DSCSC)",
        "jurisdiction": "NCT of Delhi",
        "geometry_status": "not published by source",
        "source_url": "https://dscsc.delhi.gov.in/dscsc/liquor-vends",
        "source_last_updated": "2026-07-17",
        "coordinate_search_source": "OpenStreetMap",
        "coordinate_search_status": "no high-confidence one-to-one OSM match assigned",
        "coordinate_is_approximate": true,
        "coordinate_quality": "approximate_area_centroid",
        "matched_area": "sindhora kalan",
        "coordinate_method": "named_parent_area_centroid",
        "coordinate_confidence": "low",
        "estimated_accuracy_m": 3000,
        "coordinate_warning": "Approximate locality/sector centre. This is not the verified vend entrance.",
        "coordinate_source": "Area-centroid approximation based on the locality wording in the official vend name",
        "coordinate_fill_version": "2026-07-29-area-centroid-fill-v1",
        "coordinate_order": "[longitude, latitude]"
      }
    },
    {
      "type": "Feature",
      "id": "dscsc-imfl-68",
      "geometry": {
        "type": "Point",
        "coordinates": [
          77.207,
          28.566
        ]
      },
      "properties": {
        "serial_no": 68,
        "name": "YUSUF SARAI MARKET",
        "vend_category": "IMFL vend",
        "licence_class": "L-6 / official list heading",
        "operator": "Delhi State Civil Supplies Corporation Limited (DSCSC)",
        "jurisdiction": "NCT of Delhi",
        "geometry_status": "not published by source",
        "source_url": "https://dscsc.delhi.gov.in/dscsc/liquor-vends",
        "source_last_updated": "2026-07-17",
        "coordinate_search_source": "OpenStreetMap",
        "coordinate_search_status": "no high-confidence one-to-one OSM match assigned",
        "coordinate_is_approximate": true,
        "coordinate_quality": "approximate_area_centroid",
        "matched_area": "yusuf sarai",
        "coordinate_method": "named_locality_centroid",
        "coordinate_confidence": "medium",
        "estimated_accuracy_m": 1200,
        "coordinate_warning": "Approximate locality/sector centre. This is not the verified vend entrance.",
        "coordinate_source": "Area-centroid approximation based on the locality wording in the official vend name",
        "coordinate_fill_version": "2026-07-29-area-centroid-fill-v1",
        "coordinate_order": "[longitude, latitude]"
      }
    },
    {
      "type": "Feature",
      "id": "dscsc-imfl-69",
      "geometry": {
        "type": "Point",
        "coordinates": [
          77.22,
          28.571
        ]
      },
      "properties": {
        "serial_no": 69,
        "name": "SOUTH EXTN PART-1",
        "vend_category": "IMFL vend",
        "licence_class": "L-6 / official list heading",
        "operator": "Delhi State Civil Supplies Corporation Limited (DSCSC)",
        "jurisdiction": "NCT of Delhi",
        "geometry_status": "not published by source",
        "source_url": "https://dscsc.delhi.gov.in/dscsc/liquor-vends",
        "source_last_updated": "2026-07-17",
        "coordinate_search_source": "OpenStreetMap",
        "coordinate_search_status": "no high-confidence one-to-one OSM match assigned",
        "coordinate_is_approximate": true,
        "coordinate_quality": "approximate_area_centroid",
        "matched_area": "south extension 1",
        "coordinate_method": "fuzzy_locality_centroid",
        "coordinate_confidence": "low",
        "estimated_accuracy_m": 2200,
        "coordinate_warning": "Approximate locality/sector centre. This is not the verified vend entrance.",
        "coordinate_source": "Area-centroid approximation based on the locality wording in the official vend name",
        "coordinate_fill_version": "2026-07-29-area-centroid-fill-v1",
        "coordinate_order": "[longitude, latitude]"
      }
    },
    {
      "type": "Feature",
      "id": "dscsc-imfl-70",
      "geometry": {
        "type": "Point",
        "coordinates": [
          77.095,
          28.651
        ]
      },
      "properties": {
        "serial_no": 70,
        "name": "NARSINGH GARDEN",
        "vend_category": "IMFL vend",
        "licence_class": "L-6 / official list heading",
        "operator": "Delhi State Civil Supplies Corporation Limited (DSCSC)",
        "jurisdiction": "NCT of Delhi",
        "geometry_status": "not published by source",
        "source_url": "https://dscsc.delhi.gov.in/dscsc/liquor-vends",
        "source_last_updated": "2026-07-17",
        "coordinate_search_source": "OpenStreetMap",
        "coordinate_search_status": "no high-confidence one-to-one OSM match assigned",
        "coordinate_is_approximate": true,
        "coordinate_quality": "approximate_area_centroid",
        "matched_area": "narsingh garden",
        "coordinate_method": "named_parent_area_centroid",
        "coordinate_confidence": "low",
        "estimated_accuracy_m": 3000,
        "coordinate_warning": "Approximate locality/sector centre. This is not the verified vend entrance.",
        "coordinate_source": "Area-centroid approximation based on the locality wording in the official vend name",
        "coordinate_fill_version": "2026-07-29-area-centroid-fill-v1",
        "coordinate_order": "[longitude, latitude]"
      }
    },
    {
      "type": "Feature",
      "id": "dscsc-imfl-71",
      "geometry": {
        "type": "Point",
        "coordinates": [
          77.266,
          28.7
        ]
      },
      "properties": {
        "serial_no": 71,
        "name": "SOUTH GAMRI, BHAJAN PURA",
        "vend_category": "IMFL vend",
        "licence_class": "L-6 / official list heading",
        "operator": "Delhi State Civil Supplies Corporation Limited (DSCSC)",
        "jurisdiction": "NCT of Delhi",
        "geometry_status": "not published by source",
        "source_url": "https://dscsc.delhi.gov.in/dscsc/liquor-vends",
        "source_last_updated": "2026-07-17",
        "coordinate_search_source": "OpenStreetMap",
        "coordinate_search_status": "no high-confidence one-to-one OSM match assigned",
        "coordinate_is_approximate": true,
        "coordinate_quality": "approximate_area_centroid",
        "matched_area": "south gamri",
        "coordinate_method": "named_locality_centroid",
        "coordinate_confidence": "medium",
        "estimated_accuracy_m": 1200,
        "coordinate_warning": "Approximate locality/sector centre. This is not the verified vend entrance.",
        "coordinate_source": "Area-centroid approximation based on the locality wording in the official vend name",
        "coordinate_fill_version": "2026-07-29-area-centroid-fill-v1",
        "coordinate_order": "[longitude, latitude]"
      }
    },
    {
      "type": "Feature",
      "id": "dscsc-imfl-72",
      "geometry": {
        "type": "Point",
        "coordinates": [
          77.101,
          28.637
        ]
      },
      "properties": {
        "serial_no": 72,
        "name": "ASHOK NAGAR D517",
        "vend_category": "IMFL vend",
        "licence_class": "L-6 / official list heading",
        "operator": "Delhi State Civil Supplies Corporation Limited (DSCSC)",
        "jurisdiction": "NCT of Delhi",
        "geometry_status": "not published by source",
        "source_url": "https://dscsc.delhi.gov.in/dscsc/liquor-vends",
        "source_last_updated": "2026-07-17",
        "coordinate_search_source": "OpenStreetMap",
        "coordinate_search_status": "no high-confidence one-to-one OSM match assigned",
        "coordinate_is_approximate": true,
        "coordinate_quality": "approximate_area_centroid",
        "matched_area": "ashok nagar",
        "coordinate_method": "named_locality_centroid",
        "coordinate_confidence": "medium",
        "estimated_accuracy_m": 1200,
        "coordinate_warning": "Approximate locality/sector centre. This is not the verified vend entrance.",
        "coordinate_source": "Area-centroid approximation based on the locality wording in the official vend name",
        "coordinate_fill_version": "2026-07-29-area-centroid-fill-v1",
        "coordinate_order": "[longitude, latitude]"
      }
    },
    {
      "type": "Feature",
      "id": "dscsc-imfl-73",
      "geometry": {
        "type": "Point",
        "coordinates": [
          77.294,
          28.688
        ]
      },
      "properties": {
        "serial_no": 73,
        "name": "NATHU COLONY 48",
        "vend_category": "IMFL vend",
        "licence_class": "L-6 / official list heading",
        "operator": "Delhi State Civil Supplies Corporation Limited (DSCSC)",
        "jurisdiction": "NCT of Delhi",
        "geometry_status": "not published by source",
        "source_url": "https://dscsc.delhi.gov.in/dscsc/liquor-vends",
        "source_last_updated": "2026-07-17",
        "coordinate_search_source": "OpenStreetMap",
        "coordinate_search_status": "no high-confidence one-to-one OSM match assigned",
        "coordinate_is_approximate": true,
        "coordinate_quality": "approximate_area_centroid",
        "matched_area": "nathu colony",
        "coordinate_method": "named_locality_centroid",
        "coordinate_confidence": "medium",
        "estimated_accuracy_m": 1200,
        "coordinate_warning": "Approximate locality/sector centre. This is not the verified vend entrance.",
        "coordinate_source": "Area-centroid approximation based on the locality wording in the official vend name",
        "coordinate_fill_version": "2026-07-29-area-centroid-fill-v1",
        "coordinate_order": "[longitude, latitude]"
      }
    },
    {
      "type": "Feature",
      "id": "dscsc-imfl-74",
      "geometry": {
        "type": "Point",
        "coordinates": [
          77.143,
          28.688
        ]
      },
      "properties": {
        "serial_no": 74,
        "name": "CHANDER LOK 711",
        "vend_category": "IMFL vend",
        "licence_class": "L-6 / official list heading",
        "operator": "Delhi State Civil Supplies Corporation Limited (DSCSC)",
        "jurisdiction": "NCT of Delhi",
        "geometry_status": "not published by source",
        "source_url": "https://dscsc.delhi.gov.in/dscsc/liquor-vends",
        "source_last_updated": "2026-07-17",
        "coordinate_search_source": "OpenStreetMap",
        "coordinate_search_status": "no high-confidence one-to-one OSM match assigned",
        "coordinate_is_approximate": true,
        "coordinate_quality": "approximate_area_centroid",
        "matched_area": "chander lok",
        "coordinate_method": "named_locality_centroid",
        "coordinate_confidence": "medium",
        "estimated_accuracy_m": 1200,
        "coordinate_warning": "Approximate locality/sector centre. This is not the verified vend entrance.",
        "coordinate_source": "Area-centroid approximation based on the locality wording in the official vend name",
        "coordinate_fill_version": "2026-07-29-area-centroid-fill-v1",
        "coordinate_order": "[longitude, latitude]"
      }
    },
    {
      "type": "Feature",
      "id": "dscsc-imfl-75",
      "geometry": {
        "type": "Point",
        "coordinates": [
          77.209,
          28.574
        ]
      },
      "properties": {
        "serial_no": 75,
        "name": "MOHAN SINGH MARKET, INA 21",
        "vend_category": "IMFL vend",
        "licence_class": "L-6 / official list heading",
        "operator": "Delhi State Civil Supplies Corporation Limited (DSCSC)",
        "jurisdiction": "NCT of Delhi",
        "geometry_status": "not published by source",
        "source_url": "https://dscsc.delhi.gov.in/dscsc/liquor-vends",
        "source_last_updated": "2026-07-17",
        "coordinate_search_source": "OpenStreetMap",
        "coordinate_search_status": "no high-confidence one-to-one OSM match assigned",
        "coordinate_is_approximate": true,
        "coordinate_quality": "approximate_area_centroid",
        "matched_area": "ina market",
        "coordinate_method": "interpreted_locality_centroid",
        "coordinate_confidence": "medium",
        "estimated_accuracy_m": 1500,
        "coordinate_warning": "Approximate locality/sector centre. This is not the verified vend entrance.",
        "coordinate_source": "Area-centroid approximation based on the locality wording in the official vend name",
        "coordinate_fill_version": "2026-07-29-area-centroid-fill-v1",
        "coordinate_order": "[longitude, latitude]"
      }
    },
    {
      "type": "Feature",
      "id": "dscsc-imfl-76",
      "geometry": {
        "type": "Point",
        "coordinates": [
          77.083,
          28.621
        ]
      },
      "properties": {
        "serial_no": 76,
        "name": "JANAKPURI, B BLOCK",
        "vend_category": "IMFL vend",
        "licence_class": "L-6 / official list heading",
        "operator": "Delhi State Civil Supplies Corporation Limited (DSCSC)",
        "jurisdiction": "NCT of Delhi",
        "geometry_status": "not published by source",
        "source_url": "https://dscsc.delhi.gov.in/dscsc/liquor-vends",
        "source_last_updated": "2026-07-17",
        "coordinate_search_source": "OpenStreetMap",
        "coordinate_search_status": "no high-confidence one-to-one OSM match assigned",
        "coordinate_is_approximate": true,
        "coordinate_quality": "approximate_area_centroid",
        "matched_area": "janakpuri",
        "coordinate_method": "named_locality_centroid",
        "coordinate_confidence": "medium",
        "estimated_accuracy_m": 1200,
        "coordinate_warning": "Approximate locality/sector centre. This is not the verified vend entrance.",
        "coordinate_source": "Area-centroid approximation based on the locality wording in the official vend name",
        "coordinate_fill_version": "2026-07-29-area-centroid-fill-v1",
        "coordinate_order": "[longitude, latitude]"
      }
    },
    {
      "type": "Feature",
      "id": "dscsc-imfl-77",
      "geometry": {
        "type": "Point",
        "coordinates": [
          77.087,
          28.696
        ]
      },
      "properties": {
        "serial_no": 77,
        "name": "MANGOLPURI X1 X2",
        "vend_category": "IMFL vend",
        "licence_class": "L-6 / official list heading",
        "operator": "Delhi State Civil Supplies Corporation Limited (DSCSC)",
        "jurisdiction": "NCT of Delhi",
        "geometry_status": "not published by source",
        "source_url": "https://dscsc.delhi.gov.in/dscsc/liquor-vends",
        "source_last_updated": "2026-07-17",
        "coordinate_search_source": "OpenStreetMap",
        "coordinate_search_status": "no high-confidence one-to-one OSM match assigned",
        "coordinate_is_approximate": true,
        "coordinate_quality": "approximate_area_centroid",
        "matched_area": "mangolpuri",
        "coordinate_method": "named_locality_centroid",
        "coordinate_confidence": "medium",
        "estimated_accuracy_m": 1200,
        "coordinate_warning": "Approximate locality/sector centre. This is not the verified vend entrance.",
        "coordinate_source": "Area-centroid approximation based on the locality wording in the official vend name",
        "coordinate_fill_version": "2026-07-29-area-centroid-fill-v1",
        "coordinate_order": "[longitude, latitude]"
      }
    },
    {
      "type": "Feature",
      "id": "dscsc-imfl-78",
      "geometry": {
        "type": "Point",
        "coordinates": [
          77.104,
          28.64
        ]
      },
      "properties": {
        "serial_no": 78,
        "name": "MIRAJ CINEMA19",
        "vend_category": "IMFL vend",
        "licence_class": "L-6 / official list heading",
        "operator": "Delhi State Civil Supplies Corporation Limited (DSCSC)",
        "jurisdiction": "NCT of Delhi",
        "geometry_status": "not published by source",
        "source_url": "https://dscsc.delhi.gov.in/dscsc/liquor-vends",
        "source_last_updated": "2026-07-17",
        "coordinate_search_source": "OpenStreetMap",
        "coordinate_search_status": "no high-confidence one-to-one OSM match assigned",
        "coordinate_is_approximate": true,
        "coordinate_quality": "approximate_area_centroid",
        "matched_area": "miraj cinema",
        "coordinate_method": "interpreted_parent_area_centroid",
        "coordinate_confidence": "low",
        "estimated_accuracy_m": 3000,
        "coordinate_warning": "Approximate locality/sector centre. This is not the verified vend entrance.",
        "coordinate_source": "Area-centroid approximation based on the locality wording in the official vend name",
        "coordinate_fill_version": "2026-07-29-area-centroid-fill-v1",
        "coordinate_order": "[longitude, latitude]"
      }
    },
    {
      "type": "Feature",
      "id": "dscsc-imfl-79",
      "geometry": {
        "type": "Point",
        "coordinates": [
          77.075,
          28.644
        ]
      },
      "properties": {
        "serial_no": 79,
        "name": "CHAUKHANDI ROAD",
        "vend_category": "IMFL vend",
        "licence_class": "L-6 / official list heading",
        "operator": "Delhi State Civil Supplies Corporation Limited (DSCSC)",
        "jurisdiction": "NCT of Delhi",
        "geometry_status": "not published by source",
        "source_url": "https://dscsc.delhi.gov.in/dscsc/liquor-vends",
        "source_last_updated": "2026-07-17",
        "coordinate_search_source": "OpenStreetMap",
        "coordinate_search_status": "no high-confidence one-to-one OSM match assigned",
        "coordinate_is_approximate": true,
        "coordinate_quality": "approximate_area_centroid",
        "matched_area": "chaukhandi road",
        "coordinate_method": "named_locality_centroid",
        "coordinate_confidence": "medium",
        "estimated_accuracy_m": 1200,
        "coordinate_warning": "Approximate locality/sector centre. This is not the verified vend entrance.",
        "coordinate_source": "Area-centroid approximation based on the locality wording in the official vend name",
        "coordinate_fill_version": "2026-07-29-area-centroid-fill-v1",
        "coordinate_order": "[longitude, latitude]"
      }
    },
    {
      "type": "Feature",
      "id": "dscsc-imfl-80",
      "geometry": {
        "type": "Point",
        "coordinates": [
          77.128,
          28.654
        ]
      },
      "properties": {
        "serial_no": 80,
        "name": "BALI NAGAR",
        "vend_category": "IMFL vend",
        "licence_class": "L-6 / official list heading",
        "operator": "Delhi State Civil Supplies Corporation Limited (DSCSC)",
        "jurisdiction": "NCT of Delhi",
        "geometry_status": "not published by source",
        "source_url": "https://dscsc.delhi.gov.in/dscsc/liquor-vends",
        "source_last_updated": "2026-07-17",
        "coordinate_search_source": "OpenStreetMap",
        "coordinate_search_status": "no high-confidence one-to-one OSM match assigned",
        "coordinate_is_approximate": true,
        "coordinate_quality": "approximate_area_centroid",
        "matched_area": "bali nagar",
        "coordinate_method": "named_locality_centroid",
        "coordinate_confidence": "medium",
        "estimated_accuracy_m": 1200,
        "coordinate_warning": "Approximate locality/sector centre. This is not the verified vend entrance.",
        "coordinate_source": "Area-centroid approximation based on the locality wording in the official vend name",
        "coordinate_fill_version": "2026-07-29-area-centroid-fill-v1",
        "coordinate_order": "[longitude, latitude]"
      }
    },
    {
      "type": "Feature",
      "id": "dscsc-imfl-81",
      "geometry": {
        "type": "Point",
        "coordinates": [
          77.27,
          28.689
        ]
      },
      "properties": {
        "serial_no": 81,
        "name": "KARTAR NAGAR, SHAHDARA",
        "vend_category": "IMFL vend",
        "licence_class": "L-6 / official list heading",
        "operator": "Delhi State Civil Supplies Corporation Limited (DSCSC)",
        "jurisdiction": "NCT of Delhi",
        "geometry_status": "not published by source",
        "source_url": "https://dscsc.delhi.gov.in/dscsc/liquor-vends",
        "source_last_updated": "2026-07-17",
        "coordinate_search_source": "OpenStreetMap",
        "coordinate_search_status": "no high-confidence one-to-one OSM match assigned",
        "coordinate_is_approximate": true,
        "coordinate_quality": "approximate_area_centroid",
        "matched_area": "kartar nagar",
        "coordinate_method": "named_locality_centroid",
        "coordinate_confidence": "medium",
        "estimated_accuracy_m": 1200,
        "coordinate_warning": "Approximate locality/sector centre. This is not the verified vend entrance.",
        "coordinate_source": "Area-centroid approximation based on the locality wording in the official vend name",
        "coordinate_fill_version": "2026-07-29-area-centroid-fill-v1",
        "coordinate_order": "[longitude, latitude]"
      }
    },
    {
      "type": "Feature",
      "id": "dscsc-imfl-82",
      "geometry": {
        "type": "Point",
        "coordinates": [
          77.298,
          28.684
        ]
      },
      "properties": {
        "serial_no": 82,
        "name": "LONI ROAD, SHAHDARA",
        "vend_category": "IMFL vend",
        "licence_class": "L-6 / official list heading",
        "operator": "Delhi State Civil Supplies Corporation Limited (DSCSC)",
        "jurisdiction": "NCT of Delhi",
        "geometry_status": "not published by source",
        "source_url": "https://dscsc.delhi.gov.in/dscsc/liquor-vends",
        "source_last_updated": "2026-07-17",
        "coordinate_search_source": "OpenStreetMap",
        "coordinate_search_status": "no high-confidence one-to-one OSM match assigned",
        "coordinate_is_approximate": true,
        "coordinate_quality": "approximate_area_centroid",
        "matched_area": "loni road shahdara",
        "coordinate_method": "named_locality_centroid",
        "coordinate_confidence": "medium",
        "estimated_accuracy_m": 1200,
        "coordinate_warning": "Approximate locality/sector centre. This is not the verified vend entrance.",
        "coordinate_source": "Area-centroid approximation based on the locality wording in the official vend name",
        "coordinate_fill_version": "2026-07-29-area-centroid-fill-v1",
        "coordinate_order": "[longitude, latitude]"
      }
    },
    {
      "type": "Feature",
      "id": "dscsc-imfl-83",
      "geometry": {
        "type": "Point",
        "coordinates": [
          77.209,
          28.574
        ]
      },
      "properties": {
        "serial_no": 83,
        "name": "MOHAN SINGH MARKET 169",
        "vend_category": "IMFL vend",
        "licence_class": "L-6 / official list heading",
        "operator": "Delhi State Civil Supplies Corporation Limited (DSCSC)",
        "jurisdiction": "NCT of Delhi",
        "geometry_status": "not published by source",
        "source_url": "https://dscsc.delhi.gov.in/dscsc/liquor-vends",
        "source_last_updated": "2026-07-17",
        "coordinate_search_source": "OpenStreetMap",
        "coordinate_search_status": "no high-confidence one-to-one OSM match assigned",
        "coordinate_is_approximate": true,
        "coordinate_quality": "approximate_area_centroid",
        "matched_area": "ina market",
        "coordinate_method": "interpreted_locality_centroid",
        "coordinate_confidence": "medium",
        "estimated_accuracy_m": 1500,
        "coordinate_warning": "Approximate locality/sector centre. This is not the verified vend entrance.",
        "coordinate_source": "Area-centroid approximation based on the locality wording in the official vend name",
        "coordinate_fill_version": "2026-07-29-area-centroid-fill-v1",
        "coordinate_order": "[longitude, latitude]"
      }
    },
    {
      "type": "Feature",
      "id": "dscsc-imfl-84",
      "geometry": {
        "type": "Point",
        "coordinates": [
          77.192,
          28.673
        ]
      },
      "properties": {
        "serial_no": 84,
        "name": "ROSHANARA ROAD",
        "vend_category": "IMFL vend",
        "licence_class": "L-6 / official list heading",
        "operator": "Delhi State Civil Supplies Corporation Limited (DSCSC)",
        "jurisdiction": "NCT of Delhi",
        "geometry_status": "not published by source",
        "source_url": "https://dscsc.delhi.gov.in/dscsc/liquor-vends",
        "source_last_updated": "2026-07-17",
        "coordinate_search_source": "OpenStreetMap",
        "coordinate_search_status": "no high-confidence one-to-one OSM match assigned",
        "coordinate_is_approximate": true,
        "coordinate_quality": "approximate_area_centroid",
        "matched_area": "roshanara road",
        "coordinate_method": "named_locality_centroid",
        "coordinate_confidence": "medium",
        "estimated_accuracy_m": 1200,
        "coordinate_warning": "Approximate locality/sector centre. This is not the verified vend entrance.",
        "coordinate_source": "Area-centroid approximation based on the locality wording in the official vend name",
        "coordinate_fill_version": "2026-07-29-area-centroid-fill-v1",
        "coordinate_order": "[longitude, latitude]"
      }
    },
    {
      "type": "Feature",
      "id": "dscsc-imfl-85",
      "geometry": {
        "type": "Point",
        "coordinates": [
          77.201,
          28.55
        ]
      },
      "properties": {
        "serial_no": 85,
        "name": "RBI COLONY,HAUZ KHAS",
        "vend_category": "IMFL vend",
        "licence_class": "L-6 / official list heading",
        "operator": "Delhi State Civil Supplies Corporation Limited (DSCSC)",
        "jurisdiction": "NCT of Delhi",
        "geometry_status": "not published by source",
        "source_url": "https://dscsc.delhi.gov.in/dscsc/liquor-vends",
        "source_last_updated": "2026-07-17",
        "coordinate_search_source": "OpenStreetMap",
        "coordinate_search_status": "no high-confidence one-to-one OSM match assigned",
        "coordinate_is_approximate": true,
        "coordinate_quality": "approximate_area_centroid",
        "matched_area": "hauz khas",
        "coordinate_method": "interpreted_locality_centroid",
        "coordinate_confidence": "medium",
        "estimated_accuracy_m": 1500,
        "coordinate_warning": "Approximate locality/sector centre. This is not the verified vend entrance.",
        "coordinate_source": "Area-centroid approximation based on the locality wording in the official vend name",
        "coordinate_fill_version": "2026-07-29-area-centroid-fill-v1",
        "coordinate_order": "[longitude, latitude]"
      }
    },
    {
      "type": "Feature",
      "id": "dscsc-imfl-86",
      "geometry": {
        "type": "Point",
        "coordinates": [
          77.274,
          28.651
        ]
      },
      "properties": {
        "serial_no": 86,
        "name": "GEETA COLONY",
        "vend_category": "IMFL vend",
        "licence_class": "L-6 / official list heading",
        "operator": "Delhi State Civil Supplies Corporation Limited (DSCSC)",
        "jurisdiction": "NCT of Delhi",
        "geometry_status": "not published by source",
        "source_url": "https://dscsc.delhi.gov.in/dscsc/liquor-vends",
        "source_last_updated": "2026-07-17",
        "coordinate_search_source": "OpenStreetMap",
        "coordinate_search_status": "no high-confidence one-to-one OSM match assigned",
        "coordinate_is_approximate": true,
        "coordinate_quality": "approximate_area_centroid",
        "matched_area": "geeta colony",
        "coordinate_method": "named_locality_centroid",
        "coordinate_confidence": "medium",
        "estimated_accuracy_m": 1200,
        "coordinate_warning": "Approximate locality/sector centre. This is not the verified vend entrance.",
        "coordinate_source": "Area-centroid approximation based on the locality wording in the official vend name",
        "coordinate_fill_version": "2026-07-29-area-centroid-fill-v1",
        "coordinate_order": "[longitude, latitude]"
      }
    },
    {
      "type": "Feature",
      "id": "dscsc-imfl-87",
      "geometry": {
        "type": "Point",
        "coordinates": [
          77.111,
          28.646
        ]
      },
      "properties": {
        "serial_no": 87,
        "name": "SHANKAR GARDEN",
        "vend_category": "IMFL vend",
        "licence_class": "L-6 / official list heading",
        "operator": "Delhi State Civil Supplies Corporation Limited (DSCSC)",
        "jurisdiction": "NCT of Delhi",
        "geometry_status": "not published by source",
        "source_url": "https://dscsc.delhi.gov.in/dscsc/liquor-vends",
        "source_last_updated": "2026-07-17",
        "coordinate_search_source": "OpenStreetMap",
        "coordinate_search_status": "no high-confidence one-to-one OSM match assigned",
        "coordinate_is_approximate": true,
        "coordinate_quality": "approximate_area_centroid",
        "matched_area": "shankar garden",
        "coordinate_method": "named_locality_centroid",
        "coordinate_confidence": "medium",
        "estimated_accuracy_m": 1200,
        "coordinate_warning": "Approximate locality/sector centre. This is not the verified vend entrance.",
        "coordinate_source": "Area-centroid approximation based on the locality wording in the official vend name",
        "coordinate_fill_version": "2026-07-29-area-centroid-fill-v1",
        "coordinate_order": "[longitude, latitude]"
      }
    },
    {
      "type": "Feature",
      "id": "dscsc-imfl-88",
      "geometry": {
        "type": "Point",
        "coordinates": [
          77.036,
          28.645
        ]
      },
      "properties": {
        "serial_no": 88,
        "name": "BAKKARWALA, LOK NAYAK PURAM",
        "vend_category": "IMFL vend",
        "licence_class": "L-6 / official list heading",
        "operator": "Delhi State Civil Supplies Corporation Limited (DSCSC)",
        "jurisdiction": "NCT of Delhi",
        "geometry_status": "not published by source",
        "source_url": "https://dscsc.delhi.gov.in/dscsc/liquor-vends",
        "source_last_updated": "2026-07-17",
        "coordinate_search_source": "OpenStreetMap",
        "coordinate_search_status": "no high-confidence one-to-one OSM match assigned",
        "coordinate_is_approximate": true,
        "coordinate_quality": "approximate_area_centroid",
        "matched_area": "lok nayak puram",
        "coordinate_method": "interpreted_locality_centroid",
        "coordinate_confidence": "medium",
        "estimated_accuracy_m": 1500,
        "coordinate_warning": "Approximate locality/sector centre. This is not the verified vend entrance.",
        "coordinate_source": "Area-centroid approximation based on the locality wording in the official vend name",
        "coordinate_fill_version": "2026-07-29-area-centroid-fill-v1",
        "coordinate_order": "[longitude, latitude]"
      }
    },
    {
      "type": "Feature",
      "id": "dscsc-imfl-89",
      "geometry": {
        "type": "Point",
        "coordinates": [
          77.281,
          28.636
        ]
      },
      "properties": {
        "serial_no": 89,
        "name": "GURU NANAK PURA A65",
        "vend_category": "IMFL vend",
        "licence_class": "L-6 / official list heading",
        "operator": "Delhi State Civil Supplies Corporation Limited (DSCSC)",
        "jurisdiction": "NCT of Delhi",
        "geometry_status": "not published by source",
        "source_url": "https://dscsc.delhi.gov.in/dscsc/liquor-vends",
        "source_last_updated": "2026-07-17",
        "coordinate_search_source": "OpenStreetMap",
        "coordinate_search_status": "no high-confidence one-to-one OSM match assigned",
        "coordinate_is_approximate": true,
        "coordinate_quality": "approximate_area_centroid",
        "matched_area": "guru nanak pura",
        "coordinate_method": "named_locality_centroid",
        "coordinate_confidence": "medium",
        "estimated_accuracy_m": 1200,
        "coordinate_warning": "Approximate locality/sector centre. This is not the verified vend entrance.",
        "coordinate_source": "Area-centroid approximation based on the locality wording in the official vend name",
        "coordinate_fill_version": "2026-07-29-area-centroid-fill-v1",
        "coordinate_order": "[longitude, latitude]"
      }
    },
    {
      "type": "Feature",
      "id": "dscsc-imfl-90",
      "geometry": {
        "type": "Point",
        "coordinates": [
          77.081,
          28.629
        ]
      },
      "properties": {
        "serial_no": 90,
        "name": "WEST END MALL 38",
        "vend_category": "IMFL vend",
        "licence_class": "L-6 / official list heading",
        "operator": "Delhi State Civil Supplies Corporation Limited (DSCSC)",
        "jurisdiction": "NCT of Delhi",
        "geometry_status": "not published by source",
        "source_url": "https://dscsc.delhi.gov.in/dscsc/liquor-vends",
        "source_last_updated": "2026-07-17",
        "coordinate_search_source": "OpenStreetMap",
        "coordinate_search_status": "no high-confidence one-to-one OSM match assigned",
        "coordinate_is_approximate": true,
        "coordinate_quality": "approximate_area_centroid",
        "matched_area": "west end mall",
        "coordinate_method": "interpreted_locality_centroid",
        "coordinate_confidence": "medium",
        "estimated_accuracy_m": 1500,
        "coordinate_warning": "Approximate locality/sector centre. This is not the verified vend entrance.",
        "coordinate_source": "Area-centroid approximation based on the locality wording in the official vend name",
        "coordinate_fill_version": "2026-07-29-area-centroid-fill-v1",
        "coordinate_order": "[longitude, latitude]"
      }
    },
    {
      "type": "Feature",
      "id": "dscsc-imfl-91",
      "geometry": {
        "type": "Point",
        "coordinates": [
          77.167,
          28.699
        ]
      },
      "properties": {
        "serial_no": 91,
        "name": "WAZIRPUR",
        "vend_category": "IMFL vend",
        "licence_class": "L-6 / official list heading",
        "operator": "Delhi State Civil Supplies Corporation Limited (DSCSC)",
        "jurisdiction": "NCT of Delhi",
        "geometry_status": "not published by source",
        "source_url": "https://dscsc.delhi.gov.in/dscsc/liquor-vends",
        "source_last_updated": "2026-07-17",
        "coordinate_search_source": "OpenStreetMap",
        "coordinate_search_status": "no high-confidence one-to-one OSM match assigned",
        "coordinate_is_approximate": true,
        "coordinate_quality": "approximate_area_centroid",
        "matched_area": "wazirpur",
        "coordinate_method": "named_locality_centroid",
        "coordinate_confidence": "medium",
        "estimated_accuracy_m": 1200,
        "coordinate_warning": "Approximate locality/sector centre. This is not the verified vend entrance.",
        "coordinate_source": "Area-centroid approximation based on the locality wording in the official vend name",
        "coordinate_fill_version": "2026-07-29-area-centroid-fill-v1",
        "coordinate_order": "[longitude, latitude]"
      }
    },
    {
      "type": "Feature",
      "id": "dscsc-imfl-92",
      "geometry": {
        "type": "Point",
        "coordinates": [
          77.132,
          28.668
        ]
      },
      "properties": {
        "serial_no": 92,
        "name": "EAST PUNJABI BAGH",
        "vend_category": "IMFL vend",
        "licence_class": "L-6 / official list heading",
        "operator": "Delhi State Civil Supplies Corporation Limited (DSCSC)",
        "jurisdiction": "NCT of Delhi",
        "geometry_status": "not published by source",
        "source_url": "https://dscsc.delhi.gov.in/dscsc/liquor-vends",
        "source_last_updated": "2026-07-17",
        "coordinate_search_source": "OpenStreetMap",
        "coordinate_search_status": "no high-confidence one-to-one OSM match assigned",
        "coordinate_is_approximate": true,
        "coordinate_quality": "approximate_area_centroid",
        "matched_area": "punjabi bagh",
        "coordinate_method": "named_locality_centroid",
        "coordinate_confidence": "medium",
        "estimated_accuracy_m": 1200,
        "coordinate_warning": "Approximate locality/sector centre. This is not the verified vend entrance.",
        "coordinate_source": "Area-centroid approximation based on the locality wording in the official vend name",
        "coordinate_fill_version": "2026-07-29-area-centroid-fill-v1",
        "coordinate_order": "[longitude, latitude]"
      }
    },
    {
      "type": "Feature",
      "id": "dscsc-imfl-93",
      "geometry": {
        "type": "Point",
        "coordinates": [
          77.263,
          28.541
        ]
      },
      "properties": {
        "serial_no": 93,
        "name": "GOVIND PURI, 24",
        "vend_category": "IMFL vend",
        "licence_class": "L-6 / official list heading",
        "operator": "Delhi State Civil Supplies Corporation Limited (DSCSC)",
        "jurisdiction": "NCT of Delhi",
        "geometry_status": "not published by source",
        "source_url": "https://dscsc.delhi.gov.in/dscsc/liquor-vends",
        "source_last_updated": "2026-07-17",
        "coordinate_search_source": "OpenStreetMap",
        "coordinate_search_status": "no high-confidence one-to-one OSM match assigned",
        "coordinate_is_approximate": true,
        "coordinate_quality": "approximate_area_centroid",
        "matched_area": "govindpuri",
        "coordinate_method": "named_locality_centroid",
        "coordinate_confidence": "medium",
        "estimated_accuracy_m": 1200,
        "coordinate_warning": "Approximate locality/sector centre. This is not the verified vend entrance.",
        "coordinate_source": "Area-centroid approximation based on the locality wording in the official vend name",
        "coordinate_fill_version": "2026-07-29-area-centroid-fill-v1",
        "coordinate_order": "[longitude, latitude]"
      }
    },
    {
      "type": "Feature",
      "id": "dscsc-imfl-94",
      "geometry": {
        "type": "Point",
        "coordinates": [
          77.278,
          28.63
        ]
      },
      "properties": {
        "serial_no": 94,
        "name": "METROPLEX EAST MALL, LAXMI NAGAR",
        "vend_category": "IMFL vend",
        "licence_class": "L-6 / official list heading",
        "operator": "Delhi State Civil Supplies Corporation Limited (DSCSC)",
        "jurisdiction": "NCT of Delhi",
        "geometry_status": "not published by source",
        "source_url": "https://dscsc.delhi.gov.in/dscsc/liquor-vends",
        "source_last_updated": "2026-07-17",
        "coordinate_search_source": "OpenStreetMap",
        "coordinate_search_status": "no high-confidence one-to-one OSM match assigned",
        "coordinate_is_approximate": true,
        "coordinate_quality": "approximate_area_centroid",
        "matched_area": "laxmi nagar",
        "coordinate_method": "named_locality_centroid",
        "coordinate_confidence": "medium",
        "estimated_accuracy_m": 1200,
        "coordinate_warning": "Approximate locality/sector centre. This is not the verified vend entrance.",
        "coordinate_source": "Area-centroid approximation based on the locality wording in the official vend name",
        "coordinate_fill_version": "2026-07-29-area-centroid-fill-v1",
        "coordinate_order": "[longitude, latitude]"
      }
    },
    {
      "type": "Feature",
      "id": "dscsc-imfl-95",
      "geometry": {
        "type": "Point",
        "coordinates": [
          77.152,
          28.696
        ]
      },
      "properties": {
        "serial_no": 95,
        "name": "GOPAL HEIGHTS, NSP",
        "vend_category": "IMFL vend",
        "licence_class": "L-6 / official list heading",
        "operator": "Delhi State Civil Supplies Corporation Limited (DSCSC)",
        "jurisdiction": "NCT of Delhi",
        "geometry_status": "not published by source",
        "source_url": "https://dscsc.delhi.gov.in/dscsc/liquor-vends",
        "source_last_updated": "2026-07-17",
        "coordinate_search_source": "OpenStreetMap",
        "coordinate_search_status": "no high-confidence one-to-one OSM match assigned",
        "coordinate_is_approximate": true,
        "coordinate_quality": "approximate_area_centroid",
        "matched_area": "netaji subhash place",
        "coordinate_method": "interpreted_locality_centroid",
        "coordinate_confidence": "medium",
        "estimated_accuracy_m": 1500,
        "coordinate_warning": "Approximate locality/sector centre. This is not the verified vend entrance.",
        "coordinate_source": "Area-centroid approximation based on the locality wording in the official vend name",
        "coordinate_fill_version": "2026-07-29-area-centroid-fill-v1",
        "coordinate_order": "[longitude, latitude]"
      }
    },
    {
      "type": "Feature",
      "id": "dscsc-imfl-96",
      "geometry": {
        "type": "Point",
        "coordinates": [
          77.216,
          28.667
        ]
      },
      "properties": {
        "serial_no": 96,
        "name": "TIS HAZARI METRO STN.",
        "vend_category": "IMFL vend",
        "licence_class": "L-6 / official list heading",
        "operator": "Delhi State Civil Supplies Corporation Limited (DSCSC)",
        "jurisdiction": "NCT of Delhi",
        "geometry_status": "not published by source",
        "source_url": "https://dscsc.delhi.gov.in/dscsc/liquor-vends",
        "source_last_updated": "2026-07-17",
        "coordinate_search_source": "OpenStreetMap",
        "coordinate_search_status": "no high-confidence one-to-one OSM match assigned",
        "coordinate_is_approximate": true,
        "coordinate_quality": "approximate_area_centroid",
        "matched_area": "tis hazari",
        "coordinate_method": "named_locality_centroid",
        "coordinate_confidence": "medium",
        "estimated_accuracy_m": 1200,
        "coordinate_warning": "Approximate locality/sector centre. This is not the verified vend entrance.",
        "coordinate_source": "Area-centroid approximation based on the locality wording in the official vend name",
        "coordinate_fill_version": "2026-07-29-area-centroid-fill-v1",
        "coordinate_order": "[longitude, latitude]"
      }
    },
    {
      "type": "Feature",
      "id": "dscsc-imfl-97",
      "geometry": {
        "type": "Point",
        "coordinates": [
          77.313,
          28.685
        ]
      },
      "properties": {
        "serial_no": 97,
        "name": "JHILMIL, TAHIRPUR",
        "vend_category": "IMFL vend",
        "licence_class": "L-6 / official list heading",
        "operator": "Delhi State Civil Supplies Corporation Limited (DSCSC)",
        "jurisdiction": "NCT of Delhi",
        "geometry_status": "not published by source",
        "source_url": "https://dscsc.delhi.gov.in/dscsc/liquor-vends",
        "source_last_updated": "2026-07-17",
        "coordinate_search_source": "OpenStreetMap",
        "coordinate_search_status": "no high-confidence one-to-one OSM match assigned",
        "coordinate_is_approximate": true,
        "coordinate_quality": "approximate_area_centroid",
        "matched_area": "tahirpur",
        "coordinate_method": "named_locality_centroid",
        "coordinate_confidence": "medium",
        "estimated_accuracy_m": 1200,
        "coordinate_warning": "Approximate locality/sector centre. This is not the verified vend entrance.",
        "coordinate_source": "Area-centroid approximation based on the locality wording in the official vend name",
        "coordinate_fill_version": "2026-07-29-area-centroid-fill-v1",
        "coordinate_order": "[longitude, latitude]"
      }
    },
    {
      "type": "Feature",
      "id": "dscsc-imfl-98",
      "geometry": {
        "type": "Point",
        "coordinates": [
          77.287,
          28.7
        ]
      },
      "properties": {
        "serial_no": 98,
        "name": "WAZIRABAD ROAD, BHAJANPURA",
        "vend_category": "IMFL vend",
        "licence_class": "L-6 / official list heading",
        "operator": "Delhi State Civil Supplies Corporation Limited (DSCSC)",
        "jurisdiction": "NCT of Delhi",
        "geometry_status": "not published by source",
        "source_url": "https://dscsc.delhi.gov.in/dscsc/liquor-vends",
        "source_last_updated": "2026-07-17",
        "coordinate_search_source": "OpenStreetMap",
        "coordinate_search_status": "no high-confidence one-to-one OSM match assigned",
        "coordinate_is_approximate": true,
        "coordinate_quality": "approximate_area_centroid",
        "matched_area": "wazirabad road",
        "coordinate_method": "named_locality_centroid",
        "coordinate_confidence": "medium",
        "estimated_accuracy_m": 1200,
        "coordinate_warning": "Approximate locality/sector centre. This is not the verified vend entrance.",
        "coordinate_source": "Area-centroid approximation based on the locality wording in the official vend name",
        "coordinate_fill_version": "2026-07-29-area-centroid-fill-v1",
        "coordinate_order": "[longitude, latitude]"
      }
    },
    {
      "type": "Feature",
      "id": "dscsc-imfl-99",
      "geometry": {
        "type": "Point",
        "coordinates": [
          77.11,
          28.625
        ]
      },
      "properties": {
        "serial_no": 99,
        "name": "HARI NAGAR",
        "vend_category": "IMFL vend",
        "licence_class": "L-6 / official list heading",
        "operator": "Delhi State Civil Supplies Corporation Limited (DSCSC)",
        "jurisdiction": "NCT of Delhi",
        "geometry_status": "not published by source",
        "source_url": "https://dscsc.delhi.gov.in/dscsc/liquor-vends",
        "source_last_updated": "2026-07-17",
        "coordinate_search_source": "OpenStreetMap",
        "coordinate_search_status": "no high-confidence one-to-one OSM match assigned",
        "coordinate_is_approximate": true,
        "coordinate_quality": "approximate_area_centroid",
        "matched_area": "hari nagar",
        "coordinate_method": "named_locality_centroid",
        "coordinate_confidence": "medium",
        "estimated_accuracy_m": 1200,
        "coordinate_warning": "Approximate locality/sector centre. This is not the verified vend entrance.",
        "coordinate_source": "Area-centroid approximation based on the locality wording in the official vend name",
        "coordinate_fill_version": "2026-07-29-area-centroid-fill-v1",
        "coordinate_order": "[longitude, latitude]"
      }
    },
    {
      "type": "Feature",
      "id": "dscsc-imfl-100",
      "geometry": {
        "type": "Point",
        "coordinates": [
          77.035,
          28.593
        ]
      },
      "properties": {
        "serial_no": 100,
        "name": "DWARKA SECTOR - 17",
        "vend_category": "IMFL vend",
        "licence_class": "L-6 / official list heading",
        "operator": "Delhi State Civil Supplies Corporation Limited (DSCSC)",
        "jurisdiction": "NCT of Delhi",
        "geometry_status": "not published by source",
        "source_url": "https://dscsc.delhi.gov.in/dscsc/liquor-vends",
        "source_last_updated": "2026-07-17",
        "coordinate_search_source": "OpenStreetMap",
        "coordinate_search_status": "no high-confidence one-to-one OSM match assigned",
        "coordinate_is_approximate": true,
        "coordinate_quality": "approximate_area_centroid",
        "matched_area": "dwarka sector 17",
        "coordinate_method": "sector_centroid",
        "coordinate_confidence": "medium",
        "estimated_accuracy_m": 900,
        "coordinate_warning": "Approximate locality/sector centre. This is not the verified vend entrance.",
        "coordinate_source": "Area-centroid approximation based on the locality wording in the official vend name",
        "coordinate_fill_version": "2026-07-29-area-centroid-fill-v1",
        "coordinate_order": "[longitude, latitude]"
      }
    },
    {
      "type": "Feature",
      "id": "dscsc-imfl-101",
      "geometry": {
        "type": "Point",
        "coordinates": [
          76.987,
          28.613
        ]
      },
      "properties": {
        "serial_no": 101,
        "name": "ROSHANPURA, NAJAFGARH",
        "vend_category": "IMFL vend",
        "licence_class": "L-6 / official list heading",
        "operator": "Delhi State Civil Supplies Corporation Limited (DSCSC)",
        "jurisdiction": "NCT of Delhi",
        "geometry_status": "not published by source",
        "source_url": "https://dscsc.delhi.gov.in/dscsc/liquor-vends",
        "source_last_updated": "2026-07-17",
        "coordinate_search_source": "OpenStreetMap",
        "coordinate_search_status": "no high-confidence one-to-one OSM match assigned",
        "coordinate_is_approximate": true,
        "coordinate_quality": "approximate_area_centroid",
        "matched_area": "roshanpura",
        "coordinate_method": "named_locality_centroid",
        "coordinate_confidence": "medium",
        "estimated_accuracy_m": 1200,
        "coordinate_warning": "Approximate locality/sector centre. This is not the verified vend entrance.",
        "coordinate_source": "Area-centroid approximation based on the locality wording in the official vend name",
        "coordinate_fill_version": "2026-07-29-area-centroid-fill-v1",
        "coordinate_order": "[longitude, latitude]"
      }
    },
    {
      "type": "Feature",
      "id": "dscsc-imfl-102",
      "geometry": {
        "type": "Point",
        "coordinates": [
          77.279,
          28.656
        ]
      },
      "properties": {
        "serial_no": 102,
        "name": "KRISHNA NAGAR, GHONDLI",
        "vend_category": "IMFL vend",
        "licence_class": "L-6 / official list heading",
        "operator": "Delhi State Civil Supplies Corporation Limited (DSCSC)",
        "jurisdiction": "NCT of Delhi",
        "geometry_status": "not published by source",
        "source_url": "https://dscsc.delhi.gov.in/dscsc/liquor-vends",
        "source_last_updated": "2026-07-17",
        "coordinate_search_source": "OpenStreetMap",
        "coordinate_search_status": "no high-confidence one-to-one OSM match assigned",
        "coordinate_is_approximate": true,
        "coordinate_quality": "approximate_area_centroid",
        "matched_area": "krishna nagar",
        "coordinate_method": "named_locality_centroid",
        "coordinate_confidence": "medium",
        "estimated_accuracy_m": 1200,
        "coordinate_warning": "Approximate locality/sector centre. This is not the verified vend entrance.",
        "coordinate_source": "Area-centroid approximation based on the locality wording in the official vend name",
        "coordinate_fill_version": "2026-07-29-area-centroid-fill-v1",
        "coordinate_order": "[longitude, latitude]"
      }
    },
    {
      "type": "Feature",
      "id": "dscsc-imfl-103",
      "geometry": {
        "type": "Point",
        "coordinates": [
          77.278,
          28.63
        ]
      },
      "properties": {
        "serial_no": 103,
        "name": "LAXMI NAGAR, BLOCK-E",
        "vend_category": "IMFL vend",
        "licence_class": "L-6 / official list heading",
        "operator": "Delhi State Civil Supplies Corporation Limited (DSCSC)",
        "jurisdiction": "NCT of Delhi",
        "geometry_status": "not published by source",
        "source_url": "https://dscsc.delhi.gov.in/dscsc/liquor-vends",
        "source_last_updated": "2026-07-17",
        "coordinate_search_source": "OpenStreetMap",
        "coordinate_search_status": "no high-confidence one-to-one OSM match assigned",
        "coordinate_is_approximate": true,
        "coordinate_quality": "approximate_area_centroid",
        "matched_area": "laxmi nagar",
        "coordinate_method": "named_locality_centroid",
        "coordinate_confidence": "medium",
        "estimated_accuracy_m": 1200,
        "coordinate_warning": "Approximate locality/sector centre. This is not the verified vend entrance.",
        "coordinate_source": "Area-centroid approximation based on the locality wording in the official vend name",
        "coordinate_fill_version": "2026-07-29-area-centroid-fill-v1",
        "coordinate_order": "[longitude, latitude]"
      }
    },
    {
      "type": "Feature",
      "id": "dscsc-imfl-104",
      "geometry": {
        "type": "Point",
        "coordinates": [
          77.283,
          28.63
        ]
      },
      "properties": {
        "serial_no": 104,
        "name": "SHAKARPUR A115",
        "vend_category": "IMFL vend",
        "licence_class": "L-6 / official list heading",
        "operator": "Delhi State Civil Supplies Corporation Limited (DSCSC)",
        "jurisdiction": "NCT of Delhi",
        "geometry_status": "not published by source",
        "source_url": "https://dscsc.delhi.gov.in/dscsc/liquor-vends",
        "source_last_updated": "2026-07-17",
        "coordinate_search_source": "OpenStreetMap",
        "coordinate_search_status": "no high-confidence one-to-one OSM match assigned",
        "coordinate_is_approximate": true,
        "coordinate_quality": "approximate_area_centroid",
        "matched_area": "shakarpur",
        "coordinate_method": "interpreted_locality_centroid",
        "coordinate_confidence": "medium",
        "estimated_accuracy_m": 1500,
        "coordinate_warning": "Approximate locality/sector centre. This is not the verified vend entrance.",
        "coordinate_source": "Area-centroid approximation based on the locality wording in the official vend name",
        "coordinate_fill_version": "2026-07-29-area-centroid-fill-v1",
        "coordinate_order": "[longitude, latitude]"
      }
    },
    {
      "type": "Feature",
      "id": "dscsc-imfl-105",
      "geometry": {
        "type": "Point",
        "coordinates": [
          77.119,
          28.759
        ]
      },
      "properties": {
        "serial_no": 105,
        "name": "SIRASPUR, GURUDWARA RD.",
        "vend_category": "IMFL vend",
        "licence_class": "L-6 / official list heading",
        "operator": "Delhi State Civil Supplies Corporation Limited (DSCSC)",
        "jurisdiction": "NCT of Delhi",
        "geometry_status": "not published by source",
        "source_url": "https://dscsc.delhi.gov.in/dscsc/liquor-vends",
        "source_last_updated": "2026-07-17",
        "coordinate_search_source": "OpenStreetMap",
        "coordinate_search_status": "no high-confidence one-to-one OSM match assigned",
        "coordinate_is_approximate": true,
        "coordinate_quality": "approximate_area_centroid",
        "matched_area": "siraspur",
        "coordinate_method": "named_locality_centroid",
        "coordinate_confidence": "medium",
        "estimated_accuracy_m": 1200,
        "coordinate_warning": "Approximate locality/sector centre. This is not the verified vend entrance.",
        "coordinate_source": "Area-centroid approximation based on the locality wording in the official vend name",
        "coordinate_fill_version": "2026-07-29-area-centroid-fill-v1",
        "coordinate_order": "[longitude, latitude]"
      }
    },
    {
      "type": "Feature",
      "id": "dscsc-imfl-106",
      "geometry": {
        "type": "Point",
        "coordinates": [
          77.289,
          28.676
        ]
      },
      "properties": {
        "serial_no": 106,
        "name": "RAM NAGAR 110",
        "vend_category": "IMFL vend",
        "licence_class": "L-6 / official list heading",
        "operator": "Delhi State Civil Supplies Corporation Limited (DSCSC)",
        "jurisdiction": "NCT of Delhi",
        "geometry_status": "not published by source",
        "source_url": "https://dscsc.delhi.gov.in/dscsc/liquor-vends",
        "source_last_updated": "2026-07-17",
        "coordinate_search_source": "OpenStreetMap",
        "coordinate_search_status": "no high-confidence one-to-one OSM match assigned",
        "coordinate_is_approximate": true,
        "coordinate_quality": "approximate_area_centroid",
        "matched_area": "ram nagar shahdara",
        "coordinate_method": "interpreted_parent_area_centroid",
        "coordinate_confidence": "low",
        "estimated_accuracy_m": 3000,
        "coordinate_warning": "Approximate locality/sector centre. This is not the verified vend entrance.",
        "coordinate_source": "Area-centroid approximation based on the locality wording in the official vend name",
        "coordinate_fill_version": "2026-07-29-area-centroid-fill-v1",
        "coordinate_order": "[longitude, latitude]"
      }
    },
    {
      "type": "Feature",
      "id": "dscsc-imfl-107",
      "geometry": {
        "type": "Point",
        "coordinates": [
          77.098,
          28.621
        ]
      },
      "properties": {
        "serial_no": 107,
        "name": "SATNAM PARK",
        "vend_category": "IMFL vend",
        "licence_class": "L-6 / official list heading",
        "operator": "Delhi State Civil Supplies Corporation Limited (DSCSC)",
        "jurisdiction": "NCT of Delhi",
        "geometry_status": "not published by source",
        "source_url": "https://dscsc.delhi.gov.in/dscsc/liquor-vends",
        "source_last_updated": "2026-07-17",
        "coordinate_search_source": "OpenStreetMap",
        "coordinate_search_status": "no high-confidence one-to-one OSM match assigned",
        "coordinate_is_approximate": true,
        "coordinate_quality": "approximate_area_centroid",
        "matched_area": "satnam park",
        "coordinate_method": "named_locality_centroid",
        "coordinate_confidence": "medium",
        "estimated_accuracy_m": 1200,
        "coordinate_warning": "Approximate locality/sector centre. This is not the verified vend entrance.",
        "coordinate_source": "Area-centroid approximation based on the locality wording in the official vend name",
        "coordinate_fill_version": "2026-07-29-area-centroid-fill-v1",
        "coordinate_order": "[longitude, latitude]"
      }
    },
    {
      "type": "Feature",
      "id": "dscsc-imfl-108",
      "geometry": {
        "type": "Point",
        "coordinates": [
          77.042,
          28.628
        ]
      },
      "properties": {
        "serial_no": 108,
        "name": "B BLK HASTSAL",
        "vend_category": "IMFL vend",
        "licence_class": "L-6 / official list heading",
        "operator": "Delhi State Civil Supplies Corporation Limited (DSCSC)",
        "jurisdiction": "NCT of Delhi",
        "geometry_status": "not published by source",
        "source_url": "https://dscsc.delhi.gov.in/dscsc/liquor-vends",
        "source_last_updated": "2026-07-17",
        "coordinate_search_source": "OpenStreetMap",
        "coordinate_search_status": "no high-confidence one-to-one OSM match assigned",
        "coordinate_is_approximate": true,
        "coordinate_quality": "approximate_area_centroid",
        "matched_area": "hastsal",
        "coordinate_method": "named_locality_centroid",
        "coordinate_confidence": "medium",
        "estimated_accuracy_m": 1200,
        "coordinate_warning": "Approximate locality/sector centre. This is not the verified vend entrance.",
        "coordinate_source": "Area-centroid approximation based on the locality wording in the official vend name",
        "coordinate_fill_version": "2026-07-29-area-centroid-fill-v1",
        "coordinate_order": "[longitude, latitude]"
      }
    },
    {
      "type": "Feature",
      "id": "dscsc-imfl-109",
      "geometry": {
        "type": "Point",
        "coordinates": [
          77.176,
          28.696
        ]
      },
      "properties": {
        "serial_no": 109,
        "name": "ASHOK VIHAR 34",
        "vend_category": "IMFL vend",
        "licence_class": "L-6 / official list heading",
        "operator": "Delhi State Civil Supplies Corporation Limited (DSCSC)",
        "jurisdiction": "NCT of Delhi",
        "geometry_status": "not published by source",
        "source_url": "https://dscsc.delhi.gov.in/dscsc/liquor-vends",
        "source_last_updated": "2026-07-17",
        "coordinate_search_source": "OpenStreetMap",
        "coordinate_search_status": "no high-confidence one-to-one OSM match assigned",
        "coordinate_is_approximate": true,
        "coordinate_quality": "approximate_area_centroid",
        "matched_area": "ashok vihar",
        "coordinate_method": "named_locality_centroid",
        "coordinate_confidence": "medium",
        "estimated_accuracy_m": 1200,
        "coordinate_warning": "Approximate locality/sector centre. This is not the verified vend entrance.",
        "coordinate_source": "Area-centroid approximation based on the locality wording in the official vend name",
        "coordinate_fill_version": "2026-07-29-area-centroid-fill-v1",
        "coordinate_order": "[longitude, latitude]"
      }
    },
    {
      "type": "Feature",
      "id": "dscsc-imfl-110",
      "geometry": {
        "type": "Point",
        "coordinates": [
          77.076,
          28.701
        ]
      },
      "properties": {
        "serial_no": 110,
        "name": "SULTANPUR MAJRA",
        "vend_category": "IMFL vend",
        "licence_class": "L-6 / official list heading",
        "operator": "Delhi State Civil Supplies Corporation Limited (DSCSC)",
        "jurisdiction": "NCT of Delhi",
        "geometry_status": "not published by source",
        "source_url": "https://dscsc.delhi.gov.in/dscsc/liquor-vends",
        "source_last_updated": "2026-07-17",
        "coordinate_search_source": "OpenStreetMap",
        "coordinate_search_status": "no high-confidence one-to-one OSM match assigned",
        "coordinate_is_approximate": true,
        "coordinate_quality": "approximate_area_centroid",
        "matched_area": "sultanpur majra",
        "coordinate_method": "named_locality_centroid",
        "coordinate_confidence": "medium",
        "estimated_accuracy_m": 1200,
        "coordinate_warning": "Approximate locality/sector centre. This is not the verified vend entrance.",
        "coordinate_source": "Area-centroid approximation based on the locality wording in the official vend name",
        "coordinate_fill_version": "2026-07-29-area-centroid-fill-v1",
        "coordinate_order": "[longitude, latitude]"
      }
    },
    {
      "type": "Feature",
      "id": "dscsc-imfl-111",
      "geometry": {
        "type": "Point",
        "coordinates": [
          77.132,
          28.667
        ]
      },
      "properties": {
        "serial_no": 111,
        "name": "PUNJABI BAGH ENCLAVE",
        "vend_category": "IMFL vend",
        "licence_class": "L-6 / official list heading",
        "operator": "Delhi State Civil Supplies Corporation Limited (DSCSC)",
        "jurisdiction": "NCT of Delhi",
        "geometry_status": "not published by source",
        "source_url": "https://dscsc.delhi.gov.in/dscsc/liquor-vends",
        "source_last_updated": "2026-07-17",
        "coordinate_search_source": "OpenStreetMap",
        "coordinate_search_status": "no high-confidence one-to-one OSM match assigned",
        "coordinate_is_approximate": true,
        "coordinate_quality": "approximate_area_centroid",
        "matched_area": "punjabi bagh enclave",
        "coordinate_method": "named_locality_centroid",
        "coordinate_confidence": "medium",
        "estimated_accuracy_m": 1200,
        "coordinate_warning": "Approximate locality/sector centre. This is not the verified vend entrance.",
        "coordinate_source": "Area-centroid approximation based on the locality wording in the official vend name",
        "coordinate_fill_version": "2026-07-29-area-centroid-fill-v1",
        "coordinate_order": "[longitude, latitude]"
      }
    },
    {
      "type": "Feature",
      "id": "dscsc-imfl-112",
      "geometry": {
        "type": "Point",
        "coordinates": [
          77.07,
          28.638
        ]
      },
      "properties": {
        "serial_no": 112,
        "name": "VIKASPURI, PRATIBHA TOWER",
        "vend_category": "IMFL vend",
        "licence_class": "L-6 / official list heading",
        "operator": "Delhi State Civil Supplies Corporation Limited (DSCSC)",
        "jurisdiction": "NCT of Delhi",
        "geometry_status": "not published by source",
        "source_url": "https://dscsc.delhi.gov.in/dscsc/liquor-vends",
        "source_last_updated": "2026-07-17",
        "coordinate_search_source": "OpenStreetMap",
        "coordinate_search_status": "no high-confidence one-to-one OSM match assigned",
        "coordinate_is_approximate": true,
        "coordinate_quality": "approximate_area_centroid",
        "matched_area": "vikaspuri",
        "coordinate_method": "named_locality_centroid",
        "coordinate_confidence": "medium",
        "estimated_accuracy_m": 1200,
        "coordinate_warning": "Approximate locality/sector centre. This is not the verified vend entrance.",
        "coordinate_source": "Area-centroid approximation based on the locality wording in the official vend name",
        "coordinate_fill_version": "2026-07-29-area-centroid-fill-v1",
        "coordinate_order": "[longitude, latitude]"
      }
    },
    {
      "type": "Feature",
      "id": "dscsc-imfl-113",
      "geometry": {
        "type": "Point",
        "coordinates": [
          77.177,
          28.642
        ]
      },
      "properties": {
        "serial_no": 113,
        "name": "RAJENDRA PLACE",
        "vend_category": "IMFL vend",
        "licence_class": "L-6 / official list heading",
        "operator": "Delhi State Civil Supplies Corporation Limited (DSCSC)",
        "jurisdiction": "NCT of Delhi",
        "geometry_status": "not published by source",
        "source_url": "https://dscsc.delhi.gov.in/dscsc/liquor-vends",
        "source_last_updated": "2026-07-17",
        "coordinate_search_source": "OpenStreetMap",
        "coordinate_search_status": "no high-confidence one-to-one OSM match assigned",
        "coordinate_is_approximate": true,
        "coordinate_quality": "approximate_area_centroid",
        "matched_area": "rajendra place",
        "coordinate_method": "named_locality_centroid",
        "coordinate_confidence": "medium",
        "estimated_accuracy_m": 1200,
        "coordinate_warning": "Approximate locality/sector centre. This is not the verified vend entrance.",
        "coordinate_source": "Area-centroid approximation based on the locality wording in the official vend name",
        "coordinate_fill_version": "2026-07-29-area-centroid-fill-v1",
        "coordinate_order": "[longitude, latitude]"
      }
    },
    {
      "type": "Feature",
      "id": "dscsc-imfl-114",
      "geometry": {
        "type": "Point",
        "coordinates": [
          77.131,
          28.704
        ]
      },
      "properties": {
        "serial_no": 114,
        "name": "PITAMPURA QD",
        "vend_category": "IMFL vend",
        "licence_class": "L-6 / official list heading",
        "operator": "Delhi State Civil Supplies Corporation Limited (DSCSC)",
        "jurisdiction": "NCT of Delhi",
        "geometry_status": "not published by source",
        "source_url": "https://dscsc.delhi.gov.in/dscsc/liquor-vends",
        "source_last_updated": "2026-07-17",
        "coordinate_search_source": "OpenStreetMap",
        "coordinate_search_status": "no high-confidence one-to-one OSM match assigned",
        "coordinate_is_approximate": true,
        "coordinate_quality": "approximate_area_centroid",
        "matched_area": "pitampura",
        "coordinate_method": "named_locality_centroid",
        "coordinate_confidence": "medium",
        "estimated_accuracy_m": 1200,
        "coordinate_warning": "Approximate locality/sector centre. This is not the verified vend entrance.",
        "coordinate_source": "Area-centroid approximation based on the locality wording in the official vend name",
        "coordinate_fill_version": "2026-07-29-area-centroid-fill-v1",
        "coordinate_order": "[longitude, latitude]"
      }
    },
    {
      "type": "Feature",
      "id": "dscsc-imfl-115",
      "geometry": {
        "type": "Point",
        "coordinates": [
          77.087,
          28.696
        ]
      },
      "properties": {
        "serial_no": 115,
        "name": "MANGOL PURI PHASE 2",
        "vend_category": "IMFL vend",
        "licence_class": "L-6 / official list heading",
        "operator": "Delhi State Civil Supplies Corporation Limited (DSCSC)",
        "jurisdiction": "NCT of Delhi",
        "geometry_status": "not published by source",
        "source_url": "https://dscsc.delhi.gov.in/dscsc/liquor-vends",
        "source_last_updated": "2026-07-17",
        "coordinate_search_source": "OpenStreetMap",
        "coordinate_search_status": "no high-confidence one-to-one OSM match assigned",
        "coordinate_is_approximate": true,
        "coordinate_quality": "approximate_area_centroid",
        "matched_area": "mangolpuri",
        "coordinate_method": "named_locality_centroid",
        "coordinate_confidence": "medium",
        "estimated_accuracy_m": 1200,
        "coordinate_warning": "Approximate locality/sector centre. This is not the verified vend entrance.",
        "coordinate_source": "Area-centroid approximation based on the locality wording in the official vend name",
        "coordinate_fill_version": "2026-07-29-area-centroid-fill-v1",
        "coordinate_order": "[longitude, latitude]"
      }
    },
    {
      "type": "Feature",
      "id": "dscsc-imfl-116",
      "geometry": {
        "type": "Point",
        "coordinates": [
          77.282,
          28.655
        ]
      },
      "properties": {
        "serial_no": 116,
        "name": "SHIVPURI",
        "vend_category": "IMFL vend",
        "licence_class": "L-6 / official list heading",
        "operator": "Delhi State Civil Supplies Corporation Limited (DSCSC)",
        "jurisdiction": "NCT of Delhi",
        "geometry_status": "not published by source",
        "source_url": "https://dscsc.delhi.gov.in/dscsc/liquor-vends",
        "source_last_updated": "2026-07-17",
        "coordinate_search_source": "OpenStreetMap",
        "coordinate_search_status": "no high-confidence one-to-one OSM match assigned",
        "coordinate_is_approximate": true,
        "coordinate_quality": "approximate_area_centroid",
        "matched_area": "shivpuri",
        "coordinate_method": "interpreted_locality_centroid",
        "coordinate_confidence": "medium",
        "estimated_accuracy_m": 1500,
        "coordinate_warning": "Approximate locality/sector centre. This is not the verified vend entrance.",
        "coordinate_source": "Area-centroid approximation based on the locality wording in the official vend name",
        "coordinate_fill_version": "2026-07-29-area-centroid-fill-v1",
        "coordinate_order": "[longitude, latitude]"
      }
    },
    {
      "type": "Feature",
      "id": "dscsc-imfl-117",
      "geometry": {
        "type": "Point",
        "coordinates": [
          77.139,
          28.748
        ]
      },
      "properties": {
        "serial_no": 117,
        "name": "SANJAY GANDHI TPT NAGAR",
        "vend_category": "IMFL vend",
        "licence_class": "L-6 / official list heading",
        "operator": "Delhi State Civil Supplies Corporation Limited (DSCSC)",
        "jurisdiction": "NCT of Delhi",
        "geometry_status": "not published by source",
        "source_url": "https://dscsc.delhi.gov.in/dscsc/liquor-vends",
        "source_last_updated": "2026-07-17",
        "coordinate_search_source": "OpenStreetMap",
        "coordinate_search_status": "no high-confidence one-to-one OSM match assigned",
        "coordinate_is_approximate": true,
        "coordinate_quality": "approximate_area_centroid",
        "matched_area": "sanjay gandhi transport nagar",
        "coordinate_method": "named_locality_centroid",
        "coordinate_confidence": "medium",
        "estimated_accuracy_m": 1200,
        "coordinate_warning": "Approximate locality/sector centre. This is not the verified vend entrance.",
        "coordinate_source": "Area-centroid approximation based on the locality wording in the official vend name",
        "coordinate_fill_version": "2026-07-29-area-centroid-fill-v1",
        "coordinate_order": "[longitude, latitude]"
      }
    },
    {
      "type": "Feature",
      "id": "dscsc-imfl-118",
      "geometry": {
        "type": "Point",
        "coordinates": [
          77.129,
          28.637
        ]
      },
      "properties": {
        "serial_no": 118,
        "name": "MAYAPURI S2",
        "vend_category": "IMFL vend",
        "licence_class": "L-6 / official list heading",
        "operator": "Delhi State Civil Supplies Corporation Limited (DSCSC)",
        "jurisdiction": "NCT of Delhi",
        "geometry_status": "not published by source",
        "source_url": "https://dscsc.delhi.gov.in/dscsc/liquor-vends",
        "source_last_updated": "2026-07-17",
        "coordinate_search_source": "OpenStreetMap",
        "coordinate_search_status": "no high-confidence one-to-one OSM match assigned",
        "coordinate_is_approximate": true,
        "coordinate_quality": "approximate_area_centroid",
        "matched_area": "mayapuri",
        "coordinate_method": "named_locality_centroid",
        "coordinate_confidence": "medium",
        "estimated_accuracy_m": 1200,
        "coordinate_warning": "Approximate locality/sector centre. This is not the verified vend entrance.",
        "coordinate_source": "Area-centroid approximation based on the locality wording in the official vend name",
        "coordinate_fill_version": "2026-07-29-area-centroid-fill-v1",
        "coordinate_order": "[longitude, latitude]"
      }
    },
    {
      "type": "Feature",
      "id": "dscsc-imfl-119",
      "geometry": {
        "type": "Point",
        "coordinates": [
          77.087,
          28.696
        ]
      },
      "properties": {
        "serial_no": 119,
        "name": "MANGOL PURI A-27",
        "vend_category": "IMFL vend",
        "licence_class": "L-6 / official list heading",
        "operator": "Delhi State Civil Supplies Corporation Limited (DSCSC)",
        "jurisdiction": "NCT of Delhi",
        "geometry_status": "not published by source",
        "source_url": "https://dscsc.delhi.gov.in/dscsc/liquor-vends",
        "source_last_updated": "2026-07-17",
        "coordinate_search_source": "OpenStreetMap",
        "coordinate_search_status": "no high-confidence one-to-one OSM match assigned",
        "coordinate_is_approximate": true,
        "coordinate_quality": "approximate_area_centroid",
        "matched_area": "mangolpuri",
        "coordinate_method": "named_locality_centroid",
        "coordinate_confidence": "medium",
        "estimated_accuracy_m": 1200,
        "coordinate_warning": "Approximate locality/sector centre. This is not the verified vend entrance.",
        "coordinate_source": "Area-centroid approximation based on the locality wording in the official vend name",
        "coordinate_fill_version": "2026-07-29-area-centroid-fill-v1",
        "coordinate_order": "[longitude, latitude]"
      }
    },
    {
      "type": "Feature",
      "id": "dscsc-imfl-120",
      "geometry": {
        "type": "Point",
        "coordinates": [
          77.092,
          28.679
        ]
      },
      "properties": {
        "serial_no": 120,
        "name": "PEERA GARHI",
        "vend_category": "IMFL vend",
        "licence_class": "L-6 / official list heading",
        "operator": "Delhi State Civil Supplies Corporation Limited (DSCSC)",
        "jurisdiction": "NCT of Delhi",
        "geometry_status": "not published by source",
        "source_url": "https://dscsc.delhi.gov.in/dscsc/liquor-vends",
        "source_last_updated": "2026-07-17",
        "coordinate_search_source": "OpenStreetMap",
        "coordinate_search_status": "no high-confidence one-to-one OSM match assigned",
        "coordinate_is_approximate": true,
        "coordinate_quality": "approximate_area_centroid",
        "matched_area": "peera garhi",
        "coordinate_method": "named_locality_centroid",
        "coordinate_confidence": "medium",
        "estimated_accuracy_m": 1200,
        "coordinate_warning": "Approximate locality/sector centre. This is not the verified vend entrance.",
        "coordinate_source": "Area-centroid approximation based on the locality wording in the official vend name",
        "coordinate_fill_version": "2026-07-29-area-centroid-fill-v1",
        "coordinate_order": "[longitude, latitude]"
      }
    },
    {
      "type": "Feature",
      "id": "dscsc-imfl-121",
      "geometry": {
        "type": "Point",
        "coordinates": [
          77.092,
          28.728
        ]
      },
      "properties": {
        "serial_no": 121,
        "name": "ROHINI SECTOR-20",
        "vend_category": "IMFL vend",
        "licence_class": "L-6 / official list heading",
        "operator": "Delhi State Civil Supplies Corporation Limited (DSCSC)",
        "jurisdiction": "NCT of Delhi",
        "geometry_status": "not published by source",
        "source_url": "https://dscsc.delhi.gov.in/dscsc/liquor-vends",
        "source_last_updated": "2026-07-17",
        "coordinate_search_source": "OpenStreetMap",
        "coordinate_search_status": "no high-confidence one-to-one OSM match assigned",
        "coordinate_is_approximate": true,
        "coordinate_quality": "approximate_area_centroid",
        "matched_area": "rohini sector 20",
        "coordinate_method": "sector_centroid",
        "coordinate_confidence": "medium",
        "estimated_accuracy_m": 800,
        "coordinate_warning": "Approximate locality/sector centre. This is not the verified vend entrance.",
        "coordinate_source": "Area-centroid approximation based on the locality wording in the official vend name",
        "coordinate_fill_version": "2026-07-29-area-centroid-fill-v1",
        "coordinate_order": "[longitude, latitude]"
      }
    },
    {
      "type": "Feature",
      "id": "dscsc-imfl-122",
      "geometry": {
        "type": "Point",
        "coordinates": [
          77.091,
          28.669
        ]
      },
      "properties": {
        "serial_no": 122,
        "name": "PASCHIM VIHAR",
        "vend_category": "IMFL vend",
        "licence_class": "L-6 / official list heading",
        "operator": "Delhi State Civil Supplies Corporation Limited (DSCSC)",
        "jurisdiction": "NCT of Delhi",
        "geometry_status": "not published by source",
        "source_url": "https://dscsc.delhi.gov.in/dscsc/liquor-vends",
        "source_last_updated": "2026-07-17",
        "coordinate_search_source": "OpenStreetMap",
        "coordinate_search_status": "no high-confidence one-to-one OSM match assigned",
        "coordinate_is_approximate": true,
        "coordinate_quality": "approximate_area_centroid",
        "matched_area": "paschim vihar",
        "coordinate_method": "named_locality_centroid",
        "coordinate_confidence": "medium",
        "estimated_accuracy_m": 1200,
        "coordinate_warning": "Approximate locality/sector centre. This is not the verified vend entrance.",
        "coordinate_source": "Area-centroid approximation based on the locality wording in the official vend name",
        "coordinate_fill_version": "2026-07-29-area-centroid-fill-v1",
        "coordinate_order": "[longitude, latitude]"
      }
    },
    {
      "type": "Feature",
      "id": "dscsc-imfl-123",
      "geometry": {
        "type": "Point",
        "coordinates": [
          77.24,
          28.555
        ]
      },
      "properties": {
        "serial_no": 123,
        "name": "DURGA COMPLEX",
        "vend_category": "IMFL vend",
        "licence_class": "L-6 / official list heading",
        "operator": "Delhi State Civil Supplies Corporation Limited (DSCSC)",
        "jurisdiction": "NCT of Delhi",
        "geometry_status": "not published by source",
        "source_url": "https://dscsc.delhi.gov.in/dscsc/liquor-vends",
        "source_last_updated": "2026-07-17",
        "coordinate_search_source": "OpenStreetMap",
        "coordinate_search_status": "no high-confidence one-to-one OSM match assigned",
        "coordinate_is_approximate": true,
        "coordinate_quality": "approximate_area_centroid",
        "matched_area": "durga complex",
        "coordinate_method": "interpreted_parent_area_centroid",
        "coordinate_confidence": "low",
        "estimated_accuracy_m": 3000,
        "coordinate_warning": "Approximate locality/sector centre. This is not the verified vend entrance.",
        "coordinate_source": "Area-centroid approximation based on the locality wording in the official vend name",
        "coordinate_fill_version": "2026-07-29-area-centroid-fill-v1",
        "coordinate_order": "[longitude, latitude]"
      }
    },
    {
      "type": "Feature",
      "id": "dscsc-imfl-124",
      "geometry": {
        "type": "Point",
        "coordinates": [
          77.112,
          28.643
        ]
      },
      "properties": {
        "serial_no": 124,
        "name": "TAGORE MARKET",
        "vend_category": "IMFL vend",
        "licence_class": "L-6 / official list heading",
        "operator": "Delhi State Civil Supplies Corporation Limited (DSCSC)",
        "jurisdiction": "NCT of Delhi",
        "geometry_status": "not published by source",
        "source_url": "https://dscsc.delhi.gov.in/dscsc/liquor-vends",
        "source_last_updated": "2026-07-17",
        "coordinate_search_source": "OpenStreetMap",
        "coordinate_search_status": "no high-confidence one-to-one OSM match assigned",
        "coordinate_is_approximate": true,
        "coordinate_quality": "approximate_area_centroid",
        "matched_area": "tagore market",
        "coordinate_method": "named_parent_area_centroid",
        "coordinate_confidence": "low",
        "estimated_accuracy_m": 3000,
        "coordinate_warning": "Approximate locality/sector centre. This is not the verified vend entrance.",
        "coordinate_source": "Area-centroid approximation based on the locality wording in the official vend name",
        "coordinate_fill_version": "2026-07-29-area-centroid-fill-v1",
        "coordinate_order": "[longitude, latitude]"
      }
    },
    {
      "type": "Feature",
      "id": "dscsc-imfl-125",
      "geometry": {
        "type": "Point",
        "coordinates": [
          77.228,
          28.6675
        ]
      },
      "properties": {
        "serial_no": 125,
        "name": "KASHMERE GATE",
        "vend_category": "IMFL vend",
        "licence_class": "L-6 / official list heading",
        "operator": "Delhi State Civil Supplies Corporation Limited (DSCSC)",
        "jurisdiction": "NCT of Delhi",
        "geometry_status": "not published by source",
        "source_url": "https://dscsc.delhi.gov.in/dscsc/liquor-vends",
        "source_last_updated": "2026-07-17",
        "coordinate_search_source": "OpenStreetMap",
        "coordinate_search_status": "no high-confidence one-to-one OSM match assigned",
        "coordinate_is_approximate": true,
        "coordinate_quality": "approximate_area_centroid",
        "matched_area": "kashmere gate",
        "coordinate_method": "named_locality_centroid",
        "coordinate_confidence": "medium",
        "estimated_accuracy_m": 1200,
        "coordinate_warning": "Approximate locality/sector centre. This is not the verified vend entrance.",
        "coordinate_source": "Area-centroid approximation based on the locality wording in the official vend name",
        "coordinate_fill_version": "2026-07-29-area-centroid-fill-v1",
        "coordinate_order": "[longitude, latitude]"
      }
    },
    {
      "type": "Feature",
      "id": "dscsc-imfl-126",
      "geometry": {
        "type": "Point",
        "coordinates": [
          77.273,
          28.663
        ]
      },
      "properties": {
        "serial_no": 126,
        "name": "KANTI NAGAR EXTN.",
        "vend_category": "IMFL vend",
        "licence_class": "L-6 / official list heading",
        "operator": "Delhi State Civil Supplies Corporation Limited (DSCSC)",
        "jurisdiction": "NCT of Delhi",
        "geometry_status": "not published by source",
        "source_url": "https://dscsc.delhi.gov.in/dscsc/liquor-vends",
        "source_last_updated": "2026-07-17",
        "coordinate_search_source": "OpenStreetMap",
        "coordinate_search_status": "no high-confidence one-to-one OSM match assigned",
        "coordinate_is_approximate": true,
        "coordinate_quality": "approximate_area_centroid",
        "matched_area": "kanti nagar",
        "coordinate_method": "named_locality_centroid",
        "coordinate_confidence": "medium",
        "estimated_accuracy_m": 1200,
        "coordinate_warning": "Approximate locality/sector centre. This is not the verified vend entrance.",
        "coordinate_source": "Area-centroid approximation based on the locality wording in the official vend name",
        "coordinate_fill_version": "2026-07-29-area-centroid-fill-v1",
        "coordinate_order": "[longitude, latitude]"
      }
    },
    {
      "type": "Feature",
      "id": "dscsc-imfl-127",
      "geometry": {
        "type": "Point",
        "coordinates": [
          77.065,
          28.614
        ]
      },
      "properties": {
        "serial_no": 127,
        "name": "BINDAPUR",
        "vend_category": "IMFL vend",
        "licence_class": "L-6 / official list heading",
        "operator": "Delhi State Civil Supplies Corporation Limited (DSCSC)",
        "jurisdiction": "NCT of Delhi",
        "geometry_status": "not published by source",
        "source_url": "https://dscsc.delhi.gov.in/dscsc/liquor-vends",
        "source_last_updated": "2026-07-17",
        "coordinate_search_source": "OpenStreetMap",
        "coordinate_search_status": "no high-confidence one-to-one OSM match assigned",
        "coordinate_is_approximate": true,
        "coordinate_quality": "approximate_area_centroid",
        "matched_area": "bindapur",
        "coordinate_method": "named_locality_centroid",
        "coordinate_confidence": "medium",
        "estimated_accuracy_m": 1200,
        "coordinate_warning": "Approximate locality/sector centre. This is not the verified vend entrance.",
        "coordinate_source": "Area-centroid approximation based on the locality wording in the official vend name",
        "coordinate_fill_version": "2026-07-29-area-centroid-fill-v1",
        "coordinate_order": "[longitude, latitude]"
      }
    },
    {
      "type": "Feature",
      "id": "dscsc-imfl-128",
      "geometry": {
        "type": "Point",
        "coordinates": [
          77.072,
          28.677
        ]
      },
      "properties": {
        "serial_no": 128,
        "name": "JWALAPURI",
        "vend_category": "IMFL vend",
        "licence_class": "L-6 / official list heading",
        "operator": "Delhi State Civil Supplies Corporation Limited (DSCSC)",
        "jurisdiction": "NCT of Delhi",
        "geometry_status": "not published by source",
        "source_url": "https://dscsc.delhi.gov.in/dscsc/liquor-vends",
        "source_last_updated": "2026-07-17",
        "coordinate_search_source": "OpenStreetMap",
        "coordinate_search_status": "no high-confidence one-to-one OSM match assigned",
        "coordinate_is_approximate": true,
        "coordinate_quality": "approximate_area_centroid",
        "matched_area": "jwalapuri",
        "coordinate_method": "named_locality_centroid",
        "coordinate_confidence": "medium",
        "estimated_accuracy_m": 1200,
        "coordinate_warning": "Approximate locality/sector centre. This is not the verified vend entrance.",
        "coordinate_source": "Area-centroid approximation based on the locality wording in the official vend name",
        "coordinate_fill_version": "2026-07-29-area-centroid-fill-v1",
        "coordinate_order": "[longitude, latitude]"
      }
    },
    {
      "type": "Feature",
      "id": "dscsc-imfl-129",
      "geometry": {
        "type": "Point",
        "coordinates": [
          77.226,
          28.641
        ]
      },
      "properties": {
        "serial_no": 129,
        "name": "KAMLA MARKET",
        "vend_category": "IMFL vend",
        "licence_class": "L-6 / official list heading",
        "operator": "Delhi State Civil Supplies Corporation Limited (DSCSC)",
        "jurisdiction": "NCT of Delhi",
        "geometry_status": "not published by source",
        "source_url": "https://dscsc.delhi.gov.in/dscsc/liquor-vends",
        "source_last_updated": "2026-07-17",
        "coordinate_search_source": "OpenStreetMap",
        "coordinate_search_status": "no high-confidence one-to-one OSM match assigned",
        "coordinate_is_approximate": true,
        "coordinate_quality": "approximate_area_centroid",
        "matched_area": "kamla market",
        "coordinate_method": "named_locality_centroid",
        "coordinate_confidence": "medium",
        "estimated_accuracy_m": 1200,
        "coordinate_warning": "Approximate locality/sector centre. This is not the verified vend entrance.",
        "coordinate_source": "Area-centroid approximation based on the locality wording in the official vend name",
        "coordinate_fill_version": "2026-07-29-area-centroid-fill-v1",
        "coordinate_order": "[longitude, latitude]"
      }
    },
    {
      "type": "Feature",
      "id": "dscsc-imfl-130",
      "geometry": {
        "type": "Point",
        "coordinates": [
          77.125,
          28.544
        ]
      },
      "properties": {
        "serial_no": 130,
        "name": "MAHIPALPUR E-14",
        "vend_category": "IMFL vend",
        "licence_class": "L-6 / official list heading",
        "operator": "Delhi State Civil Supplies Corporation Limited (DSCSC)",
        "jurisdiction": "NCT of Delhi",
        "geometry_status": "not published by source",
        "source_url": "https://dscsc.delhi.gov.in/dscsc/liquor-vends",
        "source_last_updated": "2026-07-17",
        "coordinate_search_source": "OpenStreetMap",
        "coordinate_search_status": "no high-confidence one-to-one OSM match assigned",
        "coordinate_is_approximate": true,
        "coordinate_quality": "approximate_area_centroid",
        "matched_area": "mahipalpur",
        "coordinate_method": "named_locality_centroid",
        "coordinate_confidence": "medium",
        "estimated_accuracy_m": 1200,
        "coordinate_warning": "Approximate locality/sector centre. This is not the verified vend entrance.",
        "coordinate_source": "Area-centroid approximation based on the locality wording in the official vend name",
        "coordinate_fill_version": "2026-07-29-area-centroid-fill-v1",
        "coordinate_order": "[longitude, latitude]"
      }
    },
    {
      "type": "Feature",
      "id": "dscsc-imfl-131",
      "geometry": {
        "type": "Point",
        "coordinates": [
          77.15,
          28.67
        ]
      },
      "properties": {
        "serial_no": 131,
        "name": "ROHTAK ROAD",
        "vend_category": "IMFL vend",
        "licence_class": "L-6 / official list heading",
        "operator": "Delhi State Civil Supplies Corporation Limited (DSCSC)",
        "jurisdiction": "NCT of Delhi",
        "geometry_status": "not published by source",
        "source_url": "https://dscsc.delhi.gov.in/dscsc/liquor-vends",
        "source_last_updated": "2026-07-17",
        "coordinate_search_source": "OpenStreetMap",
        "coordinate_search_status": "no high-confidence one-to-one OSM match assigned",
        "coordinate_is_approximate": true,
        "coordinate_quality": "approximate_area_centroid",
        "matched_area": "rohtak road",
        "coordinate_method": "named_locality_centroid",
        "coordinate_confidence": "medium",
        "estimated_accuracy_m": 1200,
        "coordinate_warning": "Approximate locality/sector centre. This is not the verified vend entrance.",
        "coordinate_source": "Area-centroid approximation based on the locality wording in the official vend name",
        "coordinate_fill_version": "2026-07-29-area-centroid-fill-v1",
        "coordinate_order": "[longitude, latitude]"
      }
    },
    {
      "type": "Feature",
      "id": "dscsc-imfl-132",
      "geometry": {
        "type": "Point",
        "coordinates": [
          77.182,
          28.638
        ]
      },
      "properties": {
        "serial_no": 132,
        "name": "OLD RAJINDER NAGAR",
        "vend_category": "IMFL vend",
        "licence_class": "L-6 / official list heading",
        "operator": "Delhi State Civil Supplies Corporation Limited (DSCSC)",
        "jurisdiction": "NCT of Delhi",
        "geometry_status": "not published by source",
        "source_url": "https://dscsc.delhi.gov.in/dscsc/liquor-vends",
        "source_last_updated": "2026-07-17",
        "coordinate_search_source": "OpenStreetMap",
        "coordinate_search_status": "no high-confidence one-to-one OSM match assigned",
        "coordinate_is_approximate": true,
        "coordinate_quality": "approximate_area_centroid",
        "matched_area": "old rajinder nagar",
        "coordinate_method": "named_locality_centroid",
        "coordinate_confidence": "medium",
        "estimated_accuracy_m": 1200,
        "coordinate_warning": "Approximate locality/sector centre. This is not the verified vend entrance.",
        "coordinate_source": "Area-centroid approximation based on the locality wording in the official vend name",
        "coordinate_fill_version": "2026-07-29-area-centroid-fill-v1",
        "coordinate_order": "[longitude, latitude]"
      }
    },
    {
      "type": "Feature",
      "id": "dscsc-imfl-133",
      "geometry": {
        "type": "Point",
        "coordinates": [
          77.283,
          28.538
        ]
      },
      "properties": {
        "serial_no": 133,
        "name": "JASOLA VIHAR 17-18",
        "vend_category": "IMFL vend",
        "licence_class": "L-6 / official list heading",
        "operator": "Delhi State Civil Supplies Corporation Limited (DSCSC)",
        "jurisdiction": "NCT of Delhi",
        "geometry_status": "not published by source",
        "source_url": "https://dscsc.delhi.gov.in/dscsc/liquor-vends",
        "source_last_updated": "2026-07-17",
        "coordinate_search_source": "OpenStreetMap",
        "coordinate_search_status": "no high-confidence one-to-one OSM match assigned",
        "coordinate_is_approximate": true,
        "coordinate_quality": "approximate_area_centroid",
        "matched_area": "jasola",
        "coordinate_method": "named_locality_centroid",
        "coordinate_confidence": "medium",
        "estimated_accuracy_m": 1200,
        "coordinate_warning": "Approximate locality/sector centre. This is not the verified vend entrance.",
        "coordinate_source": "Area-centroid approximation based on the locality wording in the official vend name",
        "coordinate_fill_version": "2026-07-29-area-centroid-fill-v1",
        "coordinate_order": "[longitude, latitude]"
      }
    },
    {
      "type": "Feature",
      "id": "dscsc-imfl-134",
      "geometry": {
        "type": "Point",
        "coordinates": [
          77.12,
          28.642
        ]
      },
      "properties": {
        "serial_no": 134,
        "name": "RAJOURI GARDEN",
        "vend_category": "IMFL vend",
        "licence_class": "L-6 / official list heading",
        "operator": "Delhi State Civil Supplies Corporation Limited (DSCSC)",
        "jurisdiction": "NCT of Delhi",
        "geometry_status": "not published by source",
        "source_url": "https://dscsc.delhi.gov.in/dscsc/liquor-vends",
        "source_last_updated": "2026-07-17",
        "coordinate_search_source": "OpenStreetMap",
        "coordinate_search_status": "no high-confidence one-to-one OSM match assigned",
        "coordinate_is_approximate": true,
        "coordinate_quality": "approximate_area_centroid",
        "matched_area": "rajouri garden",
        "coordinate_method": "named_locality_centroid",
        "coordinate_confidence": "medium",
        "estimated_accuracy_m": 1200,
        "coordinate_warning": "Approximate locality/sector centre. This is not the verified vend entrance.",
        "coordinate_source": "Area-centroid approximation based on the locality wording in the official vend name",
        "coordinate_fill_version": "2026-07-29-area-centroid-fill-v1",
        "coordinate_order": "[longitude, latitude]"
      }
    },
    {
      "type": "Feature",
      "id": "dscsc-imfl-135",
      "geometry": {
        "type": "Point",
        "coordinates": [
          77.098,
          28.631
        ]
      },
      "properties": {
        "serial_no": 135,
        "name": "SHIV NAGAR",
        "vend_category": "IMFL vend",
        "licence_class": "L-6 / official list heading",
        "operator": "Delhi State Civil Supplies Corporation Limited (DSCSC)",
        "jurisdiction": "NCT of Delhi",
        "geometry_status": "not published by source",
        "source_url": "https://dscsc.delhi.gov.in/dscsc/liquor-vends",
        "source_last_updated": "2026-07-17",
        "coordinate_search_source": "OpenStreetMap",
        "coordinate_search_status": "no high-confidence one-to-one OSM match assigned",
        "coordinate_is_approximate": true,
        "coordinate_quality": "approximate_area_centroid",
        "matched_area": "shiv nagar west",
        "coordinate_method": "interpreted_parent_area_centroid",
        "coordinate_confidence": "low",
        "estimated_accuracy_m": 3000,
        "coordinate_warning": "Approximate locality/sector centre. This is not the verified vend entrance.",
        "coordinate_source": "Area-centroid approximation based on the locality wording in the official vend name",
        "coordinate_fill_version": "2026-07-29-area-centroid-fill-v1",
        "coordinate_order": "[longitude, latitude]"
      }
    },
    {
      "type": "Feature",
      "id": "dscsc-imfl-136",
      "geometry": {
        "type": "Point",
        "coordinates": [
          77.135,
          28.716
        ]
      },
      "properties": {
        "serial_no": 136,
        "name": "PRASHANT VIHAR",
        "vend_category": "IMFL vend",
        "licence_class": "L-6 / official list heading",
        "operator": "Delhi State Civil Supplies Corporation Limited (DSCSC)",
        "jurisdiction": "NCT of Delhi",
        "geometry_status": "not published by source",
        "source_url": "https://dscsc.delhi.gov.in/dscsc/liquor-vends",
        "source_last_updated": "2026-07-17",
        "coordinate_search_source": "OpenStreetMap",
        "coordinate_search_status": "no high-confidence one-to-one OSM match assigned",
        "coordinate_is_approximate": true,
        "coordinate_quality": "approximate_area_centroid",
        "matched_area": "prashant vihar",
        "coordinate_method": "named_locality_centroid",
        "coordinate_confidence": "medium",
        "estimated_accuracy_m": 1200,
        "coordinate_warning": "Approximate locality/sector centre. This is not the verified vend entrance.",
        "coordinate_source": "Area-centroid approximation based on the locality wording in the official vend name",
        "coordinate_fill_version": "2026-07-29-area-centroid-fill-v1",
        "coordinate_order": "[longitude, latitude]"
      }
    },
    {
      "type": "Feature",
      "id": "dscsc-imfl-137",
      "geometry": {
        "type": "Point",
        "coordinates": [
          77.242,
          28.628
        ]
      },
      "properties": {
        "serial_no": 137,
        "name": "VIKAS BHAWAN",
        "vend_category": "IMFL vend",
        "licence_class": "L-6 / official list heading",
        "operator": "Delhi State Civil Supplies Corporation Limited (DSCSC)",
        "jurisdiction": "NCT of Delhi",
        "geometry_status": "not published by source",
        "source_url": "https://dscsc.delhi.gov.in/dscsc/liquor-vends",
        "source_last_updated": "2026-07-17",
        "coordinate_search_source": "OpenStreetMap",
        "coordinate_search_status": "no high-confidence one-to-one OSM match assigned",
        "coordinate_is_approximate": true,
        "coordinate_quality": "approximate_area_centroid",
        "matched_area": "vikas bhawan",
        "coordinate_method": "interpreted_parent_area_centroid",
        "coordinate_confidence": "low",
        "estimated_accuracy_m": 3000,
        "coordinate_warning": "Approximate locality/sector centre. This is not the verified vend entrance.",
        "coordinate_source": "Area-centroid approximation based on the locality wording in the official vend name",
        "coordinate_fill_version": "2026-07-29-area-centroid-fill-v1",
        "coordinate_order": "[longitude, latitude]"
      }
    },
    {
      "type": "Feature",
      "id": "dscsc-imfl-138",
      "geometry": {
        "type": "Point",
        "coordinates": [
          77.111,
          28.744
        ]
      },
      "properties": {
        "serial_no": 138,
        "name": "ROHINI SECTOR-19",
        "vend_category": "IMFL vend",
        "licence_class": "L-6 / official list heading",
        "operator": "Delhi State Civil Supplies Corporation Limited (DSCSC)",
        "jurisdiction": "NCT of Delhi",
        "geometry_status": "not published by source",
        "source_url": "https://dscsc.delhi.gov.in/dscsc/liquor-vends",
        "source_last_updated": "2026-07-17",
        "coordinate_search_source": "OpenStreetMap",
        "coordinate_search_status": "no high-confidence one-to-one OSM match assigned",
        "coordinate_is_approximate": true,
        "coordinate_quality": "approximate_area_centroid",
        "matched_area": "rohini sector 19",
        "coordinate_method": "sector_centroid",
        "coordinate_confidence": "medium",
        "estimated_accuracy_m": 800,
        "coordinate_warning": "Approximate locality/sector centre. This is not the verified vend entrance.",
        "coordinate_source": "Area-centroid approximation based on the locality wording in the official vend name",
        "coordinate_fill_version": "2026-07-29-area-centroid-fill-v1",
        "coordinate_order": "[longitude, latitude]"
      }
    },
    {
      "type": "Feature",
      "id": "dscsc-imfl-139",
      "geometry": {
        "type": "Point",
        "coordinates": [
          77.156,
          28.525
        ]
      },
      "properties": {
        "serial_no": 139,
        "name": "VASANT KUNJ",
        "vend_category": "IMFL vend",
        "licence_class": "L-6 / official list heading",
        "operator": "Delhi State Civil Supplies Corporation Limited (DSCSC)",
        "jurisdiction": "NCT of Delhi",
        "geometry_status": "not published by source",
        "source_url": "https://dscsc.delhi.gov.in/dscsc/liquor-vends",
        "source_last_updated": "2026-07-17",
        "coordinate_search_source": "OpenStreetMap",
        "coordinate_search_status": "no high-confidence one-to-one OSM match assigned",
        "coordinate_is_approximate": true,
        "coordinate_quality": "approximate_area_centroid",
        "matched_area": "vasant kunj",
        "coordinate_method": "named_locality_centroid",
        "coordinate_confidence": "medium",
        "estimated_accuracy_m": 1200,
        "coordinate_warning": "Approximate locality/sector centre. This is not the verified vend entrance.",
        "coordinate_source": "Area-centroid approximation based on the locality wording in the official vend name",
        "coordinate_fill_version": "2026-07-29-area-centroid-fill-v1",
        "coordinate_order": "[longitude, latitude]"
      }
    },
    {
      "type": "Feature",
      "id": "dscsc-imfl-140",
      "geometry": {
        "type": "Point",
        "coordinates": [
          77.321,
          28.614
        ]
      },
      "properties": {
        "serial_no": 140,
        "name": "KALYANPURI",
        "vend_category": "IMFL vend",
        "licence_class": "L-6 / official list heading",
        "operator": "Delhi State Civil Supplies Corporation Limited (DSCSC)",
        "jurisdiction": "NCT of Delhi",
        "geometry_status": "not published by source",
        "source_url": "https://dscsc.delhi.gov.in/dscsc/liquor-vends",
        "source_last_updated": "2026-07-17",
        "coordinate_search_source": "OpenStreetMap",
        "coordinate_search_status": "no high-confidence one-to-one OSM match assigned",
        "coordinate_is_approximate": true,
        "coordinate_quality": "approximate_area_centroid",
        "matched_area": "kalyanpuri",
        "coordinate_method": "named_locality_centroid",
        "coordinate_confidence": "medium",
        "estimated_accuracy_m": 1200,
        "coordinate_warning": "Approximate locality/sector centre. This is not the verified vend entrance.",
        "coordinate_source": "Area-centroid approximation based on the locality wording in the official vend name",
        "coordinate_fill_version": "2026-07-29-area-centroid-fill-v1",
        "coordinate_order": "[longitude, latitude]"
      }
    },
    {
      "type": "Feature",
      "id": "dscsc-imfl-141",
      "geometry": {
        "type": "Point",
        "coordinates": [
          77.082,
          28.724
        ]
      },
      "properties": {
        "serial_no": 141,
        "name": "ROHINI SECTOR-21",
        "vend_category": "IMFL vend",
        "licence_class": "L-6 / official list heading",
        "operator": "Delhi State Civil Supplies Corporation Limited (DSCSC)",
        "jurisdiction": "NCT of Delhi",
        "geometry_status": "not published by source",
        "source_url": "https://dscsc.delhi.gov.in/dscsc/liquor-vends",
        "source_last_updated": "2026-07-17",
        "coordinate_search_source": "OpenStreetMap",
        "coordinate_search_status": "no high-confidence one-to-one OSM match assigned",
        "coordinate_is_approximate": true,
        "coordinate_quality": "approximate_area_centroid",
        "matched_area": "rohini sector 21",
        "coordinate_method": "sector_centroid",
        "coordinate_confidence": "medium",
        "estimated_accuracy_m": 800,
        "coordinate_warning": "Approximate locality/sector centre. This is not the verified vend entrance.",
        "coordinate_source": "Area-centroid approximation based on the locality wording in the official vend name",
        "coordinate_fill_version": "2026-07-29-area-centroid-fill-v1",
        "coordinate_order": "[longitude, latitude]"
      }
    },
    {
      "type": "Feature",
      "id": "dscsc-imfl-142",
      "geometry": {
        "type": "Point",
        "coordinates": [
          77.048,
          28.596
        ]
      },
      "properties": {
        "serial_no": 142,
        "name": "DWARKA SEC-5",
        "vend_category": "IMFL vend",
        "licence_class": "L-6 / official list heading",
        "operator": "Delhi State Civil Supplies Corporation Limited (DSCSC)",
        "jurisdiction": "NCT of Delhi",
        "geometry_status": "not published by source",
        "source_url": "https://dscsc.delhi.gov.in/dscsc/liquor-vends",
        "source_last_updated": "2026-07-17",
        "coordinate_search_source": "OpenStreetMap",
        "coordinate_search_status": "no high-confidence one-to-one OSM match assigned",
        "coordinate_is_approximate": true,
        "coordinate_quality": "approximate_area_centroid",
        "matched_area": "dwarka sector 5",
        "coordinate_method": "sector_centroid",
        "coordinate_confidence": "medium",
        "estimated_accuracy_m": 900,
        "coordinate_warning": "Approximate locality/sector centre. This is not the verified vend entrance.",
        "coordinate_source": "Area-centroid approximation based on the locality wording in the official vend name",
        "coordinate_fill_version": "2026-07-29-area-centroid-fill-v1",
        "coordinate_order": "[longitude, latitude]"
      }
    },
    {
      "type": "Feature",
      "id": "dscsc-imfl-143",
      "geometry": {
        "type": "Point",
        "coordinates": [
          77.188,
          28.568
        ]
      },
      "properties": {
        "serial_no": 143,
        "name": "BHIKAJI CAMA PLACE",
        "vend_category": "IMFL vend",
        "licence_class": "L-6 / official list heading",
        "operator": "Delhi State Civil Supplies Corporation Limited (DSCSC)",
        "jurisdiction": "NCT of Delhi",
        "geometry_status": "not published by source",
        "source_url": "https://dscsc.delhi.gov.in/dscsc/liquor-vends",
        "source_last_updated": "2026-07-17",
        "coordinate_search_source": "OpenStreetMap",
        "coordinate_search_status": "no high-confidence one-to-one OSM match assigned",
        "coordinate_is_approximate": true,
        "coordinate_quality": "approximate_area_centroid",
        "matched_area": "bhikaji cama place",
        "coordinate_method": "named_locality_centroid",
        "coordinate_confidence": "medium",
        "estimated_accuracy_m": 1200,
        "coordinate_warning": "Approximate locality/sector centre. This is not the verified vend entrance.",
        "coordinate_source": "Area-centroid approximation based on the locality wording in the official vend name",
        "coordinate_fill_version": "2026-07-29-area-centroid-fill-v1",
        "coordinate_order": "[longitude, latitude]"
      }
    },
    {
      "type": "Feature",
      "id": "dscsc-imfl-144",
      "geometry": {
        "type": "Point",
        "coordinates": [
          77.205,
          28.543
        ]
      },
      "properties": {
        "serial_no": 144,
        "name": "KALU SARAI",
        "vend_category": "IMFL vend",
        "licence_class": "L-6 / official list heading",
        "operator": "Delhi State Civil Supplies Corporation Limited (DSCSC)",
        "jurisdiction": "NCT of Delhi",
        "geometry_status": "not published by source",
        "source_url": "https://dscsc.delhi.gov.in/dscsc/liquor-vends",
        "source_last_updated": "2026-07-17",
        "coordinate_search_source": "OpenStreetMap",
        "coordinate_search_status": "no high-confidence one-to-one OSM match assigned",
        "coordinate_is_approximate": true,
        "coordinate_quality": "approximate_area_centroid",
        "matched_area": "kalu sarai",
        "coordinate_method": "named_locality_centroid",
        "coordinate_confidence": "medium",
        "estimated_accuracy_m": 1200,
        "coordinate_warning": "Approximate locality/sector centre. This is not the verified vend entrance.",
        "coordinate_source": "Area-centroid approximation based on the locality wording in the official vend name",
        "coordinate_fill_version": "2026-07-29-area-centroid-fill-v1",
        "coordinate_order": "[longitude, latitude]"
      }
    },
    {
      "type": "Feature",
      "id": "dscsc-imfl-145",
      "geometry": {
        "type": "Point",
        "coordinates": [
          77.056,
          28.621
        ]
      },
      "properties": {
        "serial_no": 145,
        "name": "UTTAM NAGAR",
        "vend_category": "IMFL vend",
        "licence_class": "L-6 / official list heading",
        "operator": "Delhi State Civil Supplies Corporation Limited (DSCSC)",
        "jurisdiction": "NCT of Delhi",
        "geometry_status": "not published by source",
        "source_url": "https://dscsc.delhi.gov.in/dscsc/liquor-vends",
        "source_last_updated": "2026-07-17",
        "coordinate_search_source": "OpenStreetMap",
        "coordinate_search_status": "no high-confidence one-to-one OSM match assigned",
        "coordinate_is_approximate": true,
        "coordinate_quality": "approximate_area_centroid",
        "matched_area": "uttam nagar",
        "coordinate_method": "named_locality_centroid",
        "coordinate_confidence": "medium",
        "estimated_accuracy_m": 1200,
        "coordinate_warning": "Approximate locality/sector centre. This is not the verified vend entrance.",
        "coordinate_source": "Area-centroid approximation based on the locality wording in the official vend name",
        "coordinate_fill_version": "2026-07-29-area-centroid-fill-v1",
        "coordinate_order": "[longitude, latitude]"
      }
    },
    {
      "type": "Feature",
      "id": "dscsc-imfl-146",
      "geometry": {
        "type": "Point",
        "coordinates": [
          77.227,
          28.5
        ]
      },
      "properties": {
        "serial_no": 146,
        "name": "DEVLI ROAD",
        "vend_category": "IMFL vend",
        "licence_class": "L-6 / official list heading",
        "operator": "Delhi State Civil Supplies Corporation Limited (DSCSC)",
        "jurisdiction": "NCT of Delhi",
        "geometry_status": "not published by source",
        "source_url": "https://dscsc.delhi.gov.in/dscsc/liquor-vends",
        "source_last_updated": "2026-07-17",
        "coordinate_search_source": "OpenStreetMap",
        "coordinate_search_status": "no high-confidence one-to-one OSM match assigned",
        "coordinate_is_approximate": true,
        "coordinate_quality": "approximate_area_centroid",
        "matched_area": "devli",
        "coordinate_method": "named_locality_centroid",
        "coordinate_confidence": "medium",
        "estimated_accuracy_m": 1200,
        "coordinate_warning": "Approximate locality/sector centre. This is not the verified vend entrance.",
        "coordinate_source": "Area-centroid approximation based on the locality wording in the official vend name",
        "coordinate_fill_version": "2026-07-29-area-centroid-fill-v1",
        "coordinate_order": "[longitude, latitude]"
      }
    },
    {
      "type": "Feature",
      "id": "dscsc-imfl-147",
      "geometry": {
        "type": "Point",
        "coordinates": [
          77.071,
          28.699
        ]
      },
      "properties": {
        "serial_no": 147,
        "name": "SULTANPURI, JJ COLONY",
        "vend_category": "IMFL vend",
        "licence_class": "L-6 / official list heading",
        "operator": "Delhi State Civil Supplies Corporation Limited (DSCSC)",
        "jurisdiction": "NCT of Delhi",
        "geometry_status": "not published by source",
        "source_url": "https://dscsc.delhi.gov.in/dscsc/liquor-vends",
        "source_last_updated": "2026-07-17",
        "coordinate_search_source": "OpenStreetMap",
        "coordinate_search_status": "no high-confidence one-to-one OSM match assigned",
        "coordinate_is_approximate": true,
        "coordinate_quality": "approximate_area_centroid",
        "matched_area": "sultanpuri",
        "coordinate_method": "named_locality_centroid",
        "coordinate_confidence": "medium",
        "estimated_accuracy_m": 1200,
        "coordinate_warning": "Approximate locality/sector centre. This is not the verified vend entrance.",
        "coordinate_source": "Area-centroid approximation based on the locality wording in the official vend name",
        "coordinate_fill_version": "2026-07-29-area-centroid-fill-v1",
        "coordinate_order": "[longitude, latitude]"
      }
    },
    {
      "type": "Feature",
      "id": "dscsc-imfl-148",
      "geometry": {
        "type": "Point",
        "coordinates": [
          77.25,
          28.668
        ]
      },
      "properties": {
        "serial_no": 148,
        "name": "SHASTRI PARK",
        "vend_category": "IMFL vend",
        "licence_class": "L-6 / official list heading",
        "operator": "Delhi State Civil Supplies Corporation Limited (DSCSC)",
        "jurisdiction": "NCT of Delhi",
        "geometry_status": "not published by source",
        "source_url": "https://dscsc.delhi.gov.in/dscsc/liquor-vends",
        "source_last_updated": "2026-07-17",
        "coordinate_search_source": "OpenStreetMap",
        "coordinate_search_status": "no high-confidence one-to-one OSM match assigned",
        "coordinate_is_approximate": true,
        "coordinate_quality": "approximate_area_centroid",
        "matched_area": "shastri park",
        "coordinate_method": "named_locality_centroid",
        "coordinate_confidence": "medium",
        "estimated_accuracy_m": 1200,
        "coordinate_warning": "Approximate locality/sector centre. This is not the verified vend entrance.",
        "coordinate_source": "Area-centroid approximation based on the locality wording in the official vend name",
        "coordinate_fill_version": "2026-07-29-area-centroid-fill-v1",
        "coordinate_order": "[longitude, latitude]"
      }
    },
    {
      "type": "Feature",
      "id": "dscsc-imfl-149",
      "geometry": {
        "type": "Point",
        "coordinates": [
          77.164,
          28.757
        ]
      },
      "properties": {
        "serial_no": 149,
        "name": "SWAROOP NAGAR",
        "vend_category": "IMFL vend",
        "licence_class": "L-6 / official list heading",
        "operator": "Delhi State Civil Supplies Corporation Limited (DSCSC)",
        "jurisdiction": "NCT of Delhi",
        "geometry_status": "not published by source",
        "source_url": "https://dscsc.delhi.gov.in/dscsc/liquor-vends",
        "source_last_updated": "2026-07-17",
        "coordinate_search_source": "OpenStreetMap",
        "coordinate_search_status": "no high-confidence one-to-one OSM match assigned",
        "coordinate_is_approximate": true,
        "coordinate_quality": "approximate_area_centroid",
        "matched_area": "swaroop nagar",
        "coordinate_method": "named_locality_centroid",
        "coordinate_confidence": "medium",
        "estimated_accuracy_m": 1200,
        "coordinate_warning": "Approximate locality/sector centre. This is not the verified vend entrance.",
        "coordinate_source": "Area-centroid approximation based on the locality wording in the official vend name",
        "coordinate_fill_version": "2026-07-29-area-centroid-fill-v1",
        "coordinate_order": "[longitude, latitude]"
      }
    },
    {
      "type": "Feature",
      "id": "dscsc-imfl-150",
      "geometry": {
        "type": "Point",
        "coordinates": [
          77.311,
          28.702
        ]
      },
      "properties": {
        "serial_no": 150,
        "name": "MANDOLI, SHAHDARA",
        "vend_category": "IMFL vend",
        "licence_class": "L-6 / official list heading",
        "operator": "Delhi State Civil Supplies Corporation Limited (DSCSC)",
        "jurisdiction": "NCT of Delhi",
        "geometry_status": "not published by source",
        "source_url": "https://dscsc.delhi.gov.in/dscsc/liquor-vends",
        "source_last_updated": "2026-07-17",
        "coordinate_search_source": "OpenStreetMap",
        "coordinate_search_status": "no high-confidence one-to-one OSM match assigned",
        "coordinate_is_approximate": true,
        "coordinate_quality": "approximate_area_centroid",
        "matched_area": "mandoli",
        "coordinate_method": "named_locality_centroid",
        "coordinate_confidence": "medium",
        "estimated_accuracy_m": 1200,
        "coordinate_warning": "Approximate locality/sector centre. This is not the verified vend entrance.",
        "coordinate_source": "Area-centroid approximation based on the locality wording in the official vend name",
        "coordinate_fill_version": "2026-07-29-area-centroid-fill-v1",
        "coordinate_order": "[longitude, latitude]"
      }
    },
    {
      "type": "Feature",
      "id": "dscsc-imfl-151",
      "geometry": {
        "type": "Point",
        "coordinates": [
          77.331,
          28.606
        ]
      },
      "properties": {
        "serial_no": 151,
        "name": "CHILLA DALLUPURA",
        "vend_category": "IMFL vend",
        "licence_class": "L-6 / official list heading",
        "operator": "Delhi State Civil Supplies Corporation Limited (DSCSC)",
        "jurisdiction": "NCT of Delhi",
        "geometry_status": "not published by source",
        "source_url": "https://dscsc.delhi.gov.in/dscsc/liquor-vends",
        "source_last_updated": "2026-07-17",
        "coordinate_search_source": "OpenStreetMap",
        "coordinate_search_status": "no high-confidence one-to-one OSM match assigned",
        "coordinate_is_approximate": true,
        "coordinate_quality": "approximate_area_centroid",
        "matched_area": "chilla dallupura",
        "coordinate_method": "named_locality_centroid",
        "coordinate_confidence": "medium",
        "estimated_accuracy_m": 1200,
        "coordinate_warning": "Approximate locality/sector centre. This is not the verified vend entrance.",
        "coordinate_source": "Area-centroid approximation based on the locality wording in the official vend name",
        "coordinate_fill_version": "2026-07-29-area-centroid-fill-v1",
        "coordinate_order": "[longitude, latitude]"
      }
    },
    {
      "type": "Feature",
      "id": "dscsc-imfl-152",
      "geometry": {
        "type": "Point",
        "coordinates": [
          77.2,
          28.649
        ]
      },
      "properties": {
        "serial_no": 152,
        "name": "MOTIA KHAN",
        "vend_category": "IMFL vend",
        "licence_class": "L-6 / official list heading",
        "operator": "Delhi State Civil Supplies Corporation Limited (DSCSC)",
        "jurisdiction": "NCT of Delhi",
        "geometry_status": "not published by source",
        "source_url": "https://dscsc.delhi.gov.in/dscsc/liquor-vends",
        "source_last_updated": "2026-07-17",
        "coordinate_search_source": "OpenStreetMap",
        "coordinate_search_status": "no high-confidence one-to-one OSM match assigned",
        "coordinate_is_approximate": true,
        "coordinate_quality": "approximate_area_centroid",
        "matched_area": "motia khan",
        "coordinate_method": "named_locality_centroid",
        "coordinate_confidence": "medium",
        "estimated_accuracy_m": 1200,
        "coordinate_warning": "Approximate locality/sector centre. This is not the verified vend entrance.",
        "coordinate_source": "Area-centroid approximation based on the locality wording in the official vend name",
        "coordinate_fill_version": "2026-07-29-area-centroid-fill-v1",
        "coordinate_order": "[longitude, latitude]"
      }
    },
    {
      "type": "Feature",
      "id": "dscsc-imfl-153",
      "geometry": {
        "type": "Point",
        "coordinates": [
          77.267,
          28.704
        ]
      },
      "properties": {
        "serial_no": 153,
        "name": "GAMRI EXTN.",
        "vend_category": "IMFL vend",
        "licence_class": "L-6 / official list heading",
        "operator": "Delhi State Civil Supplies Corporation Limited (DSCSC)",
        "jurisdiction": "NCT of Delhi",
        "geometry_status": "not published by source",
        "source_url": "https://dscsc.delhi.gov.in/dscsc/liquor-vends",
        "source_last_updated": "2026-07-17",
        "coordinate_search_source": "OpenStreetMap",
        "coordinate_search_status": "no high-confidence one-to-one OSM match assigned",
        "coordinate_is_approximate": true,
        "coordinate_quality": "approximate_area_centroid",
        "matched_area": "gamri extension",
        "coordinate_method": "named_locality_centroid",
        "coordinate_confidence": "medium",
        "estimated_accuracy_m": 1200,
        "coordinate_warning": "Approximate locality/sector centre. This is not the verified vend entrance.",
        "coordinate_source": "Area-centroid approximation based on the locality wording in the official vend name",
        "coordinate_fill_version": "2026-07-29-area-centroid-fill-v1",
        "coordinate_order": "[longitude, latitude]"
      }
    },
    {
      "type": "Feature",
      "id": "dscsc-imfl-154",
      "geometry": {
        "type": "Point",
        "coordinates": [
          77.031,
          28.684
        ]
      },
      "properties": {
        "serial_no": 154,
        "name": "MUNDKA 6315",
        "vend_category": "IMFL vend",
        "licence_class": "L-6 / official list heading",
        "operator": "Delhi State Civil Supplies Corporation Limited (DSCSC)",
        "jurisdiction": "NCT of Delhi",
        "geometry_status": "not published by source",
        "source_url": "https://dscsc.delhi.gov.in/dscsc/liquor-vends",
        "source_last_updated": "2026-07-17",
        "coordinate_search_source": "OpenStreetMap",
        "coordinate_search_status": "no high-confidence one-to-one OSM match assigned",
        "coordinate_is_approximate": true,
        "coordinate_quality": "approximate_area_centroid",
        "matched_area": "mundka",
        "coordinate_method": "named_locality_centroid",
        "coordinate_confidence": "medium",
        "estimated_accuracy_m": 1200,
        "coordinate_warning": "Approximate locality/sector centre. This is not the verified vend entrance.",
        "coordinate_source": "Area-centroid approximation based on the locality wording in the official vend name",
        "coordinate_fill_version": "2026-07-29-area-centroid-fill-v1",
        "coordinate_order": "[longitude, latitude]"
      }
    },
    {
      "type": "Feature",
      "id": "dscsc-imfl-155",
      "geometry": {
        "type": "Point",
        "coordinates": [
          77.233,
          28.517
        ]
      },
      "properties": {
        "serial_no": 155,
        "name": "MADANGIR",
        "vend_category": "IMFL vend",
        "licence_class": "L-6 / official list heading",
        "operator": "Delhi State Civil Supplies Corporation Limited (DSCSC)",
        "jurisdiction": "NCT of Delhi",
        "geometry_status": "not published by source",
        "source_url": "https://dscsc.delhi.gov.in/dscsc/liquor-vends",
        "source_last_updated": "2026-07-17",
        "coordinate_search_source": "OpenStreetMap",
        "coordinate_search_status": "no high-confidence one-to-one OSM match assigned",
        "coordinate_is_approximate": true,
        "coordinate_quality": "approximate_area_centroid",
        "matched_area": "madangir",
        "coordinate_method": "named_locality_centroid",
        "coordinate_confidence": "medium",
        "estimated_accuracy_m": 1200,
        "coordinate_warning": "Approximate locality/sector centre. This is not the verified vend entrance.",
        "coordinate_source": "Area-centroid approximation based on the locality wording in the official vend name",
        "coordinate_fill_version": "2026-07-29-area-centroid-fill-v1",
        "coordinate_order": "[longitude, latitude]"
      }
    },
    {
      "type": "Feature",
      "id": "dscsc-imfl-156",
      "geometry": {
        "type": "Point",
        "coordinates": [
          77.226,
          28.583
        ]
      },
      "properties": {
        "serial_no": 156,
        "name": "MEHARCHAND MARKET",
        "vend_category": "IMFL vend",
        "licence_class": "L-6 / official list heading",
        "operator": "Delhi State Civil Supplies Corporation Limited (DSCSC)",
        "jurisdiction": "NCT of Delhi",
        "geometry_status": "not published by source",
        "source_url": "https://dscsc.delhi.gov.in/dscsc/liquor-vends",
        "source_last_updated": "2026-07-17",
        "coordinate_search_source": "OpenStreetMap",
        "coordinate_search_status": "no high-confidence one-to-one OSM match assigned",
        "coordinate_is_approximate": true,
        "coordinate_quality": "approximate_area_centroid",
        "matched_area": "mehar chand market",
        "coordinate_method": "named_locality_centroid",
        "coordinate_confidence": "medium",
        "estimated_accuracy_m": 1200,
        "coordinate_warning": "Approximate locality/sector centre. This is not the verified vend entrance.",
        "coordinate_source": "Area-centroid approximation based on the locality wording in the official vend name",
        "coordinate_fill_version": "2026-07-29-area-centroid-fill-v1",
        "coordinate_order": "[longitude, latitude]"
      }
    },
    {
      "type": "Feature",
      "id": "dscsc-imfl-157",
      "geometry": {
        "type": "Point",
        "coordinates": [
          77.131,
          28.704
        ]
      },
      "properties": {
        "serial_no": 157,
        "name": "KD BLOCK, PITAMPURA",
        "vend_category": "IMFL vend",
        "licence_class": "L-6 / official list heading",
        "operator": "Delhi State Civil Supplies Corporation Limited (DSCSC)",
        "jurisdiction": "NCT of Delhi",
        "geometry_status": "not published by source",
        "source_url": "https://dscsc.delhi.gov.in/dscsc/liquor-vends",
        "source_last_updated": "2026-07-17",
        "coordinate_search_source": "OpenStreetMap",
        "coordinate_search_status": "no high-confidence one-to-one OSM match assigned",
        "coordinate_is_approximate": true,
        "coordinate_quality": "approximate_area_centroid",
        "matched_area": "pitampura",
        "coordinate_method": "named_locality_centroid",
        "coordinate_confidence": "medium",
        "estimated_accuracy_m": 1200,
        "coordinate_warning": "Approximate locality/sector centre. This is not the verified vend entrance.",
        "coordinate_source": "Area-centroid approximation based on the locality wording in the official vend name",
        "coordinate_fill_version": "2026-07-29-area-centroid-fill-v1",
        "coordinate_order": "[longitude, latitude]"
      }
    },
    {
      "type": "Feature",
      "id": "dscsc-imfl-158",
      "geometry": {
        "type": "Point",
        "coordinates": [
          77.287,
          28.702
        ]
      },
      "properties": {
        "serial_no": 158,
        "name": "GOKULPURI",
        "vend_category": "IMFL vend",
        "licence_class": "L-6 / official list heading",
        "operator": "Delhi State Civil Supplies Corporation Limited (DSCSC)",
        "jurisdiction": "NCT of Delhi",
        "geometry_status": "not published by source",
        "source_url": "https://dscsc.delhi.gov.in/dscsc/liquor-vends",
        "source_last_updated": "2026-07-17",
        "coordinate_search_source": "OpenStreetMap",
        "coordinate_search_status": "no high-confidence one-to-one OSM match assigned",
        "coordinate_is_approximate": true,
        "coordinate_quality": "approximate_area_centroid",
        "matched_area": "gokulpuri",
        "coordinate_method": "named_locality_centroid",
        "coordinate_confidence": "medium",
        "estimated_accuracy_m": 1200,
        "coordinate_warning": "Approximate locality/sector centre. This is not the verified vend entrance.",
        "coordinate_source": "Area-centroid approximation based on the locality wording in the official vend name",
        "coordinate_fill_version": "2026-07-29-area-centroid-fill-v1",
        "coordinate_order": "[longitude, latitude]"
      }
    },
    {
      "type": "Feature",
      "id": "dscsc-imfl-159",
      "geometry": {
        "type": "Point",
        "coordinates": [
          77.185,
          28.503
        ]
      },
      "properties": {
        "serial_no": 159,
        "name": "CHATTARPUR",
        "vend_category": "IMFL vend",
        "licence_class": "L-6 / official list heading",
        "operator": "Delhi State Civil Supplies Corporation Limited (DSCSC)",
        "jurisdiction": "NCT of Delhi",
        "geometry_status": "not published by source",
        "source_url": "https://dscsc.delhi.gov.in/dscsc/liquor-vends",
        "source_last_updated": "2026-07-17",
        "coordinate_search_source": "OpenStreetMap",
        "coordinate_search_status": "no high-confidence one-to-one OSM match assigned",
        "coordinate_is_approximate": true,
        "coordinate_quality": "approximate_area_centroid",
        "matched_area": "chhattarpur",
        "coordinate_method": "fuzzy_locality_centroid",
        "coordinate_confidence": "low",
        "estimated_accuracy_m": 2200,
        "coordinate_warning": "Approximate locality/sector centre. This is not the verified vend entrance.",
        "coordinate_source": "Area-centroid approximation based on the locality wording in the official vend name",
        "coordinate_fill_version": "2026-07-29-area-centroid-fill-v1",
        "coordinate_order": "[longitude, latitude]"
      }
    },
    {
      "type": "Feature",
      "id": "dscsc-imfl-160",
      "geometry": {
        "type": "Point",
        "coordinates": [
          77.268,
          28.67
        ]
      },
      "properties": {
        "serial_no": 160,
        "name": "NEW SEELAMPUR",
        "vend_category": "IMFL vend",
        "licence_class": "L-6 / official list heading",
        "operator": "Delhi State Civil Supplies Corporation Limited (DSCSC)",
        "jurisdiction": "NCT of Delhi",
        "geometry_status": "not published by source",
        "source_url": "https://dscsc.delhi.gov.in/dscsc/liquor-vends",
        "source_last_updated": "2026-07-17",
        "coordinate_search_source": "OpenStreetMap",
        "coordinate_search_status": "no high-confidence one-to-one OSM match assigned",
        "coordinate_is_approximate": true,
        "coordinate_quality": "approximate_area_centroid",
        "matched_area": "new seelampur",
        "coordinate_method": "named_locality_centroid",
        "coordinate_confidence": "medium",
        "estimated_accuracy_m": 1200,
        "coordinate_warning": "Approximate locality/sector centre. This is not the verified vend entrance.",
        "coordinate_source": "Area-centroid approximation based on the locality wording in the official vend name",
        "coordinate_fill_version": "2026-07-29-area-centroid-fill-v1",
        "coordinate_order": "[longitude, latitude]"
      }
    },
    {
      "type": "Feature",
      "id": "dscsc-imfl-161",
      "geometry": {
        "type": "Point",
        "coordinates": [
          77.232,
          28.657
        ]
      },
      "properties": {
        "serial_no": 161,
        "name": "BHAGIRATH PALACE",
        "vend_category": "IMFL vend",
        "licence_class": "L-6 / official list heading",
        "operator": "Delhi State Civil Supplies Corporation Limited (DSCSC)",
        "jurisdiction": "NCT of Delhi",
        "geometry_status": "not published by source",
        "source_url": "https://dscsc.delhi.gov.in/dscsc/liquor-vends",
        "source_last_updated": "2026-07-17",
        "coordinate_search_source": "OpenStreetMap",
        "coordinate_search_status": "no high-confidence one-to-one OSM match assigned",
        "coordinate_is_approximate": true,
        "coordinate_quality": "approximate_area_centroid",
        "matched_area": "bhagirath palace",
        "coordinate_method": "named_locality_centroid",
        "coordinate_confidence": "medium",
        "estimated_accuracy_m": 1200,
        "coordinate_warning": "Approximate locality/sector centre. This is not the verified vend entrance.",
        "coordinate_source": "Area-centroid approximation based on the locality wording in the official vend name",
        "coordinate_fill_version": "2026-07-29-area-centroid-fill-v1",
        "coordinate_order": "[longitude, latitude]"
      }
    },
    {
      "type": "Feature",
      "id": "dscsc-imfl-162",
      "geometry": {
        "type": "Point",
        "coordinates": [
          77.162,
          28.592
        ]
      },
      "properties": {
        "serial_no": 162,
        "name": "DHAULA KUAN",
        "vend_category": "IMFL vend",
        "licence_class": "L-6 / official list heading",
        "operator": "Delhi State Civil Supplies Corporation Limited (DSCSC)",
        "jurisdiction": "NCT of Delhi",
        "geometry_status": "not published by source",
        "source_url": "https://dscsc.delhi.gov.in/dscsc/liquor-vends",
        "source_last_updated": "2026-07-17",
        "coordinate_search_source": "OpenStreetMap",
        "coordinate_search_status": "no high-confidence one-to-one OSM match assigned",
        "coordinate_is_approximate": true,
        "coordinate_quality": "approximate_area_centroid",
        "matched_area": "dhaula kuan",
        "coordinate_method": "named_locality_centroid",
        "coordinate_confidence": "medium",
        "estimated_accuracy_m": 1200,
        "coordinate_warning": "Approximate locality/sector centre. This is not the verified vend entrance.",
        "coordinate_source": "Area-centroid approximation based on the locality wording in the official vend name",
        "coordinate_fill_version": "2026-07-29-area-centroid-fill-v1",
        "coordinate_order": "[longitude, latitude]"
      }
    },
    {
      "type": "Feature",
      "id": "dscsc-imfl-163",
      "geometry": {
        "type": "Point",
        "coordinates": [
          77.087,
          28.696
        ]
      },
      "properties": {
        "serial_no": 163,
        "name": "T BLK, MANGOLPURI",
        "vend_category": "IMFL vend",
        "licence_class": "L-6 / official list heading",
        "operator": "Delhi State Civil Supplies Corporation Limited (DSCSC)",
        "jurisdiction": "NCT of Delhi",
        "geometry_status": "not published by source",
        "source_url": "https://dscsc.delhi.gov.in/dscsc/liquor-vends",
        "source_last_updated": "2026-07-17",
        "coordinate_search_source": "OpenStreetMap",
        "coordinate_search_status": "no high-confidence one-to-one OSM match assigned",
        "coordinate_is_approximate": true,
        "coordinate_quality": "approximate_area_centroid",
        "matched_area": "mangolpuri",
        "coordinate_method": "named_locality_centroid",
        "coordinate_confidence": "medium",
        "estimated_accuracy_m": 1200,
        "coordinate_warning": "Approximate locality/sector centre. This is not the verified vend entrance.",
        "coordinate_source": "Area-centroid approximation based on the locality wording in the official vend name",
        "coordinate_fill_version": "2026-07-29-area-centroid-fill-v1",
        "coordinate_order": "[longitude, latitude]"
      }
    },
    {
      "type": "Feature",
      "id": "dscsc-imfl-164",
      "geometry": {
        "type": "Point",
        "coordinates": [
          77.129,
          28.637
        ]
      },
      "properties": {
        "serial_no": 164,
        "name": "D-5 MAYAPURI",
        "vend_category": "IMFL vend",
        "licence_class": "L-6 / official list heading",
        "operator": "Delhi State Civil Supplies Corporation Limited (DSCSC)",
        "jurisdiction": "NCT of Delhi",
        "geometry_status": "not published by source",
        "source_url": "https://dscsc.delhi.gov.in/dscsc/liquor-vends",
        "source_last_updated": "2026-07-17",
        "coordinate_search_source": "OpenStreetMap",
        "coordinate_search_status": "no high-confidence one-to-one OSM match assigned",
        "coordinate_is_approximate": true,
        "coordinate_quality": "approximate_area_centroid",
        "matched_area": "mayapuri",
        "coordinate_method": "named_locality_centroid",
        "coordinate_confidence": "medium",
        "estimated_accuracy_m": 1200,
        "coordinate_warning": "Approximate locality/sector centre. This is not the verified vend entrance.",
        "coordinate_source": "Area-centroid approximation based on the locality wording in the official vend name",
        "coordinate_fill_version": "2026-07-29-area-centroid-fill-v1",
        "coordinate_order": "[longitude, latitude]"
      }
    },
    {
      "type": "Feature",
      "id": "dscsc-imfl-165",
      "geometry": {
        "type": "Point",
        "coordinates": [
          77.121,
          28.642
        ]
      },
      "properties": {
        "serial_no": 165,
        "name": "TDI MALL, RAJOURI",
        "vend_category": "IMFL vend",
        "licence_class": "L-6 / official list heading",
        "operator": "Delhi State Civil Supplies Corporation Limited (DSCSC)",
        "jurisdiction": "NCT of Delhi",
        "geometry_status": "not published by source",
        "source_url": "https://dscsc.delhi.gov.in/dscsc/liquor-vends",
        "source_last_updated": "2026-07-17",
        "coordinate_search_source": "OpenStreetMap",
        "coordinate_search_status": "no high-confidence one-to-one OSM match assigned",
        "coordinate_is_approximate": true,
        "coordinate_quality": "approximate_area_centroid",
        "matched_area": "tdi mall rajouri",
        "coordinate_method": "interpreted_locality_centroid",
        "coordinate_confidence": "medium",
        "estimated_accuracy_m": 1500,
        "coordinate_warning": "Approximate locality/sector centre. This is not the verified vend entrance.",
        "coordinate_source": "Area-centroid approximation based on the locality wording in the official vend name",
        "coordinate_fill_version": "2026-07-29-area-centroid-fill-v1",
        "coordinate_order": "[longitude, latitude]"
      }
    },
    {
      "type": "Feature",
      "id": "dscsc-imfl-166",
      "geometry": {
        "type": "Point",
        "coordinates": [
          77.243,
          28.57
        ]
      },
      "properties": {
        "serial_no": 166,
        "name": "LAJPAT NAGAR",
        "vend_category": "IMFL vend",
        "licence_class": "L-6 / official list heading",
        "operator": "Delhi State Civil Supplies Corporation Limited (DSCSC)",
        "jurisdiction": "NCT of Delhi",
        "geometry_status": "not published by source",
        "source_url": "https://dscsc.delhi.gov.in/dscsc/liquor-vends",
        "source_last_updated": "2026-07-17",
        "coordinate_search_source": "OpenStreetMap",
        "coordinate_search_status": "no high-confidence one-to-one OSM match assigned",
        "coordinate_is_approximate": true,
        "coordinate_quality": "approximate_area_centroid",
        "matched_area": "lajpat nagar",
        "coordinate_method": "interpreted_locality_centroid",
        "coordinate_confidence": "medium",
        "estimated_accuracy_m": 1500,
        "coordinate_warning": "Approximate locality/sector centre. This is not the verified vend entrance.",
        "coordinate_source": "Area-centroid approximation based on the locality wording in the official vend name",
        "coordinate_fill_version": "2026-07-29-area-centroid-fill-v1",
        "coordinate_order": "[longitude, latitude]"
      }
    },
    {
      "type": "Feature",
      "id": "dscsc-imfl-167",
      "geometry": {
        "type": "Point",
        "coordinates": [
          77.081,
          28.629
        ]
      },
      "properties": {
        "serial_no": 167,
        "name": "JAINA TOWER",
        "vend_category": "IMFL vend",
        "licence_class": "L-6 / official list heading",
        "operator": "Delhi State Civil Supplies Corporation Limited (DSCSC)",
        "jurisdiction": "NCT of Delhi",
        "geometry_status": "not published by source",
        "source_url": "https://dscsc.delhi.gov.in/dscsc/liquor-vends",
        "source_last_updated": "2026-07-17",
        "coordinate_search_source": "OpenStreetMap",
        "coordinate_search_status": "no high-confidence one-to-one OSM match assigned",
        "coordinate_is_approximate": true,
        "coordinate_quality": "approximate_area_centroid",
        "matched_area": "jaina tower janakpuri",
        "coordinate_method": "interpreted_locality_centroid",
        "coordinate_confidence": "medium",
        "estimated_accuracy_m": 1500,
        "coordinate_warning": "Approximate locality/sector centre. This is not the verified vend entrance.",
        "coordinate_source": "Area-centroid approximation based on the locality wording in the official vend name",
        "coordinate_fill_version": "2026-07-29-area-centroid-fill-v1",
        "coordinate_order": "[longitude, latitude]"
      }
    },
    {
      "type": "Feature",
      "id": "dscsc-imfl-168",
      "geometry": {
        "type": "Point",
        "coordinates": [
          77.337,
          28.612
        ]
      },
      "properties": {
        "serial_no": 168,
        "name": "KONDLI",
        "vend_category": "IMFL vend",
        "licence_class": "L-6 / official list heading",
        "operator": "Delhi State Civil Supplies Corporation Limited (DSCSC)",
        "jurisdiction": "NCT of Delhi",
        "geometry_status": "not published by source",
        "source_url": "https://dscsc.delhi.gov.in/dscsc/liquor-vends",
        "source_last_updated": "2026-07-17",
        "coordinate_search_source": "OpenStreetMap",
        "coordinate_search_status": "no high-confidence one-to-one OSM match assigned",
        "coordinate_is_approximate": true,
        "coordinate_quality": "approximate_area_centroid",
        "matched_area": "kondli",
        "coordinate_method": "named_locality_centroid",
        "coordinate_confidence": "medium",
        "estimated_accuracy_m": 1200,
        "coordinate_warning": "Approximate locality/sector centre. This is not the verified vend entrance.",
        "coordinate_source": "Area-centroid approximation based on the locality wording in the official vend name",
        "coordinate_fill_version": "2026-07-29-area-centroid-fill-v1",
        "coordinate_order": "[longitude, latitude]"
      }
    },
    {
      "type": "Feature",
      "id": "dscsc-imfl-169",
      "geometry": {
        "type": "Point",
        "coordinates": [
          77.166,
          28.651
        ]
      },
      "properties": {
        "serial_no": 169,
        "name": "PATEL NAGAR",
        "vend_category": "IMFL vend",
        "licence_class": "L-6 / official list heading",
        "operator": "Delhi State Civil Supplies Corporation Limited (DSCSC)",
        "jurisdiction": "NCT of Delhi",
        "geometry_status": "not published by source",
        "source_url": "https://dscsc.delhi.gov.in/dscsc/liquor-vends",
        "source_last_updated": "2026-07-17",
        "coordinate_search_source": "OpenStreetMap",
        "coordinate_search_status": "no high-confidence one-to-one OSM match assigned",
        "coordinate_is_approximate": true,
        "coordinate_quality": "approximate_area_centroid",
        "matched_area": "patel nagar",
        "coordinate_method": "named_locality_centroid",
        "coordinate_confidence": "medium",
        "estimated_accuracy_m": 1200,
        "coordinate_warning": "Approximate locality/sector centre. This is not the verified vend entrance.",
        "coordinate_source": "Area-centroid approximation based on the locality wording in the official vend name",
        "coordinate_fill_version": "2026-07-29-area-centroid-fill-v1",
        "coordinate_order": "[longitude, latitude]"
      }
    },
    {
      "type": "Feature",
      "id": "dscsc-imfl-170",
      "geometry": {
        "type": "Point",
        "coordinates": [
          77.083,
          28.621
        ]
      },
      "properties": {
        "serial_no": 170,
        "name": "JANAPURI C BLK",
        "vend_category": "IMFL vend",
        "licence_class": "L-6 / official list heading",
        "operator": "Delhi State Civil Supplies Corporation Limited (DSCSC)",
        "jurisdiction": "NCT of Delhi",
        "geometry_status": "not published by source",
        "source_url": "https://dscsc.delhi.gov.in/dscsc/liquor-vends",
        "source_last_updated": "2026-07-17",
        "coordinate_search_source": "OpenStreetMap",
        "coordinate_search_status": "no high-confidence one-to-one OSM match assigned",
        "coordinate_is_approximate": true,
        "coordinate_quality": "approximate_area_centroid",
        "matched_area": "janakpuri c block",
        "coordinate_method": "named_locality_centroid",
        "coordinate_confidence": "medium",
        "estimated_accuracy_m": 1200,
        "coordinate_warning": "Approximate locality/sector centre. This is not the verified vend entrance.",
        "coordinate_source": "Area-centroid approximation based on the locality wording in the official vend name",
        "coordinate_fill_version": "2026-07-29-area-centroid-fill-v1",
        "coordinate_order": "[longitude, latitude]"
      }
    },
    {
      "type": "Feature",
      "id": "dscsc-imfl-171",
      "geometry": {
        "type": "Point",
        "coordinates": [
          77.208,
          28.671
        ]
      },
      "properties": {
        "serial_no": 171,
        "name": "SARAI BUILDING",
        "vend_category": "IMFL vend",
        "licence_class": "L-6 / official list heading",
        "operator": "Delhi State Civil Supplies Corporation Limited (DSCSC)",
        "jurisdiction": "NCT of Delhi",
        "geometry_status": "not published by source",
        "source_url": "https://dscsc.delhi.gov.in/dscsc/liquor-vends",
        "source_last_updated": "2026-07-17",
        "coordinate_search_source": "OpenStreetMap",
        "coordinate_search_status": "no high-confidence one-to-one OSM match assigned",
        "coordinate_is_approximate": true,
        "coordinate_quality": "approximate_area_centroid",
        "matched_area": "sarai baraf khana",
        "coordinate_method": "interpreted_parent_area_centroid",
        "coordinate_confidence": "low",
        "estimated_accuracy_m": 3000,
        "coordinate_warning": "Approximate locality/sector centre. This is not the verified vend entrance.",
        "coordinate_source": "Area-centroid approximation based on the locality wording in the official vend name",
        "coordinate_fill_version": "2026-07-29-area-centroid-fill-v1",
        "coordinate_order": "[longitude, latitude]"
      }
    },
    {
      "type": "Feature",
      "id": "dscsc-imfl-172",
      "geometry": {
        "type": "Point",
        "coordinates": [
          77.205,
          28.655
        ]
      },
      "properties": {
        "serial_no": 172,
        "name": "IDGAH ROAD",
        "vend_category": "IMFL vend",
        "licence_class": "L-6 / official list heading",
        "operator": "Delhi State Civil Supplies Corporation Limited (DSCSC)",
        "jurisdiction": "NCT of Delhi",
        "geometry_status": "not published by source",
        "source_url": "https://dscsc.delhi.gov.in/dscsc/liquor-vends",
        "source_last_updated": "2026-07-17",
        "coordinate_search_source": "OpenStreetMap",
        "coordinate_search_status": "no high-confidence one-to-one OSM match assigned",
        "coordinate_is_approximate": true,
        "coordinate_quality": "approximate_area_centroid",
        "matched_area": "idgah road",
        "coordinate_method": "named_locality_centroid",
        "coordinate_confidence": "medium",
        "estimated_accuracy_m": 1200,
        "coordinate_warning": "Approximate locality/sector centre. This is not the verified vend entrance.",
        "coordinate_source": "Area-centroid approximation based on the locality wording in the official vend name",
        "coordinate_fill_version": "2026-07-29-area-centroid-fill-v1",
        "coordinate_order": "[longitude, latitude]"
      }
    },
    {
      "type": "Feature",
      "id": "dscsc-imfl-173",
      "geometry": {
        "type": "Point",
        "coordinates": [
          76.993,
          28.686
        ]
      },
      "properties": {
        "serial_no": 173,
        "name": "TIKRI KALAN",
        "vend_category": "IMFL vend",
        "licence_class": "L-6 / official list heading",
        "operator": "Delhi State Civil Supplies Corporation Limited (DSCSC)",
        "jurisdiction": "NCT of Delhi",
        "geometry_status": "not published by source",
        "source_url": "https://dscsc.delhi.gov.in/dscsc/liquor-vends",
        "source_last_updated": "2026-07-17",
        "coordinate_search_source": "OpenStreetMap",
        "coordinate_search_status": "no high-confidence one-to-one OSM match assigned",
        "coordinate_is_approximate": true,
        "coordinate_quality": "approximate_area_centroid",
        "matched_area": "tikri kalan",
        "coordinate_method": "named_locality_centroid",
        "coordinate_confidence": "medium",
        "estimated_accuracy_m": 1200,
        "coordinate_warning": "Approximate locality/sector centre. This is not the verified vend entrance.",
        "coordinate_source": "Area-centroid approximation based on the locality wording in the official vend name",
        "coordinate_fill_version": "2026-07-29-area-centroid-fill-v1",
        "coordinate_order": "[longitude, latitude]"
      }
    },
    {
      "type": "Feature",
      "id": "dscsc-imfl-174",
      "geometry": {
        "type": "Point",
        "coordinates": [
          77.162,
          28.725
        ]
      },
      "properties": {
        "serial_no": 174,
        "name": "JAHANGIR PURI BYEPASS",
        "vend_category": "IMFL vend",
        "licence_class": "L-6 / official list heading",
        "operator": "Delhi State Civil Supplies Corporation Limited (DSCSC)",
        "jurisdiction": "NCT of Delhi",
        "geometry_status": "not published by source",
        "source_url": "https://dscsc.delhi.gov.in/dscsc/liquor-vends",
        "source_last_updated": "2026-07-17",
        "coordinate_search_source": "OpenStreetMap",
        "coordinate_search_status": "no high-confidence one-to-one OSM match assigned",
        "coordinate_is_approximate": true,
        "coordinate_quality": "approximate_area_centroid",
        "matched_area": "jahangirpuri",
        "coordinate_method": "named_locality_centroid",
        "coordinate_confidence": "medium",
        "estimated_accuracy_m": 1200,
        "coordinate_warning": "Approximate locality/sector centre. This is not the verified vend entrance.",
        "coordinate_source": "Area-centroid approximation based on the locality wording in the official vend name",
        "coordinate_fill_version": "2026-07-29-area-centroid-fill-v1",
        "coordinate_order": "[longitude, latitude]"
      }
    },
    {
      "type": "Feature",
      "id": "dscsc-imfl-175",
      "geometry": {
        "type": "Point",
        "coordinates": [
          77.002,
          28.728
        ]
      },
      "properties": {
        "serial_no": 175,
        "name": "KANJHAWALA 881",
        "vend_category": "IMFL vend",
        "licence_class": "L-6 / official list heading",
        "operator": "Delhi State Civil Supplies Corporation Limited (DSCSC)",
        "jurisdiction": "NCT of Delhi",
        "geometry_status": "not published by source",
        "source_url": "https://dscsc.delhi.gov.in/dscsc/liquor-vends",
        "source_last_updated": "2026-07-17",
        "coordinate_search_source": "OpenStreetMap",
        "coordinate_search_status": "no high-confidence one-to-one OSM match assigned",
        "coordinate_is_approximate": true,
        "coordinate_quality": "approximate_area_centroid",
        "matched_area": "kanjhawala",
        "coordinate_method": "named_locality_centroid",
        "coordinate_confidence": "medium",
        "estimated_accuracy_m": 1200,
        "coordinate_warning": "Approximate locality/sector centre. This is not the verified vend entrance.",
        "coordinate_source": "Area-centroid approximation based on the locality wording in the official vend name",
        "coordinate_fill_version": "2026-07-29-area-centroid-fill-v1",
        "coordinate_order": "[longitude, latitude]"
      }
    },
    {
      "type": "Feature",
      "id": "dscsc-imfl-176",
      "geometry": {
        "type": "Point",
        "coordinates": [
          77.035,
          28.682
        ]
      },
      "properties": {
        "serial_no": 176,
        "name": "SWARAN PARK MUNDKA",
        "vend_category": "IMFL vend",
        "licence_class": "L-6 / official list heading",
        "operator": "Delhi State Civil Supplies Corporation Limited (DSCSC)",
        "jurisdiction": "NCT of Delhi",
        "geometry_status": "not published by source",
        "source_url": "https://dscsc.delhi.gov.in/dscsc/liquor-vends",
        "source_last_updated": "2026-07-17",
        "coordinate_search_source": "OpenStreetMap",
        "coordinate_search_status": "no high-confidence one-to-one OSM match assigned",
        "coordinate_is_approximate": true,
        "coordinate_quality": "approximate_area_centroid",
        "matched_area": "swaran park mundka",
        "coordinate_method": "named_locality_centroid",
        "coordinate_confidence": "medium",
        "estimated_accuracy_m": 1200,
        "coordinate_warning": "Approximate locality/sector centre. This is not the verified vend entrance.",
        "coordinate_source": "Area-centroid approximation based on the locality wording in the official vend name",
        "coordinate_fill_version": "2026-07-29-area-centroid-fill-v1",
        "coordinate_order": "[longitude, latitude]"
      }
    },
    {
      "type": "Feature",
      "id": "dscsc-imfl-177",
      "geometry": {
        "type": "Point",
        "coordinates": [
          77.285,
          28.72
        ]
      },
      "properties": {
        "serial_no": 177,
        "name": "SHIV VIHAR",
        "vend_category": "IMFL vend",
        "licence_class": "L-6 / official list heading",
        "operator": "Delhi State Civil Supplies Corporation Limited (DSCSC)",
        "jurisdiction": "NCT of Delhi",
        "geometry_status": "not published by source",
        "source_url": "https://dscsc.delhi.gov.in/dscsc/liquor-vends",
        "source_last_updated": "2026-07-17",
        "coordinate_search_source": "OpenStreetMap",
        "coordinate_search_status": "no high-confidence one-to-one OSM match assigned",
        "coordinate_is_approximate": true,
        "coordinate_quality": "approximate_area_centroid",
        "matched_area": "shiv vihar",
        "coordinate_method": "named_locality_centroid",
        "coordinate_confidence": "medium",
        "estimated_accuracy_m": 1200,
        "coordinate_warning": "Approximate locality/sector centre. This is not the verified vend entrance.",
        "coordinate_source": "Area-centroid approximation based on the locality wording in the official vend name",
        "coordinate_fill_version": "2026-07-29-area-centroid-fill-v1",
        "coordinate_order": "[longitude, latitude]"
      }
    },
    {
      "type": "Feature",
      "id": "dscsc-imfl-178",
      "geometry": {
        "type": "Point",
        "coordinates": [
          77.081,
          28.629
        ]
      },
      "properties": {
        "serial_no": 178,
        "name": "DISTRICT CENTRE JANAKPURI",
        "vend_category": "IMFL vend",
        "licence_class": "L-6 / official list heading",
        "operator": "Delhi State Civil Supplies Corporation Limited (DSCSC)",
        "jurisdiction": "NCT of Delhi",
        "geometry_status": "not published by source",
        "source_url": "https://dscsc.delhi.gov.in/dscsc/liquor-vends",
        "source_last_updated": "2026-07-17",
        "coordinate_search_source": "OpenStreetMap",
        "coordinate_search_status": "no high-confidence one-to-one OSM match assigned",
        "coordinate_is_approximate": true,
        "coordinate_quality": "approximate_area_centroid",
        "matched_area": "district centre janakpuri",
        "coordinate_method": "named_locality_centroid",
        "coordinate_confidence": "medium",
        "estimated_accuracy_m": 1200,
        "coordinate_warning": "Approximate locality/sector centre. This is not the verified vend entrance.",
        "coordinate_source": "Area-centroid approximation based on the locality wording in the official vend name",
        "coordinate_fill_version": "2026-07-29-area-centroid-fill-v1",
        "coordinate_order": "[longitude, latitude]"
      }
    },
    {
      "type": "Feature",
      "id": "dscsc-imfl-179",
      "geometry": {
        "type": "Point",
        "coordinates": [
          77.046,
          28.618
        ]
      },
      "properties": {
        "serial_no": 179,
        "name": "SEWAK PARK",
        "vend_category": "IMFL vend",
        "licence_class": "L-6 / official list heading",
        "operator": "Delhi State Civil Supplies Corporation Limited (DSCSC)",
        "jurisdiction": "NCT of Delhi",
        "geometry_status": "not published by source",
        "source_url": "https://dscsc.delhi.gov.in/dscsc/liquor-vends",
        "source_last_updated": "2026-07-17",
        "coordinate_search_source": "OpenStreetMap",
        "coordinate_search_status": "no high-confidence one-to-one OSM match assigned",
        "coordinate_is_approximate": true,
        "coordinate_quality": "approximate_area_centroid",
        "matched_area": "sewak park",
        "coordinate_method": "named_locality_centroid",
        "coordinate_confidence": "medium",
        "estimated_accuracy_m": 1200,
        "coordinate_warning": "Approximate locality/sector centre. This is not the verified vend entrance.",
        "coordinate_source": "Area-centroid approximation based on the locality wording in the official vend name",
        "coordinate_fill_version": "2026-07-29-area-centroid-fill-v1",
        "coordinate_order": "[longitude, latitude]"
      }
    },
    {
      "type": "Feature",
      "id": "dscsc-imfl-180",
      "geometry": {
        "type": "Point",
        "coordinates": [
          77.002,
          28.728
        ]
      },
      "properties": {
        "serial_no": 180,
        "name": "KANJHAWALA 134",
        "vend_category": "IMFL vend",
        "licence_class": "L-6 / official list heading",
        "operator": "Delhi State Civil Supplies Corporation Limited (DSCSC)",
        "jurisdiction": "NCT of Delhi",
        "geometry_status": "not published by source",
        "source_url": "https://dscsc.delhi.gov.in/dscsc/liquor-vends",
        "source_last_updated": "2026-07-17",
        "coordinate_search_source": "OpenStreetMap",
        "coordinate_search_status": "no high-confidence one-to-one OSM match assigned",
        "coordinate_is_approximate": true,
        "coordinate_quality": "approximate_area_centroid",
        "matched_area": "kanjhawala",
        "coordinate_method": "named_locality_centroid",
        "coordinate_confidence": "medium",
        "estimated_accuracy_m": 1200,
        "coordinate_warning": "Approximate locality/sector centre. This is not the verified vend entrance.",
        "coordinate_source": "Area-centroid approximation based on the locality wording in the official vend name",
        "coordinate_fill_version": "2026-07-29-area-centroid-fill-v1",
        "coordinate_order": "[longitude, latitude]"
      }
    },
    {
      "type": "Feature",
      "id": "dscsc-imfl-181",
      "geometry": {
        "type": "Point",
        "coordinates": [
          77.205,
          28.68
        ]
      },
      "properties": {
        "serial_no": 181,
        "name": "JAWAHAR NAGAR",
        "vend_category": "IMFL vend",
        "licence_class": "L-6 / official list heading",
        "operator": "Delhi State Civil Supplies Corporation Limited (DSCSC)",
        "jurisdiction": "NCT of Delhi",
        "geometry_status": "not published by source",
        "source_url": "https://dscsc.delhi.gov.in/dscsc/liquor-vends",
        "source_last_updated": "2026-07-17",
        "coordinate_search_source": "OpenStreetMap",
        "coordinate_search_status": "no high-confidence one-to-one OSM match assigned",
        "coordinate_is_approximate": true,
        "coordinate_quality": "approximate_area_centroid",
        "matched_area": "jawahar nagar",
        "coordinate_method": "named_locality_centroid",
        "coordinate_confidence": "medium",
        "estimated_accuracy_m": 1200,
        "coordinate_warning": "Approximate locality/sector centre. This is not the verified vend entrance.",
        "coordinate_source": "Area-centroid approximation based on the locality wording in the official vend name",
        "coordinate_fill_version": "2026-07-29-area-centroid-fill-v1",
        "coordinate_order": "[longitude, latitude]"
      }
    },
    {
      "type": "Feature",
      "id": "dscsc-imfl-182",
      "geometry": {
        "type": "Point",
        "coordinates": [
          77.205,
          28.633
        ]
      },
      "properties": {
        "serial_no": 182,
        "name": "PANCHKUIAN ROAD",
        "vend_category": "IMFL vend",
        "licence_class": "L-6 / official list heading",
        "operator": "Delhi State Civil Supplies Corporation Limited (DSCSC)",
        "jurisdiction": "NCT of Delhi",
        "geometry_status": "not published by source",
        "source_url": "https://dscsc.delhi.gov.in/dscsc/liquor-vends",
        "source_last_updated": "2026-07-17",
        "coordinate_search_source": "OpenStreetMap",
        "coordinate_search_status": "no high-confidence one-to-one OSM match assigned",
        "coordinate_is_approximate": true,
        "coordinate_quality": "approximate_area_centroid",
        "matched_area": "panchkuian road",
        "coordinate_method": "named_locality_centroid",
        "coordinate_confidence": "medium",
        "estimated_accuracy_m": 1200,
        "coordinate_warning": "Approximate locality/sector centre. This is not the verified vend entrance.",
        "coordinate_source": "Area-centroid approximation based on the locality wording in the official vend name",
        "coordinate_fill_version": "2026-07-29-area-centroid-fill-v1",
        "coordinate_order": "[longitude, latitude]"
      }
    },
    {
      "type": "Feature",
      "id": "dscsc-imfl-183",
      "geometry": {
        "type": "Point",
        "coordinates": [
          77.002,
          28.728
        ]
      },
      "properties": {
        "serial_no": 183,
        "name": "KANJHAWALA 664",
        "vend_category": "IMFL vend",
        "licence_class": "L-6 / official list heading",
        "operator": "Delhi State Civil Supplies Corporation Limited (DSCSC)",
        "jurisdiction": "NCT of Delhi",
        "geometry_status": "not published by source",
        "source_url": "https://dscsc.delhi.gov.in/dscsc/liquor-vends",
        "source_last_updated": "2026-07-17",
        "coordinate_search_source": "OpenStreetMap",
        "coordinate_search_status": "no high-confidence one-to-one OSM match assigned",
        "coordinate_is_approximate": true,
        "coordinate_quality": "approximate_area_centroid",
        "matched_area": "kanjhawala",
        "coordinate_method": "named_locality_centroid",
        "coordinate_confidence": "medium",
        "estimated_accuracy_m": 1200,
        "coordinate_warning": "Approximate locality/sector centre. This is not the verified vend entrance.",
        "coordinate_source": "Area-centroid approximation based on the locality wording in the official vend name",
        "coordinate_fill_version": "2026-07-29-area-centroid-fill-v1",
        "coordinate_order": "[longitude, latitude]"
      }
    },
    {
      "type": "Feature",
      "id": "dscsc-imfl-184",
      "geometry": {
        "type": "Point",
        "coordinates": [
          77.287,
          28.669
        ]
      },
      "properties": {
        "serial_no": 184,
        "name": "BALDEV PARK",
        "vend_category": "IMFL vend",
        "licence_class": "L-6 / official list heading",
        "operator": "Delhi State Civil Supplies Corporation Limited (DSCSC)",
        "jurisdiction": "NCT of Delhi",
        "geometry_status": "not published by source",
        "source_url": "https://dscsc.delhi.gov.in/dscsc/liquor-vends",
        "source_last_updated": "2026-07-17",
        "coordinate_search_source": "OpenStreetMap",
        "coordinate_search_status": "no high-confidence one-to-one OSM match assigned",
        "coordinate_is_approximate": true,
        "coordinate_quality": "approximate_area_centroid",
        "matched_area": "baldev park",
        "coordinate_method": "named_locality_centroid",
        "coordinate_confidence": "medium",
        "estimated_accuracy_m": 1200,
        "coordinate_warning": "Approximate locality/sector centre. This is not the verified vend entrance.",
        "coordinate_source": "Area-centroid approximation based on the locality wording in the official vend name",
        "coordinate_fill_version": "2026-07-29-area-centroid-fill-v1",
        "coordinate_order": "[longitude, latitude]"
      }
    },
    {
      "type": "Feature",
      "id": "dscsc-imfl-185",
      "geometry": {
        "type": "Point",
        "coordinates": [
          77.031,
          28.684
        ]
      },
      "properties": {
        "serial_no": 185,
        "name": "MUNDKA 7213",
        "vend_category": "IMFL vend",
        "licence_class": "L-6 / official list heading",
        "operator": "Delhi State Civil Supplies Corporation Limited (DSCSC)",
        "jurisdiction": "NCT of Delhi",
        "geometry_status": "not published by source",
        "source_url": "https://dscsc.delhi.gov.in/dscsc/liquor-vends",
        "source_last_updated": "2026-07-17",
        "coordinate_search_source": "OpenStreetMap",
        "coordinate_search_status": "no high-confidence one-to-one OSM match assigned",
        "coordinate_is_approximate": true,
        "coordinate_quality": "approximate_area_centroid",
        "matched_area": "mundka",
        "coordinate_method": "named_locality_centroid",
        "coordinate_confidence": "medium",
        "estimated_accuracy_m": 1200,
        "coordinate_warning": "Approximate locality/sector centre. This is not the verified vend entrance.",
        "coordinate_source": "Area-centroid approximation based on the locality wording in the official vend name",
        "coordinate_fill_version": "2026-07-29-area-centroid-fill-v1",
        "coordinate_order": "[longitude, latitude]"
      }
    },
    {
      "type": "Feature",
      "id": "dscsc-country-1",
      "geometry": {
        "type": "Point",
        "coordinates": [
          77.184,
          28.672
        ]
      },
      "properties": {
        "serial_no": 1,
        "name": "GULABI BAGH CL",
        "vend_category": "Country liquor vend",
        "licence_class": "L-8",
        "operator": "Delhi State Civil Supplies Corporation Limited (DSCSC)",
        "jurisdiction": "NCT of Delhi",
        "geometry_status": "not published by source",
        "source_url": "https://dscsc.delhi.gov.in/dscsc/liquor-vends",
        "source_last_updated": "2026-07-17",
        "coordinate_search_source": "OpenStreetMap",
        "coordinate_search_status": "no high-confidence one-to-one OSM match assigned",
        "coordinate_is_approximate": true,
        "coordinate_quality": "approximate_area_centroid",
        "matched_area": "gulabi bagh",
        "coordinate_method": "named_locality_centroid",
        "coordinate_confidence": "medium",
        "estimated_accuracy_m": 1200,
        "coordinate_warning": "Approximate locality/sector centre. This is not the verified vend entrance.",
        "coordinate_source": "Area-centroid approximation based on the locality wording in the official vend name",
        "coordinate_fill_version": "2026-07-29-area-centroid-fill-v1",
        "coordinate_order": "[longitude, latitude]"
      }
    },
    {
      "type": "Feature",
      "id": "dscsc-country-2",
      "geometry": {
        "type": "Point",
        "coordinates": [
          77.33,
          28.683
        ]
      },
      "properties": {
        "serial_no": 2,
        "name": "OLD SEEMA PURI (SPL)",
        "vend_category": "Country liquor vend",
        "licence_class": "L-8",
        "operator": "Delhi State Civil Supplies Corporation Limited (DSCSC)",
        "jurisdiction": "NCT of Delhi",
        "geometry_status": "not published by source",
        "source_url": "https://dscsc.delhi.gov.in/dscsc/liquor-vends",
        "source_last_updated": "2026-07-17",
        "coordinate_search_source": "OpenStreetMap",
        "coordinate_search_status": "no high-confidence one-to-one OSM match assigned",
        "coordinate_is_approximate": true,
        "coordinate_quality": "approximate_area_centroid",
        "matched_area": "old seemapuri",
        "coordinate_method": "named_locality_centroid",
        "coordinate_confidence": "medium",
        "estimated_accuracy_m": 1200,
        "coordinate_warning": "Approximate locality/sector centre. This is not the verified vend entrance.",
        "coordinate_source": "Area-centroid approximation based on the locality wording in the official vend name",
        "coordinate_fill_version": "2026-07-29-area-centroid-fill-v1",
        "coordinate_order": "[longitude, latitude]"
      }
    },
    {
      "type": "Feature",
      "id": "dscsc-country-3",
      "geometry": {
        "type": "Point",
        "coordinates": [
          77.162,
          28.725
        ]
      },
      "properties": {
        "serial_no": 3,
        "name": "JAHANGIRPURI (DML)",
        "vend_category": "Country liquor vend",
        "licence_class": "L-8",
        "operator": "Delhi State Civil Supplies Corporation Limited (DSCSC)",
        "jurisdiction": "NCT of Delhi",
        "geometry_status": "not published by source",
        "source_url": "https://dscsc.delhi.gov.in/dscsc/liquor-vends",
        "source_last_updated": "2026-07-17",
        "coordinate_search_source": "OpenStreetMap",
        "coordinate_search_status": "no high-confidence one-to-one OSM match assigned",
        "coordinate_is_approximate": true,
        "coordinate_quality": "approximate_area_centroid",
        "matched_area": "jahangirpuri",
        "coordinate_method": "named_locality_centroid",
        "coordinate_confidence": "medium",
        "estimated_accuracy_m": 1200,
        "coordinate_warning": "Approximate locality/sector centre. This is not the verified vend entrance.",
        "coordinate_source": "Area-centroid approximation based on the locality wording in the official vend name",
        "coordinate_fill_version": "2026-07-29-area-centroid-fill-v1",
        "coordinate_order": "[longitude, latitude]"
      }
    },
    {
      "type": "Feature",
      "id": "dscsc-country-4",
      "geometry": {
        "type": "Point",
        "coordinates": [
          77.273,
          28.539
        ]
      },
      "properties": {
        "serial_no": 4,
        "name": "OKHLA INDL AREA (SPL)",
        "vend_category": "Country liquor vend",
        "licence_class": "L-8",
        "operator": "Delhi State Civil Supplies Corporation Limited (DSCSC)",
        "jurisdiction": "NCT of Delhi",
        "geometry_status": "not published by source",
        "source_url": "https://dscsc.delhi.gov.in/dscsc/liquor-vends",
        "source_last_updated": "2026-07-17",
        "coordinate_search_source": "OpenStreetMap",
        "coordinate_search_status": "no high-confidence one-to-one OSM match assigned",
        "coordinate_is_approximate": true,
        "coordinate_quality": "approximate_area_centroid",
        "matched_area": "okhla industrial area",
        "coordinate_method": "named_locality_centroid",
        "coordinate_confidence": "medium",
        "estimated_accuracy_m": 1200,
        "coordinate_warning": "Approximate locality/sector centre. This is not the verified vend entrance.",
        "coordinate_source": "Area-centroid approximation based on the locality wording in the official vend name",
        "coordinate_fill_version": "2026-07-29-area-centroid-fill-v1",
        "coordinate_order": "[longitude, latitude]"
      }
    },
    {
      "type": "Feature",
      "id": "dscsc-country-5",
      "geometry": {
        "type": "Point",
        "coordinates": [
          77.323,
          28.627
        ]
      },
      "properties": {
        "serial_no": 5,
        "name": "GAZIPUR (SPL)",
        "vend_category": "Country liquor vend",
        "licence_class": "L-8",
        "operator": "Delhi State Civil Supplies Corporation Limited (DSCSC)",
        "jurisdiction": "NCT of Delhi",
        "geometry_status": "not published by source",
        "source_url": "https://dscsc.delhi.gov.in/dscsc/liquor-vends",
        "source_last_updated": "2026-07-17",
        "coordinate_search_source": "OpenStreetMap",
        "coordinate_search_status": "no high-confidence one-to-one OSM match assigned",
        "coordinate_is_approximate": true,
        "coordinate_quality": "approximate_area_centroid",
        "matched_area": "gazipur",
        "coordinate_method": "named_locality_centroid",
        "coordinate_confidence": "medium",
        "estimated_accuracy_m": 1200,
        "coordinate_warning": "Approximate locality/sector centre. This is not the verified vend entrance.",
        "coordinate_source": "Area-centroid approximation based on the locality wording in the official vend name",
        "coordinate_fill_version": "2026-07-29-area-centroid-fill-v1",
        "coordinate_order": "[longitude, latitude]"
      }
    },
    {
      "type": "Feature",
      "id": "dscsc-country-6",
      "geometry": {
        "type": "Point",
        "coordinates": [
          77.228,
          28.702
        ]
      },
      "properties": {
        "serial_no": 6,
        "name": "MAJNU KA TILLA (DML)",
        "vend_category": "Country liquor vend",
        "licence_class": "L-8",
        "operator": "Delhi State Civil Supplies Corporation Limited (DSCSC)",
        "jurisdiction": "NCT of Delhi",
        "geometry_status": "not published by source",
        "source_url": "https://dscsc.delhi.gov.in/dscsc/liquor-vends",
        "source_last_updated": "2026-07-17",
        "coordinate_search_source": "OpenStreetMap",
        "coordinate_search_status": "no high-confidence one-to-one OSM match assigned",
        "coordinate_is_approximate": true,
        "coordinate_quality": "approximate_area_centroid",
        "matched_area": "majnu ka tila",
        "coordinate_method": "named_locality_centroid",
        "coordinate_confidence": "medium",
        "estimated_accuracy_m": 1200,
        "coordinate_warning": "Approximate locality/sector centre. This is not the verified vend entrance.",
        "coordinate_source": "Area-centroid approximation based on the locality wording in the official vend name",
        "coordinate_fill_version": "2026-07-29-area-centroid-fill-v1",
        "coordinate_order": "[longitude, latitude]"
      }
    },
    {
      "type": "Feature",
      "id": "dscsc-country-7",
      "geometry": {
        "type": "Point",
        "coordinates": [
          77.007,
          28.6
        ]
      },
      "properties": {
        "serial_no": 7,
        "name": "RANAJI ENCLAVE (DML)",
        "vend_category": "Country liquor vend",
        "licence_class": "L-8",
        "operator": "Delhi State Civil Supplies Corporation Limited (DSCSC)",
        "jurisdiction": "NCT of Delhi",
        "geometry_status": "not published by source",
        "source_url": "https://dscsc.delhi.gov.in/dscsc/liquor-vends",
        "source_last_updated": "2026-07-17",
        "coordinate_search_source": "OpenStreetMap",
        "coordinate_search_status": "no high-confidence one-to-one OSM match assigned",
        "coordinate_is_approximate": true,
        "coordinate_quality": "approximate_area_centroid",
        "matched_area": "ranaji enclave",
        "coordinate_method": "named_locality_centroid",
        "coordinate_confidence": "medium",
        "estimated_accuracy_m": 1200,
        "coordinate_warning": "Approximate locality/sector centre. This is not the verified vend entrance.",
        "coordinate_source": "Area-centroid approximation based on the locality wording in the official vend name",
        "coordinate_fill_version": "2026-07-29-area-centroid-fill-v1",
        "coordinate_order": "[longitude, latitude]"
      }
    },
    {
      "type": "Feature",
      "id": "dscsc-country-8",
      "geometry": {
        "type": "Point",
        "coordinates": [
          77.052,
          28.706
        ]
      },
      "properties": {
        "serial_no": 8,
        "name": "KIRARI (DML)",
        "vend_category": "Country liquor vend",
        "licence_class": "L-8",
        "operator": "Delhi State Civil Supplies Corporation Limited (DSCSC)",
        "jurisdiction": "NCT of Delhi",
        "geometry_status": "not published by source",
        "source_url": "https://dscsc.delhi.gov.in/dscsc/liquor-vends",
        "source_last_updated": "2026-07-17",
        "coordinate_search_source": "OpenStreetMap",
        "coordinate_search_status": "no high-confidence one-to-one OSM match assigned",
        "coordinate_is_approximate": true,
        "coordinate_quality": "approximate_area_centroid",
        "matched_area": "kirari",
        "coordinate_method": "named_locality_centroid",
        "coordinate_confidence": "medium",
        "estimated_accuracy_m": 1200,
        "coordinate_warning": "Approximate locality/sector centre. This is not the verified vend entrance.",
        "coordinate_source": "Area-centroid approximation based on the locality wording in the official vend name",
        "coordinate_fill_version": "2026-07-29-area-centroid-fill-v1",
        "coordinate_order": "[longitude, latitude]"
      }
    },
    {
      "type": "Feature",
      "id": "dscsc-country-9",
      "geometry": {
        "type": "Point",
        "coordinates": [
          77.045,
          28.62
        ]
      },
      "properties": {
        "serial_no": 9,
        "name": "NAWADA (DML)",
        "vend_category": "Country liquor vend",
        "licence_class": "L-8",
        "operator": "Delhi State Civil Supplies Corporation Limited (DSCSC)",
        "jurisdiction": "NCT of Delhi",
        "geometry_status": "not published by source",
        "source_url": "https://dscsc.delhi.gov.in/dscsc/liquor-vends",
        "source_last_updated": "2026-07-17",
        "coordinate_search_source": "OpenStreetMap",
        "coordinate_search_status": "no high-confidence one-to-one OSM match assigned",
        "coordinate_is_approximate": true,
        "coordinate_quality": "approximate_area_centroid",
        "matched_area": "nawada",
        "coordinate_method": "named_locality_centroid",
        "coordinate_confidence": "medium",
        "estimated_accuracy_m": 1200,
        "coordinate_warning": "Approximate locality/sector centre. This is not the verified vend entrance.",
        "coordinate_source": "Area-centroid approximation based on the locality wording in the official vend name",
        "coordinate_fill_version": "2026-07-29-area-centroid-fill-v1",
        "coordinate_order": "[longitude, latitude]"
      }
    },
    {
      "type": "Feature",
      "id": "dscsc-country-10",
      "geometry": {
        "type": "Point",
        "coordinates": [
          77.174,
          28.66
        ]
      },
      "properties": {
        "serial_no": 10,
        "name": "ANAND PARVAT (DML)",
        "vend_category": "Country liquor vend",
        "licence_class": "L-8",
        "operator": "Delhi State Civil Supplies Corporation Limited (DSCSC)",
        "jurisdiction": "NCT of Delhi",
        "geometry_status": "not published by source",
        "source_url": "https://dscsc.delhi.gov.in/dscsc/liquor-vends",
        "source_last_updated": "2026-07-17",
        "coordinate_search_source": "OpenStreetMap",
        "coordinate_search_status": "no high-confidence one-to-one OSM match assigned",
        "coordinate_is_approximate": true,
        "coordinate_quality": "approximate_area_centroid",
        "matched_area": "anand parbat",
        "coordinate_method": "interpreted_locality_centroid",
        "coordinate_confidence": "medium",
        "estimated_accuracy_m": 1500,
        "coordinate_warning": "Approximate locality/sector centre. This is not the verified vend entrance.",
        "coordinate_source": "Area-centroid approximation based on the locality wording in the official vend name",
        "coordinate_fill_version": "2026-07-29-area-centroid-fill-v1",
        "coordinate_order": "[longitude, latitude]"
      }
    },
    {
      "type": "Feature",
      "id": "dscsc-country-11",
      "geometry": {
        "type": "Point",
        "coordinates": [
          77.082,
          28.522
        ]
      },
      "properties": {
        "serial_no": 11,
        "name": "KAPASHERA (DML)",
        "vend_category": "Country liquor vend",
        "licence_class": "L-8",
        "operator": "Delhi State Civil Supplies Corporation Limited (DSCSC)",
        "jurisdiction": "NCT of Delhi",
        "geometry_status": "not published by source",
        "source_url": "https://dscsc.delhi.gov.in/dscsc/liquor-vends",
        "source_last_updated": "2026-07-17",
        "coordinate_search_source": "OpenStreetMap",
        "coordinate_search_status": "no high-confidence one-to-one OSM match assigned",
        "coordinate_is_approximate": true,
        "coordinate_quality": "approximate_area_centroid",
        "matched_area": "kapashera",
        "coordinate_method": "named_locality_centroid",
        "coordinate_confidence": "medium",
        "estimated_accuracy_m": 1200,
        "coordinate_warning": "Approximate locality/sector centre. This is not the verified vend entrance.",
        "coordinate_source": "Area-centroid approximation based on the locality wording in the official vend name",
        "coordinate_fill_version": "2026-07-29-area-centroid-fill-v1",
        "coordinate_order": "[longitude, latitude]"
      }
    },
    {
      "type": "Feature",
      "id": "dscsc-country-12",
      "geometry": {
        "type": "Point",
        "coordinates": [
          77.025,
          28.609
        ]
      },
      "properties": {
        "serial_no": 12,
        "name": "SHYAM VIHAR (DML)",
        "vend_category": "Country liquor vend",
        "licence_class": "L-8",
        "operator": "Delhi State Civil Supplies Corporation Limited (DSCSC)",
        "jurisdiction": "NCT of Delhi",
        "geometry_status": "not published by source",
        "source_url": "https://dscsc.delhi.gov.in/dscsc/liquor-vends",
        "source_last_updated": "2026-07-17",
        "coordinate_search_source": "OpenStreetMap",
        "coordinate_search_status": "no high-confidence one-to-one OSM match assigned",
        "coordinate_is_approximate": true,
        "coordinate_quality": "approximate_area_centroid",
        "matched_area": "shyam vihar",
        "coordinate_method": "named_locality_centroid",
        "coordinate_confidence": "medium",
        "estimated_accuracy_m": 1200,
        "coordinate_warning": "Approximate locality/sector centre. This is not the verified vend entrance.",
        "coordinate_source": "Area-centroid approximation based on the locality wording in the official vend name",
        "coordinate_fill_version": "2026-07-29-area-centroid-fill-v1",
        "coordinate_order": "[longitude, latitude]"
      }
    },
    {
      "type": "Feature",
      "id": "dscsc-country-13",
      "geometry": {
        "type": "Point",
        "coordinates": [
          77.17,
          28.74
        ]
      },
      "properties": {
        "serial_no": 13,
        "name": "JHARODA MAJRA (DML)",
        "vend_category": "Country liquor vend",
        "licence_class": "L-8",
        "operator": "Delhi State Civil Supplies Corporation Limited (DSCSC)",
        "jurisdiction": "NCT of Delhi",
        "geometry_status": "not published by source",
        "source_url": "https://dscsc.delhi.gov.in/dscsc/liquor-vends",
        "source_last_updated": "2026-07-17",
        "coordinate_search_source": "OpenStreetMap",
        "coordinate_search_status": "no high-confidence one-to-one OSM match assigned",
        "coordinate_is_approximate": true,
        "coordinate_quality": "approximate_area_centroid",
        "matched_area": "jharoda majra",
        "coordinate_method": "named_locality_centroid",
        "coordinate_confidence": "medium",
        "estimated_accuracy_m": 1200,
        "coordinate_warning": "Approximate locality/sector centre. This is not the verified vend entrance.",
        "coordinate_source": "Area-centroid approximation based on the locality wording in the official vend name",
        "coordinate_fill_version": "2026-07-29-area-centroid-fill-v1",
        "coordinate_order": "[longitude, latitude]"
      }
    },
    {
      "type": "Feature",
      "id": "dscsc-country-14",
      "geometry": {
        "type": "Point",
        "coordinates": [
          77.276,
          28.728
        ]
      },
      "properties": {
        "serial_no": 14,
        "name": "KARAWAL NAGAR (DML)",
        "vend_category": "Country liquor vend",
        "licence_class": "L-8",
        "operator": "Delhi State Civil Supplies Corporation Limited (DSCSC)",
        "jurisdiction": "NCT of Delhi",
        "geometry_status": "not published by source",
        "source_url": "https://dscsc.delhi.gov.in/dscsc/liquor-vends",
        "source_last_updated": "2026-07-17",
        "coordinate_search_source": "OpenStreetMap",
        "coordinate_search_status": "no high-confidence one-to-one OSM match assigned",
        "coordinate_is_approximate": true,
        "coordinate_quality": "approximate_area_centroid",
        "matched_area": "karawal nagar",
        "coordinate_method": "named_locality_centroid",
        "coordinate_confidence": "medium",
        "estimated_accuracy_m": 1200,
        "coordinate_warning": "Approximate locality/sector centre. This is not the verified vend entrance.",
        "coordinate_source": "Area-centroid approximation based on the locality wording in the official vend name",
        "coordinate_fill_version": "2026-07-29-area-centroid-fill-v1",
        "coordinate_order": "[longitude, latitude]"
      }
    },
    {
      "type": "Feature",
      "id": "dscsc-country-15",
      "geometry": {
        "type": "Point",
        "coordinates": [
          77.266,
          28.7
        ]
      },
      "properties": {
        "serial_no": 15,
        "name": "SOUTH GAMRI (DML)",
        "vend_category": "Country liquor vend",
        "licence_class": "L-8",
        "operator": "Delhi State Civil Supplies Corporation Limited (DSCSC)",
        "jurisdiction": "NCT of Delhi",
        "geometry_status": "not published by source",
        "source_url": "https://dscsc.delhi.gov.in/dscsc/liquor-vends",
        "source_last_updated": "2026-07-17",
        "coordinate_search_source": "OpenStreetMap",
        "coordinate_search_status": "no high-confidence one-to-one OSM match assigned",
        "coordinate_is_approximate": true,
        "coordinate_quality": "approximate_area_centroid",
        "matched_area": "south gamri",
        "coordinate_method": "named_locality_centroid",
        "coordinate_confidence": "medium",
        "estimated_accuracy_m": 1200,
        "coordinate_warning": "Approximate locality/sector centre. This is not the verified vend entrance.",
        "coordinate_source": "Area-centroid approximation based on the locality wording in the official vend name",
        "coordinate_fill_version": "2026-07-29-area-centroid-fill-v1",
        "coordinate_order": "[longitude, latitude]"
      }
    },
    {
      "type": "Feature",
      "id": "dscsc-country-16",
      "geometry": {
        "type": "Point",
        "coordinates": [
          77.035,
          28.799
        ]
      },
      "properties": {
        "serial_no": 16,
        "name": "BAWANA CL",
        "vend_category": "Country liquor vend",
        "licence_class": "L-8",
        "operator": "Delhi State Civil Supplies Corporation Limited (DSCSC)",
        "jurisdiction": "NCT of Delhi",
        "geometry_status": "not published by source",
        "source_url": "https://dscsc.delhi.gov.in/dscsc/liquor-vends",
        "source_last_updated": "2026-07-17",
        "coordinate_search_source": "OpenStreetMap",
        "coordinate_search_status": "no high-confidence one-to-one OSM match assigned",
        "coordinate_is_approximate": true,
        "coordinate_quality": "approximate_area_centroid",
        "matched_area": "bawana",
        "coordinate_method": "named_locality_centroid",
        "coordinate_confidence": "medium",
        "estimated_accuracy_m": 1200,
        "coordinate_warning": "Approximate locality/sector centre. This is not the verified vend entrance.",
        "coordinate_source": "Area-centroid approximation based on the locality wording in the official vend name",
        "coordinate_fill_version": "2026-07-29-area-centroid-fill-v1",
        "coordinate_order": "[longitude, latitude]"
      }
    },
    {
      "type": "Feature",
      "id": "dccws-imfl-1",
      "geometry": {
        "type": "Point",
        "coordinates": [
          77.184,
          28.711
        ]
      },
      "properties": {
        "serial_no": 1,
        "vend_id": "01/2024/0179",
        "name": "SARAI PIPAL THALA",
        "address": "204/I SARAI PIPAL THALA, BEHIND NIGHT SHELTER, DELHI.",
        "vend_category": "Indian-made foreign liquor / beer retail vend",
        "licence_class": "L-6 or L-10 as listed",
        "operator": "Delhi Consumer's Co-operative Wholesale Store Ltd. (DCCWS)",
        "jurisdiction": "NCT of Delhi",
        "operational_status": "listed; not independently verified",
        "geometry_status": "coordinates not published by source",
        "source_url": "https://dccws.delhi.gov.in/dccws/indian-made-foreign-liquor",
        "source_last_updated": "2026-07-27",
        "coordinate_search_source": "OpenStreetMap",
        "coordinate_search_status": "no high-confidence one-to-one OSM match assigned",
        "coordinate_is_approximate": true,
        "coordinate_quality": "approximate_area_centroid",
        "matched_area": "sarai pipal thala",
        "coordinate_method": "named_locality_centroid",
        "coordinate_confidence": "medium",
        "estimated_accuracy_m": 1200,
        "coordinate_warning": "Approximate locality/sector centre. This is not the verified vend entrance.",
        "coordinate_source": "Area-centroid approximation based on the locality wording in the official vend name",
        "coordinate_fill_version": "2026-07-29-area-centroid-fill-v1",
        "coordinate_order": "[longitude, latitude]"
      }
    },
    {
      "type": "Feature",
      "id": "dccws-imfl-2",
      "geometry": {
        "type": "Point",
        "coordinates": [
          77.25,
          28.668
        ]
      },
      "properties": {
        "serial_no": 2,
        "vend_id": "01/2024/0186",
        "name": "SHASTRI PARK",
        "address": "Shop No. 5, Lower Ground Floor, CSC, Shastri Park, New Delhi.",
        "vend_category": "Indian-made foreign liquor / beer retail vend",
        "licence_class": "L-6 or L-10 as listed",
        "operator": "Delhi Consumer's Co-operative Wholesale Store Ltd. (DCCWS)",
        "jurisdiction": "NCT of Delhi",
        "operational_status": "listed; not independently verified",
        "geometry_status": "coordinates not published by source",
        "source_url": "https://dccws.delhi.gov.in/dccws/indian-made-foreign-liquor",
        "source_last_updated": "2026-07-27",
        "coordinate_search_source": "OpenStreetMap",
        "coordinate_search_status": "no high-confidence one-to-one OSM match assigned",
        "coordinate_is_approximate": true,
        "coordinate_quality": "approximate_area_centroid",
        "matched_area": "shastri park",
        "coordinate_method": "named_locality_centroid",
        "coordinate_confidence": "medium",
        "estimated_accuracy_m": 1200,
        "coordinate_warning": "Approximate locality/sector centre. This is not the verified vend entrance.",
        "coordinate_source": "Area-centroid approximation based on the locality wording in the official vend name",
        "coordinate_fill_version": "2026-07-29-area-centroid-fill-v1",
        "coordinate_order": "[longitude, latitude]"
      }
    },
    {
      "type": "Feature",
      "id": "dccws-imfl-3",
      "geometry": {
        "type": "Point",
        "coordinates": [
          77.196,
          28.565
        ]
      },
      "properties": {
        "serial_no": 3,
        "vend_id": "01/2024/0192",
        "name": "SAFDARJUNG ENCLAVE - II",
        "address": "SHOP NO. AB-8/1, DDA MARKET, SAFDARJUNG ENCLAVE, NEW DELHI.",
        "vend_category": "Indian-made foreign liquor / beer retail vend",
        "licence_class": "L-6 or L-10 as listed",
        "operator": "Delhi Consumer's Co-operative Wholesale Store Ltd. (DCCWS)",
        "jurisdiction": "NCT of Delhi",
        "operational_status": "listed; not independently verified",
        "geometry_status": "coordinates not published by source",
        "source_url": "https://dccws.delhi.gov.in/dccws/indian-made-foreign-liquor",
        "source_last_updated": "2026-07-27",
        "coordinate_search_source": "OpenStreetMap",
        "coordinate_search_status": "no high-confidence one-to-one OSM match assigned",
        "coordinate_is_approximate": true,
        "coordinate_quality": "approximate_area_centroid",
        "matched_area": "safdarjung enclave",
        "coordinate_method": "named_locality_centroid",
        "coordinate_confidence": "medium",
        "estimated_accuracy_m": 1200,
        "coordinate_warning": "Approximate locality/sector centre. This is not the verified vend entrance.",
        "coordinate_source": "Area-centroid approximation based on the locality wording in the official vend name",
        "coordinate_fill_version": "2026-07-29-area-centroid-fill-v1",
        "coordinate_order": "[longitude, latitude]"
      }
    },
    {
      "type": "Feature",
      "id": "dccws-imfl-4",
      "geometry": {
        "type": "Point",
        "coordinates": [
          77.158,
          28.669
        ]
      },
      "properties": {
        "serial_no": 4,
        "vend_id": "01/2024/0196",
        "name": "ZAKHIRA",
        "address": "Plot No. 13/3, Najafgarh Road Ind. Area, Zakhira, New Delhi.",
        "vend_category": "Indian-made foreign liquor / beer retail vend",
        "licence_class": "L-6 or L-10 as listed",
        "operator": "Delhi Consumer's Co-operative Wholesale Store Ltd. (DCCWS)",
        "jurisdiction": "NCT of Delhi",
        "operational_status": "listed; not independently verified",
        "geometry_status": "coordinates not published by source",
        "source_url": "https://dccws.delhi.gov.in/dccws/indian-made-foreign-liquor",
        "source_last_updated": "2026-07-27",
        "coordinate_search_source": "OpenStreetMap",
        "coordinate_search_status": "no high-confidence one-to-one OSM match assigned",
        "coordinate_is_approximate": true,
        "coordinate_quality": "approximate_area_centroid",
        "matched_area": "zakhira",
        "coordinate_method": "named_locality_centroid",
        "coordinate_confidence": "medium",
        "estimated_accuracy_m": 1200,
        "coordinate_warning": "Approximate locality/sector centre. This is not the verified vend entrance.",
        "coordinate_source": "Area-centroid approximation based on the locality wording in the official vend name",
        "coordinate_fill_version": "2026-07-29-area-centroid-fill-v1",
        "coordinate_order": "[longitude, latitude]"
      }
    },
    {
      "type": "Feature",
      "id": "dccws-imfl-5",
      "geometry": {
        "type": "Point",
        "coordinates": [
          77.159,
          28.566
        ]
      },
      "properties": {
        "serial_no": 5,
        "vend_id": "01/2024/0201",
        "name": "VASANT ENCLAVE",
        "address": "SHOP NO. 27, FIRST FLOOR, CSC, BASANT ENCLAVE, NEW DELHI-110057",
        "vend_category": "Indian-made foreign liquor / beer retail vend",
        "licence_class": "L-6 or L-10 as listed",
        "operator": "Delhi Consumer's Co-operative Wholesale Store Ltd. (DCCWS)",
        "jurisdiction": "NCT of Delhi",
        "operational_status": "listed; not independently verified",
        "geometry_status": "coordinates not published by source",
        "source_url": "https://dccws.delhi.gov.in/dccws/indian-made-foreign-liquor",
        "source_last_updated": "2026-07-27",
        "coordinate_search_source": "OpenStreetMap",
        "coordinate_search_status": "no high-confidence one-to-one OSM match assigned",
        "coordinate_is_approximate": true,
        "coordinate_quality": "approximate_area_centroid",
        "matched_area": "vasant enclave",
        "coordinate_method": "named_locality_centroid",
        "coordinate_confidence": "medium",
        "estimated_accuracy_m": 1200,
        "coordinate_warning": "Approximate locality/sector centre. This is not the verified vend entrance.",
        "coordinate_source": "Area-centroid approximation based on the locality wording in the official vend name",
        "coordinate_fill_version": "2026-07-29-area-centroid-fill-v1",
        "coordinate_order": "[longitude, latitude]"
      }
    },
    {
      "type": "Feature",
      "id": "dccws-imfl-6",
      "geometry": {
        "type": "Point",
        "coordinates": [
          77.259,
          28.572
        ]
      },
      "properties": {
        "serial_no": 6,
        "vend_id": "01/2024/0204",
        "name": "ASHRAM",
        "address": "SHOP NO. 1,2, DDA MKT. ASHRAM, NEAR NAFED BUILDING",
        "vend_category": "Indian-made foreign liquor / beer retail vend",
        "licence_class": "L-6 or L-10 as listed",
        "operator": "Delhi Consumer's Co-operative Wholesale Store Ltd. (DCCWS)",
        "jurisdiction": "NCT of Delhi",
        "operational_status": "listed; not independently verified",
        "geometry_status": "coordinates not published by source",
        "source_url": "https://dccws.delhi.gov.in/dccws/indian-made-foreign-liquor",
        "source_last_updated": "2026-07-27",
        "coordinate_search_source": "OpenStreetMap",
        "coordinate_search_status": "no high-confidence one-to-one OSM match assigned",
        "coordinate_is_approximate": true,
        "coordinate_quality": "approximate_area_centroid",
        "matched_area": "ashram",
        "coordinate_method": "named_locality_centroid",
        "coordinate_confidence": "medium",
        "estimated_accuracy_m": 1200,
        "coordinate_warning": "Approximate locality/sector centre. This is not the verified vend entrance.",
        "coordinate_source": "Area-centroid approximation based on the locality wording in the official vend name",
        "coordinate_fill_version": "2026-07-29-area-centroid-fill-v1",
        "coordinate_order": "[longitude, latitude]"
      }
    },
    {
      "type": "Feature",
      "id": "dccws-imfl-7",
      "geometry": {
        "type": "Point",
        "coordinates": [
          77.318,
          28.62
        ]
      },
      "properties": {
        "serial_no": 7,
        "vend_id": "01/2024/0211",
        "name": "DURGA MKT. KHICHRIPUR",
        "address": "Shop No. 9/15 & 9/16, Durga Mkt. Khichripur, Delhi",
        "vend_category": "Indian-made foreign liquor / beer retail vend",
        "licence_class": "L-6 or L-10 as listed",
        "operator": "Delhi Consumer's Co-operative Wholesale Store Ltd. (DCCWS)",
        "jurisdiction": "NCT of Delhi",
        "operational_status": "listed; not independently verified",
        "geometry_status": "coordinates not published by source",
        "source_url": "https://dccws.delhi.gov.in/dccws/indian-made-foreign-liquor",
        "source_last_updated": "2026-07-27",
        "coordinate_search_source": "OpenStreetMap",
        "coordinate_search_status": "no high-confidence one-to-one OSM match assigned",
        "coordinate_is_approximate": true,
        "coordinate_quality": "approximate_area_centroid",
        "matched_area": "durga market khichripur",
        "coordinate_method": "named_locality_centroid",
        "coordinate_confidence": "medium",
        "estimated_accuracy_m": 1200,
        "coordinate_warning": "Approximate locality/sector centre. This is not the verified vend entrance.",
        "coordinate_source": "Area-centroid approximation based on the locality wording in the official vend name",
        "coordinate_fill_version": "2026-07-29-area-centroid-fill-v1",
        "coordinate_order": "[longitude, latitude]"
      }
    },
    {
      "type": "Feature",
      "id": "dccws-imfl-8",
      "geometry": {
        "type": "Point",
        "coordinates": [
          77.077,
          28.701
        ]
      },
      "properties": {
        "serial_no": 8,
        "vend_id": "01/2024/1007",
        "name": "KRISHNA VIHAR",
        "address": "Shop No. 21, Main Kanjhawala Road, Krishna Vihar, New Delhi.",
        "vend_category": "Indian-made foreign liquor / beer retail vend",
        "licence_class": "L-6 or L-10 as listed",
        "operator": "Delhi Consumer's Co-operative Wholesale Store Ltd. (DCCWS)",
        "jurisdiction": "NCT of Delhi",
        "operational_status": "listed; not independently verified",
        "geometry_status": "coordinates not published by source",
        "source_url": "https://dccws.delhi.gov.in/dccws/indian-made-foreign-liquor",
        "source_last_updated": "2026-07-27",
        "coordinate_search_source": "OpenStreetMap",
        "coordinate_search_status": "no high-confidence one-to-one OSM match assigned",
        "coordinate_is_approximate": true,
        "coordinate_quality": "approximate_area_centroid",
        "matched_area": "krishna vihar",
        "coordinate_method": "named_locality_centroid",
        "coordinate_confidence": "medium",
        "estimated_accuracy_m": 1200,
        "coordinate_warning": "Approximate locality/sector centre. This is not the verified vend entrance.",
        "coordinate_source": "Area-centroid approximation based on the locality wording in the official vend name",
        "coordinate_fill_version": "2026-07-29-area-centroid-fill-v1",
        "coordinate_order": "[longitude, latitude]"
      }
    },
    {
      "type": "Feature",
      "id": "dccws-imfl-9",
      "geometry": {
        "type": "Point",
        "coordinates": [
          77.308,
          28.691
        ]
      },
      "properties": {
        "serial_no": 9,
        "vend_id": "01/2024/1034",
        "name": "NAND NAGRI",
        "address": "SHOP NO. 5 & 6, PURNWAS BAZAR, NR. GAGAN CINEMA, NAND NAGRI, DELHI.",
        "vend_category": "Indian-made foreign liquor / beer retail vend",
        "licence_class": "L-6 or L-10 as listed",
        "operator": "Delhi Consumer's Co-operative Wholesale Store Ltd. (DCCWS)",
        "jurisdiction": "NCT of Delhi",
        "operational_status": "listed; not independently verified",
        "geometry_status": "coordinates not published by source",
        "source_url": "https://dccws.delhi.gov.in/dccws/indian-made-foreign-liquor",
        "source_last_updated": "2026-07-27",
        "coordinate_search_source": "OpenStreetMap",
        "coordinate_search_status": "no high-confidence one-to-one OSM match assigned",
        "coordinate_is_approximate": true,
        "coordinate_quality": "approximate_area_centroid",
        "matched_area": "nand nagri",
        "coordinate_method": "named_locality_centroid",
        "coordinate_confidence": "medium",
        "estimated_accuracy_m": 1200,
        "coordinate_warning": "Approximate locality/sector centre. This is not the verified vend entrance.",
        "coordinate_source": "Area-centroid approximation based on the locality wording in the official vend name",
        "coordinate_fill_version": "2026-07-29-area-centroid-fill-v1",
        "coordinate_order": "[longitude, latitude]"
      }
    },
    {
      "type": "Feature",
      "id": "dccws-imfl-10",
      "geometry": {
        "type": "Point",
        "coordinates": [
          77.131,
          28.704
        ]
      },
      "properties": {
        "serial_no": 10,
        "vend_id": "01/2024/0222",
        "name": "PITAMPURA FASHION MALL",
        "address": "Shop No. G-6, G. F., Vardhman Plaza, Fashion Mall, LSC Road No. 43, Pitampura, New Delhi.",
        "vend_category": "Indian-made foreign liquor / beer retail vend",
        "licence_class": "L-6 or L-10 as listed",
        "operator": "Delhi Consumer's Co-operative Wholesale Store Ltd. (DCCWS)",
        "jurisdiction": "NCT of Delhi",
        "operational_status": "listed; not independently verified",
        "geometry_status": "coordinates not published by source",
        "source_url": "https://dccws.delhi.gov.in/dccws/indian-made-foreign-liquor",
        "source_last_updated": "2026-07-27",
        "coordinate_search_source": "OpenStreetMap",
        "coordinate_search_status": "no high-confidence one-to-one OSM match assigned",
        "coordinate_is_approximate": true,
        "coordinate_quality": "approximate_area_centroid",
        "matched_area": "pitampura",
        "coordinate_method": "named_locality_centroid",
        "coordinate_confidence": "medium",
        "estimated_accuracy_m": 1200,
        "coordinate_warning": "Approximate locality/sector centre. This is not the verified vend entrance.",
        "coordinate_source": "Area-centroid approximation based on the locality wording in the official vend name",
        "coordinate_fill_version": "2026-07-29-area-centroid-fill-v1",
        "coordinate_order": "[longitude, latitude]"
      }
    },
    {
      "type": "Feature",
      "id": "dccws-imfl-11",
      "geometry": {
        "type": "Point",
        "coordinates": [
          77.135,
          28.802
        ]
      },
      "properties": {
        "serial_no": 11,
        "vend_id": "01/2024/0228",
        "name": "G.T. ALIPUR BAKOLI",
        "address": "G.T. ROAD, KHASRA NO.43, BAKOLI MOR, DELHI-110036",
        "vend_category": "Indian-made foreign liquor / beer retail vend",
        "licence_class": "L-6 or L-10 as listed",
        "operator": "Delhi Consumer's Co-operative Wholesale Store Ltd. (DCCWS)",
        "jurisdiction": "NCT of Delhi",
        "operational_status": "listed; not independently verified",
        "geometry_status": "coordinates not published by source",
        "source_url": "https://dccws.delhi.gov.in/dccws/indian-made-foreign-liquor",
        "source_last_updated": "2026-07-27",
        "coordinate_search_source": "OpenStreetMap",
        "coordinate_search_status": "no high-confidence one-to-one OSM match assigned",
        "coordinate_is_approximate": true,
        "coordinate_quality": "approximate_area_centroid",
        "matched_area": "alipur bakoli",
        "coordinate_method": "named_locality_centroid",
        "coordinate_confidence": "medium",
        "estimated_accuracy_m": 1200,
        "coordinate_warning": "Approximate locality/sector centre. This is not the verified vend entrance.",
        "coordinate_source": "Area-centroid approximation based on the locality wording in the official vend name",
        "coordinate_fill_version": "2026-07-29-area-centroid-fill-v1",
        "coordinate_order": "[longitude, latitude]"
      }
    },
    {
      "type": "Feature",
      "id": "dccws-imfl-12",
      "geometry": {
        "type": "Point",
        "coordinates": [
          77.072,
          28.677
        ]
      },
      "properties": {
        "serial_no": 12,
        "vend_id": "01/2024/0236",
        "name": "JWALAPURI",
        "address": "SHOP NO. 111 & 112, P.V.C. MKT. JWALA PURI, NEW DELHI.",
        "vend_category": "Indian-made foreign liquor / beer retail vend",
        "licence_class": "L-6 or L-10 as listed",
        "operator": "Delhi Consumer's Co-operative Wholesale Store Ltd. (DCCWS)",
        "jurisdiction": "NCT of Delhi",
        "operational_status": "listed; not independently verified",
        "geometry_status": "coordinates not published by source",
        "source_url": "https://dccws.delhi.gov.in/dccws/indian-made-foreign-liquor",
        "source_last_updated": "2026-07-27",
        "coordinate_search_source": "OpenStreetMap",
        "coordinate_search_status": "no high-confidence one-to-one OSM match assigned",
        "coordinate_is_approximate": true,
        "coordinate_quality": "approximate_area_centroid",
        "matched_area": "jwalapuri",
        "coordinate_method": "named_locality_centroid",
        "coordinate_confidence": "medium",
        "estimated_accuracy_m": 1200,
        "coordinate_warning": "Approximate locality/sector centre. This is not the verified vend entrance.",
        "coordinate_source": "Area-centroid approximation based on the locality wording in the official vend name",
        "coordinate_fill_version": "2026-07-29-area-centroid-fill-v1",
        "coordinate_order": "[longitude, latitude]"
      }
    },
    {
      "type": "Feature",
      "id": "dccws-imfl-13",
      "geometry": {
        "type": "Point",
        "coordinates": [
          77.323,
          28.627
        ]
      },
      "properties": {
        "serial_no": 13,
        "vend_id": "01/2024/0243",
        "name": "GAZIPUR",
        "address": "138, MAIN ROAD, GAZIPUR, DELHI.",
        "vend_category": "Indian-made foreign liquor / beer retail vend",
        "licence_class": "L-6 or L-10 as listed",
        "operator": "Delhi Consumer's Co-operative Wholesale Store Ltd. (DCCWS)",
        "jurisdiction": "NCT of Delhi",
        "operational_status": "listed; not independently verified",
        "geometry_status": "coordinates not published by source",
        "source_url": "https://dccws.delhi.gov.in/dccws/indian-made-foreign-liquor",
        "source_last_updated": "2026-07-27",
        "coordinate_search_source": "OpenStreetMap",
        "coordinate_search_status": "no high-confidence one-to-one OSM match assigned",
        "coordinate_is_approximate": true,
        "coordinate_quality": "approximate_area_centroid",
        "matched_area": "gazipur",
        "coordinate_method": "named_locality_centroid",
        "coordinate_confidence": "medium",
        "estimated_accuracy_m": 1200,
        "coordinate_warning": "Approximate locality/sector centre. This is not the verified vend entrance.",
        "coordinate_source": "Area-centroid approximation based on the locality wording in the official vend name",
        "coordinate_fill_version": "2026-07-29-area-centroid-fill-v1",
        "coordinate_order": "[longitude, latitude]"
      }
    },
    {
      "type": "Feature",
      "id": "dccws-imfl-14",
      "geometry": {
        "type": "Point",
        "coordinates": [
          77.092,
          28.679
        ]
      },
      "properties": {
        "serial_no": 14,
        "vend_id": "01/2024/0253",
        "name": "PIRAGARHI",
        "address": "SHOP NO. 1,8,9, PROP. 18-A, GURU KIRPA, PIRAGARHI CHOWK, NEW DELHI",
        "vend_category": "Indian-made foreign liquor / beer retail vend",
        "licence_class": "L-6 or L-10 as listed",
        "operator": "Delhi Consumer's Co-operative Wholesale Store Ltd. (DCCWS)",
        "jurisdiction": "NCT of Delhi",
        "operational_status": "listed; not independently verified",
        "geometry_status": "coordinates not published by source",
        "source_url": "https://dccws.delhi.gov.in/dccws/indian-made-foreign-liquor",
        "source_last_updated": "2026-07-27",
        "coordinate_search_source": "OpenStreetMap",
        "coordinate_search_status": "no high-confidence one-to-one OSM match assigned",
        "coordinate_is_approximate": true,
        "coordinate_quality": "approximate_area_centroid",
        "matched_area": "peera garhi",
        "coordinate_method": "named_locality_centroid",
        "coordinate_confidence": "medium",
        "estimated_accuracy_m": 1200,
        "coordinate_warning": "Approximate locality/sector centre. This is not the verified vend entrance.",
        "coordinate_source": "Area-centroid approximation based on the locality wording in the official vend name",
        "coordinate_fill_version": "2026-07-29-area-centroid-fill-v1",
        "coordinate_order": "[longitude, latitude]"
      }
    },
    {
      "type": "Feature",
      "id": "dccws-imfl-15",
      "geometry": {
        "type": "Point",
        "coordinates": [
          77.2167,
          28.6315
        ]
      },
      "properties": {
        "serial_no": 15,
        "vend_id": "01/2024/0257",
        "name": "SCINDIA HOUSE",
        "address": "SHOP NO. 80, GF, SCINDIA HOUSE, JANPATH, NEW DELHI",
        "vend_category": "Indian-made foreign liquor / beer retail vend",
        "licence_class": "L-6 or L-10 as listed",
        "operator": "Delhi Consumer's Co-operative Wholesale Store Ltd. (DCCWS)",
        "jurisdiction": "NCT of Delhi",
        "operational_status": "listed; not independently verified",
        "geometry_status": "coordinates not published by source",
        "source_url": "https://dccws.delhi.gov.in/dccws/indian-made-foreign-liquor",
        "source_last_updated": "2026-07-27",
        "coordinate_search_source": "OpenStreetMap",
        "coordinate_search_status": "no high-confidence one-to-one OSM match assigned",
        "coordinate_is_approximate": true,
        "coordinate_quality": "approximate_area_centroid",
        "matched_area": "connaught place",
        "coordinate_method": "interpreted_locality_centroid",
        "coordinate_confidence": "medium",
        "estimated_accuracy_m": 1500,
        "coordinate_warning": "Approximate locality/sector centre. This is not the verified vend entrance.",
        "coordinate_source": "Area-centroid approximation based on the locality wording in the official vend name",
        "coordinate_fill_version": "2026-07-29-area-centroid-fill-v1",
        "coordinate_order": "[longitude, latitude]"
      }
    },
    {
      "type": "Feature",
      "id": "dccws-imfl-16",
      "geometry": {
        "type": "Point",
        "coordinates": [
          77.093,
          28.725
        ]
      },
      "properties": {
        "serial_no": 16,
        "vend_id": "01/2024/0260",
        "name": "ROHINI SEC.-24",
        "address": "SHOP NO. 25A, 23A, 21A, 23, 19A, 19 & 21, BEST STAR MALL, CS/OCF-3, POCKET-7, SECTOR-24, ROHINI, DELHI-110085",
        "vend_category": "Indian-made foreign liquor / beer retail vend",
        "licence_class": "L-6 or L-10 as listed",
        "operator": "Delhi Consumer's Co-operative Wholesale Store Ltd. (DCCWS)",
        "jurisdiction": "NCT of Delhi",
        "operational_status": "listed; not independently verified",
        "geometry_status": "coordinates not published by source",
        "source_url": "https://dccws.delhi.gov.in/dccws/indian-made-foreign-liquor",
        "source_last_updated": "2026-07-27",
        "coordinate_search_source": "OpenStreetMap",
        "coordinate_search_status": "no high-confidence one-to-one OSM match assigned",
        "coordinate_is_approximate": true,
        "coordinate_quality": "approximate_area_centroid",
        "matched_area": "rohini sector 24",
        "coordinate_method": "sector_centroid",
        "coordinate_confidence": "medium",
        "estimated_accuracy_m": 800,
        "coordinate_warning": "Approximate locality/sector centre. This is not the verified vend entrance.",
        "coordinate_source": "Area-centroid approximation based on the locality wording in the official vend name",
        "coordinate_fill_version": "2026-07-29-area-centroid-fill-v1",
        "coordinate_order": "[longitude, latitude]"
      }
    },
    {
      "type": "Feature",
      "id": "dccws-imfl-17",
      "geometry": {
        "type": "Point",
        "coordinates": [
          77.289,
          28.528
        ]
      },
      "properties": {
        "serial_no": 17,
        "vend_id": "01/2024/0265",
        "name": "SARITA VIHAR",
        "address": "Shop No. 9, Pocket-N, CSC, DDA Market, Sarita Vihar, New Delhi",
        "vend_category": "Indian-made foreign liquor / beer retail vend",
        "licence_class": "L-6 or L-10 as listed",
        "operator": "Delhi Consumer's Co-operative Wholesale Store Ltd. (DCCWS)",
        "jurisdiction": "NCT of Delhi",
        "operational_status": "listed; not independently verified",
        "geometry_status": "coordinates not published by source",
        "source_url": "https://dccws.delhi.gov.in/dccws/indian-made-foreign-liquor",
        "source_last_updated": "2026-07-27",
        "coordinate_search_source": "OpenStreetMap",
        "coordinate_search_status": "no high-confidence one-to-one OSM match assigned",
        "coordinate_is_approximate": true,
        "coordinate_quality": "approximate_area_centroid",
        "matched_area": "sarita vihar",
        "coordinate_method": "named_locality_centroid",
        "coordinate_confidence": "medium",
        "estimated_accuracy_m": 1200,
        "coordinate_warning": "Approximate locality/sector centre. This is not the verified vend entrance.",
        "coordinate_source": "Area-centroid approximation based on the locality wording in the official vend name",
        "coordinate_fill_version": "2026-07-29-area-centroid-fill-v1",
        "coordinate_order": "[longitude, latitude]"
      }
    },
    {
      "type": "Feature",
      "id": "dccws-imfl-18",
      "geometry": {
        "type": "Point",
        "coordinates": [
          77.07,
          28.638
        ]
      },
      "properties": {
        "serial_no": 18,
        "vend_id": "01/2024/1413",
        "name": "VIKASPURI",
        "address": "Shop No. 39, G.F. LSC Block-C, DDA Market, Vikaspuri, New Delhi",
        "vend_category": "Indian-made foreign liquor / beer retail vend",
        "licence_class": "L-6 or L-10 as listed",
        "operator": "Delhi Consumer's Co-operative Wholesale Store Ltd. (DCCWS)",
        "jurisdiction": "NCT of Delhi",
        "operational_status": "listed; not independently verified",
        "geometry_status": "coordinates not published by source",
        "source_url": "https://dccws.delhi.gov.in/dccws/indian-made-foreign-liquor",
        "source_last_updated": "2026-07-27",
        "coordinate_search_source": "OpenStreetMap",
        "coordinate_search_status": "no high-confidence one-to-one OSM match assigned",
        "coordinate_is_approximate": true,
        "coordinate_quality": "approximate_area_centroid",
        "matched_area": "vikaspuri",
        "coordinate_method": "named_locality_centroid",
        "coordinate_confidence": "medium",
        "estimated_accuracy_m": 1200,
        "coordinate_warning": "Approximate locality/sector centre. This is not the verified vend entrance.",
        "coordinate_source": "Area-centroid approximation based on the locality wording in the official vend name",
        "coordinate_fill_version": "2026-07-29-area-centroid-fill-v1",
        "coordinate_order": "[longitude, latitude]"
      }
    },
    {
      "type": "Feature",
      "id": "dccws-imfl-19",
      "geometry": {
        "type": "Point",
        "coordinates": [
          77.2,
          28.649
        ]
      },
      "properties": {
        "serial_no": 19,
        "vend_id": "01/2024/0275",
        "name": "MOTIA KHAN, PAHARGANJ",
        "address": "SHOP NO. G-33,34 & 35, VARDHMAN DIAMOND PLAZA, PLOT NO. 03, MOTIA KHAN, PAHARGANJ, NEW DELHI-110055",
        "vend_category": "Indian-made foreign liquor / beer retail vend",
        "licence_class": "L-6 or L-10 as listed",
        "operator": "Delhi Consumer's Co-operative Wholesale Store Ltd. (DCCWS)",
        "jurisdiction": "NCT of Delhi",
        "operational_status": "listed; not independently verified",
        "geometry_status": "coordinates not published by source",
        "source_url": "https://dccws.delhi.gov.in/dccws/indian-made-foreign-liquor",
        "source_last_updated": "2026-07-27",
        "coordinate_search_source": "OpenStreetMap",
        "coordinate_search_status": "no high-confidence one-to-one OSM match assigned",
        "coordinate_is_approximate": true,
        "coordinate_quality": "approximate_area_centroid",
        "matched_area": "motia khan",
        "coordinate_method": "named_locality_centroid",
        "coordinate_confidence": "medium",
        "estimated_accuracy_m": 1200,
        "coordinate_warning": "Approximate locality/sector centre. This is not the verified vend entrance.",
        "coordinate_source": "Area-centroid approximation based on the locality wording in the official vend name",
        "coordinate_fill_version": "2026-07-29-area-centroid-fill-v1",
        "coordinate_order": "[longitude, latitude]"
      }
    },
    {
      "type": "Feature",
      "id": "dccws-imfl-20",
      "geometry": {
        "type": "Point",
        "coordinates": [
          77.19,
          28.701
        ]
      },
      "properties": {
        "serial_no": 20,
        "vend_id": "01/2024/0203",
        "name": "GUJRAWALA TOWN",
        "address": "G-39-40, VARDHMAN FORTUNE MALL, COMMUNITY CENTER, G.T. KARNAL ROAD, NEAR GUJRAWALA TOWN, DELHI.",
        "vend_category": "Indian-made foreign liquor / beer retail vend",
        "licence_class": "L-6 or L-10 as listed",
        "operator": "Delhi Consumer's Co-operative Wholesale Store Ltd. (DCCWS)",
        "jurisdiction": "NCT of Delhi",
        "operational_status": "listed; not independently verified",
        "geometry_status": "coordinates not published by source",
        "source_url": "https://dccws.delhi.gov.in/dccws/indian-made-foreign-liquor",
        "source_last_updated": "2026-07-27",
        "coordinate_search_source": "OpenStreetMap",
        "coordinate_search_status": "no high-confidence one-to-one OSM match assigned",
        "coordinate_is_approximate": true,
        "coordinate_quality": "approximate_area_centroid",
        "matched_area": "gujranwala town",
        "coordinate_method": "interpreted_locality_centroid",
        "coordinate_confidence": "medium",
        "estimated_accuracy_m": 1500,
        "coordinate_warning": "Approximate locality/sector centre. This is not the verified vend entrance.",
        "coordinate_source": "Area-centroid approximation based on the locality wording in the official vend name",
        "coordinate_fill_version": "2026-07-29-area-centroid-fill-v1",
        "coordinate_order": "[longitude, latitude]"
      }
    },
    {
      "type": "Feature",
      "id": "dccws-imfl-21",
      "geometry": {
        "type": "Point",
        "coordinates": [
          77.162,
          28.725
        ]
      },
      "properties": {
        "serial_no": 21,
        "vend_id": "01/2024/0212",
        "name": "JAHANGIR PURI",
        "address": "A-BLOCK LOCAL SHOPPING COMPLEX, JAHANGIRPURI, DELHI.",
        "vend_category": "Indian-made foreign liquor / beer retail vend",
        "licence_class": "L-6 or L-10 as listed",
        "operator": "Delhi Consumer's Co-operative Wholesale Store Ltd. (DCCWS)",
        "jurisdiction": "NCT of Delhi",
        "operational_status": "listed; not independently verified",
        "geometry_status": "coordinates not published by source",
        "source_url": "https://dccws.delhi.gov.in/dccws/indian-made-foreign-liquor",
        "source_last_updated": "2026-07-27",
        "coordinate_search_source": "OpenStreetMap",
        "coordinate_search_status": "no high-confidence one-to-one OSM match assigned",
        "coordinate_is_approximate": true,
        "coordinate_quality": "approximate_area_centroid",
        "matched_area": "jahangirpuri",
        "coordinate_method": "named_locality_centroid",
        "coordinate_confidence": "medium",
        "estimated_accuracy_m": 1200,
        "coordinate_warning": "Approximate locality/sector centre. This is not the verified vend entrance.",
        "coordinate_source": "Area-centroid approximation based on the locality wording in the official vend name",
        "coordinate_fill_version": "2026-07-29-area-centroid-fill-v1",
        "coordinate_order": "[longitude, latitude]"
      }
    },
    {
      "type": "Feature",
      "id": "dccws-imfl-22",
      "geometry": {
        "type": "Point",
        "coordinates": [
          77.119,
          28.731
        ]
      },
      "properties": {
        "serial_no": 22,
        "vend_id": "01/2024/0219",
        "name": "ROHINI, SECTOR-16",
        "address": "Shop No. 17, CSC-6 Market, Rohini Sector-16, New Delhi-110085.",
        "vend_category": "Indian-made foreign liquor / beer retail vend",
        "licence_class": "L-6 or L-10 as listed",
        "operator": "Delhi Consumer's Co-operative Wholesale Store Ltd. (DCCWS)",
        "jurisdiction": "NCT of Delhi",
        "operational_status": "listed; not independently verified",
        "geometry_status": "coordinates not published by source",
        "source_url": "https://dccws.delhi.gov.in/dccws/indian-made-foreign-liquor",
        "source_last_updated": "2026-07-27",
        "coordinate_search_source": "OpenStreetMap",
        "coordinate_search_status": "no high-confidence one-to-one OSM match assigned",
        "coordinate_is_approximate": true,
        "coordinate_quality": "approximate_area_centroid",
        "matched_area": "rohini sector 16",
        "coordinate_method": "sector_centroid",
        "coordinate_confidence": "medium",
        "estimated_accuracy_m": 800,
        "coordinate_warning": "Approximate locality/sector centre. This is not the verified vend entrance.",
        "coordinate_source": "Area-centroid approximation based on the locality wording in the official vend name",
        "coordinate_fill_version": "2026-07-29-area-centroid-fill-v1",
        "coordinate_order": "[longitude, latitude]"
      }
    },
    {
      "type": "Feature",
      "id": "dccws-imfl-23",
      "geometry": {
        "type": "Point",
        "coordinates": [
          77.056,
          28.621
        ]
      },
      "properties": {
        "serial_no": 23,
        "vend_id": "01/2024/1020",
        "name": "UTTAM NAGAR",
        "address": "WZ-247/3-B, MAIN NAJAFGARH ROAD, UTTAM NAGAR, NEW DELHI-110059",
        "vend_category": "Indian-made foreign liquor / beer retail vend",
        "licence_class": "L-6 or L-10 as listed",
        "operator": "Delhi Consumer's Co-operative Wholesale Store Ltd. (DCCWS)",
        "jurisdiction": "NCT of Delhi",
        "operational_status": "listed; not independently verified",
        "geometry_status": "coordinates not published by source",
        "source_url": "https://dccws.delhi.gov.in/dccws/indian-made-foreign-liquor",
        "source_last_updated": "2026-07-27",
        "coordinate_search_source": "OpenStreetMap",
        "coordinate_search_status": "no high-confidence one-to-one OSM match assigned",
        "coordinate_is_approximate": true,
        "coordinate_quality": "approximate_area_centroid",
        "matched_area": "uttam nagar",
        "coordinate_method": "named_locality_centroid",
        "coordinate_confidence": "medium",
        "estimated_accuracy_m": 1200,
        "coordinate_warning": "Approximate locality/sector centre. This is not the verified vend entrance.",
        "coordinate_source": "Area-centroid approximation based on the locality wording in the official vend name",
        "coordinate_fill_version": "2026-07-29-area-centroid-fill-v1",
        "coordinate_order": "[longitude, latitude]"
      }
    },
    {
      "type": "Feature",
      "id": "dccws-imfl-24",
      "geometry": {
        "type": "Point",
        "coordinates": [
          77.107,
          28.715
        ]
      },
      "properties": {
        "serial_no": 24,
        "vend_id": "01/2024/1421",
        "name": "ROHINI, SECTOR-6",
        "address": "Shop No. 4, CSC-3 Market, Rohini Sector-6, Delhi-110085.",
        "vend_category": "Indian-made foreign liquor / beer retail vend",
        "licence_class": "L-6 or L-10 as listed",
        "operator": "Delhi Consumer's Co-operative Wholesale Store Ltd. (DCCWS)",
        "jurisdiction": "NCT of Delhi",
        "operational_status": "listed; not independently verified",
        "geometry_status": "coordinates not published by source",
        "source_url": "https://dccws.delhi.gov.in/dccws/indian-made-foreign-liquor",
        "source_last_updated": "2026-07-27",
        "coordinate_search_source": "OpenStreetMap",
        "coordinate_search_status": "no high-confidence one-to-one OSM match assigned",
        "coordinate_is_approximate": true,
        "coordinate_quality": "approximate_area_centroid",
        "matched_area": "rohini sector 6",
        "coordinate_method": "sector_centroid",
        "coordinate_confidence": "medium",
        "estimated_accuracy_m": 800,
        "coordinate_warning": "Approximate locality/sector centre. This is not the verified vend entrance.",
        "coordinate_source": "Area-centroid approximation based on the locality wording in the official vend name",
        "coordinate_fill_version": "2026-07-29-area-centroid-fill-v1",
        "coordinate_order": "[longitude, latitude]"
      }
    },
    {
      "type": "Feature",
      "id": "dccws-imfl-25",
      "geometry": {
        "type": "Point",
        "coordinates": [
          77.159,
          28.685
        ]
      },
      "properties": {
        "serial_no": 25,
        "vend_id": "01/2024/1008",
        "name": "SHAKUR BASTI",
        "address": "Shop No. 7, Road No. 43, WZ 607, Shakur Basti, New Delhi",
        "vend_category": "Indian-made foreign liquor / beer retail vend",
        "licence_class": "L-6 or L-10 as listed",
        "operator": "Delhi Consumer's Co-operative Wholesale Store Ltd. (DCCWS)",
        "jurisdiction": "NCT of Delhi",
        "operational_status": "listed; not independently verified",
        "geometry_status": "coordinates not published by source",
        "source_url": "https://dccws.delhi.gov.in/dccws/indian-made-foreign-liquor",
        "source_last_updated": "2026-07-27",
        "coordinate_search_source": "OpenStreetMap",
        "coordinate_search_status": "no high-confidence one-to-one OSM match assigned",
        "coordinate_is_approximate": true,
        "coordinate_quality": "approximate_area_centroid",
        "matched_area": "shakur basti",
        "coordinate_method": "named_locality_centroid",
        "coordinate_confidence": "medium",
        "estimated_accuracy_m": 1200,
        "coordinate_warning": "Approximate locality/sector centre. This is not the verified vend entrance.",
        "coordinate_source": "Area-centroid approximation based on the locality wording in the official vend name",
        "coordinate_fill_version": "2026-07-29-area-centroid-fill-v1",
        "coordinate_order": "[longitude, latitude]"
      }
    },
    {
      "type": "Feature",
      "id": "dccws-imfl-26",
      "geometry": {
        "type": "Point",
        "coordinates": [
          77.116,
          28.701
        ]
      },
      "properties": {
        "serial_no": 26,
        "vend_id": "01/2024/1628",
        "name": "W-MALL, SHOP NO. 2",
        "address": "SHOP NO. 2, W-MALL, DISTRICT CENTER, MANGLAM PLACE, SECTOR-III, ROHINI, DELHI",
        "vend_category": "Indian-made foreign liquor / beer retail vend",
        "licence_class": "L-6 or L-10 as listed",
        "operator": "Delhi Consumer's Co-operative Wholesale Store Ltd. (DCCWS)",
        "jurisdiction": "NCT of Delhi",
        "operational_status": "listed; not independently verified",
        "geometry_status": "coordinates not published by source",
        "source_url": "https://dccws.delhi.gov.in/dccws/indian-made-foreign-liquor",
        "source_last_updated": "2026-07-27",
        "coordinate_search_source": "OpenStreetMap",
        "coordinate_search_status": "no high-confidence one-to-one OSM match assigned",
        "coordinate_is_approximate": true,
        "coordinate_quality": "approximate_area_centroid",
        "matched_area": "rohini sector 3",
        "coordinate_method": "interpreted_locality_centroid",
        "coordinate_confidence": "medium",
        "estimated_accuracy_m": 1500,
        "coordinate_warning": "Approximate locality/sector centre. This is not the verified vend entrance.",
        "coordinate_source": "Area-centroid approximation based on the locality wording in the official vend name",
        "coordinate_fill_version": "2026-07-29-area-centroid-fill-v1",
        "coordinate_order": "[longitude, latitude]"
      }
    },
    {
      "type": "Feature",
      "id": "dccws-imfl-27",
      "geometry": {
        "type": "Point",
        "coordinates": [
          77.163,
          28.672
        ]
      },
      "properties": {
        "serial_no": 27,
        "vend_id": "01/2024/1010",
        "name": "SHAHZADA BAGH",
        "address": "308/1, Shahzada Bagh, Industrial Area, New Delhi.",
        "vend_category": "Indian-made foreign liquor / beer retail vend",
        "licence_class": "L-6 or L-10 as listed",
        "operator": "Delhi Consumer's Co-operative Wholesale Store Ltd. (DCCWS)",
        "jurisdiction": "NCT of Delhi",
        "operational_status": "listed; not independently verified",
        "geometry_status": "coordinates not published by source",
        "source_url": "https://dccws.delhi.gov.in/dccws/indian-made-foreign-liquor",
        "source_last_updated": "2026-07-27",
        "coordinate_search_source": "OpenStreetMap",
        "coordinate_search_status": "no high-confidence one-to-one OSM match assigned",
        "coordinate_is_approximate": true,
        "coordinate_quality": "approximate_area_centroid",
        "matched_area": "shahzada bagh",
        "coordinate_method": "named_locality_centroid",
        "coordinate_confidence": "medium",
        "estimated_accuracy_m": 1200,
        "coordinate_warning": "Approximate locality/sector centre. This is not the verified vend entrance.",
        "coordinate_source": "Area-centroid approximation based on the locality wording in the official vend name",
        "coordinate_fill_version": "2026-07-29-area-centroid-fill-v1",
        "coordinate_order": "[longitude, latitude]"
      }
    },
    {
      "type": "Feature",
      "id": "dccws-imfl-28",
      "geometry": {
        "type": "Point",
        "coordinates": [
          77.045,
          28.62
        ]
      },
      "properties": {
        "serial_no": 28,
        "vend_id": "01/2024/0292",
        "name": "MASUDABAD",
        "address": "KHASRA NO. 205, VILLAGE MASUDABAD, NAJAFGARH, DELHI.",
        "vend_category": "Indian-made foreign liquor / beer retail vend",
        "licence_class": "L-6 or L-10 as listed",
        "operator": "Delhi Consumer's Co-operative Wholesale Store Ltd. (DCCWS)",
        "jurisdiction": "NCT of Delhi",
        "operational_status": "listed; not independently verified",
        "geometry_status": "coordinates not published by source",
        "source_url": "https://dccws.delhi.gov.in/dccws/indian-made-foreign-liquor",
        "source_last_updated": "2026-07-27",
        "coordinate_search_source": "OpenStreetMap",
        "coordinate_search_status": "no high-confidence one-to-one OSM match assigned",
        "coordinate_is_approximate": true,
        "coordinate_quality": "approximate_area_centroid",
        "matched_area": "nawada",
        "coordinate_method": "interpreted_locality_centroid",
        "coordinate_confidence": "medium",
        "estimated_accuracy_m": 1500,
        "coordinate_warning": "Approximate locality/sector centre. This is not the verified vend entrance.",
        "coordinate_source": "Area-centroid approximation based on the locality wording in the official vend name",
        "coordinate_fill_version": "2026-07-29-area-centroid-fill-v1",
        "coordinate_order": "[longitude, latitude]"
      }
    },
    {
      "type": "Feature",
      "id": "dccws-imfl-29",
      "geometry": {
        "type": "Point",
        "coordinates": [
          77.143,
          28.658
        ]
      },
      "properties": {
        "serial_no": 29,
        "vend_id": "01/2024/0298",
        "name": "MOTI NAGAR",
        "address": "KARAMPURA ROAD, MOTI NAGAR, NEW DELHI-110015.",
        "vend_category": "Indian-made foreign liquor / beer retail vend",
        "licence_class": "L-6 or L-10 as listed",
        "operator": "Delhi Consumer's Co-operative Wholesale Store Ltd. (DCCWS)",
        "jurisdiction": "NCT of Delhi",
        "operational_status": "listed; not independently verified",
        "geometry_status": "coordinates not published by source",
        "source_url": "https://dccws.delhi.gov.in/dccws/indian-made-foreign-liquor",
        "source_last_updated": "2026-07-27",
        "coordinate_search_source": "OpenStreetMap",
        "coordinate_search_status": "no high-confidence one-to-one OSM match assigned",
        "coordinate_is_approximate": true,
        "coordinate_quality": "approximate_area_centroid",
        "matched_area": "moti nagar",
        "coordinate_method": "named_locality_centroid",
        "coordinate_confidence": "medium",
        "estimated_accuracy_m": 1200,
        "coordinate_warning": "Approximate locality/sector centre. This is not the verified vend entrance.",
        "coordinate_source": "Area-centroid approximation based on the locality wording in the official vend name",
        "coordinate_fill_version": "2026-07-29-area-centroid-fill-v1",
        "coordinate_order": "[longitude, latitude]"
      }
    },
    {
      "type": "Feature",
      "id": "dccws-imfl-30",
      "geometry": {
        "type": "Point",
        "coordinates": [
          77.096,
          28.613
        ]
      },
      "properties": {
        "serial_no": 30,
        "vend_id": "01/2024/0323",
        "name": "LAJWANTI CHOWK",
        "address": "SHOP NO. WZ-342, NANGAL RAYA, NR. LAJWANTI CHOWK, DELHI",
        "vend_category": "Indian-made foreign liquor / beer retail vend",
        "licence_class": "L-6 or L-10 as listed",
        "operator": "Delhi Consumer's Co-operative Wholesale Store Ltd. (DCCWS)",
        "jurisdiction": "NCT of Delhi",
        "operational_status": "listed; not independently verified",
        "geometry_status": "coordinates not published by source",
        "source_url": "https://dccws.delhi.gov.in/dccws/indian-made-foreign-liquor",
        "source_last_updated": "2026-07-27",
        "coordinate_search_source": "OpenStreetMap",
        "coordinate_search_status": "no high-confidence one-to-one OSM match assigned",
        "coordinate_is_approximate": true,
        "coordinate_quality": "approximate_area_centroid",
        "matched_area": "lajwanti chowk",
        "coordinate_method": "interpreted_locality_centroid",
        "coordinate_confidence": "medium",
        "estimated_accuracy_m": 1500,
        "coordinate_warning": "Approximate locality/sector centre. This is not the verified vend entrance.",
        "coordinate_source": "Area-centroid approximation based on the locality wording in the official vend name",
        "coordinate_fill_version": "2026-07-29-area-centroid-fill-v1",
        "coordinate_order": "[longitude, latitude]"
      }
    },
    {
      "type": "Feature",
      "id": "dccws-imfl-31",
      "geometry": {
        "type": "Point",
        "coordinates": [
          77.055,
          28.615
        ]
      },
      "properties": {
        "serial_no": 31,
        "vend_id": "01/2024/1011",
        "name": "GULAB BAGH, UTTAM NAGAR",
        "address": "A-47/142, GULAB BAGH, UTTAM NAGAR, MAIN NAJAFGARH ROAD, NEW DELHI-110059",
        "vend_category": "Indian-made foreign liquor / beer retail vend",
        "licence_class": "L-6 or L-10 as listed",
        "operator": "Delhi Consumer's Co-operative Wholesale Store Ltd. (DCCWS)",
        "jurisdiction": "NCT of Delhi",
        "operational_status": "listed; not independently verified",
        "geometry_status": "coordinates not published by source",
        "source_url": "https://dccws.delhi.gov.in/dccws/indian-made-foreign-liquor",
        "source_last_updated": "2026-07-27",
        "coordinate_search_source": "OpenStreetMap",
        "coordinate_search_status": "no high-confidence one-to-one OSM match assigned",
        "coordinate_is_approximate": true,
        "coordinate_quality": "approximate_area_centroid",
        "matched_area": "gulab bagh uttam nagar",
        "coordinate_method": "named_locality_centroid",
        "coordinate_confidence": "medium",
        "estimated_accuracy_m": 1200,
        "coordinate_warning": "Approximate locality/sector centre. This is not the verified vend entrance.",
        "coordinate_source": "Area-centroid approximation based on the locality wording in the official vend name",
        "coordinate_fill_version": "2026-07-29-area-centroid-fill-v1",
        "coordinate_order": "[longitude, latitude]"
      }
    },
    {
      "type": "Feature",
      "id": "dccws-imfl-32",
      "geometry": {
        "type": "Point",
        "coordinates": [
          77.101,
          28.719
        ]
      },
      "properties": {
        "serial_no": 32,
        "vend_id": "01/2024/1015",
        "name": "POOTH KALAN",
        "address": "KHASRA NO. 72/12, KRISHNA VIHAR, V.P.O. POOTH KALAN",
        "vend_category": "Indian-made foreign liquor / beer retail vend",
        "licence_class": "L-6 or L-10 as listed",
        "operator": "Delhi Consumer's Co-operative Wholesale Store Ltd. (DCCWS)",
        "jurisdiction": "NCT of Delhi",
        "operational_status": "listed; not independently verified",
        "geometry_status": "coordinates not published by source",
        "source_url": "https://dccws.delhi.gov.in/dccws/indian-made-foreign-liquor",
        "source_last_updated": "2026-07-27",
        "coordinate_search_source": "OpenStreetMap",
        "coordinate_search_status": "no high-confidence one-to-one OSM match assigned",
        "coordinate_is_approximate": true,
        "coordinate_quality": "approximate_area_centroid",
        "matched_area": "pooth kalan",
        "coordinate_method": "named_locality_centroid",
        "coordinate_confidence": "medium",
        "estimated_accuracy_m": 1200,
        "coordinate_warning": "Approximate locality/sector centre. This is not the verified vend entrance.",
        "coordinate_source": "Area-centroid approximation based on the locality wording in the official vend name",
        "coordinate_fill_version": "2026-07-29-area-centroid-fill-v1",
        "coordinate_order": "[longitude, latitude]"
      }
    },
    {
      "type": "Feature",
      "id": "dccws-imfl-33",
      "geometry": {
        "type": "Point",
        "coordinates": [
          77.226,
          28.541
        ]
      },
      "properties": {
        "serial_no": 33,
        "vend_id": "01/2024/0310",
        "name": "MASJID MOTH",
        "address": "Shop No. 4, CSC DDA Market, Phase-II, Masjid Moth, New Delhi.",
        "vend_category": "Indian-made foreign liquor / beer retail vend",
        "licence_class": "L-6 or L-10 as listed",
        "operator": "Delhi Consumer's Co-operative Wholesale Store Ltd. (DCCWS)",
        "jurisdiction": "NCT of Delhi",
        "operational_status": "listed; not independently verified",
        "geometry_status": "coordinates not published by source",
        "source_url": "https://dccws.delhi.gov.in/dccws/indian-made-foreign-liquor",
        "source_last_updated": "2026-07-27",
        "coordinate_search_source": "OpenStreetMap",
        "coordinate_search_status": "no high-confidence one-to-one OSM match assigned",
        "coordinate_is_approximate": true,
        "coordinate_quality": "approximate_area_centroid",
        "matched_area": "masjid moth",
        "coordinate_method": "named_locality_centroid",
        "coordinate_confidence": "medium",
        "estimated_accuracy_m": 1200,
        "coordinate_warning": "Approximate locality/sector centre. This is not the verified vend entrance.",
        "coordinate_source": "Area-centroid approximation based on the locality wording in the official vend name",
        "coordinate_fill_version": "2026-07-29-area-centroid-fill-v1",
        "coordinate_order": "[longitude, latitude]"
      }
    },
    {
      "type": "Feature",
      "id": "dccws-imfl-34",
      "geometry": {
        "type": "Point",
        "coordinates": [
          77.066,
          28.592
        ]
      },
      "properties": {
        "serial_no": 34,
        "vend_id": "01/2024/1019",
        "name": "DWARKA SECTOR - 6",
        "address": "SHOP NO. 36, LSC MARKET, SECTOR-6, DWARKA, NEW DELHI.",
        "vend_category": "Indian-made foreign liquor / beer retail vend",
        "licence_class": "L-6 or L-10 as listed",
        "operator": "Delhi Consumer's Co-operative Wholesale Store Ltd. (DCCWS)",
        "jurisdiction": "NCT of Delhi",
        "operational_status": "listed; not independently verified",
        "geometry_status": "coordinates not published by source",
        "source_url": "https://dccws.delhi.gov.in/dccws/indian-made-foreign-liquor",
        "source_last_updated": "2026-07-27",
        "coordinate_search_source": "OpenStreetMap",
        "coordinate_search_status": "no high-confidence one-to-one OSM match assigned",
        "coordinate_is_approximate": true,
        "coordinate_quality": "approximate_area_centroid",
        "matched_area": "dwarka sector 6",
        "coordinate_method": "sector_centroid",
        "coordinate_confidence": "medium",
        "estimated_accuracy_m": 900,
        "coordinate_warning": "Approximate locality/sector centre. This is not the verified vend entrance.",
        "coordinate_source": "Area-centroid approximation based on the locality wording in the official vend name",
        "coordinate_fill_version": "2026-07-29-area-centroid-fill-v1",
        "coordinate_order": "[longitude, latitude]"
      }
    },
    {
      "type": "Feature",
      "id": "dccws-imfl-35",
      "geometry": {
        "type": "Point",
        "coordinates": [
          77.135,
          28.716
        ]
      },
      "properties": {
        "serial_no": 35,
        "vend_id": "01/2024/0385",
        "name": "PRASHANT VIHAR",
        "address": "SHOP NO. G-3A AND 4, D-BLOCK, PLOT NO. 10, LSC, PRASHANT VIHAR, OUTER RING ROAD, DELHI-110085",
        "vend_category": "Indian-made foreign liquor / beer retail vend",
        "licence_class": "L-6 or L-10 as listed",
        "operator": "Delhi Consumer's Co-operative Wholesale Store Ltd. (DCCWS)",
        "jurisdiction": "NCT of Delhi",
        "operational_status": "listed; not independently verified",
        "geometry_status": "coordinates not published by source",
        "source_url": "https://dccws.delhi.gov.in/dccws/indian-made-foreign-liquor",
        "source_last_updated": "2026-07-27",
        "coordinate_search_source": "OpenStreetMap",
        "coordinate_search_status": "no high-confidence one-to-one OSM match assigned",
        "coordinate_is_approximate": true,
        "coordinate_quality": "approximate_area_centroid",
        "matched_area": "prashant vihar",
        "coordinate_method": "named_locality_centroid",
        "coordinate_confidence": "medium",
        "estimated_accuracy_m": 1200,
        "coordinate_warning": "Approximate locality/sector centre. This is not the verified vend entrance.",
        "coordinate_source": "Area-centroid approximation based on the locality wording in the official vend name",
        "coordinate_fill_version": "2026-07-29-area-centroid-fill-v1",
        "coordinate_order": "[longitude, latitude]"
      }
    },
    {
      "type": "Feature",
      "id": "dccws-imfl-36",
      "geometry": {
        "type": "Point",
        "coordinates": [
          77.092,
          28.852
        ]
      },
      "properties": {
        "serial_no": 36,
        "vend_id": "01/2024/0345",
        "name": "NARELA",
        "address": "SHOP NO. G-36,37,38,83 & 84, MSP MALL, FC-1 BLOCK, DSIIDC INDL. AREA, NARELA, DELHI-110040",
        "vend_category": "Indian-made foreign liquor / beer retail vend",
        "licence_class": "L-6 or L-10 as listed",
        "operator": "Delhi Consumer's Co-operative Wholesale Store Ltd. (DCCWS)",
        "jurisdiction": "NCT of Delhi",
        "operational_status": "listed; not independently verified",
        "geometry_status": "coordinates not published by source",
        "source_url": "https://dccws.delhi.gov.in/dccws/indian-made-foreign-liquor",
        "source_last_updated": "2026-07-27",
        "coordinate_search_source": "OpenStreetMap",
        "coordinate_search_status": "no high-confidence one-to-one OSM match assigned",
        "coordinate_is_approximate": true,
        "coordinate_quality": "approximate_area_centroid",
        "matched_area": "narela",
        "coordinate_method": "named_locality_centroid",
        "coordinate_confidence": "medium",
        "estimated_accuracy_m": 1200,
        "coordinate_warning": "Approximate locality/sector centre. This is not the verified vend entrance.",
        "coordinate_source": "Area-centroid approximation based on the locality wording in the official vend name",
        "coordinate_fill_version": "2026-07-29-area-centroid-fill-v1",
        "coordinate_order": "[longitude, latitude]"
      }
    },
    {
      "type": "Feature",
      "id": "dccws-imfl-37",
      "geometry": {
        "type": "Point",
        "coordinates": [
          77.097,
          28.665
        ]
      },
      "properties": {
        "serial_no": 37,
        "vend_id": "01/2024/1023",
        "name": "BEHRA ENCLAVE",
        "address": "SHOP NO. 5-6, BALAJI PLAZA, LSC BEHRA ENCLAVE, PASCHIM VIHAR",
        "vend_category": "Indian-made foreign liquor / beer retail vend",
        "licence_class": "L-6 or L-10 as listed",
        "operator": "Delhi Consumer's Co-operative Wholesale Store Ltd. (DCCWS)",
        "jurisdiction": "NCT of Delhi",
        "operational_status": "listed; not independently verified",
        "geometry_status": "coordinates not published by source",
        "source_url": "https://dccws.delhi.gov.in/dccws/indian-made-foreign-liquor",
        "source_last_updated": "2026-07-27",
        "coordinate_search_source": "OpenStreetMap",
        "coordinate_search_status": "no high-confidence one-to-one OSM match assigned",
        "coordinate_is_approximate": true,
        "coordinate_quality": "approximate_area_centroid",
        "matched_area": "behra enclave",
        "coordinate_method": "named_parent_area_centroid",
        "coordinate_confidence": "low",
        "estimated_accuracy_m": 3000,
        "coordinate_warning": "Approximate locality/sector centre. This is not the verified vend entrance.",
        "coordinate_source": "Area-centroid approximation based on the locality wording in the official vend name",
        "coordinate_fill_version": "2026-07-29-area-centroid-fill-v1",
        "coordinate_order": "[longitude, latitude]"
      }
    },
    {
      "type": "Feature",
      "id": "dccws-imfl-38",
      "geometry": {
        "type": "Point",
        "coordinates": [
          77.296,
          28.606
        ]
      },
      "properties": {
        "serial_no": 38,
        "vend_id": "01/2024/0358",
        "name": "KOTLA VILLAGE MAYUR VIHAR",
        "address": "SHOP NO. 14-15, KOTLA VILLAGE, MAYUR VIHAR PHASE-I, DELHI-110091",
        "vend_category": "Indian-made foreign liquor / beer retail vend",
        "licence_class": "L-6 or L-10 as listed",
        "operator": "Delhi Consumer's Co-operative Wholesale Store Ltd. (DCCWS)",
        "jurisdiction": "NCT of Delhi",
        "operational_status": "listed; not independently verified",
        "geometry_status": "coordinates not published by source",
        "source_url": "https://dccws.delhi.gov.in/dccws/indian-made-foreign-liquor",
        "source_last_updated": "2026-07-27",
        "coordinate_search_source": "OpenStreetMap",
        "coordinate_search_status": "no high-confidence one-to-one OSM match assigned",
        "coordinate_is_approximate": true,
        "coordinate_quality": "approximate_area_centroid",
        "matched_area": "kotla village mayur vihar",
        "coordinate_method": "named_locality_centroid",
        "coordinate_confidence": "medium",
        "estimated_accuracy_m": 1200,
        "coordinate_warning": "Approximate locality/sector centre. This is not the verified vend entrance.",
        "coordinate_source": "Area-centroid approximation based on the locality wording in the official vend name",
        "coordinate_fill_version": "2026-07-29-area-centroid-fill-v1",
        "coordinate_order": "[longitude, latitude]"
      }
    },
    {
      "type": "Feature",
      "id": "dccws-imfl-39",
      "geometry": {
        "type": "Point",
        "coordinates": [
          77.228,
          28.6675
        ]
      },
      "properties": {
        "serial_no": 39,
        "vend_id": "01/2024/0362",
        "name": "KASHMERE GATE",
        "address": "SHOP NO. 1491-G & 1491-A, GROUND FLOOR, KASHMERE GATE, NEAR RITZ CINEMA, DELHI-110006",
        "vend_category": "Indian-made foreign liquor / beer retail vend",
        "licence_class": "L-6 or L-10 as listed",
        "operator": "Delhi Consumer's Co-operative Wholesale Store Ltd. (DCCWS)",
        "jurisdiction": "NCT of Delhi",
        "operational_status": "listed; not independently verified",
        "geometry_status": "coordinates not published by source",
        "source_url": "https://dccws.delhi.gov.in/dccws/indian-made-foreign-liquor",
        "source_last_updated": "2026-07-27",
        "coordinate_search_source": "OpenStreetMap",
        "coordinate_search_status": "no high-confidence one-to-one OSM match assigned",
        "coordinate_is_approximate": true,
        "coordinate_quality": "approximate_area_centroid",
        "matched_area": "kashmere gate",
        "coordinate_method": "named_locality_centroid",
        "coordinate_confidence": "medium",
        "estimated_accuracy_m": 1200,
        "coordinate_warning": "Approximate locality/sector centre. This is not the verified vend entrance.",
        "coordinate_source": "Area-centroid approximation based on the locality wording in the official vend name",
        "coordinate_fill_version": "2026-07-29-area-centroid-fill-v1",
        "coordinate_order": "[longitude, latitude]"
      }
    },
    {
      "type": "Feature",
      "id": "dccws-imfl-40",
      "geometry": {
        "type": "Point",
        "coordinates": [
          77.216,
          28.529
        ]
      },
      "properties": {
        "serial_no": 40,
        "vend_id": "01/2024/1040",
        "name": "M.B. ROAD, PUSHP VIHAR",
        "address": "Shop No. 4, Sector-3, Pushp Vihar, M.B. Road, New Delhi",
        "vend_category": "Indian-made foreign liquor / beer retail vend",
        "licence_class": "L-6 or L-10 as listed",
        "operator": "Delhi Consumer's Co-operative Wholesale Store Ltd. (DCCWS)",
        "jurisdiction": "NCT of Delhi",
        "operational_status": "listed; not independently verified",
        "geometry_status": "coordinates not published by source",
        "source_url": "https://dccws.delhi.gov.in/dccws/indian-made-foreign-liquor",
        "source_last_updated": "2026-07-27",
        "coordinate_search_source": "OpenStreetMap",
        "coordinate_search_status": "no high-confidence one-to-one OSM match assigned",
        "coordinate_is_approximate": true,
        "coordinate_quality": "approximate_area_centroid",
        "matched_area": "mb road pushp vihar",
        "coordinate_method": "fuzzy_locality_centroid",
        "coordinate_confidence": "low",
        "estimated_accuracy_m": 2200,
        "coordinate_warning": "Approximate locality/sector centre. This is not the verified vend entrance.",
        "coordinate_source": "Area-centroid approximation based on the locality wording in the official vend name",
        "coordinate_fill_version": "2026-07-29-area-centroid-fill-v1",
        "coordinate_order": "[longitude, latitude]"
      }
    },
    {
      "type": "Feature",
      "id": "dccws-imfl-41",
      "geometry": {
        "type": "Point",
        "coordinates": [
          77.196,
          28.565
        ]
      },
      "properties": {
        "serial_no": 41,
        "vend_id": "01/2024/0313",
        "name": "SAFDARJUNG ENCLAVE",
        "address": "Shop No. AB-14, DDA Market, Safdarjung Enclave, New Delhi.",
        "vend_category": "Indian-made foreign liquor / beer retail vend",
        "licence_class": "L-6 or L-10 as listed",
        "operator": "Delhi Consumer's Co-operative Wholesale Store Ltd. (DCCWS)",
        "jurisdiction": "NCT of Delhi",
        "operational_status": "listed; not independently verified",
        "geometry_status": "coordinates not published by source",
        "source_url": "https://dccws.delhi.gov.in/dccws/indian-made-foreign-liquor",
        "source_last_updated": "2026-07-27",
        "coordinate_search_source": "OpenStreetMap",
        "coordinate_search_status": "no high-confidence one-to-one OSM match assigned",
        "coordinate_is_approximate": true,
        "coordinate_quality": "approximate_area_centroid",
        "matched_area": "safdarjung enclave",
        "coordinate_method": "named_locality_centroid",
        "coordinate_confidence": "medium",
        "estimated_accuracy_m": 1200,
        "coordinate_warning": "Approximate locality/sector centre. This is not the verified vend entrance.",
        "coordinate_source": "Area-centroid approximation based on the locality wording in the official vend name",
        "coordinate_fill_version": "2026-07-29-area-centroid-fill-v1",
        "coordinate_order": "[longitude, latitude]"
      }
    },
    {
      "type": "Feature",
      "id": "dccws-imfl-42",
      "geometry": {
        "type": "Point",
        "coordinates": [
          77.035,
          28.799
        ]
      },
      "properties": {
        "serial_no": 42,
        "vend_id": "01/2024/0318",
        "name": "BAWANA ROAD INDUSTRIAL",
        "address": "SHOP NO. 28-29, SHRI OM PLAZA, POCKET-E, SECTOR-I, BAWANA ROAD INDUSTRIAL AREA",
        "vend_category": "Indian-made foreign liquor / beer retail vend",
        "licence_class": "L-6 or L-10 as listed",
        "operator": "Delhi Consumer's Co-operative Wholesale Store Ltd. (DCCWS)",
        "jurisdiction": "NCT of Delhi",
        "operational_status": "listed; not independently verified",
        "geometry_status": "coordinates not published by source",
        "source_url": "https://dccws.delhi.gov.in/dccws/indian-made-foreign-liquor",
        "source_last_updated": "2026-07-27",
        "coordinate_search_source": "OpenStreetMap",
        "coordinate_search_status": "no high-confidence one-to-one OSM match assigned",
        "coordinate_is_approximate": true,
        "coordinate_quality": "approximate_area_centroid",
        "matched_area": "bawana road industrial",
        "coordinate_method": "named_locality_centroid",
        "coordinate_confidence": "medium",
        "estimated_accuracy_m": 1200,
        "coordinate_warning": "Approximate locality/sector centre. This is not the verified vend entrance.",
        "coordinate_source": "Area-centroid approximation based on the locality wording in the official vend name",
        "coordinate_fill_version": "2026-07-29-area-centroid-fill-v1",
        "coordinate_order": "[longitude, latitude]"
      }
    },
    {
      "type": "Feature",
      "id": "dccws-imfl-43",
      "geometry": {
        "type": "Point",
        "coordinates": [
          77.23,
          28.656
        ]
      },
      "properties": {
        "serial_no": 43,
        "vend_id": "01/2024/0343",
        "name": "CHANDNI CHOWK",
        "address": "SHOP NO. 2276, GROUND FLOOR, FIRST FLOOR & SECOND FLOOR, DR. H.C. SEN ROAD, KAURIA PUL, CHANDNI CHOWK, DELHI-110006",
        "vend_category": "Indian-made foreign liquor / beer retail vend",
        "licence_class": "L-6 or L-10 as listed",
        "operator": "Delhi Consumer's Co-operative Wholesale Store Ltd. (DCCWS)",
        "jurisdiction": "NCT of Delhi",
        "operational_status": "listed; not independently verified",
        "geometry_status": "coordinates not published by source",
        "source_url": "https://dccws.delhi.gov.in/dccws/indian-made-foreign-liquor",
        "source_last_updated": "2026-07-27",
        "coordinate_search_source": "OpenStreetMap",
        "coordinate_search_status": "no high-confidence one-to-one OSM match assigned",
        "coordinate_is_approximate": true,
        "coordinate_quality": "approximate_area_centroid",
        "matched_area": "chandni chowk",
        "coordinate_method": "named_locality_centroid",
        "coordinate_confidence": "medium",
        "estimated_accuracy_m": 1200,
        "coordinate_warning": "Approximate locality/sector centre. This is not the verified vend entrance.",
        "coordinate_source": "Area-centroid approximation based on the locality wording in the official vend name",
        "coordinate_fill_version": "2026-07-29-area-centroid-fill-v1",
        "coordinate_order": "[longitude, latitude]"
      }
    },
    {
      "type": "Feature",
      "id": "dccws-imfl-44",
      "geometry": {
        "type": "Point",
        "coordinates": [
          77.321,
          28.681
        ]
      },
      "properties": {
        "serial_no": 44,
        "vend_id": "01/2024/1041",
        "name": "DILSHAD GARDEN",
        "address": "SHOP NO. 43, BLOCK-B, GROUND FLOOR, LSC, DILSHAD GARDEN, DELHI",
        "vend_category": "Indian-made foreign liquor / beer retail vend",
        "licence_class": "L-6 or L-10 as listed",
        "operator": "Delhi Consumer's Co-operative Wholesale Store Ltd. (DCCWS)",
        "jurisdiction": "NCT of Delhi",
        "operational_status": "listed; not independently verified",
        "geometry_status": "coordinates not published by source",
        "source_url": "https://dccws.delhi.gov.in/dccws/indian-made-foreign-liquor",
        "source_last_updated": "2026-07-27",
        "coordinate_search_source": "OpenStreetMap",
        "coordinate_search_status": "no high-confidence one-to-one OSM match assigned",
        "coordinate_is_approximate": true,
        "coordinate_quality": "approximate_area_centroid",
        "matched_area": "dilshad garden",
        "coordinate_method": "named_locality_centroid",
        "coordinate_confidence": "medium",
        "estimated_accuracy_m": 1200,
        "coordinate_warning": "Approximate locality/sector centre. This is not the verified vend entrance.",
        "coordinate_source": "Area-centroid approximation based on the locality wording in the official vend name",
        "coordinate_fill_version": "2026-07-29-area-centroid-fill-v1",
        "coordinate_order": "[longitude, latitude]"
      }
    },
    {
      "type": "Feature",
      "id": "dccws-imfl-45",
      "geometry": {
        "type": "Point",
        "coordinates": [
          77.092,
          28.646
        ]
      },
      "properties": {
        "serial_no": 45,
        "vend_id": "01/2024/0355",
        "name": "VISHNU GARDEN",
        "address": "SHOP NO. 78A, NEW NO. NW78A, VISHNU GARDEN EXT., NW BLOCK, DELHI",
        "vend_category": "Indian-made foreign liquor / beer retail vend",
        "licence_class": "L-6 or L-10 as listed",
        "operator": "Delhi Consumer's Co-operative Wholesale Store Ltd. (DCCWS)",
        "jurisdiction": "NCT of Delhi",
        "operational_status": "listed; not independently verified",
        "geometry_status": "coordinates not published by source",
        "source_url": "https://dccws.delhi.gov.in/dccws/indian-made-foreign-liquor",
        "source_last_updated": "2026-07-27",
        "coordinate_search_source": "OpenStreetMap",
        "coordinate_search_status": "no high-confidence one-to-one OSM match assigned",
        "coordinate_is_approximate": true,
        "coordinate_quality": "approximate_area_centroid",
        "matched_area": "vishnu garden",
        "coordinate_method": "named_locality_centroid",
        "coordinate_confidence": "medium",
        "estimated_accuracy_m": 1200,
        "coordinate_warning": "Approximate locality/sector centre. This is not the verified vend entrance.",
        "coordinate_source": "Area-centroid approximation based on the locality wording in the official vend name",
        "coordinate_fill_version": "2026-07-29-area-centroid-fill-v1",
        "coordinate_order": "[longitude, latitude]"
      }
    },
    {
      "type": "Feature",
      "id": "dccws-imfl-46",
      "geometry": {
        "type": "Point",
        "coordinates": [
          77.12,
          28.642
        ]
      },
      "properties": {
        "serial_no": 46,
        "vend_id": "01/2024/0361",
        "name": "RAJORI GARDEN",
        "address": "GROUND FLOOR, SHOP NO. 43,44,46,47,48, ANSAL CLASSIQUE TOWER, J-BLOCK, RAJOURI GARDEN, NEW DELHI-110027",
        "vend_category": "Indian-made foreign liquor / beer retail vend",
        "licence_class": "L-6 or L-10 as listed",
        "operator": "Delhi Consumer's Co-operative Wholesale Store Ltd. (DCCWS)",
        "jurisdiction": "NCT of Delhi",
        "operational_status": "listed; not independently verified",
        "geometry_status": "coordinates not published by source",
        "source_url": "https://dccws.delhi.gov.in/dccws/indian-made-foreign-liquor",
        "source_last_updated": "2026-07-27",
        "coordinate_search_source": "OpenStreetMap",
        "coordinate_search_status": "no high-confidence one-to-one OSM match assigned",
        "coordinate_is_approximate": true,
        "coordinate_quality": "approximate_area_centroid",
        "matched_area": "rajouri garden",
        "coordinate_method": "named_locality_centroid",
        "coordinate_confidence": "medium",
        "estimated_accuracy_m": 1200,
        "coordinate_warning": "Approximate locality/sector centre. This is not the verified vend entrance.",
        "coordinate_source": "Area-centroid approximation based on the locality wording in the official vend name",
        "coordinate_fill_version": "2026-07-29-area-centroid-fill-v1",
        "coordinate_order": "[longitude, latitude]"
      }
    },
    {
      "type": "Feature",
      "id": "dccws-imfl-47",
      "geometry": {
        "type": "Point",
        "coordinates": [
          77.294,
          28.641
        ]
      },
      "properties": {
        "serial_no": 47,
        "vend_id": "01/2024/0382",
        "name": "PREET VIHAR",
        "address": "SHOP G-6 TO G-12, PLOT NO. 14, COMMUNITY CENTRE, PREET VIHAR, NEW DELHI-110092",
        "vend_category": "Indian-made foreign liquor / beer retail vend",
        "licence_class": "L-6 or L-10 as listed",
        "operator": "Delhi Consumer's Co-operative Wholesale Store Ltd. (DCCWS)",
        "jurisdiction": "NCT of Delhi",
        "operational_status": "listed; not independently verified",
        "geometry_status": "coordinates not published by source",
        "source_url": "https://dccws.delhi.gov.in/dccws/indian-made-foreign-liquor",
        "source_last_updated": "2026-07-27",
        "coordinate_search_source": "OpenStreetMap",
        "coordinate_search_status": "no high-confidence one-to-one OSM match assigned",
        "coordinate_is_approximate": true,
        "coordinate_quality": "approximate_area_centroid",
        "matched_area": "preet vihar",
        "coordinate_method": "named_locality_centroid",
        "coordinate_confidence": "medium",
        "estimated_accuracy_m": 1200,
        "coordinate_warning": "Approximate locality/sector centre. This is not the verified vend entrance.",
        "coordinate_source": "Area-centroid approximation based on the locality wording in the official vend name",
        "coordinate_fill_version": "2026-07-29-area-centroid-fill-v1",
        "coordinate_order": "[longitude, latitude]"
      }
    },
    {
      "type": "Feature",
      "id": "dccws-imfl-48",
      "geometry": {
        "type": "Point",
        "coordinates": [
          77.255,
          28.535
        ]
      },
      "properties": {
        "serial_no": 48,
        "vend_id": "01/2024/0390",
        "name": "KALKAJI",
        "address": "SHOP NO. 6, DDA MARKET, CSC, KALKAJI, NEW DELHI-110019",
        "vend_category": "Indian-made foreign liquor / beer retail vend",
        "licence_class": "L-6 or L-10 as listed",
        "operator": "Delhi Consumer's Co-operative Wholesale Store Ltd. (DCCWS)",
        "jurisdiction": "NCT of Delhi",
        "operational_status": "listed; not independently verified",
        "geometry_status": "coordinates not published by source",
        "source_url": "https://dccws.delhi.gov.in/dccws/indian-made-foreign-liquor",
        "source_last_updated": "2026-07-27",
        "coordinate_search_source": "OpenStreetMap",
        "coordinate_search_status": "no high-confidence one-to-one OSM match assigned",
        "coordinate_is_approximate": true,
        "coordinate_quality": "approximate_area_centroid",
        "matched_area": "kalkaji",
        "coordinate_method": "named_locality_centroid",
        "coordinate_confidence": "medium",
        "estimated_accuracy_m": 1200,
        "coordinate_warning": "Approximate locality/sector centre. This is not the verified vend entrance.",
        "coordinate_source": "Area-centroid approximation based on the locality wording in the official vend name",
        "coordinate_fill_version": "2026-07-29-area-centroid-fill-v1",
        "coordinate_order": "[longitude, latitude]"
      }
    },
    {
      "type": "Feature",
      "id": "dccws-imfl-49",
      "geometry": {
        "type": "Point",
        "coordinates": [
          77.152,
          28.696
        ]
      },
      "properties": {
        "serial_no": 49,
        "vend_id": "01/2024/0392",
        "name": "NETAJI SUBHASH PALACE",
        "address": "SHOP NO. G-10, PP TRADE CENTRE, PLOT NO. 1, NETAJI SUBHASH PALACE, PITAMPURA, DELHI-110034",
        "vend_category": "Indian-made foreign liquor / beer retail vend",
        "licence_class": "L-6 or L-10 as listed",
        "operator": "Delhi Consumer's Co-operative Wholesale Store Ltd. (DCCWS)",
        "jurisdiction": "NCT of Delhi",
        "operational_status": "listed; not independently verified",
        "geometry_status": "coordinates not published by source",
        "source_url": "https://dccws.delhi.gov.in/dccws/indian-made-foreign-liquor",
        "source_last_updated": "2026-07-27",
        "coordinate_search_source": "OpenStreetMap",
        "coordinate_search_status": "no high-confidence one-to-one OSM match assigned",
        "coordinate_is_approximate": true,
        "coordinate_quality": "approximate_area_centroid",
        "matched_area": "netaji subhash place",
        "coordinate_method": "interpreted_locality_centroid",
        "coordinate_confidence": "medium",
        "estimated_accuracy_m": 1500,
        "coordinate_warning": "Approximate locality/sector centre. This is not the verified vend entrance.",
        "coordinate_source": "Area-centroid approximation based on the locality wording in the official vend name",
        "coordinate_fill_version": "2026-07-29-area-centroid-fill-v1",
        "coordinate_order": "[longitude, latitude]"
      }
    },
    {
      "type": "Feature",
      "id": "dccws-imfl-50",
      "geometry": {
        "type": "Point",
        "coordinates": [
          77.232,
          28.514
        ]
      },
      "properties": {
        "serial_no": 50,
        "vend_id": "01/2024/1484",
        "name": "MADANGIRI, KHANPUR",
        "address": "SHOP NO. 5, CSC, NEAR LIG FLATS, MADANGIRI, DELHI-110062",
        "vend_category": "Indian-made foreign liquor / beer retail vend",
        "licence_class": "L-6 or L-10 as listed",
        "operator": "Delhi Consumer's Co-operative Wholesale Store Ltd. (DCCWS)",
        "jurisdiction": "NCT of Delhi",
        "operational_status": "listed; not independently verified",
        "geometry_status": "coordinates not published by source",
        "source_url": "https://dccws.delhi.gov.in/dccws/indian-made-foreign-liquor",
        "source_last_updated": "2026-07-27",
        "coordinate_search_source": "OpenStreetMap",
        "coordinate_search_status": "no high-confidence one-to-one OSM match assigned",
        "coordinate_is_approximate": true,
        "coordinate_quality": "approximate_area_centroid",
        "matched_area": "madangir khanpur",
        "coordinate_method": "interpreted_locality_centroid",
        "coordinate_confidence": "medium",
        "estimated_accuracy_m": 1500,
        "coordinate_warning": "Approximate locality/sector centre. This is not the verified vend entrance.",
        "coordinate_source": "Area-centroid approximation based on the locality wording in the official vend name",
        "coordinate_fill_version": "2026-07-29-area-centroid-fill-v1",
        "coordinate_order": "[longitude, latitude]"
      }
    },
    {
      "type": "Feature",
      "id": "dccws-imfl-51",
      "geometry": {
        "type": "Point",
        "coordinates": [
          77.131,
          28.704
        ]
      },
      "properties": {
        "serial_no": 51,
        "vend_id": "01/2024/1591",
        "name": "PITAMPURA DDA MARKET",
        "address": "SHOP NO. 26, POCKET BU, CSC DDA MARKET, PITAMPURA, DELHI-110034",
        "vend_category": "Indian-made foreign liquor / beer retail vend",
        "licence_class": "L-6 or L-10 as listed",
        "operator": "Delhi Consumer's Co-operative Wholesale Store Ltd. (DCCWS)",
        "jurisdiction": "NCT of Delhi",
        "operational_status": "listed; not independently verified",
        "geometry_status": "coordinates not published by source",
        "source_url": "https://dccws.delhi.gov.in/dccws/indian-made-foreign-liquor",
        "source_last_updated": "2026-07-27",
        "coordinate_search_source": "OpenStreetMap",
        "coordinate_search_status": "no high-confidence one-to-one OSM match assigned",
        "coordinate_is_approximate": true,
        "coordinate_quality": "approximate_area_centroid",
        "matched_area": "pitampura",
        "coordinate_method": "named_locality_centroid",
        "coordinate_confidence": "medium",
        "estimated_accuracy_m": 1200,
        "coordinate_warning": "Approximate locality/sector centre. This is not the verified vend entrance.",
        "coordinate_source": "Area-centroid approximation based on the locality wording in the official vend name",
        "coordinate_fill_version": "2026-07-29-area-centroid-fill-v1",
        "coordinate_order": "[longitude, latitude]"
      }
    },
    {
      "type": "Feature",
      "id": "dccws-imfl-52",
      "geometry": {
        "type": "Point",
        "coordinates": [
          77.157,
          28.716
        ]
      },
      "properties": {
        "serial_no": 52,
        "vend_id": "01/2024/1489",
        "name": "SHALIMAR BAGH",
        "address": "SHOP NO. SBPP, GROUND FLOOR-7, SHALIMAR BAGH, NEW DELHI",
        "vend_category": "Indian-made foreign liquor / beer retail vend",
        "licence_class": "L-6 or L-10 as listed",
        "operator": "Delhi Consumer's Co-operative Wholesale Store Ltd. (DCCWS)",
        "jurisdiction": "NCT of Delhi",
        "operational_status": "listed; not independently verified",
        "geometry_status": "coordinates not published by source",
        "source_url": "https://dccws.delhi.gov.in/dccws/indian-made-foreign-liquor",
        "source_last_updated": "2026-07-27",
        "coordinate_search_source": "OpenStreetMap",
        "coordinate_search_status": "no high-confidence one-to-one OSM match assigned",
        "coordinate_is_approximate": true,
        "coordinate_quality": "approximate_area_centroid",
        "matched_area": "shalimar bagh",
        "coordinate_method": "named_locality_centroid",
        "coordinate_confidence": "medium",
        "estimated_accuracy_m": 1200,
        "coordinate_warning": "Approximate locality/sector centre. This is not the verified vend entrance.",
        "coordinate_source": "Area-centroid approximation based on the locality wording in the official vend name",
        "coordinate_fill_version": "2026-07-29-area-centroid-fill-v1",
        "coordinate_order": "[longitude, latitude]"
      }
    },
    {
      "type": "Feature",
      "id": "dccws-imfl-53",
      "geometry": {
        "type": "Point",
        "coordinates": [
          77.206,
          28.7
        ]
      },
      "properties": {
        "serial_no": 53,
        "vend_id": "01/2024/1069",
        "name": "KINGSWAY CAMP",
        "address": "SHOP NO. 57, MALL ROAD, KINGSWAY CAMP, DELHI-110009",
        "vend_category": "Indian-made foreign liquor / beer retail vend",
        "licence_class": "L-6 or L-10 as listed",
        "operator": "Delhi Consumer's Co-operative Wholesale Store Ltd. (DCCWS)",
        "jurisdiction": "NCT of Delhi",
        "operational_status": "listed; not independently verified",
        "geometry_status": "coordinates not published by source",
        "source_url": "https://dccws.delhi.gov.in/dccws/indian-made-foreign-liquor",
        "source_last_updated": "2026-07-27",
        "coordinate_search_source": "OpenStreetMap",
        "coordinate_search_status": "no high-confidence one-to-one OSM match assigned",
        "coordinate_is_approximate": true,
        "coordinate_quality": "approximate_area_centroid",
        "matched_area": "kingsway camp",
        "coordinate_method": "named_locality_centroid",
        "coordinate_confidence": "medium",
        "estimated_accuracy_m": 1200,
        "coordinate_warning": "Approximate locality/sector centre. This is not the verified vend entrance.",
        "coordinate_source": "Area-centroid approximation based on the locality wording in the official vend name",
        "coordinate_fill_version": "2026-07-29-area-centroid-fill-v1",
        "coordinate_order": "[longitude, latitude]"
      }
    },
    {
      "type": "Feature",
      "id": "dccws-imfl-54",
      "geometry": {
        "type": "Point",
        "coordinates": [
          77.167,
          28.699
        ]
      },
      "properties": {
        "serial_no": 54,
        "vend_id": "01/2024/0365",
        "name": "WAZIRPUR",
        "address": "SHOP NO. G-17, KLJ TOWER B-5, DISTRICT CENTRE, NETAJI SUBHASH PLACE, WAZIRPUR, NEW DELHI",
        "vend_category": "Indian-made foreign liquor / beer retail vend",
        "licence_class": "L-6 or L-10 as listed",
        "operator": "Delhi Consumer's Co-operative Wholesale Store Ltd. (DCCWS)",
        "jurisdiction": "NCT of Delhi",
        "operational_status": "listed; not independently verified",
        "geometry_status": "coordinates not published by source",
        "source_url": "https://dccws.delhi.gov.in/dccws/indian-made-foreign-liquor",
        "source_last_updated": "2026-07-27",
        "coordinate_search_source": "OpenStreetMap",
        "coordinate_search_status": "no high-confidence one-to-one OSM match assigned",
        "coordinate_is_approximate": true,
        "coordinate_quality": "approximate_area_centroid",
        "matched_area": "wazirpur",
        "coordinate_method": "named_locality_centroid",
        "coordinate_confidence": "medium",
        "estimated_accuracy_m": 1200,
        "coordinate_warning": "Approximate locality/sector centre. This is not the verified vend entrance.",
        "coordinate_source": "Area-centroid approximation based on the locality wording in the official vend name",
        "coordinate_fill_version": "2026-07-29-area-centroid-fill-v1",
        "coordinate_order": "[longitude, latitude]"
      }
    },
    {
      "type": "Feature",
      "id": "dccws-imfl-55",
      "geometry": {
        "type": "Point",
        "coordinates": [
          77.188,
          28.568
        ]
      },
      "properties": {
        "serial_no": 55,
        "vend_id": "01/2024/0379",
        "name": "BHIKAJI CAMA PLACE",
        "address": "SHOP NO. SU-9, UPPER GROUND FLOOR, BHIKAJI CAMA BHAWAN, NEW DELHI-110066",
        "vend_category": "Indian-made foreign liquor / beer retail vend",
        "licence_class": "L-6 or L-10 as listed",
        "operator": "Delhi Consumer's Co-operative Wholesale Store Ltd. (DCCWS)",
        "jurisdiction": "NCT of Delhi",
        "operational_status": "listed; not independently verified",
        "geometry_status": "coordinates not published by source",
        "source_url": "https://dccws.delhi.gov.in/dccws/indian-made-foreign-liquor",
        "source_last_updated": "2026-07-27",
        "coordinate_search_source": "OpenStreetMap",
        "coordinate_search_status": "no high-confidence one-to-one OSM match assigned",
        "coordinate_is_approximate": true,
        "coordinate_quality": "approximate_area_centroid",
        "matched_area": "bhikaji cama place",
        "coordinate_method": "named_locality_centroid",
        "coordinate_confidence": "medium",
        "estimated_accuracy_m": 1200,
        "coordinate_warning": "Approximate locality/sector centre. This is not the verified vend entrance.",
        "coordinate_source": "Area-centroid approximation based on the locality wording in the official vend name",
        "coordinate_fill_version": "2026-07-29-area-centroid-fill-v1",
        "coordinate_order": "[longitude, latitude]"
      }
    },
    {
      "type": "Feature",
      "id": "dccws-imfl-56",
      "geometry": {
        "type": "Point",
        "coordinates": [
          77.161,
          28.56
        ]
      },
      "properties": {
        "serial_no": 56,
        "vend_id": "01/2024/1073",
        "name": "VASANT VIHAR",
        "address": "SHOP NO. D-11, LSC, VASANT VIHAR, NEW DELHI-110057",
        "vend_category": "Indian-made foreign liquor / beer retail vend",
        "licence_class": "L-6 or L-10 as listed",
        "operator": "Delhi Consumer's Co-operative Wholesale Store Ltd. (DCCWS)",
        "jurisdiction": "NCT of Delhi",
        "operational_status": "listed; not independently verified",
        "geometry_status": "coordinates not published by source",
        "source_url": "https://dccws.delhi.gov.in/dccws/indian-made-foreign-liquor",
        "source_last_updated": "2026-07-27",
        "coordinate_search_source": "OpenStreetMap",
        "coordinate_search_status": "no high-confidence one-to-one OSM match assigned",
        "coordinate_is_approximate": true,
        "coordinate_quality": "approximate_area_centroid",
        "matched_area": "vasant vihar",
        "coordinate_method": "named_locality_centroid",
        "coordinate_confidence": "medium",
        "estimated_accuracy_m": 1200,
        "coordinate_warning": "Approximate locality/sector centre. This is not the verified vend entrance.",
        "coordinate_source": "Area-centroid approximation based on the locality wording in the official vend name",
        "coordinate_fill_version": "2026-07-29-area-centroid-fill-v1",
        "coordinate_order": "[longitude, latitude]"
      }
    },
    {
      "type": "Feature",
      "id": "dccws-imfl-57",
      "geometry": {
        "type": "Point",
        "coordinates": [
          77.273,
          28.539
        ]
      },
      "properties": {
        "serial_no": 57,
        "vend_id": "01/2024/1491",
        "name": "A-201, OKHLA INDL. AREA",
        "address": "SHOP NO. A-201, PHASE-1, OKHLA INDUSTRIAL AREA, DELHI-110020",
        "vend_category": "Indian-made foreign liquor / beer retail vend",
        "licence_class": "L-6 or L-10 as listed",
        "operator": "Delhi Consumer's Co-operative Wholesale Store Ltd. (DCCWS)",
        "jurisdiction": "NCT of Delhi",
        "operational_status": "listed; not independently verified",
        "geometry_status": "coordinates not published by source",
        "source_url": "https://dccws.delhi.gov.in/dccws/indian-made-foreign-liquor",
        "source_last_updated": "2026-07-27",
        "coordinate_search_source": "OpenStreetMap",
        "coordinate_search_status": "no high-confidence one-to-one OSM match assigned",
        "coordinate_is_approximate": true,
        "coordinate_quality": "approximate_area_centroid",
        "matched_area": "okhla industrial area",
        "coordinate_method": "named_locality_centroid",
        "coordinate_confidence": "medium",
        "estimated_accuracy_m": 1200,
        "coordinate_warning": "Approximate locality/sector centre. This is not the verified vend entrance.",
        "coordinate_source": "Area-centroid approximation based on the locality wording in the official vend name",
        "coordinate_fill_version": "2026-07-29-area-centroid-fill-v1",
        "coordinate_order": "[longitude, latitude]"
      }
    },
    {
      "type": "Feature",
      "id": "dccws-imfl-58",
      "geometry": {
        "type": "Point",
        "coordinates": [
          77.177,
          28.642
        ]
      },
      "properties": {
        "serial_no": 58,
        "vend_id": "01/2024/0401",
        "name": "RAJENDRA PLACE",
        "address": "31, RAJENDRA BHAWAN, RAJENDRA PLACE, NEW DELHI-110008",
        "vend_category": "Indian-made foreign liquor / beer retail vend",
        "licence_class": "L-6 or L-10 as listed",
        "operator": "Delhi Consumer's Co-operative Wholesale Store Ltd. (DCCWS)",
        "jurisdiction": "NCT of Delhi",
        "operational_status": "listed; not independently verified",
        "geometry_status": "coordinates not published by source",
        "source_url": "https://dccws.delhi.gov.in/dccws/indian-made-foreign-liquor",
        "source_last_updated": "2026-07-27",
        "coordinate_search_source": "OpenStreetMap",
        "coordinate_search_status": "no high-confidence one-to-one OSM match assigned",
        "coordinate_is_approximate": true,
        "coordinate_quality": "approximate_area_centroid",
        "matched_area": "rajendra place",
        "coordinate_method": "named_locality_centroid",
        "coordinate_confidence": "medium",
        "estimated_accuracy_m": 1200,
        "coordinate_warning": "Approximate locality/sector centre. This is not the verified vend entrance.",
        "coordinate_source": "Area-centroid approximation based on the locality wording in the official vend name",
        "coordinate_fill_version": "2026-07-29-area-centroid-fill-v1",
        "coordinate_order": "[longitude, latitude]"
      }
    },
    {
      "type": "Feature",
      "id": "dccws-imfl-59",
      "geometry": {
        "type": "Point",
        "coordinates": [
          77.121,
          28.642
        ]
      },
      "properties": {
        "serial_no": 59,
        "vend_id": "01/2024/0403",
        "name": "TDI FUN REPUBLIC MALL",
        "address": "SHOP NO. G-10 & 11, TDI FUN REPUBLIC MALL, MOTI NAGAR, NEW DELHI-110015",
        "vend_category": "Indian-made foreign liquor / beer retail vend",
        "licence_class": "L-6 or L-10 as listed",
        "operator": "Delhi Consumer's Co-operative Wholesale Store Ltd. (DCCWS)",
        "jurisdiction": "NCT of Delhi",
        "operational_status": "listed; not independently verified",
        "geometry_status": "coordinates not published by source",
        "source_url": "https://dccws.delhi.gov.in/dccws/indian-made-foreign-liquor",
        "source_last_updated": "2026-07-27",
        "coordinate_search_source": "OpenStreetMap",
        "coordinate_search_status": "no high-confidence one-to-one OSM match assigned",
        "coordinate_is_approximate": true,
        "coordinate_quality": "approximate_area_centroid",
        "matched_area": "tdi mall rajouri",
        "coordinate_method": "interpreted_locality_centroid",
        "coordinate_confidence": "medium",
        "estimated_accuracy_m": 1500,
        "coordinate_warning": "Approximate locality/sector centre. This is not the verified vend entrance.",
        "coordinate_source": "Area-centroid approximation based on the locality wording in the official vend name",
        "coordinate_fill_version": "2026-07-29-area-centroid-fill-v1",
        "coordinate_order": "[longitude, latitude]"
      }
    },
    {
      "type": "Feature",
      "id": "dccws-imfl-60",
      "geometry": {
        "type": "Point",
        "coordinates": [
          77.263,
          28.541
        ]
      },
      "properties": {
        "serial_no": 60,
        "vend_id": "01/2024/1601",
        "name": "KALKAJI, GOVINDPURI",
        "address": "Shop No. 7, LSC Market, Kalkaji Slum Tenements, near Govindpuri, New Delhi-110019",
        "vend_category": "Indian-made foreign liquor / beer retail vend",
        "licence_class": "L-6 or L-10 as listed",
        "operator": "Delhi Consumer's Co-operative Wholesale Store Ltd. (DCCWS)",
        "jurisdiction": "NCT of Delhi",
        "operational_status": "listed; not independently verified",
        "geometry_status": "coordinates not published by source",
        "source_url": "https://dccws.delhi.gov.in/dccws/indian-made-foreign-liquor",
        "source_last_updated": "2026-07-27",
        "coordinate_search_source": "OpenStreetMap",
        "coordinate_search_status": "no high-confidence one-to-one OSM match assigned",
        "coordinate_is_approximate": true,
        "coordinate_quality": "approximate_area_centroid",
        "matched_area": "govindpuri",
        "coordinate_method": "named_locality_centroid",
        "coordinate_confidence": "medium",
        "estimated_accuracy_m": 1200,
        "coordinate_warning": "Approximate locality/sector centre. This is not the verified vend entrance.",
        "coordinate_source": "Area-centroid approximation based on the locality wording in the official vend name",
        "coordinate_fill_version": "2026-07-29-area-centroid-fill-v1",
        "coordinate_order": "[longitude, latitude]"
      }
    },
    {
      "type": "Feature",
      "id": "dccws-imfl-61",
      "geometry": {
        "type": "Point",
        "coordinates": [
          77.15,
          28.655
        ]
      },
      "properties": {
        "serial_no": 61,
        "vend_id": "01/2024/0418",
        "name": "KIRTI NAGAR",
        "address": "1/4-A, KIRTI NAGAR, DELHI-110015",
        "vend_category": "Indian-made foreign liquor / beer retail vend",
        "licence_class": "L-6 or L-10 as listed",
        "operator": "Delhi Consumer's Co-operative Wholesale Store Ltd. (DCCWS)",
        "jurisdiction": "NCT of Delhi",
        "operational_status": "listed; not independently verified",
        "geometry_status": "coordinates not published by source",
        "source_url": "https://dccws.delhi.gov.in/dccws/indian-made-foreign-liquor",
        "source_last_updated": "2026-07-27",
        "coordinate_search_source": "OpenStreetMap",
        "coordinate_search_status": "no high-confidence one-to-one OSM match assigned",
        "coordinate_is_approximate": true,
        "coordinate_quality": "approximate_area_centroid",
        "matched_area": "kirti nagar",
        "coordinate_method": "named_locality_centroid",
        "coordinate_confidence": "medium",
        "estimated_accuracy_m": 1200,
        "coordinate_warning": "Approximate locality/sector centre. This is not the verified vend entrance.",
        "coordinate_source": "Area-centroid approximation based on the locality wording in the official vend name",
        "coordinate_fill_version": "2026-07-29-area-centroid-fill-v1",
        "coordinate_order": "[longitude, latitude]"
      }
    },
    {
      "type": "Feature",
      "id": "dccws-imfl-62",
      "geometry": {
        "type": "Point",
        "coordinates": [
          77.307,
          28.62
        ]
      },
      "properties": {
        "serial_no": 62,
        "vend_id": "01/2024/0348",
        "name": "VINOD NAGAR WEST",
        "address": "SHOP NO. D-310, KHASRA NO. 794, BLOCK-D, WEST VINOD NAGAR, DELHI-110092",
        "vend_category": "Indian-made foreign liquor / beer retail vend",
        "licence_class": "L-6 or L-10 as listed",
        "operator": "Delhi Consumer's Co-operative Wholesale Store Ltd. (DCCWS)",
        "jurisdiction": "NCT of Delhi",
        "operational_status": "listed; not independently verified",
        "geometry_status": "coordinates not published by source",
        "source_url": "https://dccws.delhi.gov.in/dccws/indian-made-foreign-liquor",
        "source_last_updated": "2026-07-27",
        "coordinate_search_source": "OpenStreetMap",
        "coordinate_search_status": "no high-confidence one-to-one OSM match assigned",
        "coordinate_is_approximate": true,
        "coordinate_quality": "approximate_area_centroid",
        "matched_area": "vinod nagar west",
        "coordinate_method": "named_locality_centroid",
        "coordinate_confidence": "medium",
        "estimated_accuracy_m": 1200,
        "coordinate_warning": "Approximate locality/sector centre. This is not the verified vend entrance.",
        "coordinate_source": "Area-centroid approximation based on the locality wording in the official vend name",
        "coordinate_fill_version": "2026-07-29-area-centroid-fill-v1",
        "coordinate_order": "[longitude, latitude]"
      }
    },
    {
      "type": "Feature",
      "id": "dccws-imfl-63",
      "geometry": {
        "type": "Point",
        "coordinates": [
          77.287,
          28.664
        ]
      },
      "properties": {
        "serial_no": 63,
        "vend_id": "01/2024/1093",
        "name": "VISHWAS NAGAR, SHAHDARA",
        "address": "Shop No. 28/3, 60 FT MAIN ROAD, GALI NO. 16, VISHWAS NAGAR, SHAHDARA, DELHI-110032",
        "vend_category": "Indian-made foreign liquor / beer retail vend",
        "licence_class": "L-6 or L-10 as listed",
        "operator": "Delhi Consumer's Co-operative Wholesale Store Ltd. (DCCWS)",
        "jurisdiction": "NCT of Delhi",
        "operational_status": "listed; not independently verified",
        "geometry_status": "coordinates not published by source",
        "source_url": "https://dccws.delhi.gov.in/dccws/indian-made-foreign-liquor",
        "source_last_updated": "2026-07-27",
        "coordinate_search_source": "OpenStreetMap",
        "coordinate_search_status": "no high-confidence one-to-one OSM match assigned",
        "coordinate_is_approximate": true,
        "coordinate_quality": "approximate_area_centroid",
        "matched_area": "vishwas nagar",
        "coordinate_method": "named_locality_centroid",
        "coordinate_confidence": "medium",
        "estimated_accuracy_m": 1200,
        "coordinate_warning": "Approximate locality/sector centre. This is not the verified vend entrance.",
        "coordinate_source": "Area-centroid approximation based on the locality wording in the official vend name",
        "coordinate_fill_version": "2026-07-29-area-centroid-fill-v1",
        "coordinate_order": "[longitude, latitude]"
      }
    },
    {
      "type": "Feature",
      "id": "dccws-imfl-64",
      "geometry": {
        "type": "Point",
        "coordinates": [
          77.111,
          28.744
        ]
      },
      "properties": {
        "serial_no": 64,
        "vend_id": "01/2024/0367",
        "name": "ROHINI SEC.-19",
        "address": "Shop No. 14 & 15, Aggarwal Shopping Centre, Rohini Sector-19, New Delhi-110085.",
        "vend_category": "Indian-made foreign liquor / beer retail vend",
        "licence_class": "L-6 or L-10 as listed",
        "operator": "Delhi Consumer's Co-operative Wholesale Store Ltd. (DCCWS)",
        "jurisdiction": "NCT of Delhi",
        "operational_status": "listed; not independently verified",
        "geometry_status": "coordinates not published by source",
        "source_url": "https://dccws.delhi.gov.in/dccws/indian-made-foreign-liquor",
        "source_last_updated": "2026-07-27",
        "coordinate_search_source": "OpenStreetMap",
        "coordinate_search_status": "no high-confidence one-to-one OSM match assigned",
        "coordinate_is_approximate": true,
        "coordinate_quality": "approximate_area_centroid",
        "matched_area": "rohini sector 19",
        "coordinate_method": "sector_centroid",
        "coordinate_confidence": "medium",
        "estimated_accuracy_m": 800,
        "coordinate_warning": "Approximate locality/sector centre. This is not the verified vend entrance.",
        "coordinate_source": "Area-centroid approximation based on the locality wording in the official vend name",
        "coordinate_fill_version": "2026-07-29-area-centroid-fill-v1",
        "coordinate_order": "[longitude, latitude]"
      }
    },
    {
      "type": "Feature",
      "id": "dccws-imfl-65",
      "geometry": {
        "type": "Point",
        "coordinates": [
          77.182,
          28.638
        ]
      },
      "properties": {
        "serial_no": 65,
        "vend_id": "01/2024/0380",
        "name": "OLD RAJENDER NAGAR",
        "address": "6/76, GROUND FLOOR, OLD RAJENDER NAGAR, NEW DELHI-110007",
        "vend_category": "Indian-made foreign liquor / beer retail vend",
        "licence_class": "L-6 or L-10 as listed",
        "operator": "Delhi Consumer's Co-operative Wholesale Store Ltd. (DCCWS)",
        "jurisdiction": "NCT of Delhi",
        "operational_status": "listed; not independently verified",
        "geometry_status": "coordinates not published by source",
        "source_url": "https://dccws.delhi.gov.in/dccws/indian-made-foreign-liquor",
        "source_last_updated": "2026-07-27",
        "coordinate_search_source": "OpenStreetMap",
        "coordinate_search_status": "no high-confidence one-to-one OSM match assigned",
        "coordinate_is_approximate": true,
        "coordinate_quality": "approximate_area_centroid",
        "matched_area": "old rajinder nagar",
        "coordinate_method": "named_locality_centroid",
        "coordinate_confidence": "medium",
        "estimated_accuracy_m": 1200,
        "coordinate_warning": "Approximate locality/sector centre. This is not the verified vend entrance.",
        "coordinate_source": "Area-centroid approximation based on the locality wording in the official vend name",
        "coordinate_fill_version": "2026-07-29-area-centroid-fill-v1",
        "coordinate_order": "[longitude, latitude]"
      }
    },
    {
      "type": "Feature",
      "id": "dccws-imfl-66",
      "geometry": {
        "type": "Point",
        "coordinates": [
          77.07,
          28.638
        ]
      },
      "properties": {
        "serial_no": 66,
        "vend_id": "01/2024/0388",
        "name": "VIKASPURI II",
        "address": "SHOP NO. G-3, GROUND FLOOR, AEZ SQUARE, G-1 COMMUNITY CENTER, VIKASPURI, NEW DELHI-110018",
        "vend_category": "Indian-made foreign liquor / beer retail vend",
        "licence_class": "L-6 or L-10 as listed",
        "operator": "Delhi Consumer's Co-operative Wholesale Store Ltd. (DCCWS)",
        "jurisdiction": "NCT of Delhi",
        "operational_status": "listed; not independently verified",
        "geometry_status": "coordinates not published by source",
        "source_url": "https://dccws.delhi.gov.in/dccws/indian-made-foreign-liquor",
        "source_last_updated": "2026-07-27",
        "coordinate_search_source": "OpenStreetMap",
        "coordinate_search_status": "no high-confidence one-to-one OSM match assigned",
        "coordinate_is_approximate": true,
        "coordinate_quality": "approximate_area_centroid",
        "matched_area": "vikaspuri",
        "coordinate_method": "named_locality_centroid",
        "coordinate_confidence": "medium",
        "estimated_accuracy_m": 1200,
        "coordinate_warning": "Approximate locality/sector centre. This is not the verified vend entrance.",
        "coordinate_source": "Area-centroid approximation based on the locality wording in the official vend name",
        "coordinate_fill_version": "2026-07-29-area-centroid-fill-v1",
        "coordinate_order": "[longitude, latitude]"
      }
    },
    {
      "type": "Feature",
      "id": "dccws-imfl-67",
      "geometry": {
        "type": "Point",
        "coordinates": [
          77.184,
          28.672
        ]
      },
      "properties": {
        "serial_no": 67,
        "vend_id": "01/2024/1046",
        "name": "GULABI BAGH L-6",
        "address": "UNITS 4,5,6, GROUND FLOOR, PLOT NO. 4, LSC, GARG PLAZA, GULABI BAGH, DELHI-110007",
        "vend_category": "Indian-made foreign liquor / beer retail vend",
        "licence_class": "L-6 or L-10 as listed",
        "operator": "Delhi Consumer's Co-operative Wholesale Store Ltd. (DCCWS)",
        "jurisdiction": "NCT of Delhi",
        "operational_status": "listed; not independently verified",
        "geometry_status": "coordinates not published by source",
        "source_url": "https://dccws.delhi.gov.in/dccws/indian-made-foreign-liquor",
        "source_last_updated": "2026-07-27",
        "coordinate_search_source": "OpenStreetMap",
        "coordinate_search_status": "no high-confidence one-to-one OSM match assigned",
        "coordinate_is_approximate": true,
        "coordinate_quality": "approximate_area_centroid",
        "matched_area": "gulabi bagh",
        "coordinate_method": "named_locality_centroid",
        "coordinate_confidence": "medium",
        "estimated_accuracy_m": 1200,
        "coordinate_warning": "Approximate locality/sector centre. This is not the verified vend entrance.",
        "coordinate_source": "Area-centroid approximation based on the locality wording in the official vend name",
        "coordinate_fill_version": "2026-07-29-area-centroid-fill-v1",
        "coordinate_order": "[longitude, latitude]"
      }
    },
    {
      "type": "Feature",
      "id": "dccws-imfl-68",
      "geometry": {
        "type": "Point",
        "coordinates": [
          77.246,
          28.583
        ]
      },
      "properties": {
        "serial_no": 68,
        "vend_id": "01/2024/1064",
        "name": "JANGPURA ROAD",
        "address": "SHOP NO. 837/1, JANGPURA ROAD, BHOGAL, NEW DELHI-110014",
        "vend_category": "Indian-made foreign liquor / beer retail vend",
        "licence_class": "L-6 or L-10 as listed",
        "operator": "Delhi Consumer's Co-operative Wholesale Store Ltd. (DCCWS)",
        "jurisdiction": "NCT of Delhi",
        "operational_status": "listed; not independently verified",
        "geometry_status": "coordinates not published by source",
        "source_url": "https://dccws.delhi.gov.in/dccws/indian-made-foreign-liquor",
        "source_last_updated": "2026-07-27",
        "coordinate_search_source": "OpenStreetMap",
        "coordinate_search_status": "no high-confidence one-to-one OSM match assigned",
        "coordinate_is_approximate": true,
        "coordinate_quality": "approximate_area_centroid",
        "matched_area": "jangpura",
        "coordinate_method": "named_locality_centroid",
        "coordinate_confidence": "medium",
        "estimated_accuracy_m": 1200,
        "coordinate_warning": "Approximate locality/sector centre. This is not the verified vend entrance.",
        "coordinate_source": "Area-centroid approximation based on the locality wording in the official vend name",
        "coordinate_fill_version": "2026-07-29-area-centroid-fill-v1",
        "coordinate_order": "[longitude, latitude]"
      }
    },
    {
      "type": "Feature",
      "id": "dccws-imfl-69",
      "geometry": {
        "type": "Point",
        "coordinates": [
          77.302,
          28.655
        ]
      },
      "properties": {
        "serial_no": 69,
        "vend_id": "01/2024/1204",
        "name": "AADITYA MALL",
        "address": "SHOP NO. SG-38, ADITYA MEGA MALL, PLOT NO. 9D, CBD, SHAHDARA, DELHI-110032",
        "vend_category": "Indian-made foreign liquor / beer retail vend",
        "licence_class": "L-6 or L-10 as listed",
        "operator": "Delhi Consumer's Co-operative Wholesale Store Ltd. (DCCWS)",
        "jurisdiction": "NCT of Delhi",
        "operational_status": "listed; not independently verified",
        "geometry_status": "coordinates not published by source",
        "source_url": "https://dccws.delhi.gov.in/dccws/indian-made-foreign-liquor",
        "source_last_updated": "2026-07-27",
        "coordinate_search_source": "OpenStreetMap",
        "coordinate_search_status": "no high-confidence one-to-one OSM match assigned",
        "coordinate_is_approximate": true,
        "coordinate_quality": "approximate_area_centroid",
        "matched_area": "aditya mega mall",
        "coordinate_method": "interpreted_locality_centroid",
        "coordinate_confidence": "medium",
        "estimated_accuracy_m": 1500,
        "coordinate_warning": "Approximate locality/sector centre. This is not the verified vend entrance.",
        "coordinate_source": "Area-centroid approximation based on the locality wording in the official vend name",
        "coordinate_fill_version": "2026-07-29-area-centroid-fill-v1",
        "coordinate_order": "[longitude, latitude]"
      }
    },
    {
      "type": "Feature",
      "id": "dccws-imfl-70",
      "geometry": {
        "type": "Point",
        "coordinates": [
          77.092,
          28.646
        ]
      },
      "properties": {
        "serial_no": 70,
        "vend_id": "01/2024/1420",
        "name": "KHAYALA, VISHNU GARDEN",
        "address": "SHOP NO. 3/23, KHAYALA, VISHNU GARDEN, DELHI-110018",
        "vend_category": "Indian-made foreign liquor / beer retail vend",
        "licence_class": "L-6 or L-10 as listed",
        "operator": "Delhi Consumer's Co-operative Wholesale Store Ltd. (DCCWS)",
        "jurisdiction": "NCT of Delhi",
        "operational_status": "listed; not independently verified",
        "geometry_status": "coordinates not published by source",
        "source_url": "https://dccws.delhi.gov.in/dccws/indian-made-foreign-liquor",
        "source_last_updated": "2026-07-27",
        "coordinate_search_source": "OpenStreetMap",
        "coordinate_search_status": "no high-confidence one-to-one OSM match assigned",
        "coordinate_is_approximate": true,
        "coordinate_quality": "approximate_area_centroid",
        "matched_area": "vishnu garden",
        "coordinate_method": "named_locality_centroid",
        "coordinate_confidence": "medium",
        "estimated_accuracy_m": 1200,
        "coordinate_warning": "Approximate locality/sector centre. This is not the verified vend entrance.",
        "coordinate_source": "Area-centroid approximation based on the locality wording in the official vend name",
        "coordinate_fill_version": "2026-07-29-area-centroid-fill-v1",
        "coordinate_order": "[longitude, latitude]"
      }
    },
    {
      "type": "Feature",
      "id": "dccws-imfl-71",
      "geometry": {
        "type": "Point",
        "coordinates": [
          77.176,
          28.696
        ]
      },
      "properties": {
        "serial_no": 71,
        "vend_id": "01/2024/0383",
        "name": "ASHOK VIHAR",
        "address": "SHOP NO. 17, GROUND FLOOR, LSC-II, WAZIRPUR FLYOVER, ASHOK VIHAR PHASE II",
        "vend_category": "Indian-made foreign liquor / beer retail vend",
        "licence_class": "L-6 or L-10 as listed",
        "operator": "Delhi Consumer's Co-operative Wholesale Store Ltd. (DCCWS)",
        "jurisdiction": "NCT of Delhi",
        "operational_status": "listed; not independently verified",
        "geometry_status": "coordinates not published by source",
        "source_url": "https://dccws.delhi.gov.in/dccws/indian-made-foreign-liquor",
        "source_last_updated": "2026-07-27",
        "coordinate_search_source": "OpenStreetMap",
        "coordinate_search_status": "no high-confidence one-to-one OSM match assigned",
        "coordinate_is_approximate": true,
        "coordinate_quality": "approximate_area_centroid",
        "matched_area": "ashok vihar",
        "coordinate_method": "named_locality_centroid",
        "coordinate_confidence": "medium",
        "estimated_accuracy_m": 1200,
        "coordinate_warning": "Approximate locality/sector centre. This is not the verified vend entrance.",
        "coordinate_source": "Area-centroid approximation based on the locality wording in the official vend name",
        "coordinate_fill_version": "2026-07-29-area-centroid-fill-v1",
        "coordinate_order": "[longitude, latitude]"
      }
    },
    {
      "type": "Feature",
      "id": "dccws-imfl-72",
      "geometry": {
        "type": "Point",
        "coordinates": [
          77.278,
          28.548
        ]
      },
      "properties": {
        "serial_no": 72,
        "vend_id": "01/2024/0397",
        "name": "F-89/9, OKHLA, PHASE-I",
        "address": "SHOP NO. F-89/9, OKHLA PHASE-I, DELHI",
        "vend_category": "Indian-made foreign liquor / beer retail vend",
        "licence_class": "L-6 or L-10 as listed",
        "operator": "Delhi Consumer's Co-operative Wholesale Store Ltd. (DCCWS)",
        "jurisdiction": "NCT of Delhi",
        "operational_status": "listed; not independently verified",
        "geometry_status": "coordinates not published by source",
        "source_url": "https://dccws.delhi.gov.in/dccws/indian-made-foreign-liquor",
        "source_last_updated": "2026-07-27",
        "coordinate_search_source": "OpenStreetMap",
        "coordinate_search_status": "no high-confidence one-to-one OSM match assigned",
        "coordinate_is_approximate": true,
        "coordinate_quality": "approximate_area_centroid",
        "matched_area": "okhla",
        "coordinate_method": "named_locality_centroid",
        "coordinate_confidence": "medium",
        "estimated_accuracy_m": 1200,
        "coordinate_warning": "Approximate locality/sector centre. This is not the verified vend entrance.",
        "coordinate_source": "Area-centroid approximation based on the locality wording in the official vend name",
        "coordinate_fill_version": "2026-07-29-area-centroid-fill-v1",
        "coordinate_order": "[longitude, latitude]"
      }
    },
    {
      "type": "Feature",
      "id": "dccws-imfl-73",
      "geometry": {
        "type": "Point",
        "coordinates": [
          77.132,
          28.696
        ]
      },
      "properties": {
        "serial_no": 73,
        "vend_id": "01/2024/1606",
        "name": "RAJDHANI ENCLAVE",
        "address": "PLOT NO. 08, LSC, RAJDHANI ENCLAVE, DELHI-110092",
        "vend_category": "Indian-made foreign liquor / beer retail vend",
        "licence_class": "L-6 or L-10 as listed",
        "operator": "Delhi Consumer's Co-operative Wholesale Store Ltd. (DCCWS)",
        "jurisdiction": "NCT of Delhi",
        "operational_status": "listed; not independently verified",
        "geometry_status": "coordinates not published by source",
        "source_url": "https://dccws.delhi.gov.in/dccws/indian-made-foreign-liquor",
        "source_last_updated": "2026-07-27",
        "coordinate_search_source": "OpenStreetMap",
        "coordinate_search_status": "no high-confidence one-to-one OSM match assigned",
        "coordinate_is_approximate": true,
        "coordinate_quality": "approximate_area_centroid",
        "matched_area": "rajdhani enclave",
        "coordinate_method": "interpreted_parent_area_centroid",
        "coordinate_confidence": "low",
        "estimated_accuracy_m": 3000,
        "coordinate_warning": "Approximate locality/sector centre. This is not the verified vend entrance.",
        "coordinate_source": "Area-centroid approximation based on the locality wording in the official vend name",
        "coordinate_fill_version": "2026-07-29-area-centroid-fill-v1",
        "coordinate_order": "[longitude, latitude]"
      }
    },
    {
      "type": "Feature",
      "id": "dccws-imfl-74",
      "geometry": {
        "type": "Point",
        "coordinates": [
          77.311,
          28.702
        ]
      },
      "properties": {
        "serial_no": 74,
        "vend_id": "01/2024/0408",
        "name": "SEWA DHAM, MANDOLI",
        "address": "SHOP NO. 1 & 2, A-1, KHASRA NO. 16/10, MAIN SEWA DHAM, MANDOLI, DELHI-110093",
        "vend_category": "Indian-made foreign liquor / beer retail vend",
        "licence_class": "L-6 or L-10 as listed",
        "operator": "Delhi Consumer's Co-operative Wholesale Store Ltd. (DCCWS)",
        "jurisdiction": "NCT of Delhi",
        "operational_status": "listed; not independently verified",
        "geometry_status": "coordinates not published by source",
        "source_url": "https://dccws.delhi.gov.in/dccws/indian-made-foreign-liquor",
        "source_last_updated": "2026-07-27",
        "coordinate_search_source": "OpenStreetMap",
        "coordinate_search_status": "no high-confidence one-to-one OSM match assigned",
        "coordinate_is_approximate": true,
        "coordinate_quality": "approximate_area_centroid",
        "matched_area": "mandoli",
        "coordinate_method": "named_locality_centroid",
        "coordinate_confidence": "medium",
        "estimated_accuracy_m": 1200,
        "coordinate_warning": "Approximate locality/sector centre. This is not the verified vend entrance.",
        "coordinate_source": "Area-centroid approximation based on the locality wording in the official vend name",
        "coordinate_fill_version": "2026-07-29-area-centroid-fill-v1",
        "coordinate_order": "[longitude, latitude]"
      }
    },
    {
      "type": "Feature",
      "id": "dccws-imfl-75",
      "geometry": {
        "type": "Point",
        "coordinates": [
          77.255,
          28.535
        ]
      },
      "properties": {
        "serial_no": 75,
        "vend_id": "01/2024/0416",
        "name": "KALKAJI EXT.",
        "address": "SHOP NO. A-8/16, KALKAJI EXT., DELHI-110019",
        "vend_category": "Indian-made foreign liquor / beer retail vend",
        "licence_class": "L-6 or L-10 as listed",
        "operator": "Delhi Consumer's Co-operative Wholesale Store Ltd. (DCCWS)",
        "jurisdiction": "NCT of Delhi",
        "operational_status": "listed; not independently verified",
        "geometry_status": "coordinates not published by source",
        "source_url": "https://dccws.delhi.gov.in/dccws/indian-made-foreign-liquor",
        "source_last_updated": "2026-07-27",
        "coordinate_search_source": "OpenStreetMap",
        "coordinate_search_status": "no high-confidence one-to-one OSM match assigned",
        "coordinate_is_approximate": true,
        "coordinate_quality": "approximate_area_centroid",
        "matched_area": "kalkaji",
        "coordinate_method": "named_locality_centroid",
        "coordinate_confidence": "medium",
        "estimated_accuracy_m": 1200,
        "coordinate_warning": "Approximate locality/sector centre. This is not the verified vend entrance.",
        "coordinate_source": "Area-centroid approximation based on the locality wording in the official vend name",
        "coordinate_fill_version": "2026-07-29-area-centroid-fill-v1",
        "coordinate_order": "[longitude, latitude]"
      }
    },
    {
      "type": "Feature",
      "id": "dccws-imfl-76",
      "geometry": {
        "type": "Point",
        "coordinates": [
          77.273,
          28.539
        ]
      },
      "properties": {
        "serial_no": 76,
        "vend_id": "01/2024/0400",
        "name": "A-255, OKHLA IND. AREA",
        "address": "SHOP NO. A-255, GROUND FLOOR, OKHLA INDUSTRIAL AREA, PHASE-I, NEW DELHI-110020",
        "vend_category": "Indian-made foreign liquor / beer retail vend",
        "licence_class": "L-6 or L-10 as listed",
        "operator": "Delhi Consumer's Co-operative Wholesale Store Ltd. (DCCWS)",
        "jurisdiction": "NCT of Delhi",
        "operational_status": "listed; not independently verified",
        "geometry_status": "coordinates not published by source",
        "source_url": "https://dccws.delhi.gov.in/dccws/indian-made-foreign-liquor",
        "source_last_updated": "2026-07-27",
        "coordinate_search_source": "OpenStreetMap",
        "coordinate_search_status": "no high-confidence one-to-one OSM match assigned",
        "coordinate_is_approximate": true,
        "coordinate_quality": "approximate_area_centroid",
        "matched_area": "okhla industrial area",
        "coordinate_method": "named_locality_centroid",
        "coordinate_confidence": "medium",
        "estimated_accuracy_m": 1200,
        "coordinate_warning": "Approximate locality/sector centre. This is not the verified vend entrance.",
        "coordinate_source": "Area-centroid approximation based on the locality wording in the official vend name",
        "coordinate_fill_version": "2026-07-29-area-centroid-fill-v1",
        "coordinate_order": "[longitude, latitude]"
      }
    },
    {
      "type": "Feature",
      "id": "dccws-imfl-77",
      "geometry": {
        "type": "Point",
        "coordinates": [
          77.166,
          28.651
        ]
      },
      "properties": {
        "serial_no": 77,
        "vend_id": "01/2024/1142",
        "name": "NEW PATEL NAGAR (SHADIPUR) L6",
        "address": "SHOP NO. 2151/D, NEW PATEL NAGAR, OPP. SHADIPUR DEPOT, NEW DELHI-110008",
        "vend_category": "Indian-made foreign liquor / beer retail vend",
        "licence_class": "L-6 or L-10 as listed",
        "operator": "Delhi Consumer's Co-operative Wholesale Store Ltd. (DCCWS)",
        "jurisdiction": "NCT of Delhi",
        "operational_status": "listed; not independently verified",
        "geometry_status": "coordinates not published by source",
        "source_url": "https://dccws.delhi.gov.in/dccws/indian-made-foreign-liquor",
        "source_last_updated": "2026-07-27",
        "coordinate_search_source": "OpenStreetMap",
        "coordinate_search_status": "no high-confidence one-to-one OSM match assigned",
        "coordinate_is_approximate": true,
        "coordinate_quality": "approximate_area_centroid",
        "matched_area": "patel nagar",
        "coordinate_method": "named_locality_centroid",
        "coordinate_confidence": "medium",
        "estimated_accuracy_m": 1200,
        "coordinate_warning": "Approximate locality/sector centre. This is not the verified vend entrance.",
        "coordinate_source": "Area-centroid approximation based on the locality wording in the official vend name",
        "coordinate_fill_version": "2026-07-29-area-centroid-fill-v1",
        "coordinate_order": "[longitude, latitude]"
      }
    },
    {
      "type": "Feature",
      "id": "dccws-imfl-78",
      "geometry": {
        "type": "Point",
        "coordinates": [
          77.181,
          28.674
        ]
      },
      "properties": {
        "serial_no": 78,
        "vend_id": "01/2024/0449",
        "name": "PADAM NAGAR",
        "address": "A-14, PADAM NAGAR, DDA COMPLEX, DELHI-110007",
        "vend_category": "Indian-made foreign liquor / beer retail vend",
        "licence_class": "L-6 or L-10 as listed",
        "operator": "Delhi Consumer's Co-operative Wholesale Store Ltd. (DCCWS)",
        "jurisdiction": "NCT of Delhi",
        "operational_status": "listed; not independently verified",
        "geometry_status": "coordinates not published by source",
        "source_url": "https://dccws.delhi.gov.in/dccws/indian-made-foreign-liquor",
        "source_last_updated": "2026-07-27",
        "coordinate_search_source": "OpenStreetMap",
        "coordinate_search_status": "no high-confidence one-to-one OSM match assigned",
        "coordinate_is_approximate": true,
        "coordinate_quality": "approximate_area_centroid",
        "matched_area": "padam nagar",
        "coordinate_method": "named_locality_centroid",
        "coordinate_confidence": "medium",
        "estimated_accuracy_m": 1200,
        "coordinate_warning": "Approximate locality/sector centre. This is not the verified vend entrance.",
        "coordinate_source": "Area-centroid approximation based on the locality wording in the official vend name",
        "coordinate_fill_version": "2026-07-29-area-centroid-fill-v1",
        "coordinate_order": "[longitude, latitude]"
      }
    },
    {
      "type": "Feature",
      "id": "dccws-imfl-79",
      "geometry": {
        "type": "Point",
        "coordinates": [
          77.089,
          28.591
        ]
      },
      "properties": {
        "serial_no": 79,
        "vend_id": "01/2024/1507",
        "name": "NASIRPUR DWARKA I",
        "address": "SHOP NO. 4-15 & 16, VARDHMAN ENTRANCE PLAZA, NASIRPUR, DWARKA, NEW DELHI",
        "vend_category": "Indian-made foreign liquor / beer retail vend",
        "licence_class": "L-6 or L-10 as listed",
        "operator": "Delhi Consumer's Co-operative Wholesale Store Ltd. (DCCWS)",
        "jurisdiction": "NCT of Delhi",
        "operational_status": "listed; not independently verified",
        "geometry_status": "coordinates not published by source",
        "source_url": "https://dccws.delhi.gov.in/dccws/indian-made-foreign-liquor",
        "source_last_updated": "2026-07-27",
        "coordinate_search_source": "OpenStreetMap",
        "coordinate_search_status": "no high-confidence one-to-one OSM match assigned",
        "coordinate_is_approximate": true,
        "coordinate_quality": "approximate_area_centroid",
        "matched_area": "nasirpur",
        "coordinate_method": "named_locality_centroid",
        "coordinate_confidence": "medium",
        "estimated_accuracy_m": 1200,
        "coordinate_warning": "Approximate locality/sector centre. This is not the verified vend entrance.",
        "coordinate_source": "Area-centroid approximation based on the locality wording in the official vend name",
        "coordinate_fill_version": "2026-07-29-area-centroid-fill-v1",
        "coordinate_order": "[longitude, latitude]"
      }
    },
    {
      "type": "Feature",
      "id": "dccws-imfl-80",
      "geometry": {
        "type": "Point",
        "coordinates": [
          77.18,
          28.641
        ]
      },
      "properties": {
        "serial_no": 80,
        "vend_id": "01/2024/1370",
        "name": "RAJENDRA BHAWAN",
        "address": "SHOP NO. 6, RAJENDRA BHAWAN, RAJENDRA PLACE, NEW DELHI-110008",
        "vend_category": "Indian-made foreign liquor / beer retail vend",
        "licence_class": "L-6 or L-10 as listed",
        "operator": "Delhi Consumer's Co-operative Wholesale Store Ltd. (DCCWS)",
        "jurisdiction": "NCT of Delhi",
        "operational_status": "listed; not independently verified",
        "geometry_status": "coordinates not published by source",
        "source_url": "https://dccws.delhi.gov.in/dccws/indian-made-foreign-liquor",
        "source_last_updated": "2026-07-27",
        "coordinate_search_source": "OpenStreetMap",
        "coordinate_search_status": "no high-confidence one-to-one OSM match assigned",
        "coordinate_is_approximate": true,
        "coordinate_quality": "approximate_area_centroid",
        "matched_area": "rajendra bhawan",
        "coordinate_method": "named_locality_centroid",
        "coordinate_confidence": "medium",
        "estimated_accuracy_m": 1200,
        "coordinate_warning": "Approximate locality/sector centre. This is not the verified vend entrance.",
        "coordinate_source": "Area-centroid approximation based on the locality wording in the official vend name",
        "coordinate_fill_version": "2026-07-29-area-centroid-fill-v1",
        "coordinate_order": "[longitude, latitude]"
      }
    },
    {
      "type": "Feature",
      "id": "dccws-imfl-81",
      "geometry": {
        "type": "Point",
        "coordinates": [
          77.19,
          28.651
        ]
      },
      "properties": {
        "serial_no": 81,
        "vend_id": "01/2024/0435",
        "name": "DMRC KAROL BAGH",
        "address": "SHOP NO. 1449/4-B, DURGA PURI EXT., MAIN 100 FT ROAD, SHAHDARA, DELHI-110044",
        "vend_category": "Indian-made foreign liquor / beer retail vend",
        "licence_class": "L-6 or L-10 as listed",
        "operator": "Delhi Consumer's Co-operative Wholesale Store Ltd. (DCCWS)",
        "jurisdiction": "NCT of Delhi",
        "operational_status": "listed; not independently verified",
        "geometry_status": "coordinates not published by source",
        "source_url": "https://dccws.delhi.gov.in/dccws/indian-made-foreign-liquor",
        "source_last_updated": "2026-07-27",
        "coordinate_search_source": "OpenStreetMap",
        "coordinate_search_status": "no high-confidence one-to-one OSM match assigned",
        "coordinate_is_approximate": true,
        "coordinate_quality": "approximate_area_centroid",
        "matched_area": "karol bagh",
        "coordinate_method": "named_locality_centroid",
        "coordinate_confidence": "medium",
        "estimated_accuracy_m": 1200,
        "coordinate_warning": "Approximate locality/sector centre. This is not the verified vend entrance.",
        "coordinate_source": "Area-centroid approximation based on the locality wording in the official vend name",
        "coordinate_fill_version": "2026-07-29-area-centroid-fill-v1",
        "coordinate_order": "[longitude, latitude]"
      }
    },
    {
      "type": "Feature",
      "id": "dccws-imfl-82",
      "geometry": {
        "type": "Point",
        "coordinates": [
          77.12,
          28.642
        ]
      },
      "properties": {
        "serial_no": 82,
        "vend_id": "01/2024/1521",
        "name": "DMRC RAJOURI GARDEN",
        "address": "PROPERTY NO. U22-DGN, RAJOURI GARDEN METRO STATION, NEW DELHI",
        "vend_category": "Indian-made foreign liquor / beer retail vend",
        "licence_class": "L-6 or L-10 as listed",
        "operator": "Delhi Consumer's Co-operative Wholesale Store Ltd. (DCCWS)",
        "jurisdiction": "NCT of Delhi",
        "operational_status": "listed; not independently verified",
        "geometry_status": "coordinates not published by source",
        "source_url": "https://dccws.delhi.gov.in/dccws/indian-made-foreign-liquor",
        "source_last_updated": "2026-07-27",
        "coordinate_search_source": "OpenStreetMap",
        "coordinate_search_status": "no high-confidence one-to-one OSM match assigned",
        "coordinate_is_approximate": true,
        "coordinate_quality": "approximate_area_centroid",
        "matched_area": "rajouri garden",
        "coordinate_method": "named_locality_centroid",
        "coordinate_confidence": "medium",
        "estimated_accuracy_m": 1200,
        "coordinate_warning": "Approximate locality/sector centre. This is not the verified vend entrance.",
        "coordinate_source": "Area-centroid approximation based on the locality wording in the official vend name",
        "coordinate_fill_version": "2026-07-29-area-centroid-fill-v1",
        "coordinate_order": "[longitude, latitude]"
      }
    },
    {
      "type": "Feature",
      "id": "dccws-imfl-83",
      "geometry": {
        "type": "Point",
        "coordinates": [
          77.323,
          28.627
        ]
      },
      "properties": {
        "serial_no": 83,
        "vend_id": "01/2024/0457",
        "name": "VILLAGE GAZIPUR (WEST PATEL NAGAR)",
        "address": "SHOP NO. B2/374, NEW NO. B-7, VILLAGE GAZIPUR",
        "vend_category": "Indian-made foreign liquor / beer retail vend",
        "licence_class": "L-6 or L-10 as listed",
        "operator": "Delhi Consumer's Co-operative Wholesale Store Ltd. (DCCWS)",
        "jurisdiction": "NCT of Delhi",
        "operational_status": "listed; not independently verified",
        "geometry_status": "coordinates not published by source",
        "source_url": "https://dccws.delhi.gov.in/dccws/indian-made-foreign-liquor",
        "source_last_updated": "2026-07-27",
        "coordinate_search_source": "OpenStreetMap",
        "coordinate_search_status": "no high-confidence one-to-one OSM match assigned",
        "coordinate_is_approximate": true,
        "coordinate_quality": "approximate_area_centroid",
        "matched_area": "gazipur",
        "coordinate_method": "named_locality_centroid",
        "coordinate_confidence": "medium",
        "estimated_accuracy_m": 1200,
        "coordinate_warning": "Approximate locality/sector centre. This is not the verified vend entrance.",
        "coordinate_source": "Area-centroid approximation based on the locality wording in the official vend name",
        "coordinate_fill_version": "2026-07-29-area-centroid-fill-v1",
        "coordinate_order": "[longitude, latitude]"
      }
    },
    {
      "type": "Feature",
      "id": "dccws-imfl-84",
      "geometry": {
        "type": "Point",
        "coordinates": [
          77.108,
          28.641
        ]
      },
      "properties": {
        "serial_no": 84,
        "vend_id": "01/2024/1397",
        "name": "DMRC SUBHASH NAGAR",
        "address": "SUBHASH NAGAR METRO STATION",
        "vend_category": "Indian-made foreign liquor / beer retail vend",
        "licence_class": "L-6 or L-10 as listed",
        "operator": "Delhi Consumer's Co-operative Wholesale Store Ltd. (DCCWS)",
        "jurisdiction": "NCT of Delhi",
        "operational_status": "listed; not independently verified",
        "geometry_status": "coordinates not published by source",
        "source_url": "https://dccws.delhi.gov.in/dccws/indian-made-foreign-liquor",
        "source_last_updated": "2026-07-27",
        "coordinate_search_source": "OpenStreetMap",
        "coordinate_search_status": "no high-confidence one-to-one OSM match assigned",
        "coordinate_is_approximate": true,
        "coordinate_quality": "approximate_area_centroid",
        "matched_area": "subhash nagar",
        "coordinate_method": "named_locality_centroid",
        "coordinate_confidence": "medium",
        "estimated_accuracy_m": 1200,
        "coordinate_warning": "Approximate locality/sector centre. This is not the verified vend entrance.",
        "coordinate_source": "Area-centroid approximation based on the locality wording in the official vend name",
        "coordinate_fill_version": "2026-07-29-area-centroid-fill-v1",
        "coordinate_order": "[longitude, latitude]"
      }
    },
    {
      "type": "Feature",
      "id": "dccws-imfl-85",
      "geometry": {
        "type": "Point",
        "coordinates": [
          77.293,
          28.608
        ]
      },
      "properties": {
        "serial_no": 85,
        "vend_id": "01/2024/0315",
        "name": "DLF GALLERIA MAYUR VIHAR PHASE-1 L-10",
        "address": "UNIT NO. 24 & 25, GROUND FLOOR, DLF GALLERIA, MAYUR VIHAR PHASE-I, NEW DELHI-110091",
        "vend_category": "Indian-made foreign liquor / beer retail vend",
        "licence_class": "L-6 or L-10 as listed",
        "operator": "Delhi Consumer's Co-operative Wholesale Store Ltd. (DCCWS)",
        "jurisdiction": "NCT of Delhi",
        "operational_status": "listed; not independently verified",
        "geometry_status": "coordinates not published by source",
        "source_url": "https://dccws.delhi.gov.in/dccws/indian-made-foreign-liquor",
        "source_last_updated": "2026-07-27",
        "coordinate_search_source": "OpenStreetMap",
        "coordinate_search_status": "no high-confidence one-to-one OSM match assigned",
        "coordinate_is_approximate": true,
        "coordinate_quality": "approximate_area_centroid",
        "matched_area": "mayur vihar phase 1",
        "coordinate_method": "interpreted_locality_centroid",
        "coordinate_confidence": "medium",
        "estimated_accuracy_m": 1500,
        "coordinate_warning": "Approximate locality/sector centre. This is not the verified vend entrance.",
        "coordinate_source": "Area-centroid approximation based on the locality wording in the official vend name",
        "coordinate_fill_version": "2026-07-29-area-centroid-fill-v1",
        "coordinate_order": "[longitude, latitude]"
      }
    },
    {
      "type": "Feature",
      "id": "dccws-imfl-86",
      "geometry": {
        "type": "Point",
        "coordinates": [
          77.273,
          28.539
        ]
      },
      "properties": {
        "serial_no": 86,
        "vend_id": "01/2024/0478",
        "name": "DLF PRIME TOWER",
        "address": "SHOP NO. DPT-014, GROUND FLOOR, DLF PRIME TOWER, OKHLA INDUSTRIAL AREA, PHASE-I, DELHI-110020",
        "vend_category": "Indian-made foreign liquor / beer retail vend",
        "licence_class": "L-6 or L-10 as listed",
        "operator": "Delhi Consumer's Co-operative Wholesale Store Ltd. (DCCWS)",
        "jurisdiction": "NCT of Delhi",
        "operational_status": "listed; not independently verified",
        "geometry_status": "coordinates not published by source",
        "source_url": "https://dccws.delhi.gov.in/dccws/indian-made-foreign-liquor",
        "source_last_updated": "2026-07-27",
        "coordinate_search_source": "OpenStreetMap",
        "coordinate_search_status": "no high-confidence one-to-one OSM match assigned",
        "coordinate_is_approximate": true,
        "coordinate_quality": "approximate_area_centroid",
        "matched_area": "okhla industrial area",
        "coordinate_method": "interpreted_locality_centroid",
        "coordinate_confidence": "medium",
        "estimated_accuracy_m": 1500,
        "coordinate_warning": "Approximate locality/sector centre. This is not the verified vend entrance.",
        "coordinate_source": "Area-centroid approximation based on the locality wording in the official vend name",
        "coordinate_fill_version": "2026-07-29-area-centroid-fill-v1",
        "coordinate_order": "[longitude, latitude]"
      }
    },
    {
      "type": "Feature",
      "id": "dccws-imfl-87",
      "geometry": {
        "type": "Point",
        "coordinates": [
          77.273,
          28.663
        ]
      },
      "properties": {
        "serial_no": 87,
        "vend_id": "01/2024/0486",
        "name": "KANTI NAGAR",
        "address": "B-8, GROUND FLOOR, OLD PLOT NO. 43, BLOCK-5, KANTI NAGAR, DELHI-110032",
        "vend_category": "Indian-made foreign liquor / beer retail vend",
        "licence_class": "L-6 or L-10 as listed",
        "operator": "Delhi Consumer's Co-operative Wholesale Store Ltd. (DCCWS)",
        "jurisdiction": "NCT of Delhi",
        "operational_status": "listed; not independently verified",
        "geometry_status": "coordinates not published by source",
        "source_url": "https://dccws.delhi.gov.in/dccws/indian-made-foreign-liquor",
        "source_last_updated": "2026-07-27",
        "coordinate_search_source": "OpenStreetMap",
        "coordinate_search_status": "no high-confidence one-to-one OSM match assigned",
        "coordinate_is_approximate": true,
        "coordinate_quality": "approximate_area_centroid",
        "matched_area": "kanti nagar",
        "coordinate_method": "named_locality_centroid",
        "coordinate_confidence": "medium",
        "estimated_accuracy_m": 1200,
        "coordinate_warning": "Approximate locality/sector centre. This is not the verified vend entrance.",
        "coordinate_source": "Area-centroid approximation based on the locality wording in the official vend name",
        "coordinate_fill_version": "2026-07-29-area-centroid-fill-v1",
        "coordinate_order": "[longitude, latitude]"
      }
    },
    {
      "type": "Feature",
      "id": "dccws-imfl-88",
      "geometry": {
        "type": "Point",
        "coordinates": [
          77.308,
          28.693
        ]
      },
      "properties": {
        "serial_no": 88,
        "vend_id": "01/2024/0498",
        "name": "GAGAN CINEMA",
        "address": "UNIT/SHOP IN GAGAN THEATRE COMMUNITY CENTRE, NAND NAGRI, DELHI-110093",
        "vend_category": "Indian-made foreign liquor / beer retail vend",
        "licence_class": "L-6 or L-10 as listed",
        "operator": "Delhi Consumer's Co-operative Wholesale Store Ltd. (DCCWS)",
        "jurisdiction": "NCT of Delhi",
        "operational_status": "listed; not independently verified",
        "geometry_status": "coordinates not published by source",
        "source_url": "https://dccws.delhi.gov.in/dccws/indian-made-foreign-liquor",
        "source_last_updated": "2026-07-27",
        "coordinate_search_source": "OpenStreetMap",
        "coordinate_search_status": "no high-confidence one-to-one OSM match assigned",
        "coordinate_is_approximate": true,
        "coordinate_quality": "approximate_area_centroid",
        "matched_area": "gagan cinema",
        "coordinate_method": "named_locality_centroid",
        "coordinate_confidence": "medium",
        "estimated_accuracy_m": 1200,
        "coordinate_warning": "Approximate locality/sector centre. This is not the verified vend entrance.",
        "coordinate_source": "Area-centroid approximation based on the locality wording in the official vend name",
        "coordinate_fill_version": "2026-07-29-area-centroid-fill-v1",
        "coordinate_order": "[longitude, latitude]"
      }
    },
    {
      "type": "Feature",
      "id": "dccws-imfl-89",
      "geometry": {
        "type": "Point",
        "coordinates": [
          77.082,
          28.724
        ]
      },
      "properties": {
        "serial_no": 89,
        "vend_id": "01/2024/0509",
        "name": "ROHINI SECTOR-21",
        "address": "R.K. PLAZA, ROHINI SECTOR-21, DELHI",
        "vend_category": "Indian-made foreign liquor / beer retail vend",
        "licence_class": "L-6 or L-10 as listed",
        "operator": "Delhi Consumer's Co-operative Wholesale Store Ltd. (DCCWS)",
        "jurisdiction": "NCT of Delhi",
        "operational_status": "listed; not independently verified",
        "geometry_status": "coordinates not published by source",
        "source_url": "https://dccws.delhi.gov.in/dccws/indian-made-foreign-liquor",
        "source_last_updated": "2026-07-27",
        "coordinate_search_source": "OpenStreetMap",
        "coordinate_search_status": "no high-confidence one-to-one OSM match assigned",
        "coordinate_is_approximate": true,
        "coordinate_quality": "approximate_area_centroid",
        "matched_area": "rohini sector 21",
        "coordinate_method": "sector_centroid",
        "coordinate_confidence": "medium",
        "estimated_accuracy_m": 800,
        "coordinate_warning": "Approximate locality/sector centre. This is not the verified vend entrance.",
        "coordinate_source": "Area-centroid approximation based on the locality wording in the official vend name",
        "coordinate_fill_version": "2026-07-29-area-centroid-fill-v1",
        "coordinate_order": "[longitude, latitude]"
      }
    },
    {
      "type": "Feature",
      "id": "dccws-imfl-90",
      "geometry": {
        "type": "Point",
        "coordinates": [
          77.287,
          28.62
        ]
      },
      "properties": {
        "serial_no": 90,
        "vend_id": "01/2024/1189",
        "name": "PANDAV NAGAR",
        "address": "SHOP NO. E-8, GROUND FLOOR, PANDAV NAGAR, DELHI-110092",
        "vend_category": "Indian-made foreign liquor / beer retail vend",
        "licence_class": "L-6 or L-10 as listed",
        "operator": "Delhi Consumer's Co-operative Wholesale Store Ltd. (DCCWS)",
        "jurisdiction": "NCT of Delhi",
        "operational_status": "listed; not independently verified",
        "geometry_status": "coordinates not published by source",
        "source_url": "https://dccws.delhi.gov.in/dccws/indian-made-foreign-liquor",
        "source_last_updated": "2026-07-27",
        "coordinate_search_source": "OpenStreetMap",
        "coordinate_search_status": "no high-confidence one-to-one OSM match assigned",
        "coordinate_is_approximate": true,
        "coordinate_quality": "approximate_area_centroid",
        "matched_area": "pandav nagar",
        "coordinate_method": "named_locality_centroid",
        "coordinate_confidence": "medium",
        "estimated_accuracy_m": 1200,
        "coordinate_warning": "Approximate locality/sector centre. This is not the verified vend entrance.",
        "coordinate_source": "Area-centroid approximation based on the locality wording in the official vend name",
        "coordinate_fill_version": "2026-07-29-area-centroid-fill-v1",
        "coordinate_order": "[longitude, latitude]"
      }
    },
    {
      "type": "Feature",
      "id": "dccws-imfl-91",
      "geometry": {
        "type": "Point",
        "coordinates": [
          77.293,
          28.608
        ]
      },
      "properties": {
        "serial_no": 91,
        "vend_id": "01/2024/0336",
        "name": "DLF GALLERIA MAYUR VIHAR, SHOPS DGL 39 & 45",
        "address": "SHOPS DGL 39 & 45, DLF GALLERIA, MAYUR VIHAR PHASE-I, DELHI-110091",
        "vend_category": "Indian-made foreign liquor / beer retail vend",
        "licence_class": "L-6 or L-10 as listed",
        "operator": "Delhi Consumer's Co-operative Wholesale Store Ltd. (DCCWS)",
        "jurisdiction": "NCT of Delhi",
        "operational_status": "listed; not independently verified",
        "geometry_status": "coordinates not published by source",
        "source_url": "https://dccws.delhi.gov.in/dccws/indian-made-foreign-liquor",
        "source_last_updated": "2026-07-27",
        "coordinate_search_source": "OpenStreetMap",
        "coordinate_search_status": "no high-confidence one-to-one OSM match assigned",
        "coordinate_is_approximate": true,
        "coordinate_quality": "approximate_area_centroid",
        "matched_area": "mayur vihar phase 1",
        "coordinate_method": "interpreted_locality_centroid",
        "coordinate_confidence": "medium",
        "estimated_accuracy_m": 1500,
        "coordinate_warning": "Approximate locality/sector centre. This is not the verified vend entrance.",
        "coordinate_source": "Area-centroid approximation based on the locality wording in the official vend name",
        "coordinate_fill_version": "2026-07-29-area-centroid-fill-v1",
        "coordinate_order": "[longitude, latitude]"
      }
    },
    {
      "type": "Feature",
      "id": "dccws-imfl-92",
      "geometry": {
        "type": "Point",
        "coordinates": [
          77.293,
          28.608
        ]
      },
      "properties": {
        "serial_no": 92,
        "vend_id": "01/2024/0326",
        "name": "DLF GALLERIA MAYUR VIHAR, SHOPS DGL 33 & 34",
        "address": "SHOPS DGL 33 & 34, DLF GALLERIA, MAYUR VIHAR PHASE-I, DELHI-110091",
        "vend_category": "Indian-made foreign liquor / beer retail vend",
        "licence_class": "L-6 or L-10 as listed",
        "operator": "Delhi Consumer's Co-operative Wholesale Store Ltd. (DCCWS)",
        "jurisdiction": "NCT of Delhi",
        "operational_status": "listed; not independently verified",
        "geometry_status": "coordinates not published by source",
        "source_url": "https://dccws.delhi.gov.in/dccws/indian-made-foreign-liquor",
        "source_last_updated": "2026-07-27",
        "coordinate_search_source": "OpenStreetMap",
        "coordinate_search_status": "no high-confidence one-to-one OSM match assigned",
        "coordinate_is_approximate": true,
        "coordinate_quality": "approximate_area_centroid",
        "matched_area": "mayur vihar phase 1",
        "coordinate_method": "interpreted_locality_centroid",
        "coordinate_confidence": "medium",
        "estimated_accuracy_m": 1500,
        "coordinate_warning": "Approximate locality/sector centre. This is not the verified vend entrance.",
        "coordinate_source": "Area-centroid approximation based on the locality wording in the official vend name",
        "coordinate_fill_version": "2026-07-29-area-centroid-fill-v1",
        "coordinate_order": "[longitude, latitude]"
      }
    },
    {
      "type": "Feature",
      "id": "dccws-imfl-93",
      "geometry": {
        "type": "Point",
        "coordinates": [
          77.164,
          28.682
        ]
      },
      "properties": {
        "serial_no": 93,
        "vend_id": "01/2024/0446",
        "name": "KANHAIYA NAGAR (DMRC)",
        "address": "SHOP NO. 1 & 2, KANHAIYA NAGAR METRO STATION, NEW DELHI-110035",
        "vend_category": "Indian-made foreign liquor / beer retail vend",
        "licence_class": "L-6 or L-10 as listed",
        "operator": "Delhi Consumer's Co-operative Wholesale Store Ltd. (DCCWS)",
        "jurisdiction": "NCT of Delhi",
        "operational_status": "listed; not independently verified",
        "geometry_status": "coordinates not published by source",
        "source_url": "https://dccws.delhi.gov.in/dccws/indian-made-foreign-liquor",
        "source_last_updated": "2026-07-27",
        "coordinate_search_source": "OpenStreetMap",
        "coordinate_search_status": "no high-confidence one-to-one OSM match assigned",
        "coordinate_is_approximate": true,
        "coordinate_quality": "approximate_area_centroid",
        "matched_area": "kanhaiya nagar",
        "coordinate_method": "named_locality_centroid",
        "coordinate_confidence": "medium",
        "estimated_accuracy_m": 1200,
        "coordinate_warning": "Approximate locality/sector centre. This is not the verified vend entrance.",
        "coordinate_source": "Area-centroid approximation based on the locality wording in the official vend name",
        "coordinate_fill_version": "2026-07-29-area-centroid-fill-v1",
        "coordinate_order": "[longitude, latitude]"
      }
    },
    {
      "type": "Feature",
      "id": "dccws-imfl-94",
      "geometry": {
        "type": "Point",
        "coordinates": [
          77.206,
          28.698
        ]
      },
      "properties": {
        "serial_no": 94,
        "vend_id": "01/2024/1485",
        "name": "MALL ROAD, GTB NAGAR",
        "address": "SHOP NO. 120, MALL ROAD, GTB NAGAR, DELHI-110009",
        "vend_category": "Indian-made foreign liquor / beer retail vend",
        "licence_class": "L-6 or L-10 as listed",
        "operator": "Delhi Consumer's Co-operative Wholesale Store Ltd. (DCCWS)",
        "jurisdiction": "NCT of Delhi",
        "operational_status": "listed; not independently verified",
        "geometry_status": "coordinates not published by source",
        "source_url": "https://dccws.delhi.gov.in/dccws/indian-made-foreign-liquor",
        "source_last_updated": "2026-07-27",
        "coordinate_search_source": "OpenStreetMap",
        "coordinate_search_status": "no high-confidence one-to-one OSM match assigned",
        "coordinate_is_approximate": true,
        "coordinate_quality": "approximate_area_centroid",
        "matched_area": "gtb nagar",
        "coordinate_method": "named_locality_centroid",
        "coordinate_confidence": "medium",
        "estimated_accuracy_m": 1200,
        "coordinate_warning": "Approximate locality/sector centre. This is not the verified vend entrance.",
        "coordinate_source": "Area-centroid approximation based on the locality wording in the official vend name",
        "coordinate_fill_version": "2026-07-29-area-centroid-fill-v1",
        "coordinate_order": "[longitude, latitude]"
      }
    },
    {
      "type": "Feature",
      "id": "dccws-imfl-95",
      "geometry": {
        "type": "Point",
        "coordinates": [
          77.045,
          28.62
        ]
      },
      "properties": {
        "serial_no": 95,
        "vend_id": "01/2024/1402",
        "name": "MASUDABAD II",
        "address": "SHOP NO. 3, KHASRA NO. 10/10/1, MASUDABAD, NAJAFGARH FIRNI ROAD, NEW DELHI-110043",
        "vend_category": "Indian-made foreign liquor / beer retail vend",
        "licence_class": "L-6 or L-10 as listed",
        "operator": "Delhi Consumer's Co-operative Wholesale Store Ltd. (DCCWS)",
        "jurisdiction": "NCT of Delhi",
        "operational_status": "listed; not independently verified",
        "geometry_status": "coordinates not published by source",
        "source_url": "https://dccws.delhi.gov.in/dccws/indian-made-foreign-liquor",
        "source_last_updated": "2026-07-27",
        "coordinate_search_source": "OpenStreetMap",
        "coordinate_search_status": "no high-confidence one-to-one OSM match assigned",
        "coordinate_is_approximate": true,
        "coordinate_quality": "approximate_area_centroid",
        "matched_area": "nawada",
        "coordinate_method": "interpreted_locality_centroid",
        "coordinate_confidence": "medium",
        "estimated_accuracy_m": 1500,
        "coordinate_warning": "Approximate locality/sector centre. This is not the verified vend entrance.",
        "coordinate_source": "Area-centroid approximation based on the locality wording in the official vend name",
        "coordinate_fill_version": "2026-07-29-area-centroid-fill-v1",
        "coordinate_order": "[longitude, latitude]"
      }
    },
    {
      "type": "Feature",
      "id": "dccws-imfl-96",
      "geometry": {
        "type": "Point",
        "coordinates": [
          77.116,
          28.701
        ]
      },
      "properties": {
        "serial_no": 96,
        "vend_id": "01/2024/0459",
        "name": "W-MALL, ROHINI SEC.-3",
        "address": "SHOP NO. G-44, W-MALL, PLOT NO. 09, SECTOR-3, DISTRICT CENTER, ROHINI, DELHI-110085",
        "vend_category": "Indian-made foreign liquor / beer retail vend",
        "licence_class": "L-6 or L-10 as listed",
        "operator": "Delhi Consumer's Co-operative Wholesale Store Ltd. (DCCWS)",
        "jurisdiction": "NCT of Delhi",
        "operational_status": "listed; not independently verified",
        "geometry_status": "coordinates not published by source",
        "source_url": "https://dccws.delhi.gov.in/dccws/indian-made-foreign-liquor",
        "source_last_updated": "2026-07-27",
        "coordinate_search_source": "OpenStreetMap",
        "coordinate_search_status": "no high-confidence one-to-one OSM match assigned",
        "coordinate_is_approximate": true,
        "coordinate_quality": "approximate_area_centroid",
        "matched_area": "rohini sector 3",
        "coordinate_method": "sector_centroid",
        "coordinate_confidence": "medium",
        "estimated_accuracy_m": 800,
        "coordinate_warning": "Approximate locality/sector centre. This is not the verified vend entrance.",
        "coordinate_source": "Area-centroid approximation based on the locality wording in the official vend name",
        "coordinate_fill_version": "2026-07-29-area-centroid-fill-v1",
        "coordinate_order": "[longitude, latitude]"
      }
    },
    {
      "type": "Feature",
      "id": "dccws-imfl-97",
      "geometry": {
        "type": "Point",
        "coordinates": [
          77.19,
          28.701
        ]
      },
      "properties": {
        "serial_no": 97,
        "vend_id": "01/2024/0476",
        "name": "GUJRAWALA TOWN-II",
        "address": "SHOP NO. 19,20 & 21, GROUND FLOOR, LSC, GUJRAWALA TOWN PART-I, DELHI-110009",
        "vend_category": "Indian-made foreign liquor / beer retail vend",
        "licence_class": "L-6 or L-10 as listed",
        "operator": "Delhi Consumer's Co-operative Wholesale Store Ltd. (DCCWS)",
        "jurisdiction": "NCT of Delhi",
        "operational_status": "listed; not independently verified",
        "geometry_status": "coordinates not published by source",
        "source_url": "https://dccws.delhi.gov.in/dccws/indian-made-foreign-liquor",
        "source_last_updated": "2026-07-27",
        "coordinate_search_source": "OpenStreetMap",
        "coordinate_search_status": "no high-confidence one-to-one OSM match assigned",
        "coordinate_is_approximate": true,
        "coordinate_quality": "approximate_area_centroid",
        "matched_area": "gujranwala town",
        "coordinate_method": "interpreted_locality_centroid",
        "coordinate_confidence": "medium",
        "estimated_accuracy_m": 1500,
        "coordinate_warning": "Approximate locality/sector centre. This is not the verified vend entrance.",
        "coordinate_source": "Area-centroid approximation based on the locality wording in the official vend name",
        "coordinate_fill_version": "2026-07-29-area-centroid-fill-v1",
        "coordinate_order": "[longitude, latitude]"
      }
    },
    {
      "type": "Feature",
      "id": "dccws-imfl-98",
      "geometry": {
        "type": "Point",
        "coordinates": [
          77.266,
          28.7
        ]
      },
      "properties": {
        "serial_no": 98,
        "vend_id": "01/2024/0481",
        "name": "SOUTH GAMRI",
        "address": "A-520, SOUTH GAMRI, KARTAR NAGAR, DELHI",
        "vend_category": "Indian-made foreign liquor / beer retail vend",
        "licence_class": "L-6 or L-10 as listed",
        "operator": "Delhi Consumer's Co-operative Wholesale Store Ltd. (DCCWS)",
        "jurisdiction": "NCT of Delhi",
        "operational_status": "listed; not independently verified",
        "geometry_status": "coordinates not published by source",
        "source_url": "https://dccws.delhi.gov.in/dccws/indian-made-foreign-liquor",
        "source_last_updated": "2026-07-27",
        "coordinate_search_source": "OpenStreetMap",
        "coordinate_search_status": "no high-confidence one-to-one OSM match assigned",
        "coordinate_is_approximate": true,
        "coordinate_quality": "approximate_area_centroid",
        "matched_area": "south gamri",
        "coordinate_method": "named_locality_centroid",
        "coordinate_confidence": "medium",
        "estimated_accuracy_m": 1200,
        "coordinate_warning": "Approximate locality/sector centre. This is not the verified vend entrance.",
        "coordinate_source": "Area-centroid approximation based on the locality wording in the official vend name",
        "coordinate_fill_version": "2026-07-29-area-centroid-fill-v1",
        "coordinate_order": "[longitude, latitude]"
      }
    },
    {
      "type": "Feature",
      "id": "dccws-imfl-99",
      "geometry": {
        "type": "Point",
        "coordinates": [
          77.303,
          28.493
        ]
      },
      "properties": {
        "serial_no": 99,
        "vend_id": "01/2024/0499",
        "name": "DMRC BADARPUR",
        "address": "SHOP NO. 6, BADARPUR METRO STATION, BADARPUR, DELHI",
        "vend_category": "Indian-made foreign liquor / beer retail vend",
        "licence_class": "L-6 or L-10 as listed",
        "operator": "Delhi Consumer's Co-operative Wholesale Store Ltd. (DCCWS)",
        "jurisdiction": "NCT of Delhi",
        "operational_status": "listed; not independently verified",
        "geometry_status": "coordinates not published by source",
        "source_url": "https://dccws.delhi.gov.in/dccws/indian-made-foreign-liquor",
        "source_last_updated": "2026-07-27",
        "coordinate_search_source": "OpenStreetMap",
        "coordinate_search_status": "no high-confidence one-to-one OSM match assigned",
        "coordinate_is_approximate": true,
        "coordinate_quality": "approximate_area_centroid",
        "matched_area": "badarpur",
        "coordinate_method": "named_locality_centroid",
        "coordinate_confidence": "medium",
        "estimated_accuracy_m": 1200,
        "coordinate_warning": "Approximate locality/sector centre. This is not the verified vend entrance.",
        "coordinate_source": "Area-centroid approximation based on the locality wording in the official vend name",
        "coordinate_fill_version": "2026-07-29-area-centroid-fill-v1",
        "coordinate_order": "[longitude, latitude]"
      }
    },
    {
      "type": "Feature",
      "id": "dccws-imfl-100",
      "geometry": {
        "type": "Point",
        "coordinates": [
          77.227,
          28.5
        ]
      },
      "properties": {
        "serial_no": 100,
        "vend_id": "01/2024/0501",
        "name": "DEVLI",
        "address": "SHOP NO. A-166, MAIN ROAD, DEVLI, NEW DELHI-110062",
        "vend_category": "Indian-made foreign liquor / beer retail vend",
        "licence_class": "L-6 or L-10 as listed",
        "operator": "Delhi Consumer's Co-operative Wholesale Store Ltd. (DCCWS)",
        "jurisdiction": "NCT of Delhi",
        "operational_status": "listed; not independently verified",
        "geometry_status": "coordinates not published by source",
        "source_url": "https://dccws.delhi.gov.in/dccws/indian-made-foreign-liquor",
        "source_last_updated": "2026-07-27",
        "coordinate_search_source": "OpenStreetMap",
        "coordinate_search_status": "no high-confidence one-to-one OSM match assigned",
        "coordinate_is_approximate": true,
        "coordinate_quality": "approximate_area_centroid",
        "matched_area": "devli",
        "coordinate_method": "named_locality_centroid",
        "coordinate_confidence": "medium",
        "estimated_accuracy_m": 1200,
        "coordinate_warning": "Approximate locality/sector centre. This is not the verified vend entrance.",
        "coordinate_source": "Area-centroid approximation based on the locality wording in the official vend name",
        "coordinate_fill_version": "2026-07-29-area-centroid-fill-v1",
        "coordinate_order": "[longitude, latitude]"
      }
    },
    {
      "type": "Feature",
      "id": "dccws-imfl-101",
      "geometry": {
        "type": "Point",
        "coordinates": [
          77.181,
          28.67
        ]
      },
      "properties": {
        "serial_no": 101,
        "vend_id": "01/2024/0456",
        "name": "SHASTRI NAGAR",
        "address": "SHOP NO. E-2/235-A, GROUND FLOOR, SHASTRI NAGAR, NEW DELHI-110052",
        "vend_category": "Indian-made foreign liquor / beer retail vend",
        "licence_class": "L-6 or L-10 as listed",
        "operator": "Delhi Consumer's Co-operative Wholesale Store Ltd. (DCCWS)",
        "jurisdiction": "NCT of Delhi",
        "operational_status": "listed; not independently verified",
        "geometry_status": "coordinates not published by source",
        "source_url": "https://dccws.delhi.gov.in/dccws/indian-made-foreign-liquor",
        "source_last_updated": "2026-07-27",
        "coordinate_search_source": "OpenStreetMap",
        "coordinate_search_status": "no high-confidence one-to-one OSM match assigned",
        "coordinate_is_approximate": true,
        "coordinate_quality": "approximate_area_centroid",
        "matched_area": "shastri nagar",
        "coordinate_method": "interpreted_locality_centroid",
        "coordinate_confidence": "medium",
        "estimated_accuracy_m": 1500,
        "coordinate_warning": "Approximate locality/sector centre. This is not the verified vend entrance.",
        "coordinate_source": "Area-centroid approximation based on the locality wording in the official vend name",
        "coordinate_fill_version": "2026-07-29-area-centroid-fill-v1",
        "coordinate_order": "[longitude, latitude]"
      }
    },
    {
      "type": "Feature",
      "id": "dccws-imfl-102",
      "geometry": {
        "type": "Point",
        "coordinates": [
          77.208,
          28.671
        ]
      },
      "properties": {
        "serial_no": 102,
        "vend_id": "01/2024/0462",
        "name": "SARAI BARAF KHANA KAURIYA PUL",
        "address": "2287/II, PVT. NO. 36,35-A & 35/1, SARAI BARAF KHANA, KAURIA PUL, H.C. SEN ROAD, DELHI-110006",
        "vend_category": "Indian-made foreign liquor / beer retail vend",
        "licence_class": "L-6 or L-10 as listed",
        "operator": "Delhi Consumer's Co-operative Wholesale Store Ltd. (DCCWS)",
        "jurisdiction": "NCT of Delhi",
        "operational_status": "listed; not independently verified",
        "geometry_status": "coordinates not published by source",
        "source_url": "https://dccws.delhi.gov.in/dccws/indian-made-foreign-liquor",
        "source_last_updated": "2026-07-27",
        "coordinate_search_source": "OpenStreetMap",
        "coordinate_search_status": "no high-confidence one-to-one OSM match assigned",
        "coordinate_is_approximate": true,
        "coordinate_quality": "approximate_area_centroid",
        "matched_area": "sarai baraf khana",
        "coordinate_method": "interpreted_parent_area_centroid",
        "coordinate_confidence": "low",
        "estimated_accuracy_m": 3000,
        "coordinate_warning": "Approximate locality/sector centre. This is not the verified vend entrance.",
        "coordinate_source": "Area-centroid approximation based on the locality wording in the official vend name",
        "coordinate_fill_version": "2026-07-29-area-centroid-fill-v1",
        "coordinate_order": "[longitude, latitude]"
      }
    },
    {
      "type": "Feature",
      "id": "dccws-imfl-103",
      "geometry": {
        "type": "Point",
        "coordinates": [
          77.312,
          28.629
        ]
      },
      "properties": {
        "serial_no": 103,
        "vend_id": "01/2024/0300",
        "name": "R.G. SQUARE MALL, I.P. EXTENSION L-10",
        "address": "SHOPS G-9, G-30, G-10 & G-29, R.G. SQUARE MALL, DELHI",
        "vend_category": "Indian-made foreign liquor / beer retail vend",
        "licence_class": "L-6 or L-10 as listed",
        "operator": "Delhi Consumer's Co-operative Wholesale Store Ltd. (DCCWS)",
        "jurisdiction": "NCT of Delhi",
        "operational_status": "listed; not independently verified",
        "geometry_status": "coordinates not published by source",
        "source_url": "https://dccws.delhi.gov.in/dccws/indian-made-foreign-liquor",
        "source_last_updated": "2026-07-27",
        "coordinate_search_source": "OpenStreetMap",
        "coordinate_search_status": "no high-confidence one-to-one OSM match assigned",
        "coordinate_is_approximate": true,
        "coordinate_quality": "approximate_area_centroid",
        "matched_area": "ip extension",
        "coordinate_method": "interpreted_locality_centroid",
        "coordinate_confidence": "medium",
        "estimated_accuracy_m": 1500,
        "coordinate_warning": "Approximate locality/sector centre. This is not the verified vend entrance.",
        "coordinate_source": "Area-centroid approximation based on the locality wording in the official vend name",
        "coordinate_fill_version": "2026-07-29-area-centroid-fill-v1",
        "coordinate_order": "[longitude, latitude]"
      }
    },
    {
      "type": "Feature",
      "id": "dccws-imfl-104",
      "geometry": {
        "type": "Point",
        "coordinates": [
          77.1,
          28.67
        ]
      },
      "properties": {
        "serial_no": 104,
        "vend_id": "01/2024/1623",
        "name": "ARSS MALL, JWALA HERI",
        "address": "SHOP NO. G-16, ARSS MALL, PLOT NO. 40, COMMUNITY CENTER, JWALA HERI, PASCHIM VIHAR, NEW DELHI-110063",
        "vend_category": "Indian-made foreign liquor / beer retail vend",
        "licence_class": "L-6 or L-10 as listed",
        "operator": "Delhi Consumer's Co-operative Wholesale Store Ltd. (DCCWS)",
        "jurisdiction": "NCT of Delhi",
        "operational_status": "listed; not independently verified",
        "geometry_status": "coordinates not published by source",
        "source_url": "https://dccws.delhi.gov.in/dccws/indian-made-foreign-liquor",
        "source_last_updated": "2026-07-27",
        "coordinate_search_source": "OpenStreetMap",
        "coordinate_search_status": "no high-confidence one-to-one OSM match assigned",
        "coordinate_is_approximate": true,
        "coordinate_quality": "approximate_area_centroid",
        "matched_area": "jwala heri",
        "coordinate_method": "interpreted_locality_centroid",
        "coordinate_confidence": "medium",
        "estimated_accuracy_m": 1500,
        "coordinate_warning": "Approximate locality/sector centre. This is not the verified vend entrance.",
        "coordinate_source": "Area-centroid approximation based on the locality wording in the official vend name",
        "coordinate_fill_version": "2026-07-29-area-centroid-fill-v1",
        "coordinate_order": "[longitude, latitude]"
      }
    },
    {
      "type": "Feature",
      "id": "dccws-imfl-105",
      "geometry": {
        "type": "Point",
        "coordinates": [
          77.192,
          28.513
        ]
      },
      "properties": {
        "serial_no": 105,
        "vend_id": "01/2024/0465",
        "name": "SAIDULAJAIB",
        "address": "SHOP NO. 07, CSC, SAIDULAJAIB, SAKET, NEW DELHI-110017",
        "vend_category": "Indian-made foreign liquor / beer retail vend",
        "licence_class": "L-6 or L-10 as listed",
        "operator": "Delhi Consumer's Co-operative Wholesale Store Ltd. (DCCWS)",
        "jurisdiction": "NCT of Delhi",
        "operational_status": "listed; not independently verified",
        "geometry_status": "coordinates not published by source",
        "source_url": "https://dccws.delhi.gov.in/dccws/indian-made-foreign-liquor",
        "source_last_updated": "2026-07-27",
        "coordinate_search_source": "OpenStreetMap",
        "coordinate_search_status": "no high-confidence one-to-one OSM match assigned",
        "coordinate_is_approximate": true,
        "coordinate_quality": "approximate_area_centroid",
        "matched_area": "saidulajab",
        "coordinate_method": "fuzzy_locality_centroid",
        "coordinate_confidence": "low",
        "estimated_accuracy_m": 2200,
        "coordinate_warning": "Approximate locality/sector centre. This is not the verified vend entrance.",
        "coordinate_source": "Area-centroid approximation based on the locality wording in the official vend name",
        "coordinate_fill_version": "2026-07-29-area-centroid-fill-v1",
        "coordinate_order": "[longitude, latitude]"
      }
    },
    {
      "type": "Feature",
      "id": "dccws-imfl-106",
      "geometry": {
        "type": "Point",
        "coordinates": [
          77.184,
          28.672
        ]
      },
      "properties": {
        "serial_no": 106,
        "vend_id": "01/2024/1490",
        "name": "GULABI BAGH-II",
        "address": "SHOP NO. 7A, 7 & 9, CSC, GULABI BAGH, DELHI-110007",
        "vend_category": "Indian-made foreign liquor / beer retail vend",
        "licence_class": "L-6 or L-10 as listed",
        "operator": "Delhi Consumer's Co-operative Wholesale Store Ltd. (DCCWS)",
        "jurisdiction": "NCT of Delhi",
        "operational_status": "listed; not independently verified",
        "geometry_status": "coordinates not published by source",
        "source_url": "https://dccws.delhi.gov.in/dccws/indian-made-foreign-liquor",
        "source_last_updated": "2026-07-27",
        "coordinate_search_source": "OpenStreetMap",
        "coordinate_search_status": "no high-confidence one-to-one OSM match assigned",
        "coordinate_is_approximate": true,
        "coordinate_quality": "approximate_area_centroid",
        "matched_area": "gulabi bagh",
        "coordinate_method": "named_locality_centroid",
        "coordinate_confidence": "medium",
        "estimated_accuracy_m": 1200,
        "coordinate_warning": "Approximate locality/sector centre. This is not the verified vend entrance.",
        "coordinate_source": "Area-centroid approximation based on the locality wording in the official vend name",
        "coordinate_fill_version": "2026-07-29-area-centroid-fill-v1",
        "coordinate_order": "[longitude, latitude]"
      }
    },
    {
      "type": "Feature",
      "id": "dccws-imfl-107",
      "geometry": {
        "type": "Point",
        "coordinates": [
          77.19,
          28.701
        ]
      },
      "properties": {
        "serial_no": 107,
        "vend_id": "01/2024/0490",
        "name": "ORBIT PLAZA GUJRAWALA TOWN III",
        "address": "SHOP NO. GF-55, GROUND FLOOR, NORTH GATE, ORBIT PLAZA, GUJRAWALA TOWN, DELHI-110009",
        "vend_category": "Indian-made foreign liquor / beer retail vend",
        "licence_class": "L-6 or L-10 as listed",
        "operator": "Delhi Consumer's Co-operative Wholesale Store Ltd. (DCCWS)",
        "jurisdiction": "NCT of Delhi",
        "operational_status": "listed; not independently verified",
        "geometry_status": "coordinates not published by source",
        "source_url": "https://dccws.delhi.gov.in/dccws/indian-made-foreign-liquor",
        "source_last_updated": "2026-07-27",
        "coordinate_search_source": "OpenStreetMap",
        "coordinate_search_status": "no high-confidence one-to-one OSM match assigned",
        "coordinate_is_approximate": true,
        "coordinate_quality": "approximate_area_centroid",
        "matched_area": "gujranwala town",
        "coordinate_method": "interpreted_locality_centroid",
        "coordinate_confidence": "medium",
        "estimated_accuracy_m": 1500,
        "coordinate_warning": "Approximate locality/sector centre. This is not the verified vend entrance.",
        "coordinate_source": "Area-centroid approximation based on the locality wording in the official vend name",
        "coordinate_fill_version": "2026-07-29-area-centroid-fill-v1",
        "coordinate_order": "[longitude, latitude]"
      }
    },
    {
      "type": "Feature",
      "id": "dccws-imfl-108",
      "geometry": {
        "type": "Point",
        "coordinates": [
          77.301,
          28.675
        ]
      },
      "properties": {
        "serial_no": 108,
        "vend_id": "01/2024/1458",
        "name": "MANSAROVER PARK, DMRC",
        "address": "SHOP NO. PAKG.3 (PD9), FIRST FLOOR, MANSAROVER PARK METRO STATION, DELHI",
        "vend_category": "Indian-made foreign liquor / beer retail vend",
        "licence_class": "L-6 or L-10 as listed",
        "operator": "Delhi Consumer's Co-operative Wholesale Store Ltd. (DCCWS)",
        "jurisdiction": "NCT of Delhi",
        "operational_status": "listed; not independently verified",
        "geometry_status": "coordinates not published by source",
        "source_url": "https://dccws.delhi.gov.in/dccws/indian-made-foreign-liquor",
        "source_last_updated": "2026-07-27",
        "coordinate_search_source": "OpenStreetMap",
        "coordinate_search_status": "no high-confidence one-to-one OSM match assigned",
        "coordinate_is_approximate": true,
        "coordinate_quality": "approximate_area_centroid",
        "matched_area": "mansarovar park",
        "coordinate_method": "fuzzy_locality_centroid",
        "coordinate_confidence": "low",
        "estimated_accuracy_m": 2200,
        "coordinate_warning": "Approximate locality/sector centre. This is not the verified vend entrance.",
        "coordinate_source": "Area-centroid approximation based on the locality wording in the official vend name",
        "coordinate_fill_version": "2026-07-29-area-centroid-fill-v1",
        "coordinate_order": "[longitude, latitude]"
      }
    },
    {
      "type": "Feature",
      "id": "dccws-imfl-109",
      "geometry": {
        "type": "Point",
        "coordinates": [
          77.082,
          28.653
        ]
      },
      "properties": {
        "serial_no": 109,
        "vend_id": "01/2024/0511",
        "name": "KESHOPUR INDUSTRIAL AREA",
        "address": "SHOP NO. A-38, KESHOPUR INDUSTRIAL AREA, NEW DELHI",
        "vend_category": "Indian-made foreign liquor / beer retail vend",
        "licence_class": "L-6 or L-10 as listed",
        "operator": "Delhi Consumer's Co-operative Wholesale Store Ltd. (DCCWS)",
        "jurisdiction": "NCT of Delhi",
        "operational_status": "listed; not independently verified",
        "geometry_status": "coordinates not published by source",
        "source_url": "https://dccws.delhi.gov.in/dccws/indian-made-foreign-liquor",
        "source_last_updated": "2026-07-27",
        "coordinate_search_source": "OpenStreetMap",
        "coordinate_search_status": "no high-confidence one-to-one OSM match assigned",
        "coordinate_is_approximate": true,
        "coordinate_quality": "approximate_area_centroid",
        "matched_area": "keshopur industrial area",
        "coordinate_method": "named_locality_centroid",
        "coordinate_confidence": "medium",
        "estimated_accuracy_m": 1200,
        "coordinate_warning": "Approximate locality/sector centre. This is not the verified vend entrance.",
        "coordinate_source": "Area-centroid approximation based on the locality wording in the official vend name",
        "coordinate_fill_version": "2026-07-29-area-centroid-fill-v1",
        "coordinate_order": "[longitude, latitude]"
      }
    },
    {
      "type": "Feature",
      "id": "dccws-imfl-110",
      "geometry": {
        "type": "Point",
        "coordinates": [
          77.323,
          28.627
        ]
      },
      "properties": {
        "serial_no": 110,
        "vend_id": "01/2024/0516",
        "name": "GAZIPUR-III",
        "address": "SHOP NO. 894, POCKET-C, IFC, GAZIPUR, NEW DELHI-110096",
        "vend_category": "Indian-made foreign liquor / beer retail vend",
        "licence_class": "L-6 or L-10 as listed",
        "operator": "Delhi Consumer's Co-operative Wholesale Store Ltd. (DCCWS)",
        "jurisdiction": "NCT of Delhi",
        "operational_status": "listed; not independently verified",
        "geometry_status": "coordinates not published by source",
        "source_url": "https://dccws.delhi.gov.in/dccws/indian-made-foreign-liquor",
        "source_last_updated": "2026-07-27",
        "coordinate_search_source": "OpenStreetMap",
        "coordinate_search_status": "no high-confidence one-to-one OSM match assigned",
        "coordinate_is_approximate": true,
        "coordinate_quality": "approximate_area_centroid",
        "matched_area": "gazipur",
        "coordinate_method": "named_locality_centroid",
        "coordinate_confidence": "medium",
        "estimated_accuracy_m": 1200,
        "coordinate_warning": "Approximate locality/sector centre. This is not the verified vend entrance.",
        "coordinate_source": "Area-centroid approximation based on the locality wording in the official vend name",
        "coordinate_fill_version": "2026-07-29-area-centroid-fill-v1",
        "coordinate_order": "[longitude, latitude]"
      }
    },
    {
      "type": "Feature",
      "id": "dccws-imfl-111",
      "geometry": {
        "type": "Point",
        "coordinates": [
          77.164,
          28.757
        ]
      },
      "properties": {
        "serial_no": 111,
        "vend_id": "01/2024/1610",
        "name": "SWAROOP NAGAR",
        "address": "KHASRA NO. 15/22, 23, 20/3, BLOCK-J, SWAROOP NAGAR, VILLAGE LIBASPUR, DELHI-110042",
        "vend_category": "Indian-made foreign liquor / beer retail vend",
        "licence_class": "L-6 or L-10 as listed",
        "operator": "Delhi Consumer's Co-operative Wholesale Store Ltd. (DCCWS)",
        "jurisdiction": "NCT of Delhi",
        "operational_status": "listed; not independently verified",
        "geometry_status": "coordinates not published by source",
        "source_url": "https://dccws.delhi.gov.in/dccws/indian-made-foreign-liquor",
        "source_last_updated": "2026-07-27",
        "coordinate_search_source": "OpenStreetMap",
        "coordinate_search_status": "no high-confidence one-to-one OSM match assigned",
        "coordinate_is_approximate": true,
        "coordinate_quality": "approximate_area_centroid",
        "matched_area": "swaroop nagar",
        "coordinate_method": "named_locality_centroid",
        "coordinate_confidence": "medium",
        "estimated_accuracy_m": 1200,
        "coordinate_warning": "Approximate locality/sector centre. This is not the verified vend entrance.",
        "coordinate_source": "Area-centroid approximation based on the locality wording in the official vend name",
        "coordinate_fill_version": "2026-07-29-area-centroid-fill-v1",
        "coordinate_order": "[longitude, latitude]"
      }
    },
    {
      "type": "Feature",
      "id": "dccws-imfl-112",
      "geometry": {
        "type": "Point",
        "coordinates": [
          77.09,
          28.83
        ]
      },
      "properties": {
        "serial_no": 112,
        "vend_id": "01/2024/0472",
        "name": "NARELA, DSIIDC IND. AREA",
        "address": "SHOP NO. 42,43,44 & 49, FC-4, DSIIDC INDUSTRIAL AREA, NARELA, DELHI-110040",
        "vend_category": "Indian-made foreign liquor / beer retail vend",
        "licence_class": "L-6 or L-10 as listed",
        "operator": "Delhi Consumer's Co-operative Wholesale Store Ltd. (DCCWS)",
        "jurisdiction": "NCT of Delhi",
        "operational_status": "listed; not independently verified",
        "geometry_status": "coordinates not published by source",
        "source_url": "https://dccws.delhi.gov.in/dccws/indian-made-foreign-liquor",
        "source_last_updated": "2026-07-27",
        "coordinate_search_source": "OpenStreetMap",
        "coordinate_search_status": "no high-confidence one-to-one OSM match assigned",
        "coordinate_is_approximate": true,
        "coordinate_quality": "approximate_area_centroid",
        "matched_area": "narela dsiidc",
        "coordinate_method": "named_locality_centroid",
        "coordinate_confidence": "medium",
        "estimated_accuracy_m": 1200,
        "coordinate_warning": "Approximate locality/sector centre. This is not the verified vend entrance.",
        "coordinate_source": "Area-centroid approximation based on the locality wording in the official vend name",
        "coordinate_fill_version": "2026-07-29-area-centroid-fill-v1",
        "coordinate_order": "[longitude, latitude]"
      }
    },
    {
      "type": "Feature",
      "id": "dccws-imfl-113",
      "geometry": {
        "type": "Point",
        "coordinates": [
          77.126,
          28.711
        ]
      },
      "properties": {
        "serial_no": 113,
        "vend_id": "01/2024/0488",
        "name": "ROHINI SECTOR 9",
        "address": "SHOP NO. B-72,73,74 & 90, GROUND FLOOR, NORTH EX-MALL, SECTOR-9, ROHINI, DELHI-110085",
        "vend_category": "Indian-made foreign liquor / beer retail vend",
        "licence_class": "L-6 or L-10 as listed",
        "operator": "Delhi Consumer's Co-operative Wholesale Store Ltd. (DCCWS)",
        "jurisdiction": "NCT of Delhi",
        "operational_status": "listed; not independently verified",
        "geometry_status": "coordinates not published by source",
        "source_url": "https://dccws.delhi.gov.in/dccws/indian-made-foreign-liquor",
        "source_last_updated": "2026-07-27",
        "coordinate_search_source": "OpenStreetMap",
        "coordinate_search_status": "no high-confidence one-to-one OSM match assigned",
        "coordinate_is_approximate": true,
        "coordinate_quality": "approximate_area_centroid",
        "matched_area": "rohini sector 9",
        "coordinate_method": "sector_centroid",
        "coordinate_confidence": "medium",
        "estimated_accuracy_m": 800,
        "coordinate_warning": "Approximate locality/sector centre. This is not the verified vend entrance.",
        "coordinate_source": "Area-centroid approximation based on the locality wording in the official vend name",
        "coordinate_fill_version": "2026-07-29-area-centroid-fill-v1",
        "coordinate_order": "[longitude, latitude]"
      }
    },
    {
      "type": "Feature",
      "id": "dccws-imfl-114",
      "geometry": {
        "type": "Point",
        "coordinates": [
          77.097,
          28.639
        ]
      },
      "properties": {
        "serial_no": 114,
        "vend_id": "01/2024/0494",
        "name": "TILAK NAGAR",
        "address": "SHOP NO. 42, NEW MARKET, TILAK NAGAR, NEW DELHI-110018",
        "vend_category": "Indian-made foreign liquor / beer retail vend",
        "licence_class": "L-6 or L-10 as listed",
        "operator": "Delhi Consumer's Co-operative Wholesale Store Ltd. (DCCWS)",
        "jurisdiction": "NCT of Delhi",
        "operational_status": "listed; not independently verified",
        "geometry_status": "coordinates not published by source",
        "source_url": "https://dccws.delhi.gov.in/dccws/indian-made-foreign-liquor",
        "source_last_updated": "2026-07-27",
        "coordinate_search_source": "OpenStreetMap",
        "coordinate_search_status": "no high-confidence one-to-one OSM match assigned",
        "coordinate_is_approximate": true,
        "coordinate_quality": "approximate_area_centroid",
        "matched_area": "tilak nagar",
        "coordinate_method": "named_locality_centroid",
        "coordinate_confidence": "medium",
        "estimated_accuracy_m": 1200,
        "coordinate_warning": "Approximate locality/sector centre. This is not the verified vend entrance.",
        "coordinate_source": "Area-centroid approximation based on the locality wording in the official vend name",
        "coordinate_fill_version": "2026-07-29-area-centroid-fill-v1",
        "coordinate_order": "[longitude, latitude]"
      }
    },
    {
      "type": "Feature",
      "id": "dccws-imfl-115",
      "geometry": {
        "type": "Point",
        "coordinates": [
          77.093,
          28.621
        ]
      },
      "properties": {
        "serial_no": 115,
        "vend_id": "01/2024/1103",
        "name": "JANAK CINEMA",
        "address": "SHOP NO. C-31, COMMUNITY CENTER, NEAR JANAK CINEMA, JANAKPURI, NEW DELHI-110058",
        "vend_category": "Indian-made foreign liquor / beer retail vend",
        "licence_class": "L-6 or L-10 as listed",
        "operator": "Delhi Consumer's Co-operative Wholesale Store Ltd. (DCCWS)",
        "jurisdiction": "NCT of Delhi",
        "operational_status": "listed; not independently verified",
        "geometry_status": "coordinates not published by source",
        "source_url": "https://dccws.delhi.gov.in/dccws/indian-made-foreign-liquor",
        "source_last_updated": "2026-07-27",
        "coordinate_search_source": "OpenStreetMap",
        "coordinate_search_status": "no high-confidence one-to-one OSM match assigned",
        "coordinate_is_approximate": true,
        "coordinate_quality": "approximate_area_centroid",
        "matched_area": "janak cinema",
        "coordinate_method": "named_locality_centroid",
        "coordinate_confidence": "medium",
        "estimated_accuracy_m": 1200,
        "coordinate_warning": "Approximate locality/sector centre. This is not the verified vend entrance.",
        "coordinate_source": "Area-centroid approximation based on the locality wording in the official vend name",
        "coordinate_fill_version": "2026-07-29-area-centroid-fill-v1",
        "coordinate_order": "[longitude, latitude]"
      }
    },
    {
      "type": "Feature",
      "id": "dccws-imfl-116",
      "geometry": {
        "type": "Point",
        "coordinates": [
          77.224,
          28.589
        ]
      },
      "properties": {
        "serial_no": 116,
        "vend_id": "01/2024/1482",
        "name": "LODHI COLONY",
        "address": "SHOP NO. 82, GROUND/FIRST FLOOR, KHANNA MARKET, LODHI COLONY, NEW DELHI-110003",
        "vend_category": "Indian-made foreign liquor / beer retail vend",
        "licence_class": "L-6 or L-10 as listed",
        "operator": "Delhi Consumer's Co-operative Wholesale Store Ltd. (DCCWS)",
        "jurisdiction": "NCT of Delhi",
        "operational_status": "listed; not independently verified",
        "geometry_status": "coordinates not published by source",
        "source_url": "https://dccws.delhi.gov.in/dccws/indian-made-foreign-liquor",
        "source_last_updated": "2026-07-27",
        "coordinate_search_source": "OpenStreetMap",
        "coordinate_search_status": "no high-confidence one-to-one OSM match assigned",
        "coordinate_is_approximate": true,
        "coordinate_quality": "approximate_area_centroid",
        "matched_area": "lodhi colony",
        "coordinate_method": "named_locality_centroid",
        "coordinate_confidence": "medium",
        "estimated_accuracy_m": 1200,
        "coordinate_warning": "Approximate locality/sector centre. This is not the verified vend entrance.",
        "coordinate_source": "Area-centroid approximation based on the locality wording in the official vend name",
        "coordinate_fill_version": "2026-07-29-area-centroid-fill-v1",
        "coordinate_order": "[longitude, latitude]"
      }
    },
    {
      "type": "Feature",
      "id": "dccws-imfl-117",
      "geometry": {
        "type": "Point",
        "coordinates": [
          77.278,
          28.644
        ]
      },
      "properties": {
        "serial_no": 117,
        "vend_id": "01/2024/1122",
        "name": "KHUREJI KHAS",
        "address": "GROUND FLOOR, PROPERTY NO. 83, VILLAGE KHUREJI KHAS, SHAHDARA, DELHI-110051",
        "vend_category": "Indian-made foreign liquor / beer retail vend",
        "licence_class": "L-6 or L-10 as listed",
        "operator": "Delhi Consumer's Co-operative Wholesale Store Ltd. (DCCWS)",
        "jurisdiction": "NCT of Delhi",
        "operational_status": "listed; not independently verified",
        "geometry_status": "coordinates not published by source",
        "source_url": "https://dccws.delhi.gov.in/dccws/indian-made-foreign-liquor",
        "source_last_updated": "2026-07-27",
        "coordinate_search_source": "OpenStreetMap",
        "coordinate_search_status": "no high-confidence one-to-one OSM match assigned",
        "coordinate_is_approximate": true,
        "coordinate_quality": "approximate_area_centroid",
        "matched_area": "khureji khas",
        "coordinate_method": "named_locality_centroid",
        "coordinate_confidence": "medium",
        "estimated_accuracy_m": 1200,
        "coordinate_warning": "Approximate locality/sector centre. This is not the verified vend entrance.",
        "coordinate_source": "Area-centroid approximation based on the locality wording in the official vend name",
        "coordinate_fill_version": "2026-07-29-area-centroid-fill-v1",
        "coordinate_order": "[longitude, latitude]"
      }
    },
    {
      "type": "Feature",
      "id": "dccws-imfl-118",
      "geometry": {
        "type": "Point",
        "coordinates": [
          77.152,
          28.696
        ]
      },
      "properties": {
        "serial_no": 118,
        "vend_id": "01/2024/1125",
        "name": "NETAJI SUBHASH PLACE, H-8",
        "address": "SHOP NO. G-6 & 7, GROUND FLOOR, PLOT NO. H-8, NETAJI SUBHASH PLACE, PITAMPURA, DELHI-110034",
        "vend_category": "Indian-made foreign liquor / beer retail vend",
        "licence_class": "L-6 or L-10 as listed",
        "operator": "Delhi Consumer's Co-operative Wholesale Store Ltd. (DCCWS)",
        "jurisdiction": "NCT of Delhi",
        "operational_status": "listed; not independently verified",
        "geometry_status": "coordinates not published by source",
        "source_url": "https://dccws.delhi.gov.in/dccws/indian-made-foreign-liquor",
        "source_last_updated": "2026-07-27",
        "coordinate_search_source": "OpenStreetMap",
        "coordinate_search_status": "no high-confidence one-to-one OSM match assigned",
        "coordinate_is_approximate": true,
        "coordinate_quality": "approximate_area_centroid",
        "matched_area": "netaji subhash place",
        "coordinate_method": "interpreted_locality_centroid",
        "coordinate_confidence": "medium",
        "estimated_accuracy_m": 1500,
        "coordinate_warning": "Approximate locality/sector centre. This is not the verified vend entrance.",
        "coordinate_source": "Area-centroid approximation based on the locality wording in the official vend name",
        "coordinate_fill_version": "2026-07-29-area-centroid-fill-v1",
        "coordinate_order": "[longitude, latitude]"
      }
    },
    {
      "type": "Feature",
      "id": "dccws-imfl-119",
      "geometry": {
        "type": "Point",
        "coordinates": [
          77.05,
          28.592
        ]
      },
      "properties": {
        "serial_no": 119,
        "vend_id": "01/2024/0519",
        "name": "DMRC SECTOR 8 DWARKA",
        "address": "GROUND FLOOR, METRO PARKING AREA, SECTOR-8 METRO STATION, DWARKA, NEW DELHI-110077",
        "vend_category": "Indian-made foreign liquor / beer retail vend",
        "licence_class": "L-6 or L-10 as listed",
        "operator": "Delhi Consumer's Co-operative Wholesale Store Ltd. (DCCWS)",
        "jurisdiction": "NCT of Delhi",
        "operational_status": "listed; not independently verified",
        "geometry_status": "coordinates not published by source",
        "source_url": "https://dccws.delhi.gov.in/dccws/indian-made-foreign-liquor",
        "source_last_updated": "2026-07-27",
        "coordinate_search_source": "OpenStreetMap",
        "coordinate_search_status": "no high-confidence one-to-one OSM match assigned",
        "coordinate_is_approximate": true,
        "coordinate_quality": "approximate_area_centroid",
        "matched_area": "dwarka",
        "coordinate_method": "named_locality_centroid",
        "coordinate_confidence": "medium",
        "estimated_accuracy_m": 1200,
        "coordinate_warning": "Approximate locality/sector centre. This is not the verified vend entrance.",
        "coordinate_source": "Area-centroid approximation based on the locality wording in the official vend name",
        "coordinate_fill_version": "2026-07-29-area-centroid-fill-v1",
        "coordinate_order": "[longitude, latitude]"
      }
    },
    {
      "type": "Feature",
      "id": "dccws-imfl-120",
      "geometry": {
        "type": "Point",
        "coordinates": [
          77.331,
          28.606
        ]
      },
      "properties": {
        "serial_no": 120,
        "vend_id": "01/2024/0537",
        "name": "DALLUPURA",
        "address": "PLOT NO. 12, SERVICE CENTER NO. 11, VILLAGE CHILLA DALLUPURA, DELHI-110096",
        "vend_category": "Indian-made foreign liquor / beer retail vend",
        "licence_class": "L-6 or L-10 as listed",
        "operator": "Delhi Consumer's Co-operative Wholesale Store Ltd. (DCCWS)",
        "jurisdiction": "NCT of Delhi",
        "operational_status": "listed; not independently verified",
        "geometry_status": "coordinates not published by source",
        "source_url": "https://dccws.delhi.gov.in/dccws/indian-made-foreign-liquor",
        "source_last_updated": "2026-07-27",
        "coordinate_search_source": "OpenStreetMap",
        "coordinate_search_status": "no high-confidence one-to-one OSM match assigned",
        "coordinate_is_approximate": true,
        "coordinate_quality": "approximate_area_centroid",
        "matched_area": "chilla dallupura",
        "coordinate_method": "fuzzy_locality_centroid",
        "coordinate_confidence": "low",
        "estimated_accuracy_m": 2200,
        "coordinate_warning": "Approximate locality/sector centre. This is not the verified vend entrance.",
        "coordinate_source": "Area-centroid approximation based on the locality wording in the official vend name",
        "coordinate_fill_version": "2026-07-29-area-centroid-fill-v1",
        "coordinate_order": "[longitude, latitude]"
      }
    },
    {
      "type": "Feature",
      "id": "dccws-imfl-121",
      "geometry": {
        "type": "Point",
        "coordinates": [
          77.224,
          28.652
        ]
      },
      "properties": {
        "serial_no": 121,
        "vend_id": "01/2024/1412",
        "name": "SHRADHANAND MARG, G.B. ROAD",
        "address": "SHOP NO. 5201-C, GROUND FLOOR, SHRADHANAND MARG, G.B. ROAD, DELHI-110006",
        "vend_category": "Indian-made foreign liquor / beer retail vend",
        "licence_class": "L-6 or L-10 as listed",
        "operator": "Delhi Consumer's Co-operative Wholesale Store Ltd. (DCCWS)",
        "jurisdiction": "NCT of Delhi",
        "operational_status": "listed; not independently verified",
        "geometry_status": "coordinates not published by source",
        "source_url": "https://dccws.delhi.gov.in/dccws/indian-made-foreign-liquor",
        "source_last_updated": "2026-07-27",
        "coordinate_search_source": "OpenStreetMap",
        "coordinate_search_status": "no high-confidence one-to-one OSM match assigned",
        "coordinate_is_approximate": true,
        "coordinate_quality": "approximate_area_centroid",
        "matched_area": "shradhanand marg gb road",
        "coordinate_method": "interpreted_locality_centroid",
        "coordinate_confidence": "medium",
        "estimated_accuracy_m": 1500,
        "coordinate_warning": "Approximate locality/sector centre. This is not the verified vend entrance.",
        "coordinate_source": "Area-centroid approximation based on the locality wording in the official vend name",
        "coordinate_fill_version": "2026-07-29-area-centroid-fill-v1",
        "coordinate_order": "[longitude, latitude]"
      }
    },
    {
      "type": "Feature",
      "id": "dccws-imfl-122",
      "geometry": {
        "type": "Point",
        "coordinates": [
          77.205,
          28.6335
        ]
      },
      "properties": {
        "serial_no": 122,
        "vend_id": "01/2024/1493",
        "name": "GOLE MARKET",
        "address": "SHOP NO. 2/10, MUNICIPAL NO. 8, LADY HARDING ROAD, CHANDRA HOUSE, GOLE MARKET, NEW DELHI-110001",
        "vend_category": "Indian-made foreign liquor / beer retail vend",
        "licence_class": "L-6 or L-10 as listed",
        "operator": "Delhi Consumer's Co-operative Wholesale Store Ltd. (DCCWS)",
        "jurisdiction": "NCT of Delhi",
        "operational_status": "listed; not independently verified",
        "geometry_status": "coordinates not published by source",
        "source_url": "https://dccws.delhi.gov.in/dccws/indian-made-foreign-liquor",
        "source_last_updated": "2026-07-27",
        "coordinate_search_source": "OpenStreetMap",
        "coordinate_search_status": "no high-confidence one-to-one OSM match assigned",
        "coordinate_is_approximate": true,
        "coordinate_quality": "approximate_area_centroid",
        "matched_area": "gole market",
        "coordinate_method": "interpreted_locality_centroid",
        "coordinate_confidence": "medium",
        "estimated_accuracy_m": 1500,
        "coordinate_warning": "Approximate locality/sector centre. This is not the verified vend entrance.",
        "coordinate_source": "Area-centroid approximation based on the locality wording in the official vend name",
        "coordinate_fill_version": "2026-07-29-area-centroid-fill-v1",
        "coordinate_order": "[longitude, latitude]"
      }
    },
    {
      "type": "Feature",
      "id": "dccws-imfl-123",
      "geometry": {
        "type": "Point",
        "coordinates": [
          77.093,
          28.725
        ]
      },
      "properties": {
        "serial_no": 123,
        "vend_id": "01/2024/1148",
        "name": "ROHINI SECTOR-24 II, BEST STAR MALL",
        "address": "SHOP NO. G-5 & G-7, GROUND FLOOR, PLOT NO. CS/OCF-3, BEST STAR MALL, SECTOR-24, ROHINI, DELHI-110085",
        "vend_category": "Indian-made foreign liquor / beer retail vend",
        "licence_class": "L-6 or L-10 as listed",
        "operator": "Delhi Consumer's Co-operative Wholesale Store Ltd. (DCCWS)",
        "jurisdiction": "NCT of Delhi",
        "operational_status": "listed; not independently verified",
        "geometry_status": "coordinates not published by source",
        "source_url": "https://dccws.delhi.gov.in/dccws/indian-made-foreign-liquor",
        "source_last_updated": "2026-07-27",
        "coordinate_search_source": "OpenStreetMap",
        "coordinate_search_status": "no high-confidence one-to-one OSM match assigned",
        "coordinate_is_approximate": true,
        "coordinate_quality": "approximate_area_centroid",
        "matched_area": "rohini sector 24",
        "coordinate_method": "sector_centroid",
        "coordinate_confidence": "medium",
        "estimated_accuracy_m": 800,
        "coordinate_warning": "Approximate locality/sector centre. This is not the verified vend entrance.",
        "coordinate_source": "Area-centroid approximation based on the locality wording in the official vend name",
        "coordinate_fill_version": "2026-07-29-area-centroid-fill-v1",
        "coordinate_order": "[longitude, latitude]"
      }
    },
    {
      "type": "Feature",
      "id": "dccws-imfl-124",
      "geometry": {
        "type": "Point",
        "coordinates": [
          77.274,
          28.565
        ]
      },
      "properties": {
        "serial_no": 124,
        "vend_id": "01/2024/1221",
        "name": "NEW FRIENDS COLONY",
        "address": "SHOP NO. 2,3 & 15, GROUND FLOOR, INDIA MALL, DDA COMMUNITY CENTER, NEW FRIENDS COLONY, NEW DELHI-110025",
        "vend_category": "Indian-made foreign liquor / beer retail vend",
        "licence_class": "L-6 or L-10 as listed",
        "operator": "Delhi Consumer's Co-operative Wholesale Store Ltd. (DCCWS)",
        "jurisdiction": "NCT of Delhi",
        "operational_status": "listed; not independently verified",
        "geometry_status": "coordinates not published by source",
        "source_url": "https://dccws.delhi.gov.in/dccws/indian-made-foreign-liquor",
        "source_last_updated": "2026-07-27",
        "coordinate_search_source": "OpenStreetMap",
        "coordinate_search_status": "no high-confidence one-to-one OSM match assigned",
        "coordinate_is_approximate": true,
        "coordinate_quality": "approximate_area_centroid",
        "matched_area": "new friends colony",
        "coordinate_method": "named_locality_centroid",
        "coordinate_confidence": "medium",
        "estimated_accuracy_m": 1200,
        "coordinate_warning": "Approximate locality/sector centre. This is not the verified vend entrance.",
        "coordinate_source": "Area-centroid approximation based on the locality wording in the official vend name",
        "coordinate_fill_version": "2026-07-29-area-centroid-fill-v1",
        "coordinate_order": "[longitude, latitude]"
      }
    },
    {
      "type": "Feature",
      "id": "dccws-imfl-125",
      "geometry": {
        "type": "Point",
        "coordinates": [
          77.226,
          28.641
        ]
      },
      "properties": {
        "serial_no": 125,
        "vend_id": "01/2024/1232",
        "name": "KAMLA MARKET",
        "address": "SHOP NO. 208, KAMLA MARKET, OPP. GIRIDHARI LAL HOSPITAL, NEW DELHI-110002",
        "vend_category": "Indian-made foreign liquor / beer retail vend",
        "licence_class": "L-6 or L-10 as listed",
        "operator": "Delhi Consumer's Co-operative Wholesale Store Ltd. (DCCWS)",
        "jurisdiction": "NCT of Delhi",
        "operational_status": "listed; not independently verified",
        "geometry_status": "coordinates not published by source",
        "source_url": "https://dccws.delhi.gov.in/dccws/indian-made-foreign-liquor",
        "source_last_updated": "2026-07-27",
        "coordinate_search_source": "OpenStreetMap",
        "coordinate_search_status": "no high-confidence one-to-one OSM match assigned",
        "coordinate_is_approximate": true,
        "coordinate_quality": "approximate_area_centroid",
        "matched_area": "kamla market",
        "coordinate_method": "named_locality_centroid",
        "coordinate_confidence": "medium",
        "estimated_accuracy_m": 1200,
        "coordinate_warning": "Approximate locality/sector centre. This is not the verified vend entrance.",
        "coordinate_source": "Area-centroid approximation based on the locality wording in the official vend name",
        "coordinate_fill_version": "2026-07-29-area-centroid-fill-v1",
        "coordinate_order": "[longitude, latitude]"
      }
    },
    {
      "type": "Feature",
      "id": "dccws-imfl-126",
      "geometry": {
        "type": "Point",
        "coordinates": [
          77.151,
          28.747
        ]
      },
      "properties": {
        "serial_no": 126,
        "vend_id": "01/2024/1196",
        "name": "MAIN BURARI ROAD, LIBASPUR",
        "address": "SHOP NO. D-428, KHASRA NO. 32/3, MAIN BURARI ROAD, SWAROOP NAGAR, VILLAGE LIBASPUR, DELHI-110042",
        "vend_category": "Indian-made foreign liquor / beer retail vend",
        "licence_class": "L-6 or L-10 as listed",
        "operator": "Delhi Consumer's Co-operative Wholesale Store Ltd. (DCCWS)",
        "jurisdiction": "NCT of Delhi",
        "operational_status": "listed; not independently verified",
        "geometry_status": "coordinates not published by source",
        "source_url": "https://dccws.delhi.gov.in/dccws/indian-made-foreign-liquor",
        "source_last_updated": "2026-07-27",
        "coordinate_search_source": "OpenStreetMap",
        "coordinate_search_status": "no high-confidence one-to-one OSM match assigned",
        "coordinate_is_approximate": true,
        "coordinate_quality": "approximate_area_centroid",
        "matched_area": "libaspur",
        "coordinate_method": "named_locality_centroid",
        "coordinate_confidence": "medium",
        "estimated_accuracy_m": 1200,
        "coordinate_warning": "Approximate locality/sector centre. This is not the verified vend entrance.",
        "coordinate_source": "Area-centroid approximation based on the locality wording in the official vend name",
        "coordinate_fill_version": "2026-07-29-area-centroid-fill-v1",
        "coordinate_order": "[longitude, latitude]"
      }
    },
    {
      "type": "Feature",
      "id": "dccws-imfl-127",
      "geometry": {
        "type": "Point",
        "coordinates": [
          77.286,
          28.686
        ]
      },
      "properties": {
        "serial_no": 127,
        "vend_id": "01/2024/1176",
        "name": "ROHTASH NAGAR WEST",
        "address": "PROPERTY/SHOP NO. 1/724, OLD NO. 9008-E, WEST ROHTASH NAGAR, SHAHDARA, DELHI-110032",
        "vend_category": "Indian-made foreign liquor / beer retail vend",
        "licence_class": "L-6 or L-10 as listed",
        "operator": "Delhi Consumer's Co-operative Wholesale Store Ltd. (DCCWS)",
        "jurisdiction": "NCT of Delhi",
        "operational_status": "listed; not independently verified",
        "geometry_status": "coordinates not published by source",
        "source_url": "https://dccws.delhi.gov.in/dccws/indian-made-foreign-liquor",
        "source_last_updated": "2026-07-27",
        "coordinate_search_source": "OpenStreetMap",
        "coordinate_search_status": "no high-confidence one-to-one OSM match assigned",
        "coordinate_is_approximate": true,
        "coordinate_quality": "approximate_area_centroid",
        "matched_area": "rohtash nagar",
        "coordinate_method": "named_locality_centroid",
        "coordinate_confidence": "medium",
        "estimated_accuracy_m": 1200,
        "coordinate_warning": "Approximate locality/sector centre. This is not the verified vend entrance.",
        "coordinate_source": "Area-centroid approximation based on the locality wording in the official vend name",
        "coordinate_fill_version": "2026-07-29-area-centroid-fill-v1",
        "coordinate_order": "[longitude, latitude]"
      }
    },
    {
      "type": "Feature",
      "id": "dccws-imfl-128",
      "geometry": {
        "type": "Point",
        "coordinates": [
          77.129,
          28.637
        ]
      },
      "properties": {
        "serial_no": 128,
        "vend_id": "01/2024/1164",
        "name": "MAYA PURI",
        "address": "SHOP NO. C-101/1, REWARI LINE INDUSTRIAL AREA, BLOCK-C, PHASE-II, MAYAPURI, NEW DELHI-110064",
        "vend_category": "Indian-made foreign liquor / beer retail vend",
        "licence_class": "L-6 or L-10 as listed",
        "operator": "Delhi Consumer's Co-operative Wholesale Store Ltd. (DCCWS)",
        "jurisdiction": "NCT of Delhi",
        "operational_status": "listed; not independently verified",
        "geometry_status": "coordinates not published by source",
        "source_url": "https://dccws.delhi.gov.in/dccws/indian-made-foreign-liquor",
        "source_last_updated": "2026-07-27",
        "coordinate_search_source": "OpenStreetMap",
        "coordinate_search_status": "no high-confidence one-to-one OSM match assigned",
        "coordinate_is_approximate": true,
        "coordinate_quality": "approximate_area_centroid",
        "matched_area": "mayapuri",
        "coordinate_method": "fuzzy_locality_centroid",
        "coordinate_confidence": "low",
        "estimated_accuracy_m": 2200,
        "coordinate_warning": "Approximate locality/sector centre. This is not the verified vend entrance.",
        "coordinate_source": "Area-centroid approximation based on the locality wording in the official vend name",
        "coordinate_fill_version": "2026-07-29-area-centroid-fill-v1",
        "coordinate_order": "[longitude, latitude]"
      }
    },
    {
      "type": "Feature",
      "id": "dccws-imfl-129",
      "geometry": {
        "type": "Point",
        "coordinates": [
          77.286,
          28.686
        ]
      },
      "properties": {
        "serial_no": 129,
        "vend_id": "01/2024/1480",
        "name": "BABARPUR, EAST ROHTASH NAGAR",
        "address": "PROPERTY/SHOP NO. 1/6710, MAIN BABARPUR ROAD, EAST ROHTASH NAGAR, SHAHDARA, DELHI-110032",
        "vend_category": "Indian-made foreign liquor / beer retail vend",
        "licence_class": "L-6 or L-10 as listed",
        "operator": "Delhi Consumer's Co-operative Wholesale Store Ltd. (DCCWS)",
        "jurisdiction": "NCT of Delhi",
        "operational_status": "listed; not independently verified",
        "geometry_status": "coordinates not published by source",
        "source_url": "https://dccws.delhi.gov.in/dccws/indian-made-foreign-liquor",
        "source_last_updated": "2026-07-27",
        "coordinate_search_source": "OpenStreetMap",
        "coordinate_search_status": "no high-confidence one-to-one OSM match assigned",
        "coordinate_is_approximate": true,
        "coordinate_quality": "approximate_area_centroid",
        "matched_area": "rohtash nagar",
        "coordinate_method": "named_locality_centroid",
        "coordinate_confidence": "medium",
        "estimated_accuracy_m": 1200,
        "coordinate_warning": "Approximate locality/sector centre. This is not the verified vend entrance.",
        "coordinate_source": "Area-centroid approximation based on the locality wording in the official vend name",
        "coordinate_fill_version": "2026-07-29-area-centroid-fill-v1",
        "coordinate_order": "[longitude, latitude]"
      }
    },
    {
      "type": "Feature",
      "id": "dccws-imfl-130",
      "geometry": {
        "type": "Point",
        "coordinates": [
          77.268,
          28.694
        ]
      },
      "properties": {
        "serial_no": 130,
        "vend_id": "01/2024/1474",
        "name": "BRAHAMPURI",
        "address": "SHOP NO. J-96, KHASRA NO. 60, MAIN ROAD, BRAHAMPURI, DELHI-110053",
        "vend_category": "Indian-made foreign liquor / beer retail vend",
        "licence_class": "L-6 or L-10 as listed",
        "operator": "Delhi Consumer's Co-operative Wholesale Store Ltd. (DCCWS)",
        "jurisdiction": "NCT of Delhi",
        "operational_status": "listed; not independently verified",
        "geometry_status": "coordinates not published by source",
        "source_url": "https://dccws.delhi.gov.in/dccws/indian-made-foreign-liquor",
        "source_last_updated": "2026-07-27",
        "coordinate_search_source": "OpenStreetMap",
        "coordinate_search_status": "no high-confidence one-to-one OSM match assigned",
        "coordinate_is_approximate": true,
        "coordinate_quality": "approximate_area_centroid",
        "matched_area": "brahampuri",
        "coordinate_method": "named_locality_centroid",
        "coordinate_confidence": "medium",
        "estimated_accuracy_m": 1200,
        "coordinate_warning": "Approximate locality/sector centre. This is not the verified vend entrance.",
        "coordinate_source": "Area-centroid approximation based on the locality wording in the official vend name",
        "coordinate_fill_version": "2026-07-29-area-centroid-fill-v1",
        "coordinate_order": "[longitude, latitude]"
      }
    },
    {
      "type": "Feature",
      "id": "dccws-imfl-131",
      "geometry": {
        "type": "Point",
        "coordinates": [
          77.259,
          28.71
        ]
      },
      "properties": {
        "serial_no": 131,
        "vend_id": "01/2024/0507",
        "name": "KHAJOORI KHAS",
        "address": "SHOP NO. A-1/5, VILLAGE KHAJOORI KHAS, MAIN WAZIRABAD ROAD, BHAJANPURA, DELHI-110005",
        "vend_category": "Indian-made foreign liquor / beer retail vend",
        "licence_class": "L-6 or L-10 as listed",
        "operator": "Delhi Consumer's Co-operative Wholesale Store Ltd. (DCCWS)",
        "jurisdiction": "NCT of Delhi",
        "operational_status": "listed; not independently verified",
        "geometry_status": "coordinates not published by source",
        "source_url": "https://dccws.delhi.gov.in/dccws/indian-made-foreign-liquor",
        "source_last_updated": "2026-07-27",
        "coordinate_search_source": "OpenStreetMap",
        "coordinate_search_status": "no high-confidence one-to-one OSM match assigned",
        "coordinate_is_approximate": true,
        "coordinate_quality": "approximate_area_centroid",
        "matched_area": "khajoori khas",
        "coordinate_method": "named_locality_centroid",
        "coordinate_confidence": "medium",
        "estimated_accuracy_m": 1200,
        "coordinate_warning": "Approximate locality/sector centre. This is not the verified vend entrance.",
        "coordinate_source": "Area-centroid approximation based on the locality wording in the official vend name",
        "coordinate_fill_version": "2026-07-29-area-centroid-fill-v1",
        "coordinate_order": "[longitude, latitude]"
      }
    },
    {
      "type": "Feature",
      "id": "dccws-imfl-132",
      "geometry": {
        "type": "Point",
        "coordinates": [
          77.224,
          28.575
        ]
      },
      "properties": {
        "serial_no": 132,
        "vend_id": "01/2024/1126",
        "name": "KOTLA MUBARAKPUR",
        "address": "PLOT NO. 142, SHOP NO. 803/13, ARJUN NAGAR, KOTLA MUBARAKPUR, NEW DELHI-110003",
        "vend_category": "Indian-made foreign liquor / beer retail vend",
        "licence_class": "L-6 or L-10 as listed",
        "operator": "Delhi Consumer's Co-operative Wholesale Store Ltd. (DCCWS)",
        "jurisdiction": "NCT of Delhi",
        "operational_status": "listed; not independently verified",
        "geometry_status": "coordinates not published by source",
        "source_url": "https://dccws.delhi.gov.in/dccws/indian-made-foreign-liquor",
        "source_last_updated": "2026-07-27",
        "coordinate_search_source": "OpenStreetMap",
        "coordinate_search_status": "no high-confidence one-to-one OSM match assigned",
        "coordinate_is_approximate": true,
        "coordinate_quality": "approximate_area_centroid",
        "matched_area": "kotla mubarakpur",
        "coordinate_method": "named_locality_centroid",
        "coordinate_confidence": "medium",
        "estimated_accuracy_m": 1200,
        "coordinate_warning": "Approximate locality/sector centre. This is not the verified vend entrance.",
        "coordinate_source": "Area-centroid approximation based on the locality wording in the official vend name",
        "coordinate_fill_version": "2026-07-29-area-centroid-fill-v1",
        "coordinate_order": "[longitude, latitude]"
      }
    },
    {
      "type": "Feature",
      "id": "dccws-imfl-133",
      "geometry": {
        "type": "Point",
        "coordinates": [
          77.119,
          28.759
        ]
      },
      "properties": {
        "serial_no": 133,
        "vend_id": "01/2024/1116",
        "name": "SIRASPUR",
        "address": "SHOP NO. 5, KHASRA NO. 573, LIBASPUR ROAD, SIRASPUR, DELHI-110042",
        "vend_category": "Indian-made foreign liquor / beer retail vend",
        "licence_class": "L-6 or L-10 as listed",
        "operator": "Delhi Consumer's Co-operative Wholesale Store Ltd. (DCCWS)",
        "jurisdiction": "NCT of Delhi",
        "operational_status": "listed; not independently verified",
        "geometry_status": "coordinates not published by source",
        "source_url": "https://dccws.delhi.gov.in/dccws/indian-made-foreign-liquor",
        "source_last_updated": "2026-07-27",
        "coordinate_search_source": "OpenStreetMap",
        "coordinate_search_status": "no high-confidence one-to-one OSM match assigned",
        "coordinate_is_approximate": true,
        "coordinate_quality": "approximate_area_centroid",
        "matched_area": "siraspur",
        "coordinate_method": "named_locality_centroid",
        "coordinate_confidence": "medium",
        "estimated_accuracy_m": 1200,
        "coordinate_warning": "Approximate locality/sector centre. This is not the verified vend entrance.",
        "coordinate_source": "Area-centroid approximation based on the locality wording in the official vend name",
        "coordinate_fill_version": "2026-07-29-area-centroid-fill-v1",
        "coordinate_order": "[longitude, latitude]"
      }
    },
    {
      "type": "Feature",
      "id": "dccws-imfl-134",
      "geometry": {
        "type": "Point",
        "coordinates": [
          77.089,
          28.591
        ]
      },
      "properties": {
        "serial_no": 134,
        "vend_id": "01/2024/1107",
        "name": "NASIRPUR II",
        "address": "SHOP NO. 02,04,05, GROUND FLOOR, VARDHMAN ENTRANCE PLAZA, NASIRPUR, DWARKA, NEW DELHI-110045",
        "vend_category": "Indian-made foreign liquor / beer retail vend",
        "licence_class": "L-6 or L-10 as listed",
        "operator": "Delhi Consumer's Co-operative Wholesale Store Ltd. (DCCWS)",
        "jurisdiction": "NCT of Delhi",
        "operational_status": "listed; not independently verified",
        "geometry_status": "coordinates not published by source",
        "source_url": "https://dccws.delhi.gov.in/dccws/indian-made-foreign-liquor",
        "source_last_updated": "2026-07-27",
        "coordinate_search_source": "OpenStreetMap",
        "coordinate_search_status": "no high-confidence one-to-one OSM match assigned",
        "coordinate_is_approximate": true,
        "coordinate_quality": "approximate_area_centroid",
        "matched_area": "nasirpur",
        "coordinate_method": "named_locality_centroid",
        "coordinate_confidence": "medium",
        "estimated_accuracy_m": 1200,
        "coordinate_warning": "Approximate locality/sector centre. This is not the verified vend entrance.",
        "coordinate_source": "Area-centroid approximation based on the locality wording in the official vend name",
        "coordinate_fill_version": "2026-07-29-area-centroid-fill-v1",
        "coordinate_order": "[longitude, latitude]"
      }
    },
    {
      "type": "Feature",
      "id": "dccws-imfl-135",
      "geometry": {
        "type": "Point",
        "coordinates": [
          77.104,
          28.713
        ]
      },
      "properties": {
        "serial_no": 135,
        "vend_id": "01/2024/1166",
        "name": "ROHINI SECTOR-5",
        "address": "GROUND FLOOR, BUILDING NO. 6, SECTOR 5 SERVICE CENTRE, ROHINI, NEW DELHI-110085",
        "vend_category": "Indian-made foreign liquor / beer retail vend",
        "licence_class": "L-6 or L-10 as listed",
        "operator": "Delhi Consumer's Co-operative Wholesale Store Ltd. (DCCWS)",
        "jurisdiction": "NCT of Delhi",
        "operational_status": "listed; not independently verified",
        "geometry_status": "coordinates not published by source",
        "source_url": "https://dccws.delhi.gov.in/dccws/indian-made-foreign-liquor",
        "source_last_updated": "2026-07-27",
        "coordinate_search_source": "OpenStreetMap",
        "coordinate_search_status": "no high-confidence one-to-one OSM match assigned",
        "coordinate_is_approximate": true,
        "coordinate_quality": "approximate_area_centroid",
        "matched_area": "rohini sector 5",
        "coordinate_method": "sector_centroid",
        "coordinate_confidence": "medium",
        "estimated_accuracy_m": 800,
        "coordinate_warning": "Approximate locality/sector centre. This is not the verified vend entrance.",
        "coordinate_source": "Area-centroid approximation based on the locality wording in the official vend name",
        "coordinate_fill_version": "2026-07-29-area-centroid-fill-v1",
        "coordinate_order": "[longitude, latitude]"
      }
    },
    {
      "type": "Feature",
      "id": "dccws-imfl-136",
      "geometry": {
        "type": "Point",
        "coordinates": [
          77.221,
          28.536
        ]
      },
      "properties": {
        "serial_no": 136,
        "vend_id": "01/2024/1085",
        "name": "SHEIKH SARAI",
        "address": "SHOP NO. G-67 & 68, GROUND FLOOR, COMMUNITY CENTRE, SHEIKH SARAI PHASE-I, NEW DELHI-110017",
        "vend_category": "Indian-made foreign liquor / beer retail vend",
        "licence_class": "L-6 or L-10 as listed",
        "operator": "Delhi Consumer's Co-operative Wholesale Store Ltd. (DCCWS)",
        "jurisdiction": "NCT of Delhi",
        "operational_status": "listed; not independently verified",
        "geometry_status": "coordinates not published by source",
        "source_url": "https://dccws.delhi.gov.in/dccws/indian-made-foreign-liquor",
        "source_last_updated": "2026-07-27",
        "coordinate_search_source": "OpenStreetMap",
        "coordinate_search_status": "no high-confidence one-to-one OSM match assigned",
        "coordinate_is_approximate": true,
        "coordinate_quality": "approximate_area_centroid",
        "matched_area": "sheikh sarai",
        "coordinate_method": "named_locality_centroid",
        "coordinate_confidence": "medium",
        "estimated_accuracy_m": 1200,
        "coordinate_warning": "Approximate locality/sector centre. This is not the verified vend entrance.",
        "coordinate_source": "Area-centroid approximation based on the locality wording in the official vend name",
        "coordinate_fill_version": "2026-07-29-area-centroid-fill-v1",
        "coordinate_order": "[longitude, latitude]"
      }
    },
    {
      "type": "Feature",
      "id": "dccws-imfl-137",
      "geometry": {
        "type": "Point",
        "coordinates": [
          77.125,
          28.544
        ]
      },
      "properties": {
        "serial_no": 137,
        "vend_id": "01/2024/0454",
        "name": "MAHIPALPUR EXT. L-6",
        "address": "KHASRA NO. 836, BLOCK K-II, NEAR MATA CHOWK, VASANT KUNJ ROAD, MAHIPALPUR EXT., NEW DELHI-110037",
        "vend_category": "Indian-made foreign liquor / beer retail vend",
        "licence_class": "L-6 or L-10 as listed",
        "operator": "Delhi Consumer's Co-operative Wholesale Store Ltd. (DCCWS)",
        "jurisdiction": "NCT of Delhi",
        "operational_status": "listed; not independently verified",
        "geometry_status": "coordinates not published by source",
        "source_url": "https://dccws.delhi.gov.in/dccws/indian-made-foreign-liquor",
        "source_last_updated": "2026-07-27",
        "coordinate_search_source": "OpenStreetMap",
        "coordinate_search_status": "no high-confidence one-to-one OSM match assigned",
        "coordinate_is_approximate": true,
        "coordinate_quality": "approximate_area_centroid",
        "matched_area": "mahipalpur",
        "coordinate_method": "named_locality_centroid",
        "coordinate_confidence": "medium",
        "estimated_accuracy_m": 1200,
        "coordinate_warning": "Approximate locality/sector centre. This is not the verified vend entrance.",
        "coordinate_source": "Area-centroid approximation based on the locality wording in the official vend name",
        "coordinate_fill_version": "2026-07-29-area-centroid-fill-v1",
        "coordinate_order": "[longitude, latitude]"
      }
    },
    {
      "type": "Feature",
      "id": "dccws-imfl-138",
      "geometry": {
        "type": "Point",
        "coordinates": [
          77.34,
          28.6
        ]
      },
      "properties": {
        "serial_no": 138,
        "vend_id": "01/2024/0444",
        "name": "KONDLI GHAROLI, MAYUR VIHAR PHASE-III",
        "address": "SHOPS 1,2,5,6 & 8, SSG PREMIUM TOWER, SECTOR-4, PLOT NO. 4, KONDLI GHAROLI, MAYUR VIHAR PHASE-III, DELHI-110096",
        "vend_category": "Indian-made foreign liquor / beer retail vend",
        "licence_class": "L-6 or L-10 as listed",
        "operator": "Delhi Consumer's Co-operative Wholesale Store Ltd. (DCCWS)",
        "jurisdiction": "NCT of Delhi",
        "operational_status": "listed; not independently verified",
        "geometry_status": "coordinates not published by source",
        "source_url": "https://dccws.delhi.gov.in/dccws/indian-made-foreign-liquor",
        "source_last_updated": "2026-07-27",
        "coordinate_search_source": "OpenStreetMap",
        "coordinate_search_status": "no high-confidence one-to-one OSM match assigned",
        "coordinate_is_approximate": true,
        "coordinate_quality": "approximate_area_centroid",
        "matched_area": "kondli gharoli",
        "coordinate_method": "named_locality_centroid",
        "coordinate_confidence": "medium",
        "estimated_accuracy_m": 1200,
        "coordinate_warning": "Approximate locality/sector centre. This is not the verified vend entrance.",
        "coordinate_source": "Area-centroid approximation based on the locality wording in the official vend name",
        "coordinate_fill_version": "2026-07-29-area-centroid-fill-v1",
        "coordinate_order": "[longitude, latitude]"
      }
    },
    {
      "type": "Feature",
      "id": "dccws-imfl-139",
      "geometry": {
        "type": "Point",
        "coordinates": [
          77.071,
          28.699
        ]
      },
      "properties": {
        "serial_no": 139,
        "vend_id": "01/2024/0425",
        "name": "SULTANPURI",
        "address": "SHOP NO. C-109,110,125 & 126, C-BLOCK, SULTANPURI, DELHI-110041",
        "vend_category": "Indian-made foreign liquor / beer retail vend",
        "licence_class": "L-6 or L-10 as listed",
        "operator": "Delhi Consumer's Co-operative Wholesale Store Ltd. (DCCWS)",
        "jurisdiction": "NCT of Delhi",
        "operational_status": "listed; not independently verified",
        "geometry_status": "coordinates not published by source",
        "source_url": "https://dccws.delhi.gov.in/dccws/indian-made-foreign-liquor",
        "source_last_updated": "2026-07-27",
        "coordinate_search_source": "OpenStreetMap",
        "coordinate_search_status": "no high-confidence one-to-one OSM match assigned",
        "coordinate_is_approximate": true,
        "coordinate_quality": "approximate_area_centroid",
        "matched_area": "sultanpuri",
        "coordinate_method": "named_locality_centroid",
        "coordinate_confidence": "medium",
        "estimated_accuracy_m": 1200,
        "coordinate_warning": "Approximate locality/sector centre. This is not the verified vend entrance.",
        "coordinate_source": "Area-centroid approximation based on the locality wording in the official vend name",
        "coordinate_fill_version": "2026-07-29-area-centroid-fill-v1",
        "coordinate_order": "[longitude, latitude]"
      }
    },
    {
      "type": "Feature",
      "id": "dccws-imfl-140",
      "geometry": {
        "type": "Point",
        "coordinates": [
          77.263,
          28.541
        ]
      },
      "properties": {
        "serial_no": 140,
        "vend_id": "01/2024/0405",
        "name": "GOVINDPURI-II",
        "address": "UNIT/SHOP NO. 1402, GROUND FLOOR, GALI NO. 13, GOVINDPURI, NEW DELHI-110019",
        "vend_category": "Indian-made foreign liquor / beer retail vend",
        "licence_class": "L-6 or L-10 as listed",
        "operator": "Delhi Consumer's Co-operative Wholesale Store Ltd. (DCCWS)",
        "jurisdiction": "NCT of Delhi",
        "operational_status": "listed; not independently verified",
        "geometry_status": "coordinates not published by source",
        "source_url": "https://dccws.delhi.gov.in/dccws/indian-made-foreign-liquor",
        "source_last_updated": "2026-07-27",
        "coordinate_search_source": "OpenStreetMap",
        "coordinate_search_status": "no high-confidence one-to-one OSM match assigned",
        "coordinate_is_approximate": true,
        "coordinate_quality": "approximate_area_centroid",
        "matched_area": "govindpuri",
        "coordinate_method": "named_locality_centroid",
        "coordinate_confidence": "medium",
        "estimated_accuracy_m": 1200,
        "coordinate_warning": "Approximate locality/sector centre. This is not the verified vend entrance.",
        "coordinate_source": "Area-centroid approximation based on the locality wording in the official vend name",
        "coordinate_fill_version": "2026-07-29-area-centroid-fill-v1",
        "coordinate_order": "[longitude, latitude]"
      }
    },
    {
      "type": "Feature",
      "id": "dccws-imfl-141",
      "geometry": {
        "type": "Point",
        "coordinates": [
          77.192,
          28.673
        ]
      },
      "properties": {
        "serial_no": 141,
        "vend_id": "01/2024/1072",
        "name": "ROSHNARA ROAD",
        "address": "SHOP NO. 7740/48, 7739/47, GROUND FLOOR, FASIH BUILDING, ROSHNARA ROAD, SUBZI MANDI, DELHI-110007",
        "vend_category": "Indian-made foreign liquor / beer retail vend",
        "licence_class": "L-6 or L-10 as listed",
        "operator": "Delhi Consumer's Co-operative Wholesale Store Ltd. (DCCWS)",
        "jurisdiction": "NCT of Delhi",
        "operational_status": "listed; not independently verified",
        "geometry_status": "coordinates not published by source",
        "source_url": "https://dccws.delhi.gov.in/dccws/indian-made-foreign-liquor",
        "source_last_updated": "2026-07-27",
        "coordinate_search_source": "OpenStreetMap",
        "coordinate_search_status": "no high-confidence one-to-one OSM match assigned",
        "coordinate_is_approximate": true,
        "coordinate_quality": "approximate_area_centroid",
        "matched_area": "roshanara road",
        "coordinate_method": "named_locality_centroid",
        "coordinate_confidence": "medium",
        "estimated_accuracy_m": 1200,
        "coordinate_warning": "Approximate locality/sector centre. This is not the verified vend entrance.",
        "coordinate_source": "Area-centroid approximation based on the locality wording in the official vend name",
        "coordinate_fill_version": "2026-07-29-area-centroid-fill-v1",
        "coordinate_order": "[longitude, latitude]"
      }
    },
    {
      "type": "Feature",
      "id": "dccws-imfl-142",
      "geometry": {
        "type": "Point",
        "coordinates": [
          77.1,
          28.556
        ]
      },
      "properties": {
        "serial_no": 142,
        "vend_id": "01/2024/0279",
        "name": "DOMESTIC ARRIVALS, TERMINAL-3, IGI AIRPORT L-10",
        "address": "DOMESTIC ARRIVALS, M&G AREA, TERMINAL-3, INDIRA GANDHI INTERNATIONAL AIRPORT, NEW DELHI-110037",
        "vend_category": "Indian-made foreign liquor / beer retail vend",
        "licence_class": "L-6 or L-10 as listed",
        "operator": "Delhi Consumer's Co-operative Wholesale Store Ltd. (DCCWS)",
        "jurisdiction": "NCT of Delhi",
        "operational_status": "listed; not independently verified",
        "geometry_status": "coordinates not published by source",
        "source_url": "https://dccws.delhi.gov.in/dccws/indian-made-foreign-liquor",
        "source_last_updated": "2026-07-27",
        "coordinate_search_source": "OpenStreetMap",
        "coordinate_search_status": "no high-confidence one-to-one OSM match assigned",
        "coordinate_is_approximate": true,
        "coordinate_quality": "approximate_area_centroid",
        "matched_area": "domestic arrivals terminal 3",
        "coordinate_method": "interpreted_locality_centroid",
        "coordinate_confidence": "medium",
        "estimated_accuracy_m": 1500,
        "coordinate_warning": "Approximate locality/sector centre. This is not the verified vend entrance.",
        "coordinate_source": "Area-centroid approximation based on the locality wording in the official vend name",
        "coordinate_fill_version": "2026-07-29-area-centroid-fill-v1",
        "coordinate_order": "[longitude, latitude]"
      }
    },
    {
      "type": "Feature",
      "id": "dccws-imfl-143",
      "geometry": {
        "type": "Point",
        "coordinates": [
          77.29,
          28.674
        ]
      },
      "properties": {
        "serial_no": 143,
        "vend_id": "01/2024/1612",
        "name": "G.T. ROAD, SHAHDARA",
        "address": "SHOP NO. 1/864, KHASRA NO. 1115/991/450, VILLAGE CHANDRAWALI, G.T. ROAD, SHAHDARA, DELHI-110032",
        "vend_category": "Indian-made foreign liquor / beer retail vend",
        "licence_class": "L-6 or L-10 as listed",
        "operator": "Delhi Consumer's Co-operative Wholesale Store Ltd. (DCCWS)",
        "jurisdiction": "NCT of Delhi",
        "operational_status": "listed; not independently verified",
        "geometry_status": "coordinates not published by source",
        "source_url": "https://dccws.delhi.gov.in/dccws/indian-made-foreign-liquor",
        "source_last_updated": "2026-07-27",
        "coordinate_search_source": "OpenStreetMap",
        "coordinate_search_status": "no high-confidence one-to-one OSM match assigned",
        "coordinate_is_approximate": true,
        "coordinate_quality": "approximate_area_centroid",
        "matched_area": "gt road shahdara",
        "coordinate_method": "named_locality_centroid",
        "coordinate_confidence": "medium",
        "estimated_accuracy_m": 1200,
        "coordinate_warning": "Approximate locality/sector centre. This is not the verified vend entrance.",
        "coordinate_source": "Area-centroid approximation based on the locality wording in the official vend name",
        "coordinate_fill_version": "2026-07-29-area-centroid-fill-v1",
        "coordinate_order": "[longitude, latitude]"
      }
    },
    {
      "type": "Feature",
      "id": "dccws-imfl-144",
      "geometry": {
        "type": "Point",
        "coordinates": [
          77.276,
          28.728
        ]
      },
      "properties": {
        "serial_no": 144,
        "vend_id": "01/2024/0352",
        "name": "SADATPUR EXT., MAIN KARAWAL NAGAR ROAD",
        "address": "SHOP NO. C-1/5, OLD 721, KHASRA NO. 11, SADATPUR EXT., MAIN KARAWAL NAGAR ROAD, DELHI-110094",
        "vend_category": "Indian-made foreign liquor / beer retail vend",
        "licence_class": "L-6 or L-10 as listed",
        "operator": "Delhi Consumer's Co-operative Wholesale Store Ltd. (DCCWS)",
        "jurisdiction": "NCT of Delhi",
        "operational_status": "listed; not independently verified",
        "geometry_status": "coordinates not published by source",
        "source_url": "https://dccws.delhi.gov.in/dccws/indian-made-foreign-liquor",
        "source_last_updated": "2026-07-27",
        "coordinate_search_source": "OpenStreetMap",
        "coordinate_search_status": "no high-confidence one-to-one OSM match assigned",
        "coordinate_is_approximate": true,
        "coordinate_quality": "approximate_area_centroid",
        "matched_area": "karawal nagar",
        "coordinate_method": "named_locality_centroid",
        "coordinate_confidence": "medium",
        "estimated_accuracy_m": 1200,
        "coordinate_warning": "Approximate locality/sector centre. This is not the verified vend entrance.",
        "coordinate_source": "Area-centroid approximation based on the locality wording in the official vend name",
        "coordinate_fill_version": "2026-07-29-area-centroid-fill-v1",
        "coordinate_order": "[longitude, latitude]"
      }
    },
    {
      "type": "Feature",
      "id": "dccws-imfl-145",
      "geometry": {
        "type": "Point",
        "coordinates": [
          77.214,
          28.712
        ]
      },
      "properties": {
        "serial_no": 145,
        "vend_id": "01/2024/3116",
        "name": "JYOTI BHAWAN, MUKHERJEE NAGAR",
        "address": "SHOP NO. G-6, PART OF PROPERTY NO. A-25,26,27, JYOTI BHAWAN COMMERCIAL COMPLEX, NEW DELHI",
        "vend_category": "Indian-made foreign liquor / beer retail vend",
        "licence_class": "L-6 or L-10 as listed",
        "operator": "Delhi Consumer's Co-operative Wholesale Store Ltd. (DCCWS)",
        "jurisdiction": "NCT of Delhi",
        "operational_status": "listed; not independently verified",
        "geometry_status": "coordinates not published by source",
        "source_url": "https://dccws.delhi.gov.in/dccws/indian-made-foreign-liquor",
        "source_last_updated": "2026-07-27",
        "coordinate_search_source": "OpenStreetMap",
        "coordinate_search_status": "no high-confidence one-to-one OSM match assigned",
        "coordinate_is_approximate": true,
        "coordinate_quality": "approximate_area_centroid",
        "matched_area": "mukherjee nagar",
        "coordinate_method": "named_locality_centroid",
        "coordinate_confidence": "medium",
        "estimated_accuracy_m": 1200,
        "coordinate_warning": "Approximate locality/sector centre. This is not the verified vend entrance.",
        "coordinate_source": "Area-centroid approximation based on the locality wording in the official vend name",
        "coordinate_fill_version": "2026-07-29-area-centroid-fill-v1",
        "coordinate_order": "[longitude, latitude]"
      }
    },
    {
      "type": "Feature",
      "id": "dccws-imfl-146",
      "geometry": {
        "type": "Point",
        "coordinates": [
          77.141,
          28.626
        ]
      },
      "properties": {
        "serial_no": 146,
        "vend_id": "01/2024/3115",
        "name": "NARAINA INDUSTRIAL AREA",
        "address": "SHOP NO. D-6, GROUND FLOOR, CSC COMMUNITY CENTRE, NARAINA INDUSTRIAL AREA PHASE-I, NEW DELHI",
        "vend_category": "Indian-made foreign liquor / beer retail vend",
        "licence_class": "L-6 or L-10 as listed",
        "operator": "Delhi Consumer's Co-operative Wholesale Store Ltd. (DCCWS)",
        "jurisdiction": "NCT of Delhi",
        "operational_status": "listed; not independently verified",
        "geometry_status": "coordinates not published by source",
        "source_url": "https://dccws.delhi.gov.in/dccws/indian-made-foreign-liquor",
        "source_last_updated": "2026-07-27",
        "coordinate_search_source": "OpenStreetMap",
        "coordinate_search_status": "no high-confidence one-to-one OSM match assigned",
        "coordinate_is_approximate": true,
        "coordinate_quality": "approximate_area_centroid",
        "matched_area": "naraina industrial area",
        "coordinate_method": "interpreted_locality_centroid",
        "coordinate_confidence": "medium",
        "estimated_accuracy_m": 1500,
        "coordinate_warning": "Approximate locality/sector centre. This is not the verified vend entrance.",
        "coordinate_source": "Area-centroid approximation based on the locality wording in the official vend name",
        "coordinate_fill_version": "2026-07-29-area-centroid-fill-v1",
        "coordinate_order": "[longitude, latitude]"
      }
    },
    {
      "type": "Feature",
      "id": "dccws-imfl-147",
      "geometry": {
        "type": "Point",
        "coordinates": [
          77.2167,
          28.6315
        ]
      },
      "properties": {
        "serial_no": 147,
        "vend_id": "01/2024/3114",
        "name": "REGAL BUILDING, CONNAUGHT PLACE",
        "address": "SHOP NO. 12, REGAL BUILDING, PARLIAMENT STREET, CONNAUGHT PLACE, NEW DELHI",
        "vend_category": "Indian-made foreign liquor / beer retail vend",
        "licence_class": "L-6 or L-10 as listed",
        "operator": "Delhi Consumer's Co-operative Wholesale Store Ltd. (DCCWS)",
        "jurisdiction": "NCT of Delhi",
        "operational_status": "listed; not independently verified",
        "geometry_status": "coordinates not published by source",
        "source_url": "https://dccws.delhi.gov.in/dccws/indian-made-foreign-liquor",
        "source_last_updated": "2026-07-27",
        "coordinate_search_source": "OpenStreetMap",
        "coordinate_search_status": "no high-confidence one-to-one OSM match assigned",
        "coordinate_is_approximate": true,
        "coordinate_quality": "approximate_area_centroid",
        "matched_area": "connaught place",
        "coordinate_method": "interpreted_locality_centroid",
        "coordinate_confidence": "medium",
        "estimated_accuracy_m": 1500,
        "coordinate_warning": "Approximate locality/sector centre. This is not the verified vend entrance.",
        "coordinate_source": "Area-centroid approximation based on the locality wording in the official vend name",
        "coordinate_fill_version": "2026-07-29-area-centroid-fill-v1",
        "coordinate_order": "[longitude, latitude]"
      }
    },
    {
      "type": "Feature",
      "id": "dccws-imfl-148",
      "geometry": {
        "type": "Point",
        "coordinates": [
          77.002,
          28.728
        ]
      },
      "properties": {
        "serial_no": 148,
        "vend_id": "01/2024/0343",
        "name": "KANJHAWALA 315",
        "address": "PLOT NO. 315, GROUND FLOOR, KHASRA NO. 143, KANJHAWALA, DELHI-110081",
        "vend_category": "Indian-made foreign liquor / beer retail vend",
        "licence_class": "L-6 or L-10 as listed",
        "operator": "Delhi Consumer's Co-operative Wholesale Store Ltd. (DCCWS)",
        "jurisdiction": "NCT of Delhi",
        "operational_status": "listed; not independently verified",
        "geometry_status": "coordinates not published by source",
        "source_url": "https://dccws.delhi.gov.in/dccws/indian-made-foreign-liquor",
        "source_last_updated": "2026-07-27",
        "coordinate_search_source": "OpenStreetMap",
        "coordinate_search_status": "no high-confidence one-to-one OSM match assigned",
        "coordinate_is_approximate": true,
        "coordinate_quality": "approximate_area_centroid",
        "matched_area": "kanjhawala",
        "coordinate_method": "named_locality_centroid",
        "coordinate_confidence": "medium",
        "estimated_accuracy_m": 1200,
        "coordinate_warning": "Approximate locality/sector centre. This is not the verified vend entrance.",
        "coordinate_source": "Area-centroid approximation based on the locality wording in the official vend name",
        "coordinate_fill_version": "2026-07-29-area-centroid-fill-v1",
        "coordinate_order": "[longitude, latitude]"
      }
    },
    {
      "type": "Feature",
      "id": "dccws-imfl-149",
      "geometry": {
        "type": "Point",
        "coordinates": [
          76.996,
          28.685
        ]
      },
      "properties": {
        "serial_no": 149,
        "vend_id": "01/2024/0362",
        "name": "GHEWRA METRO",
        "address": "SHOPS 1 & 2, KHASRA NO. 80/23/2 AND 24/1, NEAR GHEVRA METRO STATION, TIKRI KALAN INDUSTRIAL AREA, DELHI-110041",
        "vend_category": "Indian-made foreign liquor / beer retail vend",
        "licence_class": "L-6 or L-10 as listed",
        "operator": "Delhi Consumer's Co-operative Wholesale Store Ltd. (DCCWS)",
        "jurisdiction": "NCT of Delhi",
        "operational_status": "listed; not independently verified",
        "geometry_status": "coordinates not published by source",
        "source_url": "https://dccws.delhi.gov.in/dccws/indian-made-foreign-liquor",
        "source_last_updated": "2026-07-27",
        "coordinate_search_source": "OpenStreetMap",
        "coordinate_search_status": "no high-confidence one-to-one OSM match assigned",
        "coordinate_is_approximate": true,
        "coordinate_quality": "approximate_area_centroid",
        "matched_area": "ghewra metro",
        "coordinate_method": "named_locality_centroid",
        "coordinate_confidence": "medium",
        "estimated_accuracy_m": 1200,
        "coordinate_warning": "Approximate locality/sector centre. This is not the verified vend entrance.",
        "coordinate_source": "Area-centroid approximation based on the locality wording in the official vend name",
        "coordinate_fill_version": "2026-07-29-area-centroid-fill-v1",
        "coordinate_order": "[longitude, latitude]"
      }
    },
    {
      "type": "Feature",
      "id": "dccws-country-1",
      "geometry": {
        "type": "Point",
        "coordinates": [
          77.175,
          28.706
        ]
      },
      "properties": {
        "serial_no": 1,
        "name": "AZADPUR",
        "address": "28, Transport Centre, Azadpur, Delhi.",
        "vend_category": "Country liquor vend",
        "licence_class": "L-8",
        "operator": "Delhi Consumer's Co-operative Wholesale Store Ltd. (DCCWS)",
        "jurisdiction": "NCT of Delhi",
        "operational_status": "listed as functional",
        "geometry_status": "coordinates not published by source",
        "source_url": "https://dccws.delhi.gov.in/dccws/country-liquor",
        "source_last_updated": "2026-07-27",
        "coordinate_search_source": "OpenStreetMap",
        "coordinate_search_status": "no high-confidence one-to-one OSM match assigned",
        "coordinate_is_approximate": true,
        "coordinate_quality": "approximate_area_centroid",
        "matched_area": "azadpur",
        "coordinate_method": "named_locality_centroid",
        "coordinate_confidence": "medium",
        "estimated_accuracy_m": 1200,
        "coordinate_warning": "Approximate locality/sector centre. This is not the verified vend entrance.",
        "coordinate_source": "Area-centroid approximation based on the locality wording in the official vend name",
        "coordinate_fill_version": "2026-07-29-area-centroid-fill-v1",
        "coordinate_order": "[longitude, latitude]"
      }
    },
    {
      "type": "Feature",
      "id": "dccws-country-2",
      "geometry": {
        "type": "Point",
        "coordinates": [
          77.04,
          28.79
        ]
      },
      "properties": {
        "serial_no": 2,
        "name": "BAWANA IND. AREA SEC.-5",
        "address": "Shop A-16 & A-17, Ground Floor, DD Mall, Cluster-E, Sector-5, Bawana Industrial Area, Delhi-110039",
        "vend_category": "Country liquor vend",
        "licence_class": "L-8",
        "operator": "Delhi Consumer's Co-operative Wholesale Store Ltd. (DCCWS)",
        "jurisdiction": "NCT of Delhi",
        "operational_status": "listed as functional",
        "geometry_status": "coordinates not published by source",
        "source_url": "https://dccws.delhi.gov.in/dccws/country-liquor",
        "source_last_updated": "2026-07-27",
        "coordinate_search_source": "OpenStreetMap",
        "coordinate_search_status": "no high-confidence one-to-one OSM match assigned",
        "coordinate_is_approximate": true,
        "coordinate_quality": "approximate_area_centroid",
        "matched_area": "bawana industrial area sector 5",
        "coordinate_method": "named_locality_centroid",
        "coordinate_confidence": "medium",
        "estimated_accuracy_m": 1200,
        "coordinate_warning": "Approximate locality/sector centre. This is not the verified vend entrance.",
        "coordinate_source": "Area-centroid approximation based on the locality wording in the official vend name",
        "coordinate_fill_version": "2026-07-29-area-centroid-fill-v1",
        "coordinate_order": "[longitude, latitude]"
      }
    },
    {
      "type": "Feature",
      "id": "dccws-country-3",
      "geometry": {
        "type": "Point",
        "coordinates": [
          77.183,
          28.445
        ]
      },
      "properties": {
        "serial_no": 3,
        "name": "BHATTI VILLAGE",
        "address": "Khasra No. 40, Village Bhatti, Dera Mod, Delhi",
        "vend_category": "Country liquor vend",
        "licence_class": "L-8",
        "operator": "Delhi Consumer's Co-operative Wholesale Store Ltd. (DCCWS)",
        "jurisdiction": "NCT of Delhi",
        "operational_status": "listed as non-functional",
        "geometry_status": "coordinates not published by source",
        "source_url": "https://dccws.delhi.gov.in/dccws/country-liquor",
        "source_last_updated": "2026-07-27",
        "coordinate_search_source": "OpenStreetMap",
        "coordinate_search_status": "no high-confidence one-to-one OSM match assigned",
        "coordinate_is_approximate": true,
        "coordinate_quality": "approximate_area_centroid",
        "matched_area": "bhatti village",
        "coordinate_method": "named_locality_centroid",
        "coordinate_confidence": "medium",
        "estimated_accuracy_m": 1200,
        "coordinate_warning": "Approximate locality/sector centre. This is not the verified vend entrance.",
        "coordinate_source": "Area-centroid approximation based on the locality wording in the official vend name",
        "coordinate_fill_version": "2026-07-29-area-centroid-fill-v1",
        "coordinate_order": "[longitude, latitude]"
      }
    },
    {
      "type": "Feature",
      "id": "dccws-country-4",
      "geometry": {
        "type": "Point",
        "coordinates": [
          76.975,
          28.61
        ]
      },
      "properties": {
        "serial_no": 4,
        "name": "DHANSA NANGLOI ROAD",
        "address": "Property No. 1655-C, Dhansa Nangloi Road, Najafgarh, Delhi-110043",
        "vend_category": "Country liquor vend",
        "licence_class": "L-8",
        "operator": "Delhi Consumer's Co-operative Wholesale Store Ltd. (DCCWS)",
        "jurisdiction": "NCT of Delhi",
        "operational_status": "listed as functional",
        "geometry_status": "coordinates not published by source",
        "source_url": "https://dccws.delhi.gov.in/dccws/country-liquor",
        "source_last_updated": "2026-07-27",
        "coordinate_search_source": "OpenStreetMap",
        "coordinate_search_status": "no high-confidence one-to-one OSM match assigned",
        "coordinate_is_approximate": true,
        "coordinate_quality": "approximate_area_centroid",
        "matched_area": "dhansa nangloi road",
        "coordinate_method": "named_locality_centroid",
        "coordinate_confidence": "medium",
        "estimated_accuracy_m": 1200,
        "coordinate_warning": "Approximate locality/sector centre. This is not the verified vend entrance.",
        "coordinate_source": "Area-centroid approximation based on the locality wording in the official vend name",
        "coordinate_fill_version": "2026-07-29-area-centroid-fill-v1",
        "coordinate_order": "[longitude, latitude]"
      }
    },
    {
      "type": "Feature",
      "id": "dccws-country-5",
      "geometry": {
        "type": "Point",
        "coordinates": [
          77.042,
          28.628
        ]
      },
      "properties": {
        "serial_no": 5,
        "name": "HASTSAL",
        "address": "Shop No. 7 & 8, DDA Market, Hastsal, New Delhi",
        "vend_category": "Country liquor vend",
        "licence_class": "L-8",
        "operator": "Delhi Consumer's Co-operative Wholesale Store Ltd. (DCCWS)",
        "jurisdiction": "NCT of Delhi",
        "operational_status": "listed as functional",
        "geometry_status": "coordinates not published by source",
        "source_url": "https://dccws.delhi.gov.in/dccws/country-liquor",
        "source_last_updated": "2026-07-27",
        "coordinate_search_source": "OpenStreetMap",
        "coordinate_search_status": "no high-confidence one-to-one OSM match assigned",
        "coordinate_is_approximate": true,
        "coordinate_quality": "approximate_area_centroid",
        "matched_area": "hastsal",
        "coordinate_method": "named_locality_centroid",
        "coordinate_confidence": "medium",
        "estimated_accuracy_m": 1200,
        "coordinate_warning": "Approximate locality/sector centre. This is not the verified vend entrance.",
        "coordinate_source": "Area-centroid approximation based on the locality wording in the official vend name",
        "coordinate_fill_version": "2026-07-29-area-centroid-fill-v1",
        "coordinate_order": "[longitude, latitude]"
      }
    },
    {
      "type": "Feature",
      "id": "dccws-country-6",
      "geometry": {
        "type": "Point",
        "coordinates": [
          77.162,
          28.725
        ]
      },
      "properties": {
        "serial_no": 6,
        "name": "JAHANGIR PURI",
        "address": "Shop No. A-79,80 & 62, DDA Market, Block-A, Jahangir Puri, New Delhi",
        "vend_category": "Country liquor vend",
        "licence_class": "L-8",
        "operator": "Delhi Consumer's Co-operative Wholesale Store Ltd. (DCCWS)",
        "jurisdiction": "NCT of Delhi",
        "operational_status": "listed as non-functional",
        "geometry_status": "coordinates not published by source",
        "source_url": "https://dccws.delhi.gov.in/dccws/country-liquor",
        "source_last_updated": "2026-07-27",
        "coordinate_search_source": "OpenStreetMap",
        "coordinate_search_status": "no high-confidence one-to-one OSM match assigned",
        "coordinate_is_approximate": true,
        "coordinate_quality": "approximate_area_centroid",
        "matched_area": "jahangirpuri",
        "coordinate_method": "named_locality_centroid",
        "coordinate_confidence": "medium",
        "estimated_accuracy_m": 1200,
        "coordinate_warning": "Approximate locality/sector centre. This is not the verified vend entrance.",
        "coordinate_source": "Area-centroid approximation based on the locality wording in the official vend name",
        "coordinate_fill_version": "2026-07-29-area-centroid-fill-v1",
        "coordinate_order": "[longitude, latitude]"
      }
    },
    {
      "type": "Feature",
      "id": "dccws-country-7",
      "geometry": {
        "type": "Point",
        "coordinates": [
          77.077,
          28.701
        ]
      },
      "properties": {
        "serial_no": 7,
        "name": "KRISHNA VIHAR",
        "address": "Shop No. 21, Main Kanjhawala Road, Krishna Vihar, New Delhi",
        "vend_category": "Country liquor vend",
        "licence_class": "L-8",
        "operator": "Delhi Consumer's Co-operative Wholesale Store Ltd. (DCCWS)",
        "jurisdiction": "NCT of Delhi",
        "operational_status": "listed as functional",
        "geometry_status": "coordinates not published by source",
        "source_url": "https://dccws.delhi.gov.in/dccws/country-liquor",
        "source_last_updated": "2026-07-27",
        "coordinate_search_source": "OpenStreetMap",
        "coordinate_search_status": "no high-confidence one-to-one OSM match assigned",
        "coordinate_is_approximate": true,
        "coordinate_quality": "approximate_area_centroid",
        "matched_area": "krishna vihar",
        "coordinate_method": "named_locality_centroid",
        "coordinate_confidence": "medium",
        "estimated_accuracy_m": 1200,
        "coordinate_warning": "Approximate locality/sector centre. This is not the verified vend entrance.",
        "coordinate_source": "Area-centroid approximation based on the locality wording in the official vend name",
        "coordinate_fill_version": "2026-07-29-area-centroid-fill-v1",
        "coordinate_order": "[longitude, latitude]"
      }
    },
    {
      "type": "Feature",
      "id": "dccws-country-8",
      "geometry": {
        "type": "Point",
        "coordinates": [
          77.092,
          28.852
        ]
      },
      "properties": {
        "serial_no": 8,
        "name": "NARELA",
        "address": "Shop No. G-53 & 54, Vardhman Select Mall, Sector-1, Narela, Delhi-110040",
        "vend_category": "Country liquor vend",
        "licence_class": "L-8",
        "operator": "Delhi Consumer's Co-operative Wholesale Store Ltd. (DCCWS)",
        "jurisdiction": "NCT of Delhi",
        "operational_status": "listed as functional",
        "geometry_status": "coordinates not published by source",
        "source_url": "https://dccws.delhi.gov.in/dccws/country-liquor",
        "source_last_updated": "2026-07-27",
        "coordinate_search_source": "OpenStreetMap",
        "coordinate_search_status": "no high-confidence one-to-one OSM match assigned",
        "coordinate_is_approximate": true,
        "coordinate_quality": "approximate_area_centroid",
        "matched_area": "narela",
        "coordinate_method": "named_locality_centroid",
        "coordinate_confidence": "medium",
        "estimated_accuracy_m": 1200,
        "coordinate_warning": "Approximate locality/sector centre. This is not the verified vend entrance.",
        "coordinate_source": "Area-centroid approximation based on the locality wording in the official vend name",
        "coordinate_fill_version": "2026-07-29-area-centroid-fill-v1",
        "coordinate_order": "[longitude, latitude]"
      }
    },
    {
      "type": "Feature",
      "id": "dccws-country-9",
      "geometry": {
        "type": "Point",
        "coordinates": [
          77.151,
          28.747
        ]
      },
      "properties": {
        "serial_no": 9,
        "name": "LIBASPUR",
        "address": "Khasra No. 15/32, 23 Min, Libaspur, Delhi",
        "vend_category": "Country liquor vend",
        "licence_class": "L-8",
        "operator": "Delhi Consumer's Co-operative Wholesale Store Ltd. (DCCWS)",
        "jurisdiction": "NCT of Delhi",
        "operational_status": "listed as functional",
        "geometry_status": "coordinates not published by source",
        "source_url": "https://dccws.delhi.gov.in/dccws/country-liquor",
        "source_last_updated": "2026-07-27",
        "coordinate_search_source": "OpenStreetMap",
        "coordinate_search_status": "no high-confidence one-to-one OSM match assigned",
        "coordinate_is_approximate": true,
        "coordinate_quality": "approximate_area_centroid",
        "matched_area": "libaspur",
        "coordinate_method": "named_locality_centroid",
        "coordinate_confidence": "medium",
        "estimated_accuracy_m": 1200,
        "coordinate_warning": "Approximate locality/sector centre. This is not the verified vend entrance.",
        "coordinate_source": "Area-centroid approximation based on the locality wording in the official vend name",
        "coordinate_fill_version": "2026-07-29-area-centroid-fill-v1",
        "coordinate_order": "[longitude, latitude]"
      }
    },
    {
      "type": "Feature",
      "id": "dccws-country-10",
      "geometry": {
        "type": "Point",
        "coordinates": [
          77.036,
          28.645
        ]
      },
      "properties": {
        "serial_no": 10,
        "name": "LOK NAYAK PURAM",
        "address": "Shop No. 9, CSC Market, Lok Nayak Puram, Delhi",
        "vend_category": "Country liquor vend",
        "licence_class": "L-8",
        "operator": "Delhi Consumer's Co-operative Wholesale Store Ltd. (DCCWS)",
        "jurisdiction": "NCT of Delhi",
        "operational_status": "listed as functional",
        "geometry_status": "coordinates not published by source",
        "source_url": "https://dccws.delhi.gov.in/dccws/country-liquor",
        "source_last_updated": "2026-07-27",
        "coordinate_search_source": "OpenStreetMap",
        "coordinate_search_status": "no high-confidence one-to-one OSM match assigned",
        "coordinate_is_approximate": true,
        "coordinate_quality": "approximate_area_centroid",
        "matched_area": "lok nayak puram",
        "coordinate_method": "interpreted_locality_centroid",
        "coordinate_confidence": "medium",
        "estimated_accuracy_m": 1500,
        "coordinate_warning": "Approximate locality/sector centre. This is not the verified vend entrance.",
        "coordinate_source": "Area-centroid approximation based on the locality wording in the official vend name",
        "coordinate_fill_version": "2026-07-29-area-centroid-fill-v1",
        "coordinate_order": "[longitude, latitude]"
      }
    },
    {
      "type": "Feature",
      "id": "dccws-country-11",
      "geometry": {
        "type": "Point",
        "coordinates": [
          77.311,
          28.702
        ]
      },
      "properties": {
        "serial_no": 11,
        "name": "MANDOLI",
        "address": "Khasra No. 26/13, Mandoli, Delhi-110093",
        "vend_category": "Country liquor vend",
        "licence_class": "L-8",
        "operator": "Delhi Consumer's Co-operative Wholesale Store Ltd. (DCCWS)",
        "jurisdiction": "NCT of Delhi",
        "operational_status": "listed as functional",
        "geometry_status": "coordinates not published by source",
        "source_url": "https://dccws.delhi.gov.in/dccws/country-liquor",
        "source_last_updated": "2026-07-27",
        "coordinate_search_source": "OpenStreetMap",
        "coordinate_search_status": "no high-confidence one-to-one OSM match assigned",
        "coordinate_is_approximate": true,
        "coordinate_quality": "approximate_area_centroid",
        "matched_area": "mandoli",
        "coordinate_method": "named_locality_centroid",
        "coordinate_confidence": "medium",
        "estimated_accuracy_m": 1200,
        "coordinate_warning": "Approximate locality/sector centre. This is not the verified vend entrance.",
        "coordinate_source": "Area-centroid approximation based on the locality wording in the official vend name",
        "coordinate_fill_version": "2026-07-29-area-centroid-fill-v1",
        "coordinate_order": "[longitude, latitude]"
      }
    },
    {
      "type": "Feature",
      "id": "dccws-country-12",
      "geometry": {
        "type": "Point",
        "coordinates": [
          77.143,
          28.658
        ]
      },
      "properties": {
        "serial_no": 12,
        "name": "MOTI NAGAR",
        "address": "Karampura Road, Moti Nagar, Delhi-110015",
        "vend_category": "Country liquor vend",
        "licence_class": "L-8",
        "operator": "Delhi Consumer's Co-operative Wholesale Store Ltd. (DCCWS)",
        "jurisdiction": "NCT of Delhi",
        "operational_status": "listed as functional",
        "geometry_status": "coordinates not published by source",
        "source_url": "https://dccws.delhi.gov.in/dccws/country-liquor",
        "source_last_updated": "2026-07-27",
        "coordinate_search_source": "OpenStreetMap",
        "coordinate_search_status": "no high-confidence one-to-one OSM match assigned",
        "coordinate_is_approximate": true,
        "coordinate_quality": "approximate_area_centroid",
        "matched_area": "moti nagar",
        "coordinate_method": "named_locality_centroid",
        "coordinate_confidence": "medium",
        "estimated_accuracy_m": 1200,
        "coordinate_warning": "Approximate locality/sector centre. This is not the verified vend entrance.",
        "coordinate_source": "Area-centroid approximation based on the locality wording in the official vend name",
        "coordinate_fill_version": "2026-07-29-area-centroid-fill-v1",
        "coordinate_order": "[longitude, latitude]"
      }
    },
    {
      "type": "Feature",
      "id": "dccws-country-13",
      "geometry": {
        "type": "Point",
        "coordinates": [
          77.308,
          28.691
        ]
      },
      "properties": {
        "serial_no": 13,
        "name": "NAND NAGRI",
        "address": "141/142, Punarvas Bazaar, near Gagan Cinema, Nand Nagri, Delhi",
        "vend_category": "Country liquor vend",
        "licence_class": "L-8",
        "operator": "Delhi Consumer's Co-operative Wholesale Store Ltd. (DCCWS)",
        "jurisdiction": "NCT of Delhi",
        "operational_status": "listed as functional",
        "geometry_status": "coordinates not published by source",
        "source_url": "https://dccws.delhi.gov.in/dccws/country-liquor",
        "source_last_updated": "2026-07-27",
        "coordinate_search_source": "OpenStreetMap",
        "coordinate_search_status": "no high-confidence one-to-one OSM match assigned",
        "coordinate_is_approximate": true,
        "coordinate_quality": "approximate_area_centroid",
        "matched_area": "nand nagri",
        "coordinate_method": "named_locality_centroid",
        "coordinate_confidence": "medium",
        "estimated_accuracy_m": 1200,
        "coordinate_warning": "Approximate locality/sector centre. This is not the verified vend entrance.",
        "coordinate_source": "Area-centroid approximation based on the locality wording in the official vend name",
        "coordinate_fill_version": "2026-07-29-area-centroid-fill-v1",
        "coordinate_order": "[longitude, latitude]"
      }
    },
    {
      "type": "Feature",
      "id": "dccws-country-14",
      "geometry": {
        "type": "Point",
        "coordinates": [
          77.091,
          28.669
        ]
      },
      "properties": {
        "serial_no": 14,
        "name": "PASCHIM VIHAR",
        "address": "Shop No. 65, BG-8, DDA Market, Paschim Vihar, New Delhi",
        "vend_category": "Country liquor vend",
        "licence_class": "L-8",
        "operator": "Delhi Consumer's Co-operative Wholesale Store Ltd. (DCCWS)",
        "jurisdiction": "NCT of Delhi",
        "operational_status": "listed as functional",
        "geometry_status": "coordinates not published by source",
        "source_url": "https://dccws.delhi.gov.in/dccws/country-liquor",
        "source_last_updated": "2026-07-27",
        "coordinate_search_source": "OpenStreetMap",
        "coordinate_search_status": "no high-confidence one-to-one OSM match assigned",
        "coordinate_is_approximate": true,
        "coordinate_quality": "approximate_area_centroid",
        "matched_area": "paschim vihar",
        "coordinate_method": "named_locality_centroid",
        "coordinate_confidence": "medium",
        "estimated_accuracy_m": 1200,
        "coordinate_warning": "Approximate locality/sector centre. This is not the verified vend entrance.",
        "coordinate_source": "Area-centroid approximation based on the locality wording in the official vend name",
        "coordinate_fill_version": "2026-07-29-area-centroid-fill-v1",
        "coordinate_order": "[longitude, latitude]"
      }
    },
    {
      "type": "Feature",
      "id": "dccws-country-15",
      "geometry": {
        "type": "Point",
        "coordinates": [
          77.007,
          28.6
        ]
      },
      "properties": {
        "serial_no": 15,
        "name": "RANAJI ENCLAVE",
        "address": "Shop No. 1-2, Ranaji Enclave, Najafgarh, Delhi",
        "vend_category": "Country liquor vend",
        "licence_class": "L-8",
        "operator": "Delhi Consumer's Co-operative Wholesale Store Ltd. (DCCWS)",
        "jurisdiction": "NCT of Delhi",
        "operational_status": "listed as functional",
        "geometry_status": "coordinates not published by source",
        "source_url": "https://dccws.delhi.gov.in/dccws/country-liquor",
        "source_last_updated": "2026-07-27",
        "coordinate_search_source": "OpenStreetMap",
        "coordinate_search_status": "no high-confidence one-to-one OSM match assigned",
        "coordinate_is_approximate": true,
        "coordinate_quality": "approximate_area_centroid",
        "matched_area": "ranaji enclave",
        "coordinate_method": "named_locality_centroid",
        "coordinate_confidence": "medium",
        "estimated_accuracy_m": 1200,
        "coordinate_warning": "Approximate locality/sector centre. This is not the verified vend entrance.",
        "coordinate_source": "Area-centroid approximation based on the locality wording in the official vend name",
        "coordinate_fill_version": "2026-07-29-area-centroid-fill-v1",
        "coordinate_order": "[longitude, latitude]"
      }
    },
    {
      "type": "Feature",
      "id": "dccws-country-16",
      "geometry": {
        "type": "Point",
        "coordinates": [
          77.139,
          28.748
        ]
      },
      "properties": {
        "serial_no": 16,
        "name": "SANJAY GANDHI TPT",
        "address": "Plot No. CW-321, Sanjay Gandhi Transport Nagar, Delhi-110042",
        "vend_category": "Country liquor vend",
        "licence_class": "L-8",
        "operator": "Delhi Consumer's Co-operative Wholesale Store Ltd. (DCCWS)",
        "jurisdiction": "NCT of Delhi",
        "operational_status": "listed as functional",
        "geometry_status": "coordinates not published by source",
        "source_url": "https://dccws.delhi.gov.in/dccws/country-liquor",
        "source_last_updated": "2026-07-27",
        "coordinate_search_source": "OpenStreetMap",
        "coordinate_search_status": "no high-confidence one-to-one OSM match assigned",
        "coordinate_is_approximate": true,
        "coordinate_quality": "approximate_area_centroid",
        "matched_area": "sanjay gandhi transport nagar",
        "coordinate_method": "fuzzy_locality_centroid",
        "coordinate_confidence": "low",
        "estimated_accuracy_m": 2200,
        "coordinate_warning": "Approximate locality/sector centre. This is not the verified vend entrance.",
        "coordinate_source": "Area-centroid approximation based on the locality wording in the official vend name",
        "coordinate_fill_version": "2026-07-29-area-centroid-fill-v1",
        "coordinate_order": "[longitude, latitude]"
      }
    },
    {
      "type": "Feature",
      "id": "dccws-country-17",
      "geometry": {
        "type": "Point",
        "coordinates": [
          77.25,
          28.668
        ]
      },
      "properties": {
        "serial_no": 17,
        "name": "SHASTRI PARK",
        "address": "Shop No. 1, CSC Market, Shastri Park, New Delhi",
        "vend_category": "Country liquor vend",
        "licence_class": "L-8",
        "operator": "Delhi Consumer's Co-operative Wholesale Store Ltd. (DCCWS)",
        "jurisdiction": "NCT of Delhi",
        "operational_status": "listed as functional",
        "geometry_status": "coordinates not published by source",
        "source_url": "https://dccws.delhi.gov.in/dccws/country-liquor",
        "source_last_updated": "2026-07-27",
        "coordinate_search_source": "OpenStreetMap",
        "coordinate_search_status": "no high-confidence one-to-one OSM match assigned",
        "coordinate_is_approximate": true,
        "coordinate_quality": "approximate_area_centroid",
        "matched_area": "shastri park",
        "coordinate_method": "named_locality_centroid",
        "coordinate_confidence": "medium",
        "estimated_accuracy_m": 1200,
        "coordinate_warning": "Approximate locality/sector centre. This is not the verified vend entrance.",
        "coordinate_source": "Area-centroid approximation based on the locality wording in the official vend name",
        "coordinate_fill_version": "2026-07-29-area-centroid-fill-v1",
        "coordinate_order": "[longitude, latitude]"
      }
    },
    {
      "type": "Feature",
      "id": "dccws-country-18",
      "geometry": {
        "type": "Point",
        "coordinates": [
          77.281,
          28.735
        ]
      },
      "properties": {
        "serial_no": 18,
        "name": "SHERPUR KARAWAL NAGAR",
        "address": "Sherpur Chowk, Karawal Nagar, Delhi",
        "vend_category": "Country liquor vend",
        "licence_class": "L-8",
        "operator": "Delhi Consumer's Co-operative Wholesale Store Ltd. (DCCWS)",
        "jurisdiction": "NCT of Delhi",
        "operational_status": "listed as non-functional",
        "geometry_status": "coordinates not published by source",
        "source_url": "https://dccws.delhi.gov.in/dccws/country-liquor",
        "source_last_updated": "2026-07-27",
        "coordinate_search_source": "OpenStreetMap",
        "coordinate_search_status": "no high-confidence one-to-one OSM match assigned",
        "coordinate_is_approximate": true,
        "coordinate_quality": "approximate_area_centroid",
        "matched_area": "sherpur karawal nagar",
        "coordinate_method": "named_locality_centroid",
        "coordinate_confidence": "medium",
        "estimated_accuracy_m": 1200,
        "coordinate_warning": "Approximate locality/sector centre. This is not the verified vend entrance.",
        "coordinate_source": "Area-centroid approximation based on the locality wording in the official vend name",
        "coordinate_fill_version": "2026-07-29-area-centroid-fill-v1",
        "coordinate_order": "[longitude, latitude]"
      }
    },
    {
      "type": "Feature",
      "id": "dccws-country-19",
      "geometry": {
        "type": "Point",
        "coordinates": [
          77.1,
          28.67
        ]
      },
      "properties": {
        "serial_no": 19,
        "name": "SHIV MKT",
        "address": "Shop No. D-7 to D-10, Shiv Market, Budh Nagar, Badarpur",
        "vend_category": "Country liquor vend",
        "licence_class": "L-8",
        "operator": "Delhi Consumer's Co-operative Wholesale Store Ltd. (DCCWS)",
        "jurisdiction": "NCT of Delhi",
        "operational_status": "listed as functional",
        "geometry_status": "coordinates not published by source",
        "source_url": "https://dccws.delhi.gov.in/dccws/country-liquor",
        "source_last_updated": "2026-07-27",
        "coordinate_search_source": "OpenStreetMap",
        "coordinate_search_status": "no high-confidence one-to-one OSM match assigned",
        "coordinate_is_approximate": true,
        "coordinate_quality": "approximate_area_centroid",
        "matched_area": "shiv market",
        "coordinate_method": "interpreted_parent_area_centroid",
        "coordinate_confidence": "low",
        "estimated_accuracy_m": 3000,
        "coordinate_warning": "Approximate locality/sector centre. This is not the verified vend entrance.",
        "coordinate_source": "Area-centroid approximation based on the locality wording in the official vend name",
        "coordinate_fill_version": "2026-07-29-area-centroid-fill-v1",
        "coordinate_order": "[longitude, latitude]"
      }
    },
    {
      "type": "Feature",
      "id": "dccws-country-20",
      "geometry": {
        "type": "Point",
        "coordinates": [
          77.119,
          28.759
        ]
      },
      "properties": {
        "serial_no": 20,
        "name": "SIRASPUR",
        "address": "Khasra No. 146/1, G.T. Road to Mamchand Dhania Road, Siraspur, Delhi-110042",
        "vend_category": "Country liquor vend",
        "licence_class": "L-8",
        "operator": "Delhi Consumer's Co-operative Wholesale Store Ltd. (DCCWS)",
        "jurisdiction": "NCT of Delhi",
        "operational_status": "listed as functional",
        "geometry_status": "coordinates not published by source",
        "source_url": "https://dccws.delhi.gov.in/dccws/country-liquor",
        "source_last_updated": "2026-07-27",
        "coordinate_search_source": "OpenStreetMap",
        "coordinate_search_status": "no high-confidence one-to-one OSM match assigned",
        "coordinate_is_approximate": true,
        "coordinate_quality": "approximate_area_centroid",
        "matched_area": "siraspur",
        "coordinate_method": "named_locality_centroid",
        "coordinate_confidence": "medium",
        "estimated_accuracy_m": 1200,
        "coordinate_warning": "Approximate locality/sector centre. This is not the verified vend entrance.",
        "coordinate_source": "Area-centroid approximation based on the locality wording in the official vend name",
        "coordinate_fill_version": "2026-07-29-area-centroid-fill-v1",
        "coordinate_order": "[longitude, latitude]"
      }
    },
    {
      "type": "Feature",
      "id": "dccws-country-21",
      "geometry": {
        "type": "Point",
        "coordinates": [
          77.056,
          28.621
        ]
      },
      "properties": {
        "serial_no": 21,
        "name": "UTTAM NAGAR",
        "address": "WZ-247/3-B, Main Najafgarh Road, Uttam Nagar, New Delhi-110059",
        "vend_category": "Country liquor vend",
        "licence_class": "L-8",
        "operator": "Delhi Consumer's Co-operative Wholesale Store Ltd. (DCCWS)",
        "jurisdiction": "NCT of Delhi",
        "operational_status": "listed as functional",
        "geometry_status": "coordinates not published by source",
        "source_url": "https://dccws.delhi.gov.in/dccws/country-liquor",
        "source_last_updated": "2026-07-27",
        "coordinate_search_source": "OpenStreetMap",
        "coordinate_search_status": "no high-confidence one-to-one OSM match assigned",
        "coordinate_is_approximate": true,
        "coordinate_quality": "approximate_area_centroid",
        "matched_area": "uttam nagar",
        "coordinate_method": "named_locality_centroid",
        "coordinate_confidence": "medium",
        "estimated_accuracy_m": 1200,
        "coordinate_warning": "Approximate locality/sector centre. This is not the verified vend entrance.",
        "coordinate_source": "Area-centroid approximation based on the locality wording in the official vend name",
        "coordinate_fill_version": "2026-07-29-area-centroid-fill-v1",
        "coordinate_order": "[longitude, latitude]"
      }
    },
    {
      "type": "Feature",
      "id": "dccws-country-22",
      "geometry": {
        "type": "Point",
        "coordinates": [
          77.092,
          28.646
        ]
      },
      "properties": {
        "serial_no": 22,
        "name": "JAWALA PURI / VISHNU GARDEN",
        "address": "Plot No. 36-37, New No. 283/36-37, Vishnu Garden Extension, New Delhi",
        "vend_category": "Country liquor vend",
        "licence_class": "L-8",
        "operator": "Delhi Consumer's Co-operative Wholesale Store Ltd. (DCCWS)",
        "jurisdiction": "NCT of Delhi",
        "operational_status": "listed as functional",
        "geometry_status": "coordinates not published by source",
        "source_url": "https://dccws.delhi.gov.in/dccws/country-liquor",
        "source_last_updated": "2026-07-27",
        "coordinate_search_source": "OpenStreetMap",
        "coordinate_search_status": "no high-confidence one-to-one OSM match assigned",
        "coordinate_is_approximate": true,
        "coordinate_quality": "approximate_area_centroid",
        "matched_area": "vishnu garden",
        "coordinate_method": "named_locality_centroid",
        "coordinate_confidence": "medium",
        "estimated_accuracy_m": 1200,
        "coordinate_warning": "Approximate locality/sector centre. This is not the verified vend entrance.",
        "coordinate_source": "Area-centroid approximation based on the locality wording in the official vend name",
        "coordinate_fill_version": "2026-07-29-area-centroid-fill-v1",
        "coordinate_order": "[longitude, latitude]"
      }
    },
    {
      "type": "Feature",
      "id": "dccws-country-23",
      "geometry": {
        "type": "Point",
        "coordinates": [
          77.216,
          28.529
        ]
      },
      "properties": {
        "serial_no": 23,
        "name": "M.B. ROAD, PUSHP VIHAR",
        "address": "Shop No. 17, Ground Floor, M.B. Road, Sector-3, New Delhi",
        "vend_category": "Country liquor vend",
        "licence_class": "L-8",
        "operator": "Delhi Consumer's Co-operative Wholesale Store Ltd. (DCCWS)",
        "jurisdiction": "NCT of Delhi",
        "operational_status": "listed as non-functional",
        "geometry_status": "coordinates not published by source",
        "source_url": "https://dccws.delhi.gov.in/dccws/country-liquor",
        "source_last_updated": "2026-07-27",
        "coordinate_search_source": "OpenStreetMap",
        "coordinate_search_status": "no high-confidence one-to-one OSM match assigned",
        "coordinate_is_approximate": true,
        "coordinate_quality": "approximate_area_centroid",
        "matched_area": "mb road pushp vihar",
        "coordinate_method": "fuzzy_locality_centroid",
        "coordinate_confidence": "low",
        "estimated_accuracy_m": 2200,
        "coordinate_warning": "Approximate locality/sector centre. This is not the verified vend entrance.",
        "coordinate_source": "Area-centroid approximation based on the locality wording in the official vend name",
        "coordinate_fill_version": "2026-07-29-area-centroid-fill-v1",
        "coordinate_order": "[longitude, latitude]"
      }
    },
    {
      "type": "Feature",
      "id": "dccws-country-24",
      "geometry": {
        "type": "Point",
        "coordinates": [
          77.111,
          28.744
        ]
      },
      "properties": {
        "serial_no": 24,
        "name": "ROHINI SECTOR-19",
        "address": "Shop No. 14,15 & 16, Aggarwal Shopping Square, Plot CSC/OCF-1, Sector-19, Rohini, Delhi-110085",
        "vend_category": "Country liquor vend",
        "licence_class": "L-8",
        "operator": "Delhi Consumer's Co-operative Wholesale Store Ltd. (DCCWS)",
        "jurisdiction": "NCT of Delhi",
        "operational_status": "listed as non-functional",
        "geometry_status": "coordinates not published by source",
        "source_url": "https://dccws.delhi.gov.in/dccws/country-liquor",
        "source_last_updated": "2026-07-27",
        "coordinate_search_source": "OpenStreetMap",
        "coordinate_search_status": "no high-confidence one-to-one OSM match assigned",
        "coordinate_is_approximate": true,
        "coordinate_quality": "approximate_area_centroid",
        "matched_area": "rohini sector 19",
        "coordinate_method": "sector_centroid",
        "coordinate_confidence": "medium",
        "estimated_accuracy_m": 800,
        "coordinate_warning": "Approximate locality/sector centre. This is not the verified vend entrance.",
        "coordinate_source": "Area-centroid approximation based on the locality wording in the official vend name",
        "coordinate_fill_version": "2026-07-29-area-centroid-fill-v1",
        "coordinate_order": "[longitude, latitude]"
      }
    },
    {
      "type": "Feature",
      "id": "osm-node-2592537219",
      "geometry": {
        "type": "Point",
        "coordinates": [
          77.22132,
          28.63095
        ]
      },
      "properties": {
        "name": "Beer & Wine Shop",
        "record_source": "OpenStreetMap",
        "osm_type": "node",
        "osm_id": 2592537219,
        "osm_tag": "shop=alcohol",
        "locality": "Connaught Place / central New Delhi",
        "geometry_status": "precise OSM point",
        "official_match_status": "OSM-only; not assigned to an official record",
        "source_url": "https://www.openstreetmap.org/node/2592537219",
        "attribution": "© OpenStreetMap contributors; ODbL",
        "coordinate_is_approximate": false,
        "coordinate_quality": "exact_mapped_point",
        "estimated_accuracy_m": 30,
        "coordinate_warning": null,
        "coordinate_fill_version": "2026-07-29-area-centroid-fill-v1"
      }
    },
    {
      "type": "Feature",
      "id": "osm-node-12977461522",
      "geometry": {
        "type": "Point",
        "coordinates": [
          77.22132,
          28.63112
        ]
      },
      "properties": {
        "name": "Liqour Mart",
        "record_source": "OpenStreetMap",
        "osm_type": "node",
        "osm_id": 12977461522,
        "osm_tag": "shop=alcohol",
        "locality": "Connaught Place / central New Delhi",
        "geometry_status": "precise OSM point",
        "official_match_status": "OSM-only; not assigned to an official record",
        "source_url": "https://www.openstreetmap.org/node/12977461522",
        "attribution": "© OpenStreetMap contributors; ODbL",
        "coordinate_is_approximate": false,
        "coordinate_quality": "exact_mapped_point",
        "estimated_accuracy_m": 30,
        "coordinate_warning": null,
        "coordinate_fill_version": "2026-07-29-area-centroid-fill-v1"
      }
    },
    {
      "type": "Feature",
      "id": "osm-node-10873417008",
      "geometry": {
        "type": "Point",
        "coordinates": [
          77.21011,
          28.63861
        ]
      },
      "properties": {
        "name": "Wine and beer store (liquor too)",
        "record_source": "OpenStreetMap",
        "osm_type": "node",
        "osm_id": 10873417008,
        "osm_tag": "shop=alcohol",
        "locality": "Central Delhi / Karol Bagh vicinity",
        "geometry_status": "precise OSM point",
        "official_match_status": "OSM-only; not assigned to an official record",
        "source_url": "https://www.openstreetmap.org/node/10873417008",
        "attribution": "© OpenStreetMap contributors; ODbL",
        "coordinate_is_approximate": false,
        "coordinate_quality": "exact_mapped_point",
        "estimated_accuracy_m": 30,
        "coordinate_warning": null,
        "coordinate_fill_version": "2026-07-29-area-centroid-fill-v1"
      }
    },
    {
      "type": "Feature",
      "id": "osm-node-11738938302",
      "geometry": {
        "type": "Point",
        "coordinates": [
          77.28165,
          28.63356
        ]
      },
      "properties": {
        "name": "Government Wine Shop",
        "record_source": "OpenStreetMap",
        "osm_type": "node",
        "osm_id": 11738938302,
        "osm_tag": "shop=alcohol",
        "locality": "Gandhi Nagar / East Delhi",
        "geometry_status": "precise OSM point",
        "official_match_status": "OSM-only; not assigned to an official record",
        "source_url": "https://www.openstreetmap.org/node/11738938302",
        "attribution": "© OpenStreetMap contributors; ODbL",
        "coordinate_is_approximate": false,
        "coordinate_quality": "exact_mapped_point",
        "estimated_accuracy_m": 30,
        "coordinate_warning": null,
        "coordinate_fill_version": "2026-07-29-area-centroid-fill-v1"
      }
    },
    {
      "type": "Feature",
      "id": "osm-node-11212500518",
      "geometry": {
        "type": "Point",
        "coordinates": [
          77.2834,
          28.63423
        ]
      },
      "properties": {
        "name": "Govt. Wine & Beer shop",
        "record_source": "OpenStreetMap",
        "osm_type": "node",
        "osm_id": 11212500518,
        "osm_tag": "shop=alcohol",
        "locality": "Gandhi Nagar / East Delhi",
        "geometry_status": "precise OSM point",
        "official_match_status": "OSM-only; not assigned to an official record",
        "source_url": "https://www.openstreetmap.org/node/11212500518",
        "attribution": "© OpenStreetMap contributors; ODbL",
        "coordinate_is_approximate": false,
        "coordinate_quality": "exact_mapped_point",
        "estimated_accuracy_m": 30,
        "coordinate_warning": null,
        "coordinate_fill_version": "2026-07-29-area-centroid-fill-v1"
      }
    },
    {
      "type": "Feature",
      "id": "osm-node-10893067294",
      "geometry": {
        "type": "Point",
        "coordinates": [
          77.27751,
          28.62938
        ]
      },
      "properties": {
        "name": "Liquor Vend",
        "record_source": "OpenStreetMap",
        "osm_type": "node",
        "osm_id": 10893067294,
        "osm_tag": "shop=alcohol",
        "locality": "Gandhi Nagar / East Delhi",
        "geometry_status": "precise OSM point",
        "official_match_status": "OSM-only; not assigned to an official record",
        "source_url": "https://www.openstreetmap.org/node/10893067294",
        "attribution": "© OpenStreetMap contributors; ODbL",
        "operator": "Delhi Tourism",
        "coordinate_is_approximate": false,
        "coordinate_quality": "exact_mapped_point",
        "estimated_accuracy_m": 30,
        "coordinate_warning": null,
        "coordinate_fill_version": "2026-07-29-area-centroid-fill-v1"
      }
    },
    {
      "type": "Feature",
      "id": "osm-node-5128503978",
      "geometry": {
        "type": "Point",
        "coordinates": [
          77.23455,
          28.54043
        ]
      },
      "properties": {
        "name": "Govt. Wine & Beer Shop",
        "record_source": "OpenStreetMap",
        "osm_type": "node",
        "osm_id": 5128503978,
        "osm_tag": "shop=alcohol",
        "locality": "Kalkaji",
        "geometry_status": "precise OSM point",
        "official_match_status": "OSM-only; not assigned to an official record",
        "source_url": "https://www.openstreetmap.org/node/5128503978",
        "attribution": "© OpenStreetMap contributors; ODbL",
        "coordinate_is_approximate": false,
        "coordinate_quality": "exact_mapped_point",
        "estimated_accuracy_m": 30,
        "coordinate_warning": null,
        "coordinate_fill_version": "2026-07-29-area-centroid-fill-v1"
      }
    },
    {
      "type": "Feature",
      "id": "osm-node-5909689005",
      "geometry": {
        "type": "Point",
        "coordinates": [
          77.20668,
          28.51882
        ]
      },
      "properties": {
        "name": "Wine and Beer",
        "record_source": "OpenStreetMap",
        "osm_type": "node",
        "osm_id": 5909689005,
        "osm_tag": "shop=alcohol",
        "locality": "Hauz Khas / South Delhi",
        "geometry_status": "precise OSM point",
        "official_match_status": "OSM-only; not assigned to an official record",
        "source_url": "https://www.openstreetmap.org/node/5909689005",
        "attribution": "© OpenStreetMap contributors; ODbL",
        "coordinate_is_approximate": false,
        "coordinate_quality": "exact_mapped_point",
        "estimated_accuracy_m": 30,
        "coordinate_warning": null,
        "coordinate_fill_version": "2026-07-29-area-centroid-fill-v1"
      }
    },
    {
      "type": "Feature",
      "id": "osm-node-12066219421",
      "geometry": {
        "type": "Point",
        "coordinates": [
          77.28577,
          28.63709
        ]
      },
      "properties": {
        "name": "Kalra's Wine & Beer Shop",
        "record_source": "OpenStreetMap",
        "osm_type": "node",
        "osm_id": 12066219421,
        "osm_tag": "shop=alcohol",
        "locality": "Preet Vihar",
        "geometry_status": "precise OSM point",
        "official_match_status": "OSM-only; not assigned to an official record",
        "source_url": "https://www.openstreetmap.org/node/12066219421",
        "attribution": "© OpenStreetMap contributors; ODbL",
        "coordinate_is_approximate": false,
        "coordinate_quality": "exact_mapped_point",
        "estimated_accuracy_m": 30,
        "coordinate_warning": null,
        "coordinate_fill_version": "2026-07-29-area-centroid-fill-v1"
      }
    },
    {
      "type": "Feature",
      "id": "osm-node-13084380066",
      "geometry": {
        "type": "Point",
        "coordinates": [
          77.30097,
          28.61971
        ]
      },
      "properties": {
        "name": "Good Spirits (Wine & Beer Shop)",
        "record_source": "OpenStreetMap",
        "osm_type": "node",
        "osm_id": 13084380066,
        "osm_tag": "shop=alcohol",
        "locality": "Mayur Vihar II / Preet Vihar",
        "geometry_status": "precise OSM point",
        "official_match_status": "OSM-only; not assigned to an official record",
        "source_url": "https://www.openstreetmap.org/node/13084380066",
        "attribution": "© OpenStreetMap contributors; ODbL",
        "coordinate_is_approximate": false,
        "coordinate_quality": "exact_mapped_point",
        "estimated_accuracy_m": 30,
        "coordinate_warning": null,
        "coordinate_fill_version": "2026-07-29-area-centroid-fill-v1"
      }
    },
    {
      "type": "Feature",
      "id": "osm-node-12917518507",
      "geometry": {
        "type": "Point",
        "coordinates": [
          77.28588,
          28.61949
        ]
      },
      "properties": {
        "name": "Liquor Vend",
        "record_source": "OpenStreetMap",
        "osm_type": "node",
        "osm_id": 12917518507,
        "osm_tag": "shop=alcohol",
        "locality": "Pandav Nagar / Preet Vihar",
        "geometry_status": "precise OSM point",
        "official_match_status": "OSM-only; not assigned to an official record",
        "source_url": "https://www.openstreetmap.org/node/12917518507",
        "attribution": "© OpenStreetMap contributors; ODbL",
        "address": "53, Pandav Nagar 3, Delhi 110092",
        "coordinate_is_approximate": false,
        "coordinate_quality": "exact_mapped_point",
        "estimated_accuracy_m": 30,
        "coordinate_warning": null,
        "coordinate_fill_version": "2026-07-29-area-centroid-fill-v1"
      }
    },
    {
      "type": "Feature",
      "id": "osm-node-6499447393",
      "geometry": {
        "type": "Point",
        "coordinates": [
          77.28835,
          28.67509
        ]
      },
      "properties": {
        "name": "Wine and Beer Store",
        "record_source": "OpenStreetMap",
        "osm_type": "node",
        "osm_id": 6499447393,
        "osm_tag": "shop=alcohol",
        "locality": "Shahdara",
        "geometry_status": "precise OSM point",
        "official_match_status": "OSM-only; not assigned to an official record",
        "source_url": "https://www.openstreetmap.org/node/6499447393",
        "attribution": "© OpenStreetMap contributors; ODbL",
        "coordinate_is_approximate": false,
        "coordinate_quality": "exact_mapped_point",
        "estimated_accuracy_m": 30,
        "coordinate_warning": null,
        "coordinate_fill_version": "2026-07-29-area-centroid-fill-v1"
      }
    },
    {
      "type": "Feature",
      "id": "osm-node-6412016787",
      "geometry": {
        "type": "Point",
        "coordinates": [
          77.292,
          28.68612
        ]
      },
      "properties": {
        "name": "Government Wine and Beer Shop",
        "record_source": "OpenStreetMap",
        "osm_type": "node",
        "osm_id": 6412016787,
        "osm_tag": "shop=alcohol",
        "locality": "Shahdara",
        "geometry_status": "precise OSM point",
        "official_match_status": "OSM-only; not assigned to an official record",
        "source_url": "https://www.openstreetmap.org/node/6412016787",
        "attribution": "© OpenStreetMap contributors; ODbL",
        "coordinate_is_approximate": false,
        "coordinate_quality": "exact_mapped_point",
        "estimated_accuracy_m": 30,
        "coordinate_warning": null,
        "coordinate_fill_version": "2026-07-29-area-centroid-fill-v1"
      }
    }
  ]
}