feature_index,name,operator,record_source,longitude,latitude,coordinate_is_approximate,coordinate_quality,matched_area,coordinate_method,coordinate_confidence,estimated_accuracy_m,coordinate_warning,original_geometry_status,source_url
1,YASHWANT PLACE,Delhi State Civil Supplies Corporation Limited (DSCSC),official listing,77.1635,28.5845,True,approximate_area_centroid,yashwant place,interpreted_locality_centroid,medium,1500,Approximate locality/sector centre. This is not the verified vend entrance.,not published by source,https://dscsc.delhi.gov.in/dscsc/liquor-vends
2,NARAINA VIHAR,Delhi State Civil Supplies Corporation Limited (DSCSC),official listing,77.1375,28.6295,True,approximate_area_centroid,naraina vihar,interpreted_locality_centroid,medium,1500,Approximate locality/sector centre. This is not the verified vend entrance.,not published by source,https://dscsc.delhi.gov.in/dscsc/liquor-vends
3,SAKET,Delhi State Civil Supplies Corporation Limited (DSCSC),official listing,77.206,28.5245,True,approximate_area_centroid,saket,named_locality_centroid,medium,1200,Approximate locality/sector centre. This is not the verified vend entrance.,not published by source,https://dscsc.delhi.gov.in/dscsc/liquor-vends
4,LOK NAYAK BHAWAN,Delhi State Civil Supplies Corporation Limited (DSCSC),official listing,77.219,28.628,True,approximate_area_centroid,lok nayak bhawan,interpreted_locality_centroid,medium,1500,Approximate locality/sector centre. This is not the verified vend entrance.,not published by source,https://dscsc.delhi.gov.in/dscsc/liquor-vends
5,G BLK CONNAUGHT PLACE,Delhi State Civil Supplies Corporation Limited (DSCSC),official listing,77.2167,28.6315,True,approximate_area_centroid,connaught place,interpreted_locality_centroid,medium,1500,Approximate locality/sector centre. This is not the verified vend entrance.,not published by source,https://dscsc.delhi.gov.in/dscsc/liquor-vends
6,MEENAKSHI GARADEN 112,Delhi State Civil Supplies Corporation Limited (DSCSC),official listing,77.102,28.641,True,approximate_area_centroid,meenakshi garden,interpreted_locality_centroid,medium,1500,Approximate locality/sector centre. This is not the verified vend entrance.,not published by source,https://dscsc.delhi.gov.in/dscsc/liquor-vends
7,NIMRI COLONY,Delhi State Civil Supplies Corporation Limited (DSCSC),official listing,77.176,28.682,True,approximate_area_centroid,nimri colony,named_locality_centroid,medium,1200,Approximate locality/sector centre. This is not the verified vend entrance.,not published by source,https://dscsc.delhi.gov.in/dscsc/liquor-vends
8,MAYAPURI,Delhi State Civil Supplies Corporation Limited (DSCSC),official listing,77.129,28.637,True,approximate_area_centroid,mayapuri,named_locality_centroid,medium,1200,Approximate locality/sector centre. This is not the verified vend entrance.,not published by source,https://dscsc.delhi.gov.in/dscsc/liquor-vends
9,GAZIPUR,Delhi State Civil Supplies Corporation Limited (DSCSC),official listing,77.323,28.627,True,approximate_area_centroid,gazipur,named_locality_centroid,medium,1200,Approximate locality/sector centre. This is not the verified vend entrance.,not published by source,https://dscsc.delhi.gov.in/dscsc/liquor-vends
10,"SANTGARH, TILAK NAGAR",Delhi State Civil Supplies Corporation Limited (DSCSC),official listing,77.097,28.639,True,approximate_area_centroid,tilak nagar,named_locality_centroid,medium,1200,Approximate locality/sector centre. This is not the verified vend entrance.,not published by source,https://dscsc.delhi.gov.in/dscsc/liquor-vends
11,BODELLA VIKASPURI,Delhi State Civil Supplies Corporation Limited (DSCSC),official listing,77.07,28.638,True,approximate_area_centroid,vikaspuri,named_locality_centroid,medium,1200,Approximate locality/sector centre. This is not the verified vend entrance.,not published by source,https://dscsc.delhi.gov.in/dscsc/liquor-vends
12,BHAJANPURA A1,Delhi State Civil Supplies Corporation Limited (DSCSC),official listing,77.261,28.703,True,approximate_area_centroid,bhajanpura,named_locality_centroid,medium,1200,Approximate locality/sector centre. This is not the verified vend entrance.,not published by source,https://dscsc.delhi.gov.in/dscsc/liquor-vends
13,NARAINA IND AREA,Delhi State Civil Supplies Corporation Limited (DSCSC),official listing,77.141,28.626,True,approximate_area_centroid,naraina industrial area,fuzzy_locality_centroid,low,2200,Approximate locality/sector centre. This is not the verified vend entrance.,not published by source,https://dscsc.delhi.gov.in/dscsc/liquor-vends
14,"ADITYA MEGA MALL, CBD",Delhi State Civil Supplies Corporation Limited (DSCSC),official listing,77.302,28.655,True,approximate_area_centroid,aditya mega mall,interpreted_locality_centroid,medium,1500,Approximate locality/sector centre. This is not the verified vend entrance.,not published by source,https://dscsc.delhi.gov.in/dscsc/liquor-vends
15,KAKROLA MODE,Delhi State Civil Supplies Corporation Limited (DSCSC),official listing,77.033,28.619,True,approximate_area_centroid,kakrola,named_locality_centroid,medium,1200,Approximate locality/sector centre. This is not the verified vend entrance.,not published by source,https://dscsc.delhi.gov.in/dscsc/liquor-vends
16,OKHLA,Delhi State Civil Supplies Corporation Limited (DSCSC),official listing,77.278,28.548,True,approximate_area_centroid,okhla,named_locality_centroid,medium,1200,Approximate locality/sector centre. This is not the verified vend entrance.,not published by source,https://dscsc.delhi.gov.in/dscsc/liquor-vends
17,EAST OF KAILASH,Delhi State Civil Supplies Corporation Limited (DSCSC),official listing,77.253,28.558,True,approximate_area_centroid,east of kailash,named_locality_centroid,medium,1200,Approximate locality/sector centre. This is not the verified vend entrance.,not published by source,https://dscsc.delhi.gov.in/dscsc/liquor-vends
18,GOVIND PURI,Delhi State Civil Supplies Corporation Limited (DSCSC),official listing,77.263,28.541,True,approximate_area_centroid,govindpuri,named_locality_centroid,medium,1200,Approximate locality/sector centre. This is not the verified vend entrance.,not published by source,https://dscsc.delhi.gov.in/dscsc/liquor-vends
19,R K PURAM,Delhi State Civil Supplies Corporation Limited (DSCSC),official listing,77.177,28.566,True,approximate_area_centroid,rk puram,named_locality_centroid,medium,1200,Approximate locality/sector centre. This is not the verified vend entrance.,not published by source,https://dscsc.delhi.gov.in/dscsc/liquor-vends
20,ROHINI SECTOR-9,Delhi State Civil Supplies Corporation Limited (DSCSC),official listing,77.126,28.711,True,approximate_area_centroid,rohini sector 9,sector_centroid,medium,800,Approximate locality/sector centre. This is not the verified vend entrance.,not published by source,https://dscsc.delhi.gov.in/dscsc/liquor-vends
21,AZADPUR,Delhi State Civil Supplies Corporation Limited (DSCSC),official listing,77.175,28.706,True,approximate_area_centroid,azadpur,named_locality_centroid,medium,1200,Approximate locality/sector centre. This is not the verified vend entrance.,not published by source,https://dscsc.delhi.gov.in/dscsc/liquor-vends
22,ZAMRUDPUR,Delhi State Civil Supplies Corporation Limited (DSCSC),official listing,77.239,28.548,True,approximate_area_centroid,zamrudpur,named_locality_centroid,medium,1200,Approximate locality/sector centre. This is not the verified vend entrance.,not published by source,https://dscsc.delhi.gov.in/dscsc/liquor-vends
23,JASOLA DLF TOWER,Delhi State Civil Supplies Corporation Limited (DSCSC),official listing,77.283,28.538,True,approximate_area_centroid,jasola,named_locality_centroid,medium,1200,Approximate locality/sector centre. This is not the verified vend entrance.,not published by source,https://dscsc.delhi.gov.in/dscsc/liquor-vends
24,D B G MARKET,Delhi State Civil Supplies Corporation Limited (DSCSC),official listing,77.198,28.649,True,approximate_area_centroid,dbg market,named_locality_centroid,medium,1200,Approximate locality/sector centre. This is not the verified vend entrance.,not published by source,https://dscsc.delhi.gov.in/dscsc/liquor-vends
25,NAWADA,Delhi State Civil Supplies Corporation Limited (DSCSC),official listing,77.045,28.62,True,approximate_area_centroid,nawada,named_locality_centroid,medium,1200,Approximate locality/sector centre. This is not the verified vend entrance.,not published by source,https://dscsc.delhi.gov.in/dscsc/liquor-vends
26,T K D EXTN.,Delhi State Civil Supplies Corporation Limited (DSCSC),official listing,77.263,28.511,True,approximate_area_centroid,tughlakabad extension,named_locality_centroid,medium,1200,Approximate locality/sector centre. This is not the verified vend entrance.,not published by source,https://dscsc.delhi.gov.in/dscsc/liquor-vends
27,MANGOL PURI,Delhi State Civil Supplies Corporation Limited (DSCSC),official listing,77.087,28.696,True,approximate_area_centroid,mangolpuri,named_locality_centroid,medium,1200,Approximate locality/sector centre. This is not the verified vend entrance.,not published by source,https://dscsc.delhi.gov.in/dscsc/liquor-vends
28,JAHANGIR PURI,Delhi State Civil Supplies Corporation Limited (DSCSC),official listing,77.162,28.725,True,approximate_area_centroid,jahangirpuri,named_locality_centroid,medium,1200,Approximate locality/sector centre. This is not the verified vend entrance.,not published by source,https://dscsc.delhi.gov.in/dscsc/liquor-vends
29,ROHINI SECTOR-11,Delhi State Civil Supplies Corporation Limited (DSCSC),official listing,77.116,28.724,True,approximate_area_centroid,rohini sector 11,sector_centroid,medium,800,Approximate locality/sector centre. This is not the verified vend entrance.,not published by source,https://dscsc.delhi.gov.in/dscsc/liquor-vends
30,SOUTH GAMRI BLOCK A,Delhi State Civil Supplies Corporation Limited (DSCSC),official listing,77.266,28.7,True,approximate_area_centroid,south gamri,named_locality_centroid,medium,1200,Approximate locality/sector centre. This is not the verified vend entrance.,not published by source,https://dscsc.delhi.gov.in/dscsc/liquor-vends
31,BADARPUR,Delhi State Civil Supplies Corporation Limited (DSCSC),official listing,77.303,28.493,True,approximate_area_centroid,badarpur,named_locality_centroid,medium,1200,Approximate locality/sector centre. This is not the verified vend entrance.,not published by source,https://dscsc.delhi.gov.in/dscsc/liquor-vends
32,MAJNU KA TILA,Delhi State Civil Supplies Corporation Limited (DSCSC),official listing,77.228,28.702,True,approximate_area_centroid,majnu ka tila,named_locality_centroid,medium,1200,Approximate locality/sector centre. This is not the verified vend entrance.,not published by source,https://dscsc.delhi.gov.in/dscsc/liquor-vends
33,"AZADPUR, GUPTA CORNER",Delhi State Civil Supplies Corporation Limited (DSCSC),official listing,77.175,28.706,True,approximate_area_centroid,azadpur,named_locality_centroid,medium,1200,Approximate locality/sector centre. This is not the verified vend entrance.,not published by source,https://dscsc.delhi.gov.in/dscsc/liquor-vends
34,NEW USMANPUR,Delhi State Civil Supplies Corporation Limited (DSCSC),official listing,77.258,28.684,True,approximate_area_centroid,new usmanpur,named_locality_centroid,medium,1200,Approximate locality/sector centre. This is not the verified vend entrance.,not published by source,https://dscsc.delhi.gov.in/dscsc/liquor-vends
35,NANGAL RAI,Delhi State Civil Supplies Corporation Limited (DSCSC),official listing,77.11,28.609,True,approximate_area_centroid,nangal rai,interpreted_locality_centroid,medium,1500,Approximate locality/sector centre. This is not the verified vend entrance.,not published by source,https://dscsc.delhi.gov.in/dscsc/liquor-vends
36,MUNIRKA,Delhi State Civil Supplies Corporation Limited (DSCSC),official listing,77.174,28.554,True,approximate_area_centroid,munirka,named_locality_centroid,medium,1200,Approximate locality/sector centre. This is not the verified vend entrance.,not published by source,https://dscsc.delhi.gov.in/dscsc/liquor-vends
37,SHORA KOTHI,Delhi State Civil Supplies Corporation Limited (DSCSC),official listing,77.21,28.646,True,approximate_area_centroid,shora kothi,named_parent_area_centroid,low,3000,Approximate locality/sector centre. This is not the verified vend entrance.,not published by source,https://dscsc.delhi.gov.in/dscsc/liquor-vends
38,MALKAGANJ,Delhi State Civil Supplies Corporation Limited (DSCSC),official listing,77.207,28.676,True,approximate_area_centroid,malkaganj,named_locality_centroid,medium,1200,Approximate locality/sector centre. This is not the verified vend entrance.,not published by source,https://dscsc.delhi.gov.in/dscsc/liquor-vends
39,ROHINI SECTOR-16,Delhi State Civil Supplies Corporation Limited (DSCSC),official listing,77.119,28.731,True,approximate_area_centroid,rohini sector 16,sector_centroid,medium,800,Approximate locality/sector centre. This is not the verified vend entrance.,not published by source,https://dscsc.delhi.gov.in/dscsc/liquor-vends
40,PACIFIC MALL KP BLOCK,Delhi State Civil Supplies Corporation Limited (DSCSC),official listing,77.112,28.643,True,approximate_area_centroid,pacific mall tagore garden,interpreted_locality_centroid,medium,1500,Approximate locality/sector centre. This is not the verified vend entrance.,not published by source,https://dscsc.delhi.gov.in/dscsc/liquor-vends
41,MANDAWALI,Delhi State Civil Supplies Corporation Limited (DSCSC),official listing,77.305,28.627,True,approximate_area_centroid,mandawali,named_locality_centroid,medium,1200,Approximate locality/sector centre. This is not the verified vend entrance.,not published by source,https://dscsc.delhi.gov.in/dscsc/liquor-vends
42,ROHINI SECTOR-8,Delhi State Civil Supplies Corporation Limited (DSCSC),official listing,77.126,28.706,True,approximate_area_centroid,rohini sector 8,sector_centroid,medium,800,Approximate locality/sector centre. This is not the verified vend entrance.,not published by source,https://dscsc.delhi.gov.in/dscsc/liquor-vends
43,ROHINI SECTOR-4,Delhi State Civil Supplies Corporation Limited (DSCSC),official listing,77.116,28.711,True,approximate_area_centroid,rohini sector 4,sector_centroid,medium,800,Approximate locality/sector centre. This is not the verified vend entrance.,not published by source,https://dscsc.delhi.gov.in/dscsc/liquor-vends
44,"BAWANA, SEC-3",Delhi State Civil Supplies Corporation Limited (DSCSC),official listing,77.034,28.799,True,approximate_area_centroid,bawana sector 3,named_locality_centroid,medium,1200,Approximate locality/sector centre. This is not the verified vend entrance.,not published by source,https://dscsc.delhi.gov.in/dscsc/liquor-vends
45,GREATER KAILASH -I,Delhi State Civil Supplies Corporation Limited (DSCSC),official listing,77.237,28.551,True,approximate_area_centroid,greater kailash 1,fuzzy_locality_centroid,low,2200,Approximate locality/sector centre. This is not the verified vend entrance.,not published by source,https://dscsc.delhi.gov.in/dscsc/liquor-vends
46,"KALKAJI, KRISHNA MKT",Delhi State Civil Supplies Corporation Limited (DSCSC),official listing,77.255,28.535,True,approximate_area_centroid,kalkaji,named_locality_centroid,medium,1200,Approximate locality/sector centre. This is not the verified vend entrance.,not published by source,https://dscsc.delhi.gov.in/dscsc/liquor-vends
47,KRISHNA NAGAR A4/17,Delhi State Civil Supplies Corporation Limited (DSCSC),official listing,77.279,28.656,True,approximate_area_centroid,krishna nagar,named_locality_centroid,medium,1200,Approximate locality/sector centre. This is not the verified vend entrance.,not published by source,https://dscsc.delhi.gov.in/dscsc/liquor-vends
48,SEEMA PURI,Delhi State Civil Supplies Corporation Limited (DSCSC),official listing,77.329,28.685,True,approximate_area_centroid,seemapuri,named_locality_centroid,medium,1200,Approximate locality/sector centre. This is not the verified vend entrance.,not published by source,https://dscsc.delhi.gov.in/dscsc/liquor-vends
49,DWARKA SEC 19,Delhi State Civil Supplies Corporation Limited (DSCSC),official listing,77.043,28.578,True,approximate_area_centroid,dwarka sector 19,sector_centroid,medium,900,Approximate locality/sector centre. This is not the verified vend entrance.,not published by source,https://dscsc.delhi.gov.in/dscsc/liquor-vends
50,SHAHZADABAGH,Delhi State Civil Supplies Corporation Limited (DSCSC),official listing,77.163,28.672,True,approximate_area_centroid,shahzada bagh,named_locality_centroid,medium,1200,Approximate locality/sector centre. This is not the verified vend entrance.,not published by source,https://dscsc.delhi.gov.in/dscsc/liquor-vends
51,VISHWAS NAGAR,Delhi State Civil Supplies Corporation Limited (DSCSC),official listing,77.287,28.664,True,approximate_area_centroid,vishwas nagar,named_locality_centroid,medium,1200,Approximate locality/sector centre. This is not the verified vend entrance.,not published by source,https://dscsc.delhi.gov.in/dscsc/liquor-vends
52,TRILOK PURI,Delhi State Civil Supplies Corporation Limited (DSCSC),official listing,77.311,28.613,True,approximate_area_centroid,trilokpuri,named_locality_centroid,medium,1200,Approximate locality/sector centre. This is not the verified vend entrance.,not published by source,https://dscsc.delhi.gov.in/dscsc/liquor-vends
53,DILSHAD GARDEN B-BLK,Delhi State Civil Supplies Corporation Limited (DSCSC),official listing,77.321,28.681,True,approximate_area_centroid,dilshad garden,named_locality_centroid,medium,1200,Approximate locality/sector centre. This is not the verified vend entrance.,not published by source,https://dscsc.delhi.gov.in/dscsc/liquor-vends
54,AVANTIKA,Delhi State Civil Supplies Corporation Limited (DSCSC),official listing,77.116,28.708,True,approximate_area_centroid,avantika,named_locality_centroid,medium,1200,Approximate locality/sector centre. This is not the verified vend entrance.,not published by source,https://dscsc.delhi.gov.in/dscsc/liquor-vends
55,DILSHAD GARDEN C-BLOCK,Delhi State Civil Supplies Corporation Limited (DSCSC),official listing,77.321,28.681,True,approximate_area_centroid,dilshad garden,named_locality_centroid,medium,1200,Approximate locality/sector centre. This is not the verified vend entrance.,not published by source,https://dscsc.delhi.gov.in/dscsc/liquor-vends
56,ROHINI EXTN SECTOR-4,Delhi State Civil Supplies Corporation Limited (DSCSC),official listing,77.116,28.711,True,approximate_area_centroid,rohini sector 4,sector_centroid,medium,800,Approximate locality/sector centre. This is not the verified vend entrance.,not published by source,https://dscsc.delhi.gov.in/dscsc/liquor-vends
57,NAND NAGRI,Delhi State Civil Supplies Corporation Limited (DSCSC),official listing,77.308,28.691,True,approximate_area_centroid,nand nagri,named_locality_centroid,medium,1200,Approximate locality/sector centre. This is not the verified vend entrance.,not published by source,https://dscsc.delhi.gov.in/dscsc/liquor-vends
58,GREEN PARK,Delhi State Civil Supplies Corporation Limited (DSCSC),official listing,77.202,28.558,True,approximate_area_centroid,green park,named_locality_centroid,medium,1200,Approximate locality/sector centre. This is not the verified vend entrance.,not published by source,https://dscsc.delhi.gov.in/dscsc/liquor-vends
59,KARAMPURA,Delhi State Civil Supplies Corporation Limited (DSCSC),official listing,77.145,28.675,True,approximate_area_centroid,karampura,named_locality_centroid,medium,1200,Approximate locality/sector centre. This is not the verified vend entrance.,not published by source,https://dscsc.delhi.gov.in/dscsc/liquor-vends
60,LAJWANTI GARDEN,Delhi State Civil Supplies Corporation Limited (DSCSC),official listing,77.096,28.613,True,approximate_area_centroid,lajwanti garden,named_locality_centroid,medium,1200,Approximate locality/sector centre. This is not the verified vend entrance.,not published by source,https://dscsc.delhi.gov.in/dscsc/liquor-vends
61,KALKAJI B34,Delhi State Civil Supplies Corporation Limited (DSCSC),official listing,77.25281,28.54275,False,exact_mapped_point,"B-34, New Delhi 110019",existing_osm_point,high,30,,matched to precise OpenStreetMap point,https://dscsc.delhi.gov.in/dscsc/liquor-vends
62,LAWRANCE ROAD,Delhi State Civil Supplies Corporation Limited (DSCSC),official listing,77.16,28.681,True,approximate_area_centroid,lawrence road,named_locality_centroid,medium,1200,Approximate locality/sector centre. This is not the verified vend entrance.,not published by source,https://dscsc.delhi.gov.in/dscsc/liquor-vends
63,KHICHRI PUR,Delhi State Civil Supplies Corporation Limited (DSCSC),official listing,77.318,28.62,True,approximate_area_centroid,khichripur,fuzzy_locality_centroid,low,2200,Approximate locality/sector centre. This is not the verified vend entrance.,not published by source,https://dscsc.delhi.gov.in/dscsc/liquor-vends
64,G. B. ROAD,Delhi State Civil Supplies Corporation Limited (DSCSC),official listing,77.224,28.652,True,approximate_area_centroid,shradhanand marg gb road,interpreted_locality_centroid,medium,1500,Approximate locality/sector centre. This is not the verified vend entrance.,not published by source,https://dscsc.delhi.gov.in/dscsc/liquor-vends
65,"RAJ NAGAR-1, PALAM",Delhi State Civil Supplies Corporation Limited (DSCSC),official listing,77.089,28.591,True,approximate_area_centroid,raj nagar palam,fuzzy_locality_centroid,low,2200,Approximate locality/sector centre. This is not the verified vend entrance.,not published by source,https://dscsc.delhi.gov.in/dscsc/liquor-vends
66,EAST OF KAILASH 37,Delhi State Civil Supplies Corporation Limited (DSCSC),official listing,77.253,28.558,True,approximate_area_centroid,east of kailash,named_locality_centroid,medium,1200,Approximate locality/sector centre. This is not the verified vend entrance.,not published by source,https://dscsc.delhi.gov.in/dscsc/liquor-vends
67,SINDHORA KALAN,Delhi State Civil Supplies Corporation Limited (DSCSC),official listing,77.175,28.681,True,approximate_area_centroid,sindhora kalan,named_parent_area_centroid,low,3000,Approximate locality/sector centre. This is not the verified vend entrance.,not published by source,https://dscsc.delhi.gov.in/dscsc/liquor-vends
68,YUSUF SARAI MARKET,Delhi State Civil Supplies Corporation Limited (DSCSC),official listing,77.207,28.566,True,approximate_area_centroid,yusuf sarai,named_locality_centroid,medium,1200,Approximate locality/sector centre. This is not the verified vend entrance.,not published by source,https://dscsc.delhi.gov.in/dscsc/liquor-vends
69,SOUTH EXTN PART-1,Delhi State Civil Supplies Corporation Limited (DSCSC),official listing,77.22,28.571,True,approximate_area_centroid,south extension 1,fuzzy_locality_centroid,low,2200,Approximate locality/sector centre. This is not the verified vend entrance.,not published by source,https://dscsc.delhi.gov.in/dscsc/liquor-vends
70,NARSINGH GARDEN,Delhi State Civil Supplies Corporation Limited (DSCSC),official listing,77.095,28.651,True,approximate_area_centroid,narsingh garden,named_parent_area_centroid,low,3000,Approximate locality/sector centre. This is not the verified vend entrance.,not published by source,https://dscsc.delhi.gov.in/dscsc/liquor-vends
71,"SOUTH GAMRI, BHAJAN PURA",Delhi State Civil Supplies Corporation Limited (DSCSC),official listing,77.266,28.7,True,approximate_area_centroid,south gamri,named_locality_centroid,medium,1200,Approximate locality/sector centre. This is not the verified vend entrance.,not published by source,https://dscsc.delhi.gov.in/dscsc/liquor-vends
72,ASHOK NAGAR D517,Delhi State Civil Supplies Corporation Limited (DSCSC),official listing,77.101,28.637,True,approximate_area_centroid,ashok nagar,named_locality_centroid,medium,1200,Approximate locality/sector centre. This is not the verified vend entrance.,not published by source,https://dscsc.delhi.gov.in/dscsc/liquor-vends
73,NATHU COLONY 48,Delhi State Civil Supplies Corporation Limited (DSCSC),official listing,77.294,28.688,True,approximate_area_centroid,nathu colony,named_locality_centroid,medium,1200,Approximate locality/sector centre. This is not the verified vend entrance.,not published by source,https://dscsc.delhi.gov.in/dscsc/liquor-vends
74,CHANDER LOK 711,Delhi State Civil Supplies Corporation Limited (DSCSC),official listing,77.143,28.688,True,approximate_area_centroid,chander lok,named_locality_centroid,medium,1200,Approximate locality/sector centre. This is not the verified vend entrance.,not published by source,https://dscsc.delhi.gov.in/dscsc/liquor-vends
75,"MOHAN SINGH MARKET, INA 21",Delhi State Civil Supplies Corporation Limited (DSCSC),official listing,77.209,28.574,True,approximate_area_centroid,ina market,interpreted_locality_centroid,medium,1500,Approximate locality/sector centre. This is not the verified vend entrance.,not published by source,https://dscsc.delhi.gov.in/dscsc/liquor-vends
76,"JANAKPURI, B BLOCK",Delhi State Civil Supplies Corporation Limited (DSCSC),official listing,77.083,28.621,True,approximate_area_centroid,janakpuri,named_locality_centroid,medium,1200,Approximate locality/sector centre. This is not the verified vend entrance.,not published by source,https://dscsc.delhi.gov.in/dscsc/liquor-vends
77,MANGOLPURI X1 X2,Delhi State Civil Supplies Corporation Limited (DSCSC),official listing,77.087,28.696,True,approximate_area_centroid,mangolpuri,named_locality_centroid,medium,1200,Approximate locality/sector centre. This is not the verified vend entrance.,not published by source,https://dscsc.delhi.gov.in/dscsc/liquor-vends
78,MIRAJ CINEMA19,Delhi State Civil Supplies Corporation Limited (DSCSC),official listing,77.104,28.64,True,approximate_area_centroid,miraj cinema,interpreted_parent_area_centroid,low,3000,Approximate locality/sector centre. This is not the verified vend entrance.,not published by source,https://dscsc.delhi.gov.in/dscsc/liquor-vends
79,CHAUKHANDI ROAD,Delhi State Civil Supplies Corporation Limited (DSCSC),official listing,77.075,28.644,True,approximate_area_centroid,chaukhandi road,named_locality_centroid,medium,1200,Approximate locality/sector centre. This is not the verified vend entrance.,not published by source,https://dscsc.delhi.gov.in/dscsc/liquor-vends
80,BALI NAGAR,Delhi State Civil Supplies Corporation Limited (DSCSC),official listing,77.128,28.654,True,approximate_area_centroid,bali nagar,named_locality_centroid,medium,1200,Approximate locality/sector centre. This is not the verified vend entrance.,not published by source,https://dscsc.delhi.gov.in/dscsc/liquor-vends
81,"KARTAR NAGAR, SHAHDARA",Delhi State Civil Supplies Corporation Limited (DSCSC),official listing,77.27,28.689,True,approximate_area_centroid,kartar nagar,named_locality_centroid,medium,1200,Approximate locality/sector centre. This is not the verified vend entrance.,not published by source,https://dscsc.delhi.gov.in/dscsc/liquor-vends
82,"LONI ROAD, SHAHDARA",Delhi State Civil Supplies Corporation Limited (DSCSC),official listing,77.298,28.684,True,approximate_area_centroid,loni road shahdara,named_locality_centroid,medium,1200,Approximate locality/sector centre. This is not the verified vend entrance.,not published by source,https://dscsc.delhi.gov.in/dscsc/liquor-vends
83,MOHAN SINGH MARKET 169,Delhi State Civil Supplies Corporation Limited (DSCSC),official listing,77.209,28.574,True,approximate_area_centroid,ina market,interpreted_locality_centroid,medium,1500,Approximate locality/sector centre. This is not the verified vend entrance.,not published by source,https://dscsc.delhi.gov.in/dscsc/liquor-vends
84,ROSHANARA ROAD,Delhi State Civil Supplies Corporation Limited (DSCSC),official listing,77.192,28.673,True,approximate_area_centroid,roshanara road,named_locality_centroid,medium,1200,Approximate locality/sector centre. This is not the verified vend entrance.,not published by source,https://dscsc.delhi.gov.in/dscsc/liquor-vends
85,"RBI COLONY,HAUZ KHAS",Delhi State Civil Supplies Corporation Limited (DSCSC),official listing,77.201,28.55,True,approximate_area_centroid,hauz khas,interpreted_locality_centroid,medium,1500,Approximate locality/sector centre. This is not the verified vend entrance.,not published by source,https://dscsc.delhi.gov.in/dscsc/liquor-vends
86,GEETA COLONY,Delhi State Civil Supplies Corporation Limited (DSCSC),official listing,77.274,28.651,True,approximate_area_centroid,geeta colony,named_locality_centroid,medium,1200,Approximate locality/sector centre. This is not the verified vend entrance.,not published by source,https://dscsc.delhi.gov.in/dscsc/liquor-vends
87,SHANKAR GARDEN,Delhi State Civil Supplies Corporation Limited (DSCSC),official listing,77.111,28.646,True,approximate_area_centroid,shankar garden,named_locality_centroid,medium,1200,Approximate locality/sector centre. This is not the verified vend entrance.,not published by source,https://dscsc.delhi.gov.in/dscsc/liquor-vends
88,"BAKKARWALA, LOK NAYAK PURAM",Delhi State Civil Supplies Corporation Limited (DSCSC),official listing,77.036,28.645,True,approximate_area_centroid,lok nayak puram,interpreted_locality_centroid,medium,1500,Approximate locality/sector centre. This is not the verified vend entrance.,not published by source,https://dscsc.delhi.gov.in/dscsc/liquor-vends
89,GURU NANAK PURA A65,Delhi State Civil Supplies Corporation Limited (DSCSC),official listing,77.281,28.636,True,approximate_area_centroid,guru nanak pura,named_locality_centroid,medium,1200,Approximate locality/sector centre. This is not the verified vend entrance.,not published by source,https://dscsc.delhi.gov.in/dscsc/liquor-vends
90,WEST END MALL 38,Delhi State Civil Supplies Corporation Limited (DSCSC),official listing,77.081,28.629,True,approximate_area_centroid,west end mall,interpreted_locality_centroid,medium,1500,Approximate locality/sector centre. This is not the verified vend entrance.,not published by source,https://dscsc.delhi.gov.in/dscsc/liquor-vends
91,WAZIRPUR,Delhi State Civil Supplies Corporation Limited (DSCSC),official listing,77.167,28.699,True,approximate_area_centroid,wazirpur,named_locality_centroid,medium,1200,Approximate locality/sector centre. This is not the verified vend entrance.,not published by source,https://dscsc.delhi.gov.in/dscsc/liquor-vends
92,EAST PUNJABI BAGH,Delhi State Civil Supplies Corporation Limited (DSCSC),official listing,77.132,28.668,True,approximate_area_centroid,punjabi bagh,named_locality_centroid,medium,1200,Approximate locality/sector centre. This is not the verified vend entrance.,not published by source,https://dscsc.delhi.gov.in/dscsc/liquor-vends
93,"GOVIND PURI, 24",Delhi State Civil Supplies Corporation Limited (DSCSC),official listing,77.263,28.541,True,approximate_area_centroid,govindpuri,named_locality_centroid,medium,1200,Approximate locality/sector centre. This is not the verified vend entrance.,not published by source,https://dscsc.delhi.gov.in/dscsc/liquor-vends
94,"METROPLEX EAST MALL, LAXMI NAGAR",Delhi State Civil Supplies Corporation Limited (DSCSC),official listing,77.278,28.63,True,approximate_area_centroid,laxmi nagar,named_locality_centroid,medium,1200,Approximate locality/sector centre. This is not the verified vend entrance.,not published by source,https://dscsc.delhi.gov.in/dscsc/liquor-vends
95,"GOPAL HEIGHTS, NSP",Delhi State Civil Supplies Corporation Limited (DSCSC),official listing,77.152,28.696,True,approximate_area_centroid,netaji subhash place,interpreted_locality_centroid,medium,1500,Approximate locality/sector centre. This is not the verified vend entrance.,not published by source,https://dscsc.delhi.gov.in/dscsc/liquor-vends
96,TIS HAZARI METRO STN.,Delhi State Civil Supplies Corporation Limited (DSCSC),official listing,77.216,28.667,True,approximate_area_centroid,tis hazari,named_locality_centroid,medium,1200,Approximate locality/sector centre. This is not the verified vend entrance.,not published by source,https://dscsc.delhi.gov.in/dscsc/liquor-vends
97,"JHILMIL, TAHIRPUR",Delhi State Civil Supplies Corporation Limited (DSCSC),official listing,77.313,28.685,True,approximate_area_centroid,tahirpur,named_locality_centroid,medium,1200,Approximate locality/sector centre. This is not the verified vend entrance.,not published by source,https://dscsc.delhi.gov.in/dscsc/liquor-vends
98,"WAZIRABAD ROAD, BHAJANPURA",Delhi State Civil Supplies Corporation Limited (DSCSC),official listing,77.287,28.7,True,approximate_area_centroid,wazirabad road,named_locality_centroid,medium,1200,Approximate locality/sector centre. This is not the verified vend entrance.,not published by source,https://dscsc.delhi.gov.in/dscsc/liquor-vends
99,HARI NAGAR,Delhi State Civil Supplies Corporation Limited (DSCSC),official listing,77.11,28.625,True,approximate_area_centroid,hari nagar,named_locality_centroid,medium,1200,Approximate locality/sector centre. This is not the verified vend entrance.,not published by source,https://dscsc.delhi.gov.in/dscsc/liquor-vends
100,DWARKA SECTOR - 17,Delhi State Civil Supplies Corporation Limited (DSCSC),official listing,77.035,28.593,True,approximate_area_centroid,dwarka sector 17,sector_centroid,medium,900,Approximate locality/sector centre. This is not the verified vend entrance.,not published by source,https://dscsc.delhi.gov.in/dscsc/liquor-vends
101,"ROSHANPURA, NAJAFGARH",Delhi State Civil Supplies Corporation Limited (DSCSC),official listing,76.987,28.613,True,approximate_area_centroid,roshanpura,named_locality_centroid,medium,1200,Approximate locality/sector centre. This is not the verified vend entrance.,not published by source,https://dscsc.delhi.gov.in/dscsc/liquor-vends
102,"KRISHNA NAGAR, GHONDLI",Delhi State Civil Supplies Corporation Limited (DSCSC),official listing,77.279,28.656,True,approximate_area_centroid,krishna nagar,named_locality_centroid,medium,1200,Approximate locality/sector centre. This is not the verified vend entrance.,not published by source,https://dscsc.delhi.gov.in/dscsc/liquor-vends
103,"LAXMI NAGAR, BLOCK-E",Delhi State Civil Supplies Corporation Limited (DSCSC),official listing,77.278,28.63,True,approximate_area_centroid,laxmi nagar,named_locality_centroid,medium,1200,Approximate locality/sector centre. This is not the verified vend entrance.,not published by source,https://dscsc.delhi.gov.in/dscsc/liquor-vends
104,SHAKARPUR A115,Delhi State Civil Supplies Corporation Limited (DSCSC),official listing,77.283,28.63,True,approximate_area_centroid,shakarpur,interpreted_locality_centroid,medium,1500,Approximate locality/sector centre. This is not the verified vend entrance.,not published by source,https://dscsc.delhi.gov.in/dscsc/liquor-vends
105,"SIRASPUR, GURUDWARA RD.",Delhi State Civil Supplies Corporation Limited (DSCSC),official listing,77.119,28.759,True,approximate_area_centroid,siraspur,named_locality_centroid,medium,1200,Approximate locality/sector centre. This is not the verified vend entrance.,not published by source,https://dscsc.delhi.gov.in/dscsc/liquor-vends
106,RAM NAGAR 110,Delhi State Civil Supplies Corporation Limited (DSCSC),official listing,77.289,28.676,True,approximate_area_centroid,ram nagar shahdara,interpreted_parent_area_centroid,low,3000,Approximate locality/sector centre. This is not the verified vend entrance.,not published by source,https://dscsc.delhi.gov.in/dscsc/liquor-vends
107,SATNAM PARK,Delhi State Civil Supplies Corporation Limited (DSCSC),official listing,77.098,28.621,True,approximate_area_centroid,satnam park,named_locality_centroid,medium,1200,Approximate locality/sector centre. This is not the verified vend entrance.,not published by source,https://dscsc.delhi.gov.in/dscsc/liquor-vends
108,B BLK HASTSAL,Delhi State Civil Supplies Corporation Limited (DSCSC),official listing,77.042,28.628,True,approximate_area_centroid,hastsal,named_locality_centroid,medium,1200,Approximate locality/sector centre. This is not the verified vend entrance.,not published by source,https://dscsc.delhi.gov.in/dscsc/liquor-vends
109,ASHOK VIHAR 34,Delhi State Civil Supplies Corporation Limited (DSCSC),official listing,77.176,28.696,True,approximate_area_centroid,ashok vihar,named_locality_centroid,medium,1200,Approximate locality/sector centre. This is not the verified vend entrance.,not published by source,https://dscsc.delhi.gov.in/dscsc/liquor-vends
110,SULTANPUR MAJRA,Delhi State Civil Supplies Corporation Limited (DSCSC),official listing,77.076,28.701,True,approximate_area_centroid,sultanpur majra,named_locality_centroid,medium,1200,Approximate locality/sector centre. This is not the verified vend entrance.,not published by source,https://dscsc.delhi.gov.in/dscsc/liquor-vends
111,PUNJABI BAGH ENCLAVE,Delhi State Civil Supplies Corporation Limited (DSCSC),official listing,77.132,28.667,True,approximate_area_centroid,punjabi bagh enclave,named_locality_centroid,medium,1200,Approximate locality/sector centre. This is not the verified vend entrance.,not published by source,https://dscsc.delhi.gov.in/dscsc/liquor-vends
112,"VIKASPURI, PRATIBHA TOWER",Delhi State Civil Supplies Corporation Limited (DSCSC),official listing,77.07,28.638,True,approximate_area_centroid,vikaspuri,named_locality_centroid,medium,1200,Approximate locality/sector centre. This is not the verified vend entrance.,not published by source,https://dscsc.delhi.gov.in/dscsc/liquor-vends
113,RAJENDRA PLACE,Delhi State Civil Supplies Corporation Limited (DSCSC),official listing,77.177,28.642,True,approximate_area_centroid,rajendra place,named_locality_centroid,medium,1200,Approximate locality/sector centre. This is not the verified vend entrance.,not published by source,https://dscsc.delhi.gov.in/dscsc/liquor-vends
114,PITAMPURA QD,Delhi State Civil Supplies Corporation Limited (DSCSC),official listing,77.131,28.704,True,approximate_area_centroid,pitampura,named_locality_centroid,medium,1200,Approximate locality/sector centre. This is not the verified vend entrance.,not published by source,https://dscsc.delhi.gov.in/dscsc/liquor-vends
115,MANGOL PURI PHASE 2,Delhi State Civil Supplies Corporation Limited (DSCSC),official listing,77.087,28.696,True,approximate_area_centroid,mangolpuri,named_locality_centroid,medium,1200,Approximate locality/sector centre. This is not the verified vend entrance.,not published by source,https://dscsc.delhi.gov.in/dscsc/liquor-vends
116,SHIVPURI,Delhi State Civil Supplies Corporation Limited (DSCSC),official listing,77.282,28.655,True,approximate_area_centroid,shivpuri,interpreted_locality_centroid,medium,1500,Approximate locality/sector centre. This is not the verified vend entrance.,not published by source,https://dscsc.delhi.gov.in/dscsc/liquor-vends
117,SANJAY GANDHI TPT NAGAR,Delhi State Civil Supplies Corporation Limited (DSCSC),official listing,77.139,28.748,True,approximate_area_centroid,sanjay gandhi transport nagar,named_locality_centroid,medium,1200,Approximate locality/sector centre. This is not the verified vend entrance.,not published by source,https://dscsc.delhi.gov.in/dscsc/liquor-vends
118,MAYAPURI S2,Delhi State Civil Supplies Corporation Limited (DSCSC),official listing,77.129,28.637,True,approximate_area_centroid,mayapuri,named_locality_centroid,medium,1200,Approximate locality/sector centre. This is not the verified vend entrance.,not published by source,https://dscsc.delhi.gov.in/dscsc/liquor-vends
119,MANGOL PURI A-27,Delhi State Civil Supplies Corporation Limited (DSCSC),official listing,77.087,28.696,True,approximate_area_centroid,mangolpuri,named_locality_centroid,medium,1200,Approximate locality/sector centre. This is not the verified vend entrance.,not published by source,https://dscsc.delhi.gov.in/dscsc/liquor-vends
120,PEERA GARHI,Delhi State Civil Supplies Corporation Limited (DSCSC),official listing,77.092,28.679,True,approximate_area_centroid,peera garhi,named_locality_centroid,medium,1200,Approximate locality/sector centre. This is not the verified vend entrance.,not published by source,https://dscsc.delhi.gov.in/dscsc/liquor-vends
121,ROHINI SECTOR-20,Delhi State Civil Supplies Corporation Limited (DSCSC),official listing,77.092,28.728,True,approximate_area_centroid,rohini sector 20,sector_centroid,medium,800,Approximate locality/sector centre. This is not the verified vend entrance.,not published by source,https://dscsc.delhi.gov.in/dscsc/liquor-vends
122,PASCHIM VIHAR,Delhi State Civil Supplies Corporation Limited (DSCSC),official listing,77.091,28.669,True,approximate_area_centroid,paschim vihar,named_locality_centroid,medium,1200,Approximate locality/sector centre. This is not the verified vend entrance.,not published by source,https://dscsc.delhi.gov.in/dscsc/liquor-vends
123,DURGA COMPLEX,Delhi State Civil Supplies Corporation Limited (DSCSC),official listing,77.24,28.555,True,approximate_area_centroid,durga complex,interpreted_parent_area_centroid,low,3000,Approximate locality/sector centre. This is not the verified vend entrance.,not published by source,https://dscsc.delhi.gov.in/dscsc/liquor-vends
124,TAGORE MARKET,Delhi State Civil Supplies Corporation Limited (DSCSC),official listing,77.112,28.643,True,approximate_area_centroid,tagore market,named_parent_area_centroid,low,3000,Approximate locality/sector centre. This is not the verified vend entrance.,not published by source,https://dscsc.delhi.gov.in/dscsc/liquor-vends
125,KASHMERE GATE,Delhi State Civil Supplies Corporation Limited (DSCSC),official listing,77.228,28.6675,True,approximate_area_centroid,kashmere gate,named_locality_centroid,medium,1200,Approximate locality/sector centre. This is not the verified vend entrance.,not published by source,https://dscsc.delhi.gov.in/dscsc/liquor-vends
126,KANTI NAGAR EXTN.,Delhi State Civil Supplies Corporation Limited (DSCSC),official listing,77.273,28.663,True,approximate_area_centroid,kanti nagar,named_locality_centroid,medium,1200,Approximate locality/sector centre. This is not the verified vend entrance.,not published by source,https://dscsc.delhi.gov.in/dscsc/liquor-vends
127,BINDAPUR,Delhi State Civil Supplies Corporation Limited (DSCSC),official listing,77.065,28.614,True,approximate_area_centroid,bindapur,named_locality_centroid,medium,1200,Approximate locality/sector centre. This is not the verified vend entrance.,not published by source,https://dscsc.delhi.gov.in/dscsc/liquor-vends
128,JWALAPURI,Delhi State Civil Supplies Corporation Limited (DSCSC),official listing,77.072,28.677,True,approximate_area_centroid,jwalapuri,named_locality_centroid,medium,1200,Approximate locality/sector centre. This is not the verified vend entrance.,not published by source,https://dscsc.delhi.gov.in/dscsc/liquor-vends
129,KAMLA MARKET,Delhi State Civil Supplies Corporation Limited (DSCSC),official listing,77.226,28.641,True,approximate_area_centroid,kamla market,named_locality_centroid,medium,1200,Approximate locality/sector centre. This is not the verified vend entrance.,not published by source,https://dscsc.delhi.gov.in/dscsc/liquor-vends
130,MAHIPALPUR E-14,Delhi State Civil Supplies Corporation Limited (DSCSC),official listing,77.125,28.544,True,approximate_area_centroid,mahipalpur,named_locality_centroid,medium,1200,Approximate locality/sector centre. This is not the verified vend entrance.,not published by source,https://dscsc.delhi.gov.in/dscsc/liquor-vends
131,ROHTAK ROAD,Delhi State Civil Supplies Corporation Limited (DSCSC),official listing,77.15,28.67,True,approximate_area_centroid,rohtak road,named_locality_centroid,medium,1200,Approximate locality/sector centre. This is not the verified vend entrance.,not published by source,https://dscsc.delhi.gov.in/dscsc/liquor-vends
132,OLD RAJINDER NAGAR,Delhi State Civil Supplies Corporation Limited (DSCSC),official listing,77.182,28.638,True,approximate_area_centroid,old rajinder nagar,named_locality_centroid,medium,1200,Approximate locality/sector centre. This is not the verified vend entrance.,not published by source,https://dscsc.delhi.gov.in/dscsc/liquor-vends
133,JASOLA VIHAR 17-18,Delhi State Civil Supplies Corporation Limited (DSCSC),official listing,77.283,28.538,True,approximate_area_centroid,jasola,named_locality_centroid,medium,1200,Approximate locality/sector centre. This is not the verified vend entrance.,not published by source,https://dscsc.delhi.gov.in/dscsc/liquor-vends
134,RAJOURI GARDEN,Delhi State Civil Supplies Corporation Limited (DSCSC),official listing,77.12,28.642,True,approximate_area_centroid,rajouri garden,named_locality_centroid,medium,1200,Approximate locality/sector centre. This is not the verified vend entrance.,not published by source,https://dscsc.delhi.gov.in/dscsc/liquor-vends
135,SHIV NAGAR,Delhi State Civil Supplies Corporation Limited (DSCSC),official listing,77.098,28.631,True,approximate_area_centroid,shiv nagar west,interpreted_parent_area_centroid,low,3000,Approximate locality/sector centre. This is not the verified vend entrance.,not published by source,https://dscsc.delhi.gov.in/dscsc/liquor-vends
136,PRASHANT VIHAR,Delhi State Civil Supplies Corporation Limited (DSCSC),official listing,77.135,28.716,True,approximate_area_centroid,prashant vihar,named_locality_centroid,medium,1200,Approximate locality/sector centre. This is not the verified vend entrance.,not published by source,https://dscsc.delhi.gov.in/dscsc/liquor-vends
137,VIKAS BHAWAN,Delhi State Civil Supplies Corporation Limited (DSCSC),official listing,77.242,28.628,True,approximate_area_centroid,vikas bhawan,interpreted_parent_area_centroid,low,3000,Approximate locality/sector centre. This is not the verified vend entrance.,not published by source,https://dscsc.delhi.gov.in/dscsc/liquor-vends
138,ROHINI SECTOR-19,Delhi State Civil Supplies Corporation Limited (DSCSC),official listing,77.111,28.744,True,approximate_area_centroid,rohini sector 19,sector_centroid,medium,800,Approximate locality/sector centre. This is not the verified vend entrance.,not published by source,https://dscsc.delhi.gov.in/dscsc/liquor-vends
139,VASANT KUNJ,Delhi State Civil Supplies Corporation Limited (DSCSC),official listing,77.156,28.525,True,approximate_area_centroid,vasant kunj,named_locality_centroid,medium,1200,Approximate locality/sector centre. This is not the verified vend entrance.,not published by source,https://dscsc.delhi.gov.in/dscsc/liquor-vends
140,KALYANPURI,Delhi State Civil Supplies Corporation Limited (DSCSC),official listing,77.321,28.614,True,approximate_area_centroid,kalyanpuri,named_locality_centroid,medium,1200,Approximate locality/sector centre. This is not the verified vend entrance.,not published by source,https://dscsc.delhi.gov.in/dscsc/liquor-vends
141,ROHINI SECTOR-21,Delhi State Civil Supplies Corporation Limited (DSCSC),official listing,77.082,28.724,True,approximate_area_centroid,rohini sector 21,sector_centroid,medium,800,Approximate locality/sector centre. This is not the verified vend entrance.,not published by source,https://dscsc.delhi.gov.in/dscsc/liquor-vends
142,DWARKA SEC-5,Delhi State Civil Supplies Corporation Limited (DSCSC),official listing,77.048,28.596,True,approximate_area_centroid,dwarka sector 5,sector_centroid,medium,900,Approximate locality/sector centre. This is not the verified vend entrance.,not published by source,https://dscsc.delhi.gov.in/dscsc/liquor-vends
143,BHIKAJI CAMA PLACE,Delhi State Civil Supplies Corporation Limited (DSCSC),official listing,77.188,28.568,True,approximate_area_centroid,bhikaji cama place,named_locality_centroid,medium,1200,Approximate locality/sector centre. This is not the verified vend entrance.,not published by source,https://dscsc.delhi.gov.in/dscsc/liquor-vends
144,KALU SARAI,Delhi State Civil Supplies Corporation Limited (DSCSC),official listing,77.205,28.543,True,approximate_area_centroid,kalu sarai,named_locality_centroid,medium,1200,Approximate locality/sector centre. This is not the verified vend entrance.,not published by source,https://dscsc.delhi.gov.in/dscsc/liquor-vends
145,UTTAM NAGAR,Delhi State Civil Supplies Corporation Limited (DSCSC),official listing,77.056,28.621,True,approximate_area_centroid,uttam nagar,named_locality_centroid,medium,1200,Approximate locality/sector centre. This is not the verified vend entrance.,not published by source,https://dscsc.delhi.gov.in/dscsc/liquor-vends
146,DEVLI ROAD,Delhi State Civil Supplies Corporation Limited (DSCSC),official listing,77.227,28.5,True,approximate_area_centroid,devli,named_locality_centroid,medium,1200,Approximate locality/sector centre. This is not the verified vend entrance.,not published by source,https://dscsc.delhi.gov.in/dscsc/liquor-vends
147,"SULTANPURI, JJ COLONY",Delhi State Civil Supplies Corporation Limited (DSCSC),official listing,77.071,28.699,True,approximate_area_centroid,sultanpuri,named_locality_centroid,medium,1200,Approximate locality/sector centre. This is not the verified vend entrance.,not published by source,https://dscsc.delhi.gov.in/dscsc/liquor-vends
148,SHASTRI PARK,Delhi State Civil Supplies Corporation Limited (DSCSC),official listing,77.25,28.668,True,approximate_area_centroid,shastri park,named_locality_centroid,medium,1200,Approximate locality/sector centre. This is not the verified vend entrance.,not published by source,https://dscsc.delhi.gov.in/dscsc/liquor-vends
149,SWAROOP NAGAR,Delhi State Civil Supplies Corporation Limited (DSCSC),official listing,77.164,28.757,True,approximate_area_centroid,swaroop nagar,named_locality_centroid,medium,1200,Approximate locality/sector centre. This is not the verified vend entrance.,not published by source,https://dscsc.delhi.gov.in/dscsc/liquor-vends
150,"MANDOLI, SHAHDARA",Delhi State Civil Supplies Corporation Limited (DSCSC),official listing,77.311,28.702,True,approximate_area_centroid,mandoli,named_locality_centroid,medium,1200,Approximate locality/sector centre. This is not the verified vend entrance.,not published by source,https://dscsc.delhi.gov.in/dscsc/liquor-vends
151,CHILLA DALLUPURA,Delhi State Civil Supplies Corporation Limited (DSCSC),official listing,77.331,28.606,True,approximate_area_centroid,chilla dallupura,named_locality_centroid,medium,1200,Approximate locality/sector centre. This is not the verified vend entrance.,not published by source,https://dscsc.delhi.gov.in/dscsc/liquor-vends
152,MOTIA KHAN,Delhi State Civil Supplies Corporation Limited (DSCSC),official listing,77.2,28.649,True,approximate_area_centroid,motia khan,named_locality_centroid,medium,1200,Approximate locality/sector centre. This is not the verified vend entrance.,not published by source,https://dscsc.delhi.gov.in/dscsc/liquor-vends
153,GAMRI EXTN.,Delhi State Civil Supplies Corporation Limited (DSCSC),official listing,77.267,28.704,True,approximate_area_centroid,gamri extension,named_locality_centroid,medium,1200,Approximate locality/sector centre. This is not the verified vend entrance.,not published by source,https://dscsc.delhi.gov.in/dscsc/liquor-vends
154,MUNDKA 6315,Delhi State Civil Supplies Corporation Limited (DSCSC),official listing,77.031,28.684,True,approximate_area_centroid,mundka,named_locality_centroid,medium,1200,Approximate locality/sector centre. This is not the verified vend entrance.,not published by source,https://dscsc.delhi.gov.in/dscsc/liquor-vends
155,MADANGIR,Delhi State Civil Supplies Corporation Limited (DSCSC),official listing,77.233,28.517,True,approximate_area_centroid,madangir,named_locality_centroid,medium,1200,Approximate locality/sector centre. This is not the verified vend entrance.,not published by source,https://dscsc.delhi.gov.in/dscsc/liquor-vends
156,MEHARCHAND MARKET,Delhi State Civil Supplies Corporation Limited (DSCSC),official listing,77.226,28.583,True,approximate_area_centroid,mehar chand market,named_locality_centroid,medium,1200,Approximate locality/sector centre. This is not the verified vend entrance.,not published by source,https://dscsc.delhi.gov.in/dscsc/liquor-vends
157,"KD BLOCK, PITAMPURA",Delhi State Civil Supplies Corporation Limited (DSCSC),official listing,77.131,28.704,True,approximate_area_centroid,pitampura,named_locality_centroid,medium,1200,Approximate locality/sector centre. This is not the verified vend entrance.,not published by source,https://dscsc.delhi.gov.in/dscsc/liquor-vends
158,GOKULPURI,Delhi State Civil Supplies Corporation Limited (DSCSC),official listing,77.287,28.702,True,approximate_area_centroid,gokulpuri,named_locality_centroid,medium,1200,Approximate locality/sector centre. This is not the verified vend entrance.,not published by source,https://dscsc.delhi.gov.in/dscsc/liquor-vends
159,CHATTARPUR,Delhi State Civil Supplies Corporation Limited (DSCSC),official listing,77.185,28.503,True,approximate_area_centroid,chhattarpur,fuzzy_locality_centroid,low,2200,Approximate locality/sector centre. This is not the verified vend entrance.,not published by source,https://dscsc.delhi.gov.in/dscsc/liquor-vends
160,NEW SEELAMPUR,Delhi State Civil Supplies Corporation Limited (DSCSC),official listing,77.268,28.67,True,approximate_area_centroid,new seelampur,named_locality_centroid,medium,1200,Approximate locality/sector centre. This is not the verified vend entrance.,not published by source,https://dscsc.delhi.gov.in/dscsc/liquor-vends
161,BHAGIRATH PALACE,Delhi State Civil Supplies Corporation Limited (DSCSC),official listing,77.232,28.657,True,approximate_area_centroid,bhagirath palace,named_locality_centroid,medium,1200,Approximate locality/sector centre. This is not the verified vend entrance.,not published by source,https://dscsc.delhi.gov.in/dscsc/liquor-vends
162,DHAULA KUAN,Delhi State Civil Supplies Corporation Limited (DSCSC),official listing,77.162,28.592,True,approximate_area_centroid,dhaula kuan,named_locality_centroid,medium,1200,Approximate locality/sector centre. This is not the verified vend entrance.,not published by source,https://dscsc.delhi.gov.in/dscsc/liquor-vends
163,"T BLK, MANGOLPURI",Delhi State Civil Supplies Corporation Limited (DSCSC),official listing,77.087,28.696,True,approximate_area_centroid,mangolpuri,named_locality_centroid,medium,1200,Approximate locality/sector centre. This is not the verified vend entrance.,not published by source,https://dscsc.delhi.gov.in/dscsc/liquor-vends
164,D-5 MAYAPURI,Delhi State Civil Supplies Corporation Limited (DSCSC),official listing,77.129,28.637,True,approximate_area_centroid,mayapuri,named_locality_centroid,medium,1200,Approximate locality/sector centre. This is not the verified vend entrance.,not published by source,https://dscsc.delhi.gov.in/dscsc/liquor-vends
165,"TDI MALL, RAJOURI",Delhi State Civil Supplies Corporation Limited (DSCSC),official listing,77.121,28.642,True,approximate_area_centroid,tdi mall rajouri,interpreted_locality_centroid,medium,1500,Approximate locality/sector centre. This is not the verified vend entrance.,not published by source,https://dscsc.delhi.gov.in/dscsc/liquor-vends
166,LAJPAT NAGAR,Delhi State Civil Supplies Corporation Limited (DSCSC),official listing,77.243,28.57,True,approximate_area_centroid,lajpat nagar,interpreted_locality_centroid,medium,1500,Approximate locality/sector centre. This is not the verified vend entrance.,not published by source,https://dscsc.delhi.gov.in/dscsc/liquor-vends
167,JAINA TOWER,Delhi State Civil Supplies Corporation Limited (DSCSC),official listing,77.081,28.629,True,approximate_area_centroid,jaina tower janakpuri,interpreted_locality_centroid,medium,1500,Approximate locality/sector centre. This is not the verified vend entrance.,not published by source,https://dscsc.delhi.gov.in/dscsc/liquor-vends
168,KONDLI,Delhi State Civil Supplies Corporation Limited (DSCSC),official listing,77.337,28.612,True,approximate_area_centroid,kondli,named_locality_centroid,medium,1200,Approximate locality/sector centre. This is not the verified vend entrance.,not published by source,https://dscsc.delhi.gov.in/dscsc/liquor-vends
169,PATEL NAGAR,Delhi State Civil Supplies Corporation Limited (DSCSC),official listing,77.166,28.651,True,approximate_area_centroid,patel nagar,named_locality_centroid,medium,1200,Approximate locality/sector centre. This is not the verified vend entrance.,not published by source,https://dscsc.delhi.gov.in/dscsc/liquor-vends
170,JANAPURI C BLK,Delhi State Civil Supplies Corporation Limited (DSCSC),official listing,77.083,28.621,True,approximate_area_centroid,janakpuri c block,named_locality_centroid,medium,1200,Approximate locality/sector centre. This is not the verified vend entrance.,not published by source,https://dscsc.delhi.gov.in/dscsc/liquor-vends
171,SARAI BUILDING,Delhi State Civil Supplies Corporation Limited (DSCSC),official listing,77.208,28.671,True,approximate_area_centroid,sarai baraf khana,interpreted_parent_area_centroid,low,3000,Approximate locality/sector centre. This is not the verified vend entrance.,not published by source,https://dscsc.delhi.gov.in/dscsc/liquor-vends
172,IDGAH ROAD,Delhi State Civil Supplies Corporation Limited (DSCSC),official listing,77.205,28.655,True,approximate_area_centroid,idgah road,named_locality_centroid,medium,1200,Approximate locality/sector centre. This is not the verified vend entrance.,not published by source,https://dscsc.delhi.gov.in/dscsc/liquor-vends
173,TIKRI KALAN,Delhi State Civil Supplies Corporation Limited (DSCSC),official listing,76.993,28.686,True,approximate_area_centroid,tikri kalan,named_locality_centroid,medium,1200,Approximate locality/sector centre. This is not the verified vend entrance.,not published by source,https://dscsc.delhi.gov.in/dscsc/liquor-vends
174,JAHANGIR PURI BYEPASS,Delhi State Civil Supplies Corporation Limited (DSCSC),official listing,77.162,28.725,True,approximate_area_centroid,jahangirpuri,named_locality_centroid,medium,1200,Approximate locality/sector centre. This is not the verified vend entrance.,not published by source,https://dscsc.delhi.gov.in/dscsc/liquor-vends
175,KANJHAWALA 881,Delhi State Civil Supplies Corporation Limited (DSCSC),official listing,77.002,28.728,True,approximate_area_centroid,kanjhawala,named_locality_centroid,medium,1200,Approximate locality/sector centre. This is not the verified vend entrance.,not published by source,https://dscsc.delhi.gov.in/dscsc/liquor-vends
176,SWARAN PARK MUNDKA,Delhi State Civil Supplies Corporation Limited (DSCSC),official listing,77.035,28.682,True,approximate_area_centroid,swaran park mundka,named_locality_centroid,medium,1200,Approximate locality/sector centre. This is not the verified vend entrance.,not published by source,https://dscsc.delhi.gov.in/dscsc/liquor-vends
177,SHIV VIHAR,Delhi State Civil Supplies Corporation Limited (DSCSC),official listing,77.285,28.72,True,approximate_area_centroid,shiv vihar,named_locality_centroid,medium,1200,Approximate locality/sector centre. This is not the verified vend entrance.,not published by source,https://dscsc.delhi.gov.in/dscsc/liquor-vends
178,DISTRICT CENTRE JANAKPURI,Delhi State Civil Supplies Corporation Limited (DSCSC),official listing,77.081,28.629,True,approximate_area_centroid,district centre janakpuri,named_locality_centroid,medium,1200,Approximate locality/sector centre. This is not the verified vend entrance.,not published by source,https://dscsc.delhi.gov.in/dscsc/liquor-vends
179,SEWAK PARK,Delhi State Civil Supplies Corporation Limited (DSCSC),official listing,77.046,28.618,True,approximate_area_centroid,sewak park,named_locality_centroid,medium,1200,Approximate locality/sector centre. This is not the verified vend entrance.,not published by source,https://dscsc.delhi.gov.in/dscsc/liquor-vends
180,KANJHAWALA 134,Delhi State Civil Supplies Corporation Limited (DSCSC),official listing,77.002,28.728,True,approximate_area_centroid,kanjhawala,named_locality_centroid,medium,1200,Approximate locality/sector centre. This is not the verified vend entrance.,not published by source,https://dscsc.delhi.gov.in/dscsc/liquor-vends
181,JAWAHAR NAGAR,Delhi State Civil Supplies Corporation Limited (DSCSC),official listing,77.205,28.68,True,approximate_area_centroid,jawahar nagar,named_locality_centroid,medium,1200,Approximate locality/sector centre. This is not the verified vend entrance.,not published by source,https://dscsc.delhi.gov.in/dscsc/liquor-vends
182,PANCHKUIAN ROAD,Delhi State Civil Supplies Corporation Limited (DSCSC),official listing,77.205,28.633,True,approximate_area_centroid,panchkuian road,named_locality_centroid,medium,1200,Approximate locality/sector centre. This is not the verified vend entrance.,not published by source,https://dscsc.delhi.gov.in/dscsc/liquor-vends
183,KANJHAWALA 664,Delhi State Civil Supplies Corporation Limited (DSCSC),official listing,77.002,28.728,True,approximate_area_centroid,kanjhawala,named_locality_centroid,medium,1200,Approximate locality/sector centre. This is not the verified vend entrance.,not published by source,https://dscsc.delhi.gov.in/dscsc/liquor-vends
184,BALDEV PARK,Delhi State Civil Supplies Corporation Limited (DSCSC),official listing,77.287,28.669,True,approximate_area_centroid,baldev park,named_locality_centroid,medium,1200,Approximate locality/sector centre. This is not the verified vend entrance.,not published by source,https://dscsc.delhi.gov.in/dscsc/liquor-vends
185,MUNDKA 7213,Delhi State Civil Supplies Corporation Limited (DSCSC),official listing,77.031,28.684,True,approximate_area_centroid,mundka,named_locality_centroid,medium,1200,Approximate locality/sector centre. This is not the verified vend entrance.,not published by source,https://dscsc.delhi.gov.in/dscsc/liquor-vends
186,GULABI BAGH CL,Delhi State Civil Supplies Corporation Limited (DSCSC),official listing,77.184,28.672,True,approximate_area_centroid,gulabi bagh,named_locality_centroid,medium,1200,Approximate locality/sector centre. This is not the verified vend entrance.,not published by source,https://dscsc.delhi.gov.in/dscsc/liquor-vends
187,OLD SEEMA PURI (SPL),Delhi State Civil Supplies Corporation Limited (DSCSC),official listing,77.33,28.683,True,approximate_area_centroid,old seemapuri,named_locality_centroid,medium,1200,Approximate locality/sector centre. This is not the verified vend entrance.,not published by source,https://dscsc.delhi.gov.in/dscsc/liquor-vends
188,JAHANGIRPURI (DML),Delhi State Civil Supplies Corporation Limited (DSCSC),official listing,77.162,28.725,True,approximate_area_centroid,jahangirpuri,named_locality_centroid,medium,1200,Approximate locality/sector centre. This is not the verified vend entrance.,not published by source,https://dscsc.delhi.gov.in/dscsc/liquor-vends
189,OKHLA INDL AREA (SPL),Delhi State Civil Supplies Corporation Limited (DSCSC),official listing,77.273,28.539,True,approximate_area_centroid,okhla industrial area,named_locality_centroid,medium,1200,Approximate locality/sector centre. This is not the verified vend entrance.,not published by source,https://dscsc.delhi.gov.in/dscsc/liquor-vends
190,GAZIPUR (SPL),Delhi State Civil Supplies Corporation Limited (DSCSC),official listing,77.323,28.627,True,approximate_area_centroid,gazipur,named_locality_centroid,medium,1200,Approximate locality/sector centre. This is not the verified vend entrance.,not published by source,https://dscsc.delhi.gov.in/dscsc/liquor-vends
191,MAJNU KA TILLA (DML),Delhi State Civil Supplies Corporation Limited (DSCSC),official listing,77.228,28.702,True,approximate_area_centroid,majnu ka tila,named_locality_centroid,medium,1200,Approximate locality/sector centre. This is not the verified vend entrance.,not published by source,https://dscsc.delhi.gov.in/dscsc/liquor-vends
192,RANAJI ENCLAVE (DML),Delhi State Civil Supplies Corporation Limited (DSCSC),official listing,77.007,28.6,True,approximate_area_centroid,ranaji enclave,named_locality_centroid,medium,1200,Approximate locality/sector centre. This is not the verified vend entrance.,not published by source,https://dscsc.delhi.gov.in/dscsc/liquor-vends
193,KIRARI (DML),Delhi State Civil Supplies Corporation Limited (DSCSC),official listing,77.052,28.706,True,approximate_area_centroid,kirari,named_locality_centroid,medium,1200,Approximate locality/sector centre. This is not the verified vend entrance.,not published by source,https://dscsc.delhi.gov.in/dscsc/liquor-vends
194,NAWADA (DML),Delhi State Civil Supplies Corporation Limited (DSCSC),official listing,77.045,28.62,True,approximate_area_centroid,nawada,named_locality_centroid,medium,1200,Approximate locality/sector centre. This is not the verified vend entrance.,not published by source,https://dscsc.delhi.gov.in/dscsc/liquor-vends
195,ANAND PARVAT (DML),Delhi State Civil Supplies Corporation Limited (DSCSC),official listing,77.174,28.66,True,approximate_area_centroid,anand parbat,interpreted_locality_centroid,medium,1500,Approximate locality/sector centre. This is not the verified vend entrance.,not published by source,https://dscsc.delhi.gov.in/dscsc/liquor-vends
196,KAPASHERA (DML),Delhi State Civil Supplies Corporation Limited (DSCSC),official listing,77.082,28.522,True,approximate_area_centroid,kapashera,named_locality_centroid,medium,1200,Approximate locality/sector centre. This is not the verified vend entrance.,not published by source,https://dscsc.delhi.gov.in/dscsc/liquor-vends
197,SHYAM VIHAR (DML),Delhi State Civil Supplies Corporation Limited (DSCSC),official listing,77.025,28.609,True,approximate_area_centroid,shyam vihar,named_locality_centroid,medium,1200,Approximate locality/sector centre. This is not the verified vend entrance.,not published by source,https://dscsc.delhi.gov.in/dscsc/liquor-vends
198,JHARODA MAJRA (DML),Delhi State Civil Supplies Corporation Limited (DSCSC),official listing,77.17,28.74,True,approximate_area_centroid,jharoda majra,named_locality_centroid,medium,1200,Approximate locality/sector centre. This is not the verified vend entrance.,not published by source,https://dscsc.delhi.gov.in/dscsc/liquor-vends
199,KARAWAL NAGAR (DML),Delhi State Civil Supplies Corporation Limited (DSCSC),official listing,77.276,28.728,True,approximate_area_centroid,karawal nagar,named_locality_centroid,medium,1200,Approximate locality/sector centre. This is not the verified vend entrance.,not published by source,https://dscsc.delhi.gov.in/dscsc/liquor-vends
200,SOUTH GAMRI (DML),Delhi State Civil Supplies Corporation Limited (DSCSC),official listing,77.266,28.7,True,approximate_area_centroid,south gamri,named_locality_centroid,medium,1200,Approximate locality/sector centre. This is not the verified vend entrance.,not published by source,https://dscsc.delhi.gov.in/dscsc/liquor-vends
201,BAWANA CL,Delhi State Civil Supplies Corporation Limited (DSCSC),official listing,77.035,28.799,True,approximate_area_centroid,bawana,named_locality_centroid,medium,1200,Approximate locality/sector centre. This is not the verified vend entrance.,not published by source,https://dscsc.delhi.gov.in/dscsc/liquor-vends
202,SARAI PIPAL THALA,Delhi Consumer's Co-operative Wholesale Store Ltd. (DCCWS),official listing,77.184,28.711,True,approximate_area_centroid,sarai pipal thala,named_locality_centroid,medium,1200,Approximate locality/sector centre. This is not the verified vend entrance.,coordinates not published by source,https://dccws.delhi.gov.in/dccws/indian-made-foreign-liquor
203,SHASTRI PARK,Delhi Consumer's Co-operative Wholesale Store Ltd. (DCCWS),official listing,77.25,28.668,True,approximate_area_centroid,shastri park,named_locality_centroid,medium,1200,Approximate locality/sector centre. This is not the verified vend entrance.,coordinates not published by source,https://dccws.delhi.gov.in/dccws/indian-made-foreign-liquor
204,SAFDARJUNG ENCLAVE - II,Delhi Consumer's Co-operative Wholesale Store Ltd. (DCCWS),official listing,77.196,28.565,True,approximate_area_centroid,safdarjung enclave,named_locality_centroid,medium,1200,Approximate locality/sector centre. This is not the verified vend entrance.,coordinates not published by source,https://dccws.delhi.gov.in/dccws/indian-made-foreign-liquor
205,ZAKHIRA,Delhi Consumer's Co-operative Wholesale Store Ltd. (DCCWS),official listing,77.158,28.669,True,approximate_area_centroid,zakhira,named_locality_centroid,medium,1200,Approximate locality/sector centre. This is not the verified vend entrance.,coordinates not published by source,https://dccws.delhi.gov.in/dccws/indian-made-foreign-liquor
206,VASANT ENCLAVE,Delhi Consumer's Co-operative Wholesale Store Ltd. (DCCWS),official listing,77.159,28.566,True,approximate_area_centroid,vasant enclave,named_locality_centroid,medium,1200,Approximate locality/sector centre. This is not the verified vend entrance.,coordinates not published by source,https://dccws.delhi.gov.in/dccws/indian-made-foreign-liquor
207,ASHRAM,Delhi Consumer's Co-operative Wholesale Store Ltd. (DCCWS),official listing,77.259,28.572,True,approximate_area_centroid,ashram,named_locality_centroid,medium,1200,Approximate locality/sector centre. This is not the verified vend entrance.,coordinates not published by source,https://dccws.delhi.gov.in/dccws/indian-made-foreign-liquor
208,DURGA MKT. KHICHRIPUR,Delhi Consumer's Co-operative Wholesale Store Ltd. (DCCWS),official listing,77.318,28.62,True,approximate_area_centroid,durga market khichripur,named_locality_centroid,medium,1200,Approximate locality/sector centre. This is not the verified vend entrance.,coordinates not published by source,https://dccws.delhi.gov.in/dccws/indian-made-foreign-liquor
209,KRISHNA VIHAR,Delhi Consumer's Co-operative Wholesale Store Ltd. (DCCWS),official listing,77.077,28.701,True,approximate_area_centroid,krishna vihar,named_locality_centroid,medium,1200,Approximate locality/sector centre. This is not the verified vend entrance.,coordinates not published by source,https://dccws.delhi.gov.in/dccws/indian-made-foreign-liquor
210,NAND NAGRI,Delhi Consumer's Co-operative Wholesale Store Ltd. (DCCWS),official listing,77.308,28.691,True,approximate_area_centroid,nand nagri,named_locality_centroid,medium,1200,Approximate locality/sector centre. This is not the verified vend entrance.,coordinates not published by source,https://dccws.delhi.gov.in/dccws/indian-made-foreign-liquor
211,PITAMPURA FASHION MALL,Delhi Consumer's Co-operative Wholesale Store Ltd. (DCCWS),official listing,77.131,28.704,True,approximate_area_centroid,pitampura,named_locality_centroid,medium,1200,Approximate locality/sector centre. This is not the verified vend entrance.,coordinates not published by source,https://dccws.delhi.gov.in/dccws/indian-made-foreign-liquor
212,G.T. ALIPUR BAKOLI,Delhi Consumer's Co-operative Wholesale Store Ltd. (DCCWS),official listing,77.135,28.802,True,approximate_area_centroid,alipur bakoli,named_locality_centroid,medium,1200,Approximate locality/sector centre. This is not the verified vend entrance.,coordinates not published by source,https://dccws.delhi.gov.in/dccws/indian-made-foreign-liquor
213,JWALAPURI,Delhi Consumer's Co-operative Wholesale Store Ltd. (DCCWS),official listing,77.072,28.677,True,approximate_area_centroid,jwalapuri,named_locality_centroid,medium,1200,Approximate locality/sector centre. This is not the verified vend entrance.,coordinates not published by source,https://dccws.delhi.gov.in/dccws/indian-made-foreign-liquor
214,GAZIPUR,Delhi Consumer's Co-operative Wholesale Store Ltd. (DCCWS),official listing,77.323,28.627,True,approximate_area_centroid,gazipur,named_locality_centroid,medium,1200,Approximate locality/sector centre. This is not the verified vend entrance.,coordinates not published by source,https://dccws.delhi.gov.in/dccws/indian-made-foreign-liquor
215,PIRAGARHI,Delhi Consumer's Co-operative Wholesale Store Ltd. (DCCWS),official listing,77.092,28.679,True,approximate_area_centroid,peera garhi,named_locality_centroid,medium,1200,Approximate locality/sector centre. This is not the verified vend entrance.,coordinates not published by source,https://dccws.delhi.gov.in/dccws/indian-made-foreign-liquor
216,SCINDIA HOUSE,Delhi Consumer's Co-operative Wholesale Store Ltd. (DCCWS),official listing,77.2167,28.6315,True,approximate_area_centroid,connaught place,interpreted_locality_centroid,medium,1500,Approximate locality/sector centre. This is not the verified vend entrance.,coordinates not published by source,https://dccws.delhi.gov.in/dccws/indian-made-foreign-liquor
217,ROHINI SEC.-24,Delhi Consumer's Co-operative Wholesale Store Ltd. (DCCWS),official listing,77.093,28.725,True,approximate_area_centroid,rohini sector 24,sector_centroid,medium,800,Approximate locality/sector centre. This is not the verified vend entrance.,coordinates not published by source,https://dccws.delhi.gov.in/dccws/indian-made-foreign-liquor
218,SARITA VIHAR,Delhi Consumer's Co-operative Wholesale Store Ltd. (DCCWS),official listing,77.289,28.528,True,approximate_area_centroid,sarita vihar,named_locality_centroid,medium,1200,Approximate locality/sector centre. This is not the verified vend entrance.,coordinates not published by source,https://dccws.delhi.gov.in/dccws/indian-made-foreign-liquor
219,VIKASPURI,Delhi Consumer's Co-operative Wholesale Store Ltd. (DCCWS),official listing,77.07,28.638,True,approximate_area_centroid,vikaspuri,named_locality_centroid,medium,1200,Approximate locality/sector centre. This is not the verified vend entrance.,coordinates not published by source,https://dccws.delhi.gov.in/dccws/indian-made-foreign-liquor
220,"MOTIA KHAN, PAHARGANJ",Delhi Consumer's Co-operative Wholesale Store Ltd. (DCCWS),official listing,77.2,28.649,True,approximate_area_centroid,motia khan,named_locality_centroid,medium,1200,Approximate locality/sector centre. This is not the verified vend entrance.,coordinates not published by source,https://dccws.delhi.gov.in/dccws/indian-made-foreign-liquor
221,GUJRAWALA TOWN,Delhi Consumer's Co-operative Wholesale Store Ltd. (DCCWS),official listing,77.19,28.701,True,approximate_area_centroid,gujranwala town,interpreted_locality_centroid,medium,1500,Approximate locality/sector centre. This is not the verified vend entrance.,coordinates not published by source,https://dccws.delhi.gov.in/dccws/indian-made-foreign-liquor
222,JAHANGIR PURI,Delhi Consumer's Co-operative Wholesale Store Ltd. (DCCWS),official listing,77.162,28.725,True,approximate_area_centroid,jahangirpuri,named_locality_centroid,medium,1200,Approximate locality/sector centre. This is not the verified vend entrance.,coordinates not published by source,https://dccws.delhi.gov.in/dccws/indian-made-foreign-liquor
223,"ROHINI, SECTOR-16",Delhi Consumer's Co-operative Wholesale Store Ltd. (DCCWS),official listing,77.119,28.731,True,approximate_area_centroid,rohini sector 16,sector_centroid,medium,800,Approximate locality/sector centre. This is not the verified vend entrance.,coordinates not published by source,https://dccws.delhi.gov.in/dccws/indian-made-foreign-liquor
224,UTTAM NAGAR,Delhi Consumer's Co-operative Wholesale Store Ltd. (DCCWS),official listing,77.056,28.621,True,approximate_area_centroid,uttam nagar,named_locality_centroid,medium,1200,Approximate locality/sector centre. This is not the verified vend entrance.,coordinates not published by source,https://dccws.delhi.gov.in/dccws/indian-made-foreign-liquor
225,"ROHINI, SECTOR-6",Delhi Consumer's Co-operative Wholesale Store Ltd. (DCCWS),official listing,77.107,28.715,True,approximate_area_centroid,rohini sector 6,sector_centroid,medium,800,Approximate locality/sector centre. This is not the verified vend entrance.,coordinates not published by source,https://dccws.delhi.gov.in/dccws/indian-made-foreign-liquor
226,SHAKUR BASTI,Delhi Consumer's Co-operative Wholesale Store Ltd. (DCCWS),official listing,77.159,28.685,True,approximate_area_centroid,shakur basti,named_locality_centroid,medium,1200,Approximate locality/sector centre. This is not the verified vend entrance.,coordinates not published by source,https://dccws.delhi.gov.in/dccws/indian-made-foreign-liquor
227,"W-MALL, SHOP NO. 2",Delhi Consumer's Co-operative Wholesale Store Ltd. (DCCWS),official listing,77.116,28.701,True,approximate_area_centroid,rohini sector 3,interpreted_locality_centroid,medium,1500,Approximate locality/sector centre. This is not the verified vend entrance.,coordinates not published by source,https://dccws.delhi.gov.in/dccws/indian-made-foreign-liquor
228,SHAHZADA BAGH,Delhi Consumer's Co-operative Wholesale Store Ltd. (DCCWS),official listing,77.163,28.672,True,approximate_area_centroid,shahzada bagh,named_locality_centroid,medium,1200,Approximate locality/sector centre. This is not the verified vend entrance.,coordinates not published by source,https://dccws.delhi.gov.in/dccws/indian-made-foreign-liquor
229,MASUDABAD,Delhi Consumer's Co-operative Wholesale Store Ltd. (DCCWS),official listing,77.045,28.62,True,approximate_area_centroid,nawada,interpreted_locality_centroid,medium,1500,Approximate locality/sector centre. This is not the verified vend entrance.,coordinates not published by source,https://dccws.delhi.gov.in/dccws/indian-made-foreign-liquor
230,MOTI NAGAR,Delhi Consumer's Co-operative Wholesale Store Ltd. (DCCWS),official listing,77.143,28.658,True,approximate_area_centroid,moti nagar,named_locality_centroid,medium,1200,Approximate locality/sector centre. This is not the verified vend entrance.,coordinates not published by source,https://dccws.delhi.gov.in/dccws/indian-made-foreign-liquor
231,LAJWANTI CHOWK,Delhi Consumer's Co-operative Wholesale Store Ltd. (DCCWS),official listing,77.096,28.613,True,approximate_area_centroid,lajwanti chowk,interpreted_locality_centroid,medium,1500,Approximate locality/sector centre. This is not the verified vend entrance.,coordinates not published by source,https://dccws.delhi.gov.in/dccws/indian-made-foreign-liquor
232,"GULAB BAGH, UTTAM NAGAR",Delhi Consumer's Co-operative Wholesale Store Ltd. (DCCWS),official listing,77.055,28.615,True,approximate_area_centroid,gulab bagh uttam nagar,named_locality_centroid,medium,1200,Approximate locality/sector centre. This is not the verified vend entrance.,coordinates not published by source,https://dccws.delhi.gov.in/dccws/indian-made-foreign-liquor
233,POOTH KALAN,Delhi Consumer's Co-operative Wholesale Store Ltd. (DCCWS),official listing,77.101,28.719,True,approximate_area_centroid,pooth kalan,named_locality_centroid,medium,1200,Approximate locality/sector centre. This is not the verified vend entrance.,coordinates not published by source,https://dccws.delhi.gov.in/dccws/indian-made-foreign-liquor
234,MASJID MOTH,Delhi Consumer's Co-operative Wholesale Store Ltd. (DCCWS),official listing,77.226,28.541,True,approximate_area_centroid,masjid moth,named_locality_centroid,medium,1200,Approximate locality/sector centre. This is not the verified vend entrance.,coordinates not published by source,https://dccws.delhi.gov.in/dccws/indian-made-foreign-liquor
235,DWARKA SECTOR - 6,Delhi Consumer's Co-operative Wholesale Store Ltd. (DCCWS),official listing,77.066,28.592,True,approximate_area_centroid,dwarka sector 6,sector_centroid,medium,900,Approximate locality/sector centre. This is not the verified vend entrance.,coordinates not published by source,https://dccws.delhi.gov.in/dccws/indian-made-foreign-liquor
236,PRASHANT VIHAR,Delhi Consumer's Co-operative Wholesale Store Ltd. (DCCWS),official listing,77.135,28.716,True,approximate_area_centroid,prashant vihar,named_locality_centroid,medium,1200,Approximate locality/sector centre. This is not the verified vend entrance.,coordinates not published by source,https://dccws.delhi.gov.in/dccws/indian-made-foreign-liquor
237,NARELA,Delhi Consumer's Co-operative Wholesale Store Ltd. (DCCWS),official listing,77.092,28.852,True,approximate_area_centroid,narela,named_locality_centroid,medium,1200,Approximate locality/sector centre. This is not the verified vend entrance.,coordinates not published by source,https://dccws.delhi.gov.in/dccws/indian-made-foreign-liquor
238,BEHRA ENCLAVE,Delhi Consumer's Co-operative Wholesale Store Ltd. (DCCWS),official listing,77.097,28.665,True,approximate_area_centroid,behra enclave,named_parent_area_centroid,low,3000,Approximate locality/sector centre. This is not the verified vend entrance.,coordinates not published by source,https://dccws.delhi.gov.in/dccws/indian-made-foreign-liquor
239,KOTLA VILLAGE MAYUR VIHAR,Delhi Consumer's Co-operative Wholesale Store Ltd. (DCCWS),official listing,77.296,28.606,True,approximate_area_centroid,kotla village mayur vihar,named_locality_centroid,medium,1200,Approximate locality/sector centre. This is not the verified vend entrance.,coordinates not published by source,https://dccws.delhi.gov.in/dccws/indian-made-foreign-liquor
240,KASHMERE GATE,Delhi Consumer's Co-operative Wholesale Store Ltd. (DCCWS),official listing,77.228,28.6675,True,approximate_area_centroid,kashmere gate,named_locality_centroid,medium,1200,Approximate locality/sector centre. This is not the verified vend entrance.,coordinates not published by source,https://dccws.delhi.gov.in/dccws/indian-made-foreign-liquor
241,"M.B. ROAD, PUSHP VIHAR",Delhi Consumer's Co-operative Wholesale Store Ltd. (DCCWS),official listing,77.216,28.529,True,approximate_area_centroid,mb road pushp vihar,fuzzy_locality_centroid,low,2200,Approximate locality/sector centre. This is not the verified vend entrance.,coordinates not published by source,https://dccws.delhi.gov.in/dccws/indian-made-foreign-liquor
242,SAFDARJUNG ENCLAVE,Delhi Consumer's Co-operative Wholesale Store Ltd. (DCCWS),official listing,77.196,28.565,True,approximate_area_centroid,safdarjung enclave,named_locality_centroid,medium,1200,Approximate locality/sector centre. This is not the verified vend entrance.,coordinates not published by source,https://dccws.delhi.gov.in/dccws/indian-made-foreign-liquor
243,BAWANA ROAD INDUSTRIAL,Delhi Consumer's Co-operative Wholesale Store Ltd. (DCCWS),official listing,77.035,28.799,True,approximate_area_centroid,bawana road industrial,named_locality_centroid,medium,1200,Approximate locality/sector centre. This is not the verified vend entrance.,coordinates not published by source,https://dccws.delhi.gov.in/dccws/indian-made-foreign-liquor
244,CHANDNI CHOWK,Delhi Consumer's Co-operative Wholesale Store Ltd. (DCCWS),official listing,77.23,28.656,True,approximate_area_centroid,chandni chowk,named_locality_centroid,medium,1200,Approximate locality/sector centre. This is not the verified vend entrance.,coordinates not published by source,https://dccws.delhi.gov.in/dccws/indian-made-foreign-liquor
245,DILSHAD GARDEN,Delhi Consumer's Co-operative Wholesale Store Ltd. (DCCWS),official listing,77.321,28.681,True,approximate_area_centroid,dilshad garden,named_locality_centroid,medium,1200,Approximate locality/sector centre. This is not the verified vend entrance.,coordinates not published by source,https://dccws.delhi.gov.in/dccws/indian-made-foreign-liquor
246,VISHNU GARDEN,Delhi Consumer's Co-operative Wholesale Store Ltd. (DCCWS),official listing,77.092,28.646,True,approximate_area_centroid,vishnu garden,named_locality_centroid,medium,1200,Approximate locality/sector centre. This is not the verified vend entrance.,coordinates not published by source,https://dccws.delhi.gov.in/dccws/indian-made-foreign-liquor
247,RAJORI GARDEN,Delhi Consumer's Co-operative Wholesale Store Ltd. (DCCWS),official listing,77.12,28.642,True,approximate_area_centroid,rajouri garden,named_locality_centroid,medium,1200,Approximate locality/sector centre. This is not the verified vend entrance.,coordinates not published by source,https://dccws.delhi.gov.in/dccws/indian-made-foreign-liquor
248,PREET VIHAR,Delhi Consumer's Co-operative Wholesale Store Ltd. (DCCWS),official listing,77.294,28.641,True,approximate_area_centroid,preet vihar,named_locality_centroid,medium,1200,Approximate locality/sector centre. This is not the verified vend entrance.,coordinates not published by source,https://dccws.delhi.gov.in/dccws/indian-made-foreign-liquor
249,KALKAJI,Delhi Consumer's Co-operative Wholesale Store Ltd. (DCCWS),official listing,77.255,28.535,True,approximate_area_centroid,kalkaji,named_locality_centroid,medium,1200,Approximate locality/sector centre. This is not the verified vend entrance.,coordinates not published by source,https://dccws.delhi.gov.in/dccws/indian-made-foreign-liquor
250,NETAJI SUBHASH PALACE,Delhi Consumer's Co-operative Wholesale Store Ltd. (DCCWS),official listing,77.152,28.696,True,approximate_area_centroid,netaji subhash place,interpreted_locality_centroid,medium,1500,Approximate locality/sector centre. This is not the verified vend entrance.,coordinates not published by source,https://dccws.delhi.gov.in/dccws/indian-made-foreign-liquor
251,"MADANGIRI, KHANPUR",Delhi Consumer's Co-operative Wholesale Store Ltd. (DCCWS),official listing,77.232,28.514,True,approximate_area_centroid,madangir khanpur,interpreted_locality_centroid,medium,1500,Approximate locality/sector centre. This is not the verified vend entrance.,coordinates not published by source,https://dccws.delhi.gov.in/dccws/indian-made-foreign-liquor
252,PITAMPURA DDA MARKET,Delhi Consumer's Co-operative Wholesale Store Ltd. (DCCWS),official listing,77.131,28.704,True,approximate_area_centroid,pitampura,named_locality_centroid,medium,1200,Approximate locality/sector centre. This is not the verified vend entrance.,coordinates not published by source,https://dccws.delhi.gov.in/dccws/indian-made-foreign-liquor
253,SHALIMAR BAGH,Delhi Consumer's Co-operative Wholesale Store Ltd. (DCCWS),official listing,77.157,28.716,True,approximate_area_centroid,shalimar bagh,named_locality_centroid,medium,1200,Approximate locality/sector centre. This is not the verified vend entrance.,coordinates not published by source,https://dccws.delhi.gov.in/dccws/indian-made-foreign-liquor
254,KINGSWAY CAMP,Delhi Consumer's Co-operative Wholesale Store Ltd. (DCCWS),official listing,77.206,28.7,True,approximate_area_centroid,kingsway camp,named_locality_centroid,medium,1200,Approximate locality/sector centre. This is not the verified vend entrance.,coordinates not published by source,https://dccws.delhi.gov.in/dccws/indian-made-foreign-liquor
255,WAZIRPUR,Delhi Consumer's Co-operative Wholesale Store Ltd. (DCCWS),official listing,77.167,28.699,True,approximate_area_centroid,wazirpur,named_locality_centroid,medium,1200,Approximate locality/sector centre. This is not the verified vend entrance.,coordinates not published by source,https://dccws.delhi.gov.in/dccws/indian-made-foreign-liquor
256,BHIKAJI CAMA PLACE,Delhi Consumer's Co-operative Wholesale Store Ltd. (DCCWS),official listing,77.188,28.568,True,approximate_area_centroid,bhikaji cama place,named_locality_centroid,medium,1200,Approximate locality/sector centre. This is not the verified vend entrance.,coordinates not published by source,https://dccws.delhi.gov.in/dccws/indian-made-foreign-liquor
257,VASANT VIHAR,Delhi Consumer's Co-operative Wholesale Store Ltd. (DCCWS),official listing,77.161,28.56,True,approximate_area_centroid,vasant vihar,named_locality_centroid,medium,1200,Approximate locality/sector centre. This is not the verified vend entrance.,coordinates not published by source,https://dccws.delhi.gov.in/dccws/indian-made-foreign-liquor
258,"A-201, OKHLA INDL. AREA",Delhi Consumer's Co-operative Wholesale Store Ltd. (DCCWS),official listing,77.273,28.539,True,approximate_area_centroid,okhla industrial area,named_locality_centroid,medium,1200,Approximate locality/sector centre. This is not the verified vend entrance.,coordinates not published by source,https://dccws.delhi.gov.in/dccws/indian-made-foreign-liquor
259,RAJENDRA PLACE,Delhi Consumer's Co-operative Wholesale Store Ltd. (DCCWS),official listing,77.177,28.642,True,approximate_area_centroid,rajendra place,named_locality_centroid,medium,1200,Approximate locality/sector centre. This is not the verified vend entrance.,coordinates not published by source,https://dccws.delhi.gov.in/dccws/indian-made-foreign-liquor
260,TDI FUN REPUBLIC MALL,Delhi Consumer's Co-operative Wholesale Store Ltd. (DCCWS),official listing,77.121,28.642,True,approximate_area_centroid,tdi mall rajouri,interpreted_locality_centroid,medium,1500,Approximate locality/sector centre. This is not the verified vend entrance.,coordinates not published by source,https://dccws.delhi.gov.in/dccws/indian-made-foreign-liquor
261,"KALKAJI, GOVINDPURI",Delhi Consumer's Co-operative Wholesale Store Ltd. (DCCWS),official listing,77.263,28.541,True,approximate_area_centroid,govindpuri,named_locality_centroid,medium,1200,Approximate locality/sector centre. This is not the verified vend entrance.,coordinates not published by source,https://dccws.delhi.gov.in/dccws/indian-made-foreign-liquor
262,KIRTI NAGAR,Delhi Consumer's Co-operative Wholesale Store Ltd. (DCCWS),official listing,77.15,28.655,True,approximate_area_centroid,kirti nagar,named_locality_centroid,medium,1200,Approximate locality/sector centre. This is not the verified vend entrance.,coordinates not published by source,https://dccws.delhi.gov.in/dccws/indian-made-foreign-liquor
263,VINOD NAGAR WEST,Delhi Consumer's Co-operative Wholesale Store Ltd. (DCCWS),official listing,77.307,28.62,True,approximate_area_centroid,vinod nagar west,named_locality_centroid,medium,1200,Approximate locality/sector centre. This is not the verified vend entrance.,coordinates not published by source,https://dccws.delhi.gov.in/dccws/indian-made-foreign-liquor
264,"VISHWAS NAGAR, SHAHDARA",Delhi Consumer's Co-operative Wholesale Store Ltd. (DCCWS),official listing,77.287,28.664,True,approximate_area_centroid,vishwas nagar,named_locality_centroid,medium,1200,Approximate locality/sector centre. This is not the verified vend entrance.,coordinates not published by source,https://dccws.delhi.gov.in/dccws/indian-made-foreign-liquor
265,ROHINI SEC.-19,Delhi Consumer's Co-operative Wholesale Store Ltd. (DCCWS),official listing,77.111,28.744,True,approximate_area_centroid,rohini sector 19,sector_centroid,medium,800,Approximate locality/sector centre. This is not the verified vend entrance.,coordinates not published by source,https://dccws.delhi.gov.in/dccws/indian-made-foreign-liquor
266,OLD RAJENDER NAGAR,Delhi Consumer's Co-operative Wholesale Store Ltd. (DCCWS),official listing,77.182,28.638,True,approximate_area_centroid,old rajinder nagar,named_locality_centroid,medium,1200,Approximate locality/sector centre. This is not the verified vend entrance.,coordinates not published by source,https://dccws.delhi.gov.in/dccws/indian-made-foreign-liquor
267,VIKASPURI II,Delhi Consumer's Co-operative Wholesale Store Ltd. (DCCWS),official listing,77.07,28.638,True,approximate_area_centroid,vikaspuri,named_locality_centroid,medium,1200,Approximate locality/sector centre. This is not the verified vend entrance.,coordinates not published by source,https://dccws.delhi.gov.in/dccws/indian-made-foreign-liquor
268,GULABI BAGH L-6,Delhi Consumer's Co-operative Wholesale Store Ltd. (DCCWS),official listing,77.184,28.672,True,approximate_area_centroid,gulabi bagh,named_locality_centroid,medium,1200,Approximate locality/sector centre. This is not the verified vend entrance.,coordinates not published by source,https://dccws.delhi.gov.in/dccws/indian-made-foreign-liquor
269,JANGPURA ROAD,Delhi Consumer's Co-operative Wholesale Store Ltd. (DCCWS),official listing,77.246,28.583,True,approximate_area_centroid,jangpura,named_locality_centroid,medium,1200,Approximate locality/sector centre. This is not the verified vend entrance.,coordinates not published by source,https://dccws.delhi.gov.in/dccws/indian-made-foreign-liquor
270,AADITYA MALL,Delhi Consumer's Co-operative Wholesale Store Ltd. (DCCWS),official listing,77.302,28.655,True,approximate_area_centroid,aditya mega mall,interpreted_locality_centroid,medium,1500,Approximate locality/sector centre. This is not the verified vend entrance.,coordinates not published by source,https://dccws.delhi.gov.in/dccws/indian-made-foreign-liquor
271,"KHAYALA, VISHNU GARDEN",Delhi Consumer's Co-operative Wholesale Store Ltd. (DCCWS),official listing,77.092,28.646,True,approximate_area_centroid,vishnu garden,named_locality_centroid,medium,1200,Approximate locality/sector centre. This is not the verified vend entrance.,coordinates not published by source,https://dccws.delhi.gov.in/dccws/indian-made-foreign-liquor
272,ASHOK VIHAR,Delhi Consumer's Co-operative Wholesale Store Ltd. (DCCWS),official listing,77.176,28.696,True,approximate_area_centroid,ashok vihar,named_locality_centroid,medium,1200,Approximate locality/sector centre. This is not the verified vend entrance.,coordinates not published by source,https://dccws.delhi.gov.in/dccws/indian-made-foreign-liquor
273,"F-89/9, OKHLA, PHASE-I",Delhi Consumer's Co-operative Wholesale Store Ltd. (DCCWS),official listing,77.278,28.548,True,approximate_area_centroid,okhla,named_locality_centroid,medium,1200,Approximate locality/sector centre. This is not the verified vend entrance.,coordinates not published by source,https://dccws.delhi.gov.in/dccws/indian-made-foreign-liquor
274,RAJDHANI ENCLAVE,Delhi Consumer's Co-operative Wholesale Store Ltd. (DCCWS),official listing,77.132,28.696,True,approximate_area_centroid,rajdhani enclave,interpreted_parent_area_centroid,low,3000,Approximate locality/sector centre. This is not the verified vend entrance.,coordinates not published by source,https://dccws.delhi.gov.in/dccws/indian-made-foreign-liquor
275,"SEWA DHAM, MANDOLI",Delhi Consumer's Co-operative Wholesale Store Ltd. (DCCWS),official listing,77.311,28.702,True,approximate_area_centroid,mandoli,named_locality_centroid,medium,1200,Approximate locality/sector centre. This is not the verified vend entrance.,coordinates not published by source,https://dccws.delhi.gov.in/dccws/indian-made-foreign-liquor
276,KALKAJI EXT.,Delhi Consumer's Co-operative Wholesale Store Ltd. (DCCWS),official listing,77.255,28.535,True,approximate_area_centroid,kalkaji,named_locality_centroid,medium,1200,Approximate locality/sector centre. This is not the verified vend entrance.,coordinates not published by source,https://dccws.delhi.gov.in/dccws/indian-made-foreign-liquor
277,"A-255, OKHLA IND. AREA",Delhi Consumer's Co-operative Wholesale Store Ltd. (DCCWS),official listing,77.273,28.539,True,approximate_area_centroid,okhla industrial area,named_locality_centroid,medium,1200,Approximate locality/sector centre. This is not the verified vend entrance.,coordinates not published by source,https://dccws.delhi.gov.in/dccws/indian-made-foreign-liquor
278,NEW PATEL NAGAR (SHADIPUR) L6,Delhi Consumer's Co-operative Wholesale Store Ltd. (DCCWS),official listing,77.166,28.651,True,approximate_area_centroid,patel nagar,named_locality_centroid,medium,1200,Approximate locality/sector centre. This is not the verified vend entrance.,coordinates not published by source,https://dccws.delhi.gov.in/dccws/indian-made-foreign-liquor
279,PADAM NAGAR,Delhi Consumer's Co-operative Wholesale Store Ltd. (DCCWS),official listing,77.181,28.674,True,approximate_area_centroid,padam nagar,named_locality_centroid,medium,1200,Approximate locality/sector centre. This is not the verified vend entrance.,coordinates not published by source,https://dccws.delhi.gov.in/dccws/indian-made-foreign-liquor
280,NASIRPUR DWARKA I,Delhi Consumer's Co-operative Wholesale Store Ltd. (DCCWS),official listing,77.089,28.591,True,approximate_area_centroid,nasirpur,named_locality_centroid,medium,1200,Approximate locality/sector centre. This is not the verified vend entrance.,coordinates not published by source,https://dccws.delhi.gov.in/dccws/indian-made-foreign-liquor
281,RAJENDRA BHAWAN,Delhi Consumer's Co-operative Wholesale Store Ltd. (DCCWS),official listing,77.18,28.641,True,approximate_area_centroid,rajendra bhawan,named_locality_centroid,medium,1200,Approximate locality/sector centre. This is not the verified vend entrance.,coordinates not published by source,https://dccws.delhi.gov.in/dccws/indian-made-foreign-liquor
282,DMRC KAROL BAGH,Delhi Consumer's Co-operative Wholesale Store Ltd. (DCCWS),official listing,77.19,28.651,True,approximate_area_centroid,karol bagh,named_locality_centroid,medium,1200,Approximate locality/sector centre. This is not the verified vend entrance.,coordinates not published by source,https://dccws.delhi.gov.in/dccws/indian-made-foreign-liquor
283,DMRC RAJOURI GARDEN,Delhi Consumer's Co-operative Wholesale Store Ltd. (DCCWS),official listing,77.12,28.642,True,approximate_area_centroid,rajouri garden,named_locality_centroid,medium,1200,Approximate locality/sector centre. This is not the verified vend entrance.,coordinates not published by source,https://dccws.delhi.gov.in/dccws/indian-made-foreign-liquor
284,VILLAGE GAZIPUR (WEST PATEL NAGAR),Delhi Consumer's Co-operative Wholesale Store Ltd. (DCCWS),official listing,77.323,28.627,True,approximate_area_centroid,gazipur,named_locality_centroid,medium,1200,Approximate locality/sector centre. This is not the verified vend entrance.,coordinates not published by source,https://dccws.delhi.gov.in/dccws/indian-made-foreign-liquor
285,DMRC SUBHASH NAGAR,Delhi Consumer's Co-operative Wholesale Store Ltd. (DCCWS),official listing,77.108,28.641,True,approximate_area_centroid,subhash nagar,named_locality_centroid,medium,1200,Approximate locality/sector centre. This is not the verified vend entrance.,coordinates not published by source,https://dccws.delhi.gov.in/dccws/indian-made-foreign-liquor
286,DLF GALLERIA MAYUR VIHAR PHASE-1 L-10,Delhi Consumer's Co-operative Wholesale Store Ltd. (DCCWS),official listing,77.293,28.608,True,approximate_area_centroid,mayur vihar phase 1,interpreted_locality_centroid,medium,1500,Approximate locality/sector centre. This is not the verified vend entrance.,coordinates not published by source,https://dccws.delhi.gov.in/dccws/indian-made-foreign-liquor
287,DLF PRIME TOWER,Delhi Consumer's Co-operative Wholesale Store Ltd. (DCCWS),official listing,77.273,28.539,True,approximate_area_centroid,okhla industrial area,interpreted_locality_centroid,medium,1500,Approximate locality/sector centre. This is not the verified vend entrance.,coordinates not published by source,https://dccws.delhi.gov.in/dccws/indian-made-foreign-liquor
288,KANTI NAGAR,Delhi Consumer's Co-operative Wholesale Store Ltd. (DCCWS),official listing,77.273,28.663,True,approximate_area_centroid,kanti nagar,named_locality_centroid,medium,1200,Approximate locality/sector centre. This is not the verified vend entrance.,coordinates not published by source,https://dccws.delhi.gov.in/dccws/indian-made-foreign-liquor
289,GAGAN CINEMA,Delhi Consumer's Co-operative Wholesale Store Ltd. (DCCWS),official listing,77.308,28.693,True,approximate_area_centroid,gagan cinema,named_locality_centroid,medium,1200,Approximate locality/sector centre. This is not the verified vend entrance.,coordinates not published by source,https://dccws.delhi.gov.in/dccws/indian-made-foreign-liquor
290,ROHINI SECTOR-21,Delhi Consumer's Co-operative Wholesale Store Ltd. (DCCWS),official listing,77.082,28.724,True,approximate_area_centroid,rohini sector 21,sector_centroid,medium,800,Approximate locality/sector centre. This is not the verified vend entrance.,coordinates not published by source,https://dccws.delhi.gov.in/dccws/indian-made-foreign-liquor
291,PANDAV NAGAR,Delhi Consumer's Co-operative Wholesale Store Ltd. (DCCWS),official listing,77.287,28.62,True,approximate_area_centroid,pandav nagar,named_locality_centroid,medium,1200,Approximate locality/sector centre. This is not the verified vend entrance.,coordinates not published by source,https://dccws.delhi.gov.in/dccws/indian-made-foreign-liquor
292,"DLF GALLERIA MAYUR VIHAR, SHOPS DGL 39 & 45",Delhi Consumer's Co-operative Wholesale Store Ltd. (DCCWS),official listing,77.293,28.608,True,approximate_area_centroid,mayur vihar phase 1,interpreted_locality_centroid,medium,1500,Approximate locality/sector centre. This is not the verified vend entrance.,coordinates not published by source,https://dccws.delhi.gov.in/dccws/indian-made-foreign-liquor
293,"DLF GALLERIA MAYUR VIHAR, SHOPS DGL 33 & 34",Delhi Consumer's Co-operative Wholesale Store Ltd. (DCCWS),official listing,77.293,28.608,True,approximate_area_centroid,mayur vihar phase 1,interpreted_locality_centroid,medium,1500,Approximate locality/sector centre. This is not the verified vend entrance.,coordinates not published by source,https://dccws.delhi.gov.in/dccws/indian-made-foreign-liquor
294,KANHAIYA NAGAR (DMRC),Delhi Consumer's Co-operative Wholesale Store Ltd. (DCCWS),official listing,77.164,28.682,True,approximate_area_centroid,kanhaiya nagar,named_locality_centroid,medium,1200,Approximate locality/sector centre. This is not the verified vend entrance.,coordinates not published by source,https://dccws.delhi.gov.in/dccws/indian-made-foreign-liquor
295,"MALL ROAD, GTB NAGAR",Delhi Consumer's Co-operative Wholesale Store Ltd. (DCCWS),official listing,77.206,28.698,True,approximate_area_centroid,gtb nagar,named_locality_centroid,medium,1200,Approximate locality/sector centre. This is not the verified vend entrance.,coordinates not published by source,https://dccws.delhi.gov.in/dccws/indian-made-foreign-liquor
296,MASUDABAD II,Delhi Consumer's Co-operative Wholesale Store Ltd. (DCCWS),official listing,77.045,28.62,True,approximate_area_centroid,nawada,interpreted_locality_centroid,medium,1500,Approximate locality/sector centre. This is not the verified vend entrance.,coordinates not published by source,https://dccws.delhi.gov.in/dccws/indian-made-foreign-liquor
297,"W-MALL, ROHINI SEC.-3",Delhi Consumer's Co-operative Wholesale Store Ltd. (DCCWS),official listing,77.116,28.701,True,approximate_area_centroid,rohini sector 3,sector_centroid,medium,800,Approximate locality/sector centre. This is not the verified vend entrance.,coordinates not published by source,https://dccws.delhi.gov.in/dccws/indian-made-foreign-liquor
298,GUJRAWALA TOWN-II,Delhi Consumer's Co-operative Wholesale Store Ltd. (DCCWS),official listing,77.19,28.701,True,approximate_area_centroid,gujranwala town,interpreted_locality_centroid,medium,1500,Approximate locality/sector centre. This is not the verified vend entrance.,coordinates not published by source,https://dccws.delhi.gov.in/dccws/indian-made-foreign-liquor
299,SOUTH GAMRI,Delhi Consumer's Co-operative Wholesale Store Ltd. (DCCWS),official listing,77.266,28.7,True,approximate_area_centroid,south gamri,named_locality_centroid,medium,1200,Approximate locality/sector centre. This is not the verified vend entrance.,coordinates not published by source,https://dccws.delhi.gov.in/dccws/indian-made-foreign-liquor
300,DMRC BADARPUR,Delhi Consumer's Co-operative Wholesale Store Ltd. (DCCWS),official listing,77.303,28.493,True,approximate_area_centroid,badarpur,named_locality_centroid,medium,1200,Approximate locality/sector centre. This is not the verified vend entrance.,coordinates not published by source,https://dccws.delhi.gov.in/dccws/indian-made-foreign-liquor
301,DEVLI,Delhi Consumer's Co-operative Wholesale Store Ltd. (DCCWS),official listing,77.227,28.5,True,approximate_area_centroid,devli,named_locality_centroid,medium,1200,Approximate locality/sector centre. This is not the verified vend entrance.,coordinates not published by source,https://dccws.delhi.gov.in/dccws/indian-made-foreign-liquor
302,SHASTRI NAGAR,Delhi Consumer's Co-operative Wholesale Store Ltd. (DCCWS),official listing,77.181,28.67,True,approximate_area_centroid,shastri nagar,interpreted_locality_centroid,medium,1500,Approximate locality/sector centre. This is not the verified vend entrance.,coordinates not published by source,https://dccws.delhi.gov.in/dccws/indian-made-foreign-liquor
303,SARAI BARAF KHANA KAURIYA PUL,Delhi Consumer's Co-operative Wholesale Store Ltd. (DCCWS),official listing,77.208,28.671,True,approximate_area_centroid,sarai baraf khana,interpreted_parent_area_centroid,low,3000,Approximate locality/sector centre. This is not the verified vend entrance.,coordinates not published by source,https://dccws.delhi.gov.in/dccws/indian-made-foreign-liquor
304,"R.G. SQUARE MALL, I.P. EXTENSION L-10",Delhi Consumer's Co-operative Wholesale Store Ltd. (DCCWS),official listing,77.312,28.629,True,approximate_area_centroid,ip extension,interpreted_locality_centroid,medium,1500,Approximate locality/sector centre. This is not the verified vend entrance.,coordinates not published by source,https://dccws.delhi.gov.in/dccws/indian-made-foreign-liquor
305,"ARSS MALL, JWALA HERI",Delhi Consumer's Co-operative Wholesale Store Ltd. (DCCWS),official listing,77.1,28.67,True,approximate_area_centroid,jwala heri,interpreted_locality_centroid,medium,1500,Approximate locality/sector centre. This is not the verified vend entrance.,coordinates not published by source,https://dccws.delhi.gov.in/dccws/indian-made-foreign-liquor
306,SAIDULAJAIB,Delhi Consumer's Co-operative Wholesale Store Ltd. (DCCWS),official listing,77.192,28.513,True,approximate_area_centroid,saidulajab,fuzzy_locality_centroid,low,2200,Approximate locality/sector centre. This is not the verified vend entrance.,coordinates not published by source,https://dccws.delhi.gov.in/dccws/indian-made-foreign-liquor
307,GULABI BAGH-II,Delhi Consumer's Co-operative Wholesale Store Ltd. (DCCWS),official listing,77.184,28.672,True,approximate_area_centroid,gulabi bagh,named_locality_centroid,medium,1200,Approximate locality/sector centre. This is not the verified vend entrance.,coordinates not published by source,https://dccws.delhi.gov.in/dccws/indian-made-foreign-liquor
308,ORBIT PLAZA GUJRAWALA TOWN III,Delhi Consumer's Co-operative Wholesale Store Ltd. (DCCWS),official listing,77.19,28.701,True,approximate_area_centroid,gujranwala town,interpreted_locality_centroid,medium,1500,Approximate locality/sector centre. This is not the verified vend entrance.,coordinates not published by source,https://dccws.delhi.gov.in/dccws/indian-made-foreign-liquor
309,"MANSAROVER PARK, DMRC",Delhi Consumer's Co-operative Wholesale Store Ltd. (DCCWS),official listing,77.301,28.675,True,approximate_area_centroid,mansarovar park,fuzzy_locality_centroid,low,2200,Approximate locality/sector centre. This is not the verified vend entrance.,coordinates not published by source,https://dccws.delhi.gov.in/dccws/indian-made-foreign-liquor
310,KESHOPUR INDUSTRIAL AREA,Delhi Consumer's Co-operative Wholesale Store Ltd. (DCCWS),official listing,77.082,28.653,True,approximate_area_centroid,keshopur industrial area,named_locality_centroid,medium,1200,Approximate locality/sector centre. This is not the verified vend entrance.,coordinates not published by source,https://dccws.delhi.gov.in/dccws/indian-made-foreign-liquor
311,GAZIPUR-III,Delhi Consumer's Co-operative Wholesale Store Ltd. (DCCWS),official listing,77.323,28.627,True,approximate_area_centroid,gazipur,named_locality_centroid,medium,1200,Approximate locality/sector centre. This is not the verified vend entrance.,coordinates not published by source,https://dccws.delhi.gov.in/dccws/indian-made-foreign-liquor
312,SWAROOP NAGAR,Delhi Consumer's Co-operative Wholesale Store Ltd. (DCCWS),official listing,77.164,28.757,True,approximate_area_centroid,swaroop nagar,named_locality_centroid,medium,1200,Approximate locality/sector centre. This is not the verified vend entrance.,coordinates not published by source,https://dccws.delhi.gov.in/dccws/indian-made-foreign-liquor
313,"NARELA, DSIIDC IND. AREA",Delhi Consumer's Co-operative Wholesale Store Ltd. (DCCWS),official listing,77.09,28.83,True,approximate_area_centroid,narela dsiidc,named_locality_centroid,medium,1200,Approximate locality/sector centre. This is not the verified vend entrance.,coordinates not published by source,https://dccws.delhi.gov.in/dccws/indian-made-foreign-liquor
314,ROHINI SECTOR 9,Delhi Consumer's Co-operative Wholesale Store Ltd. (DCCWS),official listing,77.126,28.711,True,approximate_area_centroid,rohini sector 9,sector_centroid,medium,800,Approximate locality/sector centre. This is not the verified vend entrance.,coordinates not published by source,https://dccws.delhi.gov.in/dccws/indian-made-foreign-liquor
315,TILAK NAGAR,Delhi Consumer's Co-operative Wholesale Store Ltd. (DCCWS),official listing,77.097,28.639,True,approximate_area_centroid,tilak nagar,named_locality_centroid,medium,1200,Approximate locality/sector centre. This is not the verified vend entrance.,coordinates not published by source,https://dccws.delhi.gov.in/dccws/indian-made-foreign-liquor
316,JANAK CINEMA,Delhi Consumer's Co-operative Wholesale Store Ltd. (DCCWS),official listing,77.093,28.621,True,approximate_area_centroid,janak cinema,named_locality_centroid,medium,1200,Approximate locality/sector centre. This is not the verified vend entrance.,coordinates not published by source,https://dccws.delhi.gov.in/dccws/indian-made-foreign-liquor
317,LODHI COLONY,Delhi Consumer's Co-operative Wholesale Store Ltd. (DCCWS),official listing,77.224,28.589,True,approximate_area_centroid,lodhi colony,named_locality_centroid,medium,1200,Approximate locality/sector centre. This is not the verified vend entrance.,coordinates not published by source,https://dccws.delhi.gov.in/dccws/indian-made-foreign-liquor
318,KHUREJI KHAS,Delhi Consumer's Co-operative Wholesale Store Ltd. (DCCWS),official listing,77.278,28.644,True,approximate_area_centroid,khureji khas,named_locality_centroid,medium,1200,Approximate locality/sector centre. This is not the verified vend entrance.,coordinates not published by source,https://dccws.delhi.gov.in/dccws/indian-made-foreign-liquor
319,"NETAJI SUBHASH PLACE, H-8",Delhi Consumer's Co-operative Wholesale Store Ltd. (DCCWS),official listing,77.152,28.696,True,approximate_area_centroid,netaji subhash place,interpreted_locality_centroid,medium,1500,Approximate locality/sector centre. This is not the verified vend entrance.,coordinates not published by source,https://dccws.delhi.gov.in/dccws/indian-made-foreign-liquor
320,DMRC SECTOR 8 DWARKA,Delhi Consumer's Co-operative Wholesale Store Ltd. (DCCWS),official listing,77.05,28.592,True,approximate_area_centroid,dwarka,named_locality_centroid,medium,1200,Approximate locality/sector centre. This is not the verified vend entrance.,coordinates not published by source,https://dccws.delhi.gov.in/dccws/indian-made-foreign-liquor
321,DALLUPURA,Delhi Consumer's Co-operative Wholesale Store Ltd. (DCCWS),official listing,77.331,28.606,True,approximate_area_centroid,chilla dallupura,fuzzy_locality_centroid,low,2200,Approximate locality/sector centre. This is not the verified vend entrance.,coordinates not published by source,https://dccws.delhi.gov.in/dccws/indian-made-foreign-liquor
322,"SHRADHANAND MARG, G.B. ROAD",Delhi Consumer's Co-operative Wholesale Store Ltd. (DCCWS),official listing,77.224,28.652,True,approximate_area_centroid,shradhanand marg gb road,interpreted_locality_centroid,medium,1500,Approximate locality/sector centre. This is not the verified vend entrance.,coordinates not published by source,https://dccws.delhi.gov.in/dccws/indian-made-foreign-liquor
323,GOLE MARKET,Delhi Consumer's Co-operative Wholesale Store Ltd. (DCCWS),official listing,77.205,28.6335,True,approximate_area_centroid,gole market,interpreted_locality_centroid,medium,1500,Approximate locality/sector centre. This is not the verified vend entrance.,coordinates not published by source,https://dccws.delhi.gov.in/dccws/indian-made-foreign-liquor
324,"ROHINI SECTOR-24 II, BEST STAR MALL",Delhi Consumer's Co-operative Wholesale Store Ltd. (DCCWS),official listing,77.093,28.725,True,approximate_area_centroid,rohini sector 24,sector_centroid,medium,800,Approximate locality/sector centre. This is not the verified vend entrance.,coordinates not published by source,https://dccws.delhi.gov.in/dccws/indian-made-foreign-liquor
325,NEW FRIENDS COLONY,Delhi Consumer's Co-operative Wholesale Store Ltd. (DCCWS),official listing,77.274,28.565,True,approximate_area_centroid,new friends colony,named_locality_centroid,medium,1200,Approximate locality/sector centre. This is not the verified vend entrance.,coordinates not published by source,https://dccws.delhi.gov.in/dccws/indian-made-foreign-liquor
326,KAMLA MARKET,Delhi Consumer's Co-operative Wholesale Store Ltd. (DCCWS),official listing,77.226,28.641,True,approximate_area_centroid,kamla market,named_locality_centroid,medium,1200,Approximate locality/sector centre. This is not the verified vend entrance.,coordinates not published by source,https://dccws.delhi.gov.in/dccws/indian-made-foreign-liquor
327,"MAIN BURARI ROAD, LIBASPUR",Delhi Consumer's Co-operative Wholesale Store Ltd. (DCCWS),official listing,77.151,28.747,True,approximate_area_centroid,libaspur,named_locality_centroid,medium,1200,Approximate locality/sector centre. This is not the verified vend entrance.,coordinates not published by source,https://dccws.delhi.gov.in/dccws/indian-made-foreign-liquor
328,ROHTASH NAGAR WEST,Delhi Consumer's Co-operative Wholesale Store Ltd. (DCCWS),official listing,77.286,28.686,True,approximate_area_centroid,rohtash nagar,named_locality_centroid,medium,1200,Approximate locality/sector centre. This is not the verified vend entrance.,coordinates not published by source,https://dccws.delhi.gov.in/dccws/indian-made-foreign-liquor
329,MAYA PURI,Delhi Consumer's Co-operative Wholesale Store Ltd. (DCCWS),official listing,77.129,28.637,True,approximate_area_centroid,mayapuri,fuzzy_locality_centroid,low,2200,Approximate locality/sector centre. This is not the verified vend entrance.,coordinates not published by source,https://dccws.delhi.gov.in/dccws/indian-made-foreign-liquor
330,"BABARPUR, EAST ROHTASH NAGAR",Delhi Consumer's Co-operative Wholesale Store Ltd. (DCCWS),official listing,77.286,28.686,True,approximate_area_centroid,rohtash nagar,named_locality_centroid,medium,1200,Approximate locality/sector centre. This is not the verified vend entrance.,coordinates not published by source,https://dccws.delhi.gov.in/dccws/indian-made-foreign-liquor
331,BRAHAMPURI,Delhi Consumer's Co-operative Wholesale Store Ltd. (DCCWS),official listing,77.268,28.694,True,approximate_area_centroid,brahampuri,named_locality_centroid,medium,1200,Approximate locality/sector centre. This is not the verified vend entrance.,coordinates not published by source,https://dccws.delhi.gov.in/dccws/indian-made-foreign-liquor
332,KHAJOORI KHAS,Delhi Consumer's Co-operative Wholesale Store Ltd. (DCCWS),official listing,77.259,28.71,True,approximate_area_centroid,khajoori khas,named_locality_centroid,medium,1200,Approximate locality/sector centre. This is not the verified vend entrance.,coordinates not published by source,https://dccws.delhi.gov.in/dccws/indian-made-foreign-liquor
333,KOTLA MUBARAKPUR,Delhi Consumer's Co-operative Wholesale Store Ltd. (DCCWS),official listing,77.224,28.575,True,approximate_area_centroid,kotla mubarakpur,named_locality_centroid,medium,1200,Approximate locality/sector centre. This is not the verified vend entrance.,coordinates not published by source,https://dccws.delhi.gov.in/dccws/indian-made-foreign-liquor
334,SIRASPUR,Delhi Consumer's Co-operative Wholesale Store Ltd. (DCCWS),official listing,77.119,28.759,True,approximate_area_centroid,siraspur,named_locality_centroid,medium,1200,Approximate locality/sector centre. This is not the verified vend entrance.,coordinates not published by source,https://dccws.delhi.gov.in/dccws/indian-made-foreign-liquor
335,NASIRPUR II,Delhi Consumer's Co-operative Wholesale Store Ltd. (DCCWS),official listing,77.089,28.591,True,approximate_area_centroid,nasirpur,named_locality_centroid,medium,1200,Approximate locality/sector centre. This is not the verified vend entrance.,coordinates not published by source,https://dccws.delhi.gov.in/dccws/indian-made-foreign-liquor
336,ROHINI SECTOR-5,Delhi Consumer's Co-operative Wholesale Store Ltd. (DCCWS),official listing,77.104,28.713,True,approximate_area_centroid,rohini sector 5,sector_centroid,medium,800,Approximate locality/sector centre. This is not the verified vend entrance.,coordinates not published by source,https://dccws.delhi.gov.in/dccws/indian-made-foreign-liquor
337,SHEIKH SARAI,Delhi Consumer's Co-operative Wholesale Store Ltd. (DCCWS),official listing,77.221,28.536,True,approximate_area_centroid,sheikh sarai,named_locality_centroid,medium,1200,Approximate locality/sector centre. This is not the verified vend entrance.,coordinates not published by source,https://dccws.delhi.gov.in/dccws/indian-made-foreign-liquor
338,MAHIPALPUR EXT. L-6,Delhi Consumer's Co-operative Wholesale Store Ltd. (DCCWS),official listing,77.125,28.544,True,approximate_area_centroid,mahipalpur,named_locality_centroid,medium,1200,Approximate locality/sector centre. This is not the verified vend entrance.,coordinates not published by source,https://dccws.delhi.gov.in/dccws/indian-made-foreign-liquor
339,"KONDLI GHAROLI, MAYUR VIHAR PHASE-III",Delhi Consumer's Co-operative Wholesale Store Ltd. (DCCWS),official listing,77.34,28.6,True,approximate_area_centroid,kondli gharoli,named_locality_centroid,medium,1200,Approximate locality/sector centre. This is not the verified vend entrance.,coordinates not published by source,https://dccws.delhi.gov.in/dccws/indian-made-foreign-liquor
340,SULTANPURI,Delhi Consumer's Co-operative Wholesale Store Ltd. (DCCWS),official listing,77.071,28.699,True,approximate_area_centroid,sultanpuri,named_locality_centroid,medium,1200,Approximate locality/sector centre. This is not the verified vend entrance.,coordinates not published by source,https://dccws.delhi.gov.in/dccws/indian-made-foreign-liquor
341,GOVINDPURI-II,Delhi Consumer's Co-operative Wholesale Store Ltd. (DCCWS),official listing,77.263,28.541,True,approximate_area_centroid,govindpuri,named_locality_centroid,medium,1200,Approximate locality/sector centre. This is not the verified vend entrance.,coordinates not published by source,https://dccws.delhi.gov.in/dccws/indian-made-foreign-liquor
342,ROSHNARA ROAD,Delhi Consumer's Co-operative Wholesale Store Ltd. (DCCWS),official listing,77.192,28.673,True,approximate_area_centroid,roshanara road,named_locality_centroid,medium,1200,Approximate locality/sector centre. This is not the verified vend entrance.,coordinates not published by source,https://dccws.delhi.gov.in/dccws/indian-made-foreign-liquor
343,"DOMESTIC ARRIVALS, TERMINAL-3, IGI AIRPORT L-10",Delhi Consumer's Co-operative Wholesale Store Ltd. (DCCWS),official listing,77.1,28.556,True,approximate_area_centroid,domestic arrivals terminal 3,interpreted_locality_centroid,medium,1500,Approximate locality/sector centre. This is not the verified vend entrance.,coordinates not published by source,https://dccws.delhi.gov.in/dccws/indian-made-foreign-liquor
344,"G.T. ROAD, SHAHDARA",Delhi Consumer's Co-operative Wholesale Store Ltd. (DCCWS),official listing,77.29,28.674,True,approximate_area_centroid,gt road shahdara,named_locality_centroid,medium,1200,Approximate locality/sector centre. This is not the verified vend entrance.,coordinates not published by source,https://dccws.delhi.gov.in/dccws/indian-made-foreign-liquor
345,"SADATPUR EXT., MAIN KARAWAL NAGAR ROAD",Delhi Consumer's Co-operative Wholesale Store Ltd. (DCCWS),official listing,77.276,28.728,True,approximate_area_centroid,karawal nagar,named_locality_centroid,medium,1200,Approximate locality/sector centre. This is not the verified vend entrance.,coordinates not published by source,https://dccws.delhi.gov.in/dccws/indian-made-foreign-liquor
346,"JYOTI BHAWAN, MUKHERJEE NAGAR",Delhi Consumer's Co-operative Wholesale Store Ltd. (DCCWS),official listing,77.214,28.712,True,approximate_area_centroid,mukherjee nagar,named_locality_centroid,medium,1200,Approximate locality/sector centre. This is not the verified vend entrance.,coordinates not published by source,https://dccws.delhi.gov.in/dccws/indian-made-foreign-liquor
347,NARAINA INDUSTRIAL AREA,Delhi Consumer's Co-operative Wholesale Store Ltd. (DCCWS),official listing,77.141,28.626,True,approximate_area_centroid,naraina industrial area,interpreted_locality_centroid,medium,1500,Approximate locality/sector centre. This is not the verified vend entrance.,coordinates not published by source,https://dccws.delhi.gov.in/dccws/indian-made-foreign-liquor
348,"REGAL BUILDING, CONNAUGHT PLACE",Delhi Consumer's Co-operative Wholesale Store Ltd. (DCCWS),official listing,77.2167,28.6315,True,approximate_area_centroid,connaught place,interpreted_locality_centroid,medium,1500,Approximate locality/sector centre. This is not the verified vend entrance.,coordinates not published by source,https://dccws.delhi.gov.in/dccws/indian-made-foreign-liquor
349,KANJHAWALA 315,Delhi Consumer's Co-operative Wholesale Store Ltd. (DCCWS),official listing,77.002,28.728,True,approximate_area_centroid,kanjhawala,named_locality_centroid,medium,1200,Approximate locality/sector centre. This is not the verified vend entrance.,coordinates not published by source,https://dccws.delhi.gov.in/dccws/indian-made-foreign-liquor
350,GHEWRA METRO,Delhi Consumer's Co-operative Wholesale Store Ltd. (DCCWS),official listing,76.996,28.685,True,approximate_area_centroid,ghewra metro,named_locality_centroid,medium,1200,Approximate locality/sector centre. This is not the verified vend entrance.,coordinates not published by source,https://dccws.delhi.gov.in/dccws/indian-made-foreign-liquor
351,AZADPUR,Delhi Consumer's Co-operative Wholesale Store Ltd. (DCCWS),official listing,77.175,28.706,True,approximate_area_centroid,azadpur,named_locality_centroid,medium,1200,Approximate locality/sector centre. This is not the verified vend entrance.,coordinates not published by source,https://dccws.delhi.gov.in/dccws/country-liquor
352,BAWANA IND. AREA SEC.-5,Delhi Consumer's Co-operative Wholesale Store Ltd. (DCCWS),official listing,77.04,28.79,True,approximate_area_centroid,bawana industrial area sector 5,named_locality_centroid,medium,1200,Approximate locality/sector centre. This is not the verified vend entrance.,coordinates not published by source,https://dccws.delhi.gov.in/dccws/country-liquor
353,BHATTI VILLAGE,Delhi Consumer's Co-operative Wholesale Store Ltd. (DCCWS),official listing,77.183,28.445,True,approximate_area_centroid,bhatti village,named_locality_centroid,medium,1200,Approximate locality/sector centre. This is not the verified vend entrance.,coordinates not published by source,https://dccws.delhi.gov.in/dccws/country-liquor
354,DHANSA NANGLOI ROAD,Delhi Consumer's Co-operative Wholesale Store Ltd. (DCCWS),official listing,76.975,28.61,True,approximate_area_centroid,dhansa nangloi road,named_locality_centroid,medium,1200,Approximate locality/sector centre. This is not the verified vend entrance.,coordinates not published by source,https://dccws.delhi.gov.in/dccws/country-liquor
355,HASTSAL,Delhi Consumer's Co-operative Wholesale Store Ltd. (DCCWS),official listing,77.042,28.628,True,approximate_area_centroid,hastsal,named_locality_centroid,medium,1200,Approximate locality/sector centre. This is not the verified vend entrance.,coordinates not published by source,https://dccws.delhi.gov.in/dccws/country-liquor
356,JAHANGIR PURI,Delhi Consumer's Co-operative Wholesale Store Ltd. (DCCWS),official listing,77.162,28.725,True,approximate_area_centroid,jahangirpuri,named_locality_centroid,medium,1200,Approximate locality/sector centre. This is not the verified vend entrance.,coordinates not published by source,https://dccws.delhi.gov.in/dccws/country-liquor
357,KRISHNA VIHAR,Delhi Consumer's Co-operative Wholesale Store Ltd. (DCCWS),official listing,77.077,28.701,True,approximate_area_centroid,krishna vihar,named_locality_centroid,medium,1200,Approximate locality/sector centre. This is not the verified vend entrance.,coordinates not published by source,https://dccws.delhi.gov.in/dccws/country-liquor
358,NARELA,Delhi Consumer's Co-operative Wholesale Store Ltd. (DCCWS),official listing,77.092,28.852,True,approximate_area_centroid,narela,named_locality_centroid,medium,1200,Approximate locality/sector centre. This is not the verified vend entrance.,coordinates not published by source,https://dccws.delhi.gov.in/dccws/country-liquor
359,LIBASPUR,Delhi Consumer's Co-operative Wholesale Store Ltd. (DCCWS),official listing,77.151,28.747,True,approximate_area_centroid,libaspur,named_locality_centroid,medium,1200,Approximate locality/sector centre. This is not the verified vend entrance.,coordinates not published by source,https://dccws.delhi.gov.in/dccws/country-liquor
360,LOK NAYAK PURAM,Delhi Consumer's Co-operative Wholesale Store Ltd. (DCCWS),official listing,77.036,28.645,True,approximate_area_centroid,lok nayak puram,interpreted_locality_centroid,medium,1500,Approximate locality/sector centre. This is not the verified vend entrance.,coordinates not published by source,https://dccws.delhi.gov.in/dccws/country-liquor
361,MANDOLI,Delhi Consumer's Co-operative Wholesale Store Ltd. (DCCWS),official listing,77.311,28.702,True,approximate_area_centroid,mandoli,named_locality_centroid,medium,1200,Approximate locality/sector centre. This is not the verified vend entrance.,coordinates not published by source,https://dccws.delhi.gov.in/dccws/country-liquor
362,MOTI NAGAR,Delhi Consumer's Co-operative Wholesale Store Ltd. (DCCWS),official listing,77.143,28.658,True,approximate_area_centroid,moti nagar,named_locality_centroid,medium,1200,Approximate locality/sector centre. This is not the verified vend entrance.,coordinates not published by source,https://dccws.delhi.gov.in/dccws/country-liquor
363,NAND NAGRI,Delhi Consumer's Co-operative Wholesale Store Ltd. (DCCWS),official listing,77.308,28.691,True,approximate_area_centroid,nand nagri,named_locality_centroid,medium,1200,Approximate locality/sector centre. This is not the verified vend entrance.,coordinates not published by source,https://dccws.delhi.gov.in/dccws/country-liquor
364,PASCHIM VIHAR,Delhi Consumer's Co-operative Wholesale Store Ltd. (DCCWS),official listing,77.091,28.669,True,approximate_area_centroid,paschim vihar,named_locality_centroid,medium,1200,Approximate locality/sector centre. This is not the verified vend entrance.,coordinates not published by source,https://dccws.delhi.gov.in/dccws/country-liquor
365,RANAJI ENCLAVE,Delhi Consumer's Co-operative Wholesale Store Ltd. (DCCWS),official listing,77.007,28.6,True,approximate_area_centroid,ranaji enclave,named_locality_centroid,medium,1200,Approximate locality/sector centre. This is not the verified vend entrance.,coordinates not published by source,https://dccws.delhi.gov.in/dccws/country-liquor
366,SANJAY GANDHI TPT,Delhi Consumer's Co-operative Wholesale Store Ltd. (DCCWS),official listing,77.139,28.748,True,approximate_area_centroid,sanjay gandhi transport nagar,fuzzy_locality_centroid,low,2200,Approximate locality/sector centre. This is not the verified vend entrance.,coordinates not published by source,https://dccws.delhi.gov.in/dccws/country-liquor
367,SHASTRI PARK,Delhi Consumer's Co-operative Wholesale Store Ltd. (DCCWS),official listing,77.25,28.668,True,approximate_area_centroid,shastri park,named_locality_centroid,medium,1200,Approximate locality/sector centre. This is not the verified vend entrance.,coordinates not published by source,https://dccws.delhi.gov.in/dccws/country-liquor
368,SHERPUR KARAWAL NAGAR,Delhi Consumer's Co-operative Wholesale Store Ltd. (DCCWS),official listing,77.281,28.735,True,approximate_area_centroid,sherpur karawal nagar,named_locality_centroid,medium,1200,Approximate locality/sector centre. This is not the verified vend entrance.,coordinates not published by source,https://dccws.delhi.gov.in/dccws/country-liquor
369,SHIV MKT,Delhi Consumer's Co-operative Wholesale Store Ltd. (DCCWS),official listing,77.1,28.67,True,approximate_area_centroid,shiv market,interpreted_parent_area_centroid,low,3000,Approximate locality/sector centre. This is not the verified vend entrance.,coordinates not published by source,https://dccws.delhi.gov.in/dccws/country-liquor
370,SIRASPUR,Delhi Consumer's Co-operative Wholesale Store Ltd. (DCCWS),official listing,77.119,28.759,True,approximate_area_centroid,siraspur,named_locality_centroid,medium,1200,Approximate locality/sector centre. This is not the verified vend entrance.,coordinates not published by source,https://dccws.delhi.gov.in/dccws/country-liquor
371,UTTAM NAGAR,Delhi Consumer's Co-operative Wholesale Store Ltd. (DCCWS),official listing,77.056,28.621,True,approximate_area_centroid,uttam nagar,named_locality_centroid,medium,1200,Approximate locality/sector centre. This is not the verified vend entrance.,coordinates not published by source,https://dccws.delhi.gov.in/dccws/country-liquor
372,JAWALA PURI / VISHNU GARDEN,Delhi Consumer's Co-operative Wholesale Store Ltd. (DCCWS),official listing,77.092,28.646,True,approximate_area_centroid,vishnu garden,named_locality_centroid,medium,1200,Approximate locality/sector centre. This is not the verified vend entrance.,coordinates not published by source,https://dccws.delhi.gov.in/dccws/country-liquor
373,"M.B. ROAD, PUSHP VIHAR",Delhi Consumer's Co-operative Wholesale Store Ltd. (DCCWS),official listing,77.216,28.529,True,approximate_area_centroid,mb road pushp vihar,fuzzy_locality_centroid,low,2200,Approximate locality/sector centre. This is not the verified vend entrance.,coordinates not published by source,https://dccws.delhi.gov.in/dccws/country-liquor
374,ROHINI SECTOR-19,Delhi Consumer's Co-operative Wholesale Store Ltd. (DCCWS),official listing,77.111,28.744,True,approximate_area_centroid,rohini sector 19,sector_centroid,medium,800,Approximate locality/sector centre. This is not the verified vend entrance.,coordinates not published by source,https://dccws.delhi.gov.in/dccws/country-liquor
375,Beer & Wine Shop,,OpenStreetMap,77.22132,28.63095,False,exact_mapped_point,Connaught Place / central New Delhi,existing_osm_point,high,30,,precise OSM point,https://www.openstreetmap.org/node/2592537219
376,Liqour Mart,,OpenStreetMap,77.22132,28.63112,False,exact_mapped_point,Connaught Place / central New Delhi,existing_osm_point,high,30,,precise OSM point,https://www.openstreetmap.org/node/12977461522
377,Wine and beer store (liquor too),,OpenStreetMap,77.21011,28.63861,False,exact_mapped_point,Central Delhi / Karol Bagh vicinity,existing_osm_point,high,30,,precise OSM point,https://www.openstreetmap.org/node/10873417008
378,Government Wine Shop,,OpenStreetMap,77.28165,28.63356,False,exact_mapped_point,Gandhi Nagar / East Delhi,existing_osm_point,high,30,,precise OSM point,https://www.openstreetmap.org/node/11738938302
379,Govt. Wine & Beer shop,,OpenStreetMap,77.2834,28.63423,False,exact_mapped_point,Gandhi Nagar / East Delhi,existing_osm_point,high,30,,precise OSM point,https://www.openstreetmap.org/node/11212500518
380,Liquor Vend,Delhi Tourism,OpenStreetMap,77.27751,28.62938,False,exact_mapped_point,Gandhi Nagar / East Delhi,existing_osm_point,high,30,,precise OSM point,https://www.openstreetmap.org/node/10893067294
381,Govt. Wine & Beer Shop,,OpenStreetMap,77.23455,28.54043,False,exact_mapped_point,Kalkaji,existing_osm_point,high,30,,precise OSM point,https://www.openstreetmap.org/node/5128503978
382,Wine and Beer,,OpenStreetMap,77.20668,28.51882,False,exact_mapped_point,Hauz Khas / South Delhi,existing_osm_point,high,30,,precise OSM point,https://www.openstreetmap.org/node/5909689005
383,Kalra's Wine & Beer Shop,,OpenStreetMap,77.28577,28.63709,False,exact_mapped_point,Preet Vihar,existing_osm_point,high,30,,precise OSM point,https://www.openstreetmap.org/node/12066219421
384,Good Spirits (Wine & Beer Shop),,OpenStreetMap,77.30097,28.61971,False,exact_mapped_point,Mayur Vihar II / Preet Vihar,existing_osm_point,high,30,,precise OSM point,https://www.openstreetmap.org/node/13084380066
385,Liquor Vend,,OpenStreetMap,77.28588,28.61949,False,exact_mapped_point,Pandav Nagar / Preet Vihar,existing_osm_point,high,30,,precise OSM point,https://www.openstreetmap.org/node/12917518507
386,Wine and Beer Store,,OpenStreetMap,77.28835,28.67509,False,exact_mapped_point,Shahdara,existing_osm_point,high,30,,precise OSM point,https://www.openstreetmap.org/node/6499447393
387,Government Wine and Beer Shop,,OpenStreetMap,77.292,28.68612,False,exact_mapped_point,Shahdara,existing_osm_point,high,30,,precise OSM point,https://www.openstreetmap.org/node/6412016787
