osm_way_id,name,highway_class,footway_tag,width_m,surface,district,length_m
47290484,,pedestrian,,,,Dwarka,13
149143212,,footway,,,cobblestone,Dwarka,33
154103490,,footway,,,,Dwarka,214
154109105,,pedestrian,,,,Dwarka,142
154109106,,footway,,,,Dwarka,261
165073706,,pedestrian,,,,Dwarka,197
169848647,,footway,,,,Dwarka,153
189447942,,footway,,,asphalt,Dwarka,935
299605861,,footway,,,,West,148
299605862,,footway,,,,West,32
299605863,,footway,,,,West,118
299605864,,footway,,,,West,16
299605865,,footway,,,,West,118
299605866,,footway,,,,West,259
299605867,,footway,,,,West,86
299605868,,footway,,,,West,15
299605869,,footway,,,,West,36
408035620,,footway,,,,South-West,51
408035621,,footway,,,,South-West,20
408035623,,footway,,,,South-West,17
408821894,,footway,,,,Dwarka,423
408821896,,footway,,,,Dwarka,16
408821897,,footway,,,,Dwarka,87
408821898,,footway,,,,Dwarka,102
408821899,,footway,,,,Dwarka,280
408822674,,footway,,,,Dwarka,290
408822675,,footway,,,,Dwarka,15
408822676,,footway,,,,Dwarka,75
408822677,,footway,,,,Dwarka,56
408822678,,footway,,,,Dwarka,267
408832997,,footway,,,,Dwarka,156
408832998,,footway,,,,Dwarka,32
408833000,,footway,,,,Dwarka,32
408833002,Park,footway,,,,Dwarka,418
408833003,,footway,,,,Dwarka,178
408833004,,footway,,,,Dwarka,144
410975172,,footway,crossing,,,Dwarka,22
410975435,,footway,sidewalk,,,Dwarka,36
410975437,,footway,crossing,,,Dwarka,14
410975438,,footway,sidewalk,,,Dwarka,274
410975439,,footway,crossing,,,Dwarka,11
410975440,,footway,sidewalk,,,Dwarka,407
412000838,,footway,,,,South-West,632
412000858,,footway,,,,South-West,167
413079544,,footway,,,,South-West,213
423272983,,footway,,,,Dwarka,78
423286634,,footway,,,,Outer,56
423391657,,footway,,,,Dwarka,99
423572552,,footway,,,,West,73
532890553,,footway,,,,South-West,5
532890554,,footway,,,,South-West,45
532890556,,footway,,,,South-West,3
532895189,,footway,,,,South-West,4
532895190,,footway,,,,South-West,6
532895191,,footway,,,,South-West,7
532895197,,footway,,,,South-West,19
532895198,,footway,,,,South-West,3
532895200,,footway,,,,South-West,9
532895201,,footway,,,,South-West,69
532895202,,footway,,,,South-West,49
532898618,,footway,,,,South-West,6
532898628,,footway,,,,South-West,6
532950911,,footway,,,,South-West,4
532950912,,footway,,,,South-West,9
533187948,,footway,,,,Dwarka,1018
533187949,,footway,,,,Dwarka,7
533187950,,footway,,,,Dwarka,10
533187951,,footway,,,,Dwarka,1420
533187952,,footway,,,,Dwarka,11
533187953,,footway,,,,Dwarka,926
533187954,,footway,,,,Dwarka,1214
533187956,,footway,,,,South-West,3074
535250507,,footway,,,,South-West,5
535250509,,footway,,,,South-West,8
535250511,,footway,,,,South-West,54
535250513,,footway,,,,South-West,6
623242414,,footway,sidewalk,,,West,44
623242502,,pedestrian,,,,West,132
623242662,,footway,crossing,,,West,19
676881875,,footway,,,,Dwarka,66
707597928,,footway,,,,West,65
734769945,,footway,sidewalk,,paved,West,410
734808872,,footway,,,,Dwarka,12
735053601,,footway,,,,Dwarka,143
735053602,,footway,,,,Dwarka,134
735070460,,footway,,,,Dwarka,70
735077658,,footway,,,,South-West,65
735111395,,footway,,,,Dwarka,41
735115773,,footway,,,,West,77
735119704,,footway,,,,Dwarka,22
735119705,,footway,,,,Dwarka,74
735120965,,footway,,,,West,108
758675477,,footway,,,,Dwarka,73
951821836,,footway,,,concrete,Dwarka,118
951821838,,footway,,,,Dwarka,47
951821839,,footway,,,,Dwarka,56
951821843,,footway,,,,Dwarka,140
951821844,,footway,,,,Dwarka,37
951821845,,footway,,,,Dwarka,37
951821847,,footway,,,,Dwarka,105
951821848,,footway,,,,Dwarka,33
952148780,,footway,,,,Dwarka,42
952148781,,footway,,,,Dwarka,22
952148782,,footway,,,,Dwarka,75
952148783,,footway,,,,Dwarka,49
952148784,,footway,,,,Dwarka,29
952148785,,footway,,,,Dwarka,76
952148786,,footway,,,,Dwarka,23
952148787,,footway,,,paved,Dwarka,178
952148788,,footway,,,,Dwarka,17
952148792,,footway,,,,Dwarka,71
952148797,,footway,,,,Dwarka,4
952148798,,footway,,,,Dwarka,5
952148799,,footway,,,dirt,Dwarka,105
952148803,,footway,,,,Dwarka,46
952398083,,footway,,,,Dwarka,15
952398084,,footway,,,,Dwarka,39
952398085,,footway,,,,Dwarka,57
952398086,,footway,,,,Dwarka,49
952398087,,footway,,,,Dwarka,165
952398089,,footway,,,,Dwarka,40
952398091,,footway,,,,Dwarka,22
952398092,,footway,,,,Dwarka,15
952398093,,footway,,,,Dwarka,20
952398095,,footway,,,,Dwarka,16
952398098,,footway,,,,Dwarka,95
952398099,,footway,,,,Dwarka,12
952398100,,footway,,,,Dwarka,12
952398101,,footway,,,,Dwarka,9
952634316,,footway,,,,Dwarka,86
952791797,,footway,,,,Dwarka,12
952791798,,footway,,,,Dwarka,73
952791799,,footway,,,,Dwarka,13
977096990,,footway,,,,Dwarka,33
977096991,,footway,,,,Dwarka,22
988874389,,footway,,,paved,Dwarka,89
988874390,,footway,,,paved,Dwarka,85
989260088,,footway,,,concrete,Dwarka,133
989338596,,footway,,,,Dwarka,13
997743882,,footway,,,,Dwarka,82
997743883,,footway,,,,Dwarka,95
997743886,,footway,,,,Dwarka,86
997968134,,footway,,,,Dwarka,443
1002238086,,footway,,,,Dwarka,123
1002238088,,footway,,,,Dwarka,4
1002238089,,footway,,,,Dwarka,4
1002238091,,footway,,,,Dwarka,46
1002238092,,footway,,,,Dwarka,23
1002238094,,footway,,,,Dwarka,8
1040437650,,pedestrian,,,,Dwarka,119
1055600553,,footway,,,,West,197
1056584010,,footway,,,,Dwarka,247
1056587320,,footway,,,,Dwarka,100
1081327392,,footway,,,,Dwarka,159
1081327393,,footway,,,,Dwarka,213
1081327394,,footway,,,,Dwarka,59
1081671640,,footway,,,,West,73
1081674206,,footway,,,,West,77
1082029819,,footway,,,,South-West,2716
1082032936,,footway,,,,South-West,162
1082043236,,footway,,,,West,44
1084359490,,footway,,,,West,85
1085031930,,footway,,,,Dwarka,40
1085045203,,footway,,,,Dwarka,76
1086206304,,footway,,,,West,165
1086206305,,footway,,,,West,41
1086206306,,footway,,,,West,87
1086206307,,footway,,,,West,170
1086206308,,footway,,,,West,90
1086206309,,footway,,,,West,227
1086206310,,footway,,,,West,61
1086206311,,footway,,,,West,36
1086206312,,footway,,,,West,30
1086206313,,footway,,,,West,12
1117119510,,footway,,,,Dwarka,144
1119893209,,pedestrian,,,,Dwarka,177
1120516826,,footway,,,,West,20
1120516827,,footway,,,,West,18
1120516828,,footway,,,,West,17
1120516829,,footway,,,,West,17
1120516830,,footway,,,,West,17
1120516831,,footway,,,,West,16
1120516832,,footway,,,,West,14
1120516833,,footway,,,,West,17
1120516834,,footway,,,,West,46
1120516835,,footway,,,,West,46
1120516836,,footway,,,,West,14
1120516839,,footway,,,,West,13
1120516840,,footway,,,,West,12
1120516841,,footway,,,,West,73
1120516842,,footway,,,,West,14
1120517354,,footway,,,,West,28
1120535699,,footway,,,,West,39
1120535700,,footway,,,,West,33
1120535701,,footway,,,,West,59
1120535704,,footway,,,,West,48
1120535705,,footway,,,,West,21
1120535706,,footway,,,,West,31
1120535707,,footway,,,,West,44
1120535711,,footway,,,,West,102
1120537776,,footway,,,,West,42
1120537777,,footway,,,,West,7
1120537778,,footway,,,,West,9
1120537779,,footway,,,,West,8
1120537780,,footway,,,,West,37
1120537781,,footway,,,,West,30
1120537782,,footway,,,,West,33
1120542366,,footway,,,,West,13
1120542367,,footway,,,,West,120
1120542368,,footway,,,,West,68
1120542369,,footway,,,,West,76
1120542370,,footway,,,,West,10
1120543104,,footway,,,,West,12
1120543106,,footway,,,,West,9
1120543107,,footway,,,,West,6
1120543108,,footway,,,,West,14
1120543109,,footway,,,,West,21
1120543110,,footway,,,,West,22
1120543111,,footway,,,,West,19
1120543112,,footway,,,,West,36
1121140905,,footway,,,,West,27
1121140906,,footway,,,,West,31
1121141616,,footway,,,,West,11
1121141617,,footway,,,,West,139
1121142000,,footway,,,,West,6
1121142001,,footway,,,,West,44
1121142002,,footway,,,,West,47
1121142003,,footway,,,,West,17
1121142004,,footway,,,,West,26
1121142005,,footway,,,,West,8
1121142006,,footway,,,,West,7
1121142007,,footway,,,,West,33
1121142008,,footway,,,,West,23
1121142009,,footway,,,,West,37
1121142010,,footway,,,,West,15
1121142011,,footway,,,,West,23
1121142449,,footway,,,,West,20
1121142450,,footway,,,,West,26
1121142451,,footway,,,,West,35
1121142452,,footway,,,,West,18
1121142942,,footway,,,,West,43
1121142943,,footway,,,,West,47
1121142944,,footway,,,,West,12
1121142945,,footway,,,,West,13
1121142946,,footway,,,,West,33
1121143414,,footway,,,,West,8
1121143415,,footway,,,,West,41
1121143416,,footway,,,,West,82
1121143417,,footway,,,,West,33
1121143418,,footway,,,,West,9
1121143419,,footway,,,,West,16
1121143420,,footway,,,,West,9
1121143421,,footway,,,,West,8
1121150874,,footway,,,,West,21
1121150875,,footway,,,,West,136
1121150876,,footway,,,,West,6
1121150877,,footway,,,,West,6
1121150878,,footway,,,,West,12
1121150879,,footway,,,,West,65
1121150880,,footway,,,,West,66
1121150881,,footway,,,,West,7
1121150882,,footway,,,,West,13
1121151884,,footway,,,,West,8
1121151885,,footway,,,,West,79
1121151897,,footway,,,,West,6
1121151898,,footway,,,,West,23
1121151899,,footway,,,,West,24
1121153134,,footway,,,,West,16
1121153135,,footway,,,,West,57
1121153136,,footway,,,,West,36
1121153137,,footway,,,,West,77
1121153148,,footway,,,,West,17
1121153149,,footway,,,,West,171
1121153150,,footway,,,,West,45
1121153151,,footway,,,,West,132
1121153152,,footway,,,,West,86
1121154358,,footway,,,,West,47
1122020127,,footway,,,,West,516
1122020128,,footway,,,,West,51
1122038436,,footway,,,,West,1243
1122038437,,footway,,,,West,84
1122038438,,footway,,,,West,56
1122038439,,footway,,,,West,112
1122038440,,footway,,,,West,229
1122038441,,footway,,,,West,28
1122208254,,footway,link,,paved,West,18
1122208258,,footway,,,,West,220
1122208259,,footway,,,,West,33
1122208261,,footway,,,,West,45
1122208262,,footway,,,,West,36
1122208271,,footway,,,,West,91
1122208273,,footway,,,,West,22
1122211823,,footway,,,,West,52
1122211824,,footway,,,,West,18
1122211833,,footway,,,,West,122
1122211836,,footway,,,,West,131
1122211837,,footway,,,,West,12
1122211843,,footway,,,,West,37
1122211844,,footway,,,,West,108
1122216176,,footway,,,,West,877
1122216177,,footway,,,,West,74
1122216178,,footway,,,,West,77
1122216179,,footway,,,,West,162
1122216180,,footway,,,,West,48
1122216198,,footway,,,,West,98
1122216199,,footway,,,,West,158
1122216203,,footway,,,,West,98
1122216209,,footway,,,,West,130
1122216210,,footway,,,,West,9
1122216222,,footway,,,,West,108
1122216223,,footway,,,,West,24
1122218975,,footway,,,,West,364
1122218976,,footway,,,,West,7
1122218977,,footway,,,,West,9
1122218979,,footway,,,,West,51
1122218985,,footway,,,,West,100
1122221533,,footway,,,,West,120
1122221534,,footway,,,,West,179
1122221535,,footway,,,,West,69
1122221536,,footway,,,,West,175
1122221546,,footway,,,,West,584
1122221547,,footway,,,,West,81
1122221548,,footway,,,,West,37
1122221549,,footway,,,,West,33
1122221551,,footway,,,,West,70
1122221552,,footway,,,,West,55
1122224068,,footway,,,,West,39
1122224069,,footway,,,,West,48
1122224070,,footway,,,,West,91
1122224071,,footway,,,,West,11
1122224084,,footway,,,,West,249
1122226763,,footway,,,,West,31
1122226764,,footway,,,,West,322
1122226765,,footway,,,,West,43
1122226766,,footway,,,,West,16
1122226768,,footway,,,,West,79
1122226775,,footway,,,,West,132
1122226776,,footway,,,,West,12
1122226778,,footway,,,,West,20
1122226779,,footway,,,,West,123
1122226782,,footway,,,,West,22
1122226783,,footway,,,,West,19
1122226784,,footway,,,,West,18
1122226785,,footway,,,,West,29
1122226793,,footway,,,,West,25
1122226794,,footway,,,,West,20
1122226795,,footway,,,,West,26
1122226796,,footway,,,,West,30
1122226797,,footway,,,,West,29
1122226798,,footway,,,,West,21
1122226799,,footway,,,,West,130
1122226801,,footway,,,,West,14
1122226802,,footway,,,,West,45
1122229742,,footway,,,,West,64
1122229743,,footway,,,,West,20
1122229748,,footway,,,,West,23
1122229750,,footway,,,,West,115
1122229751,,footway,,,,West,38
1122229754,,footway,,,,West,17
1122229760,,footway,,,,West,23
1122233300,,footway,,,,West,43
1122233301,,footway,,,,West,25
1122248808,,footway,,,,West,92
1122248814,,footway,,,,West,89
1122248815,,footway,,,,West,68
1122248816,,footway,,,,West,44
1122248819,,footway,,,,West,145
1122251585,,footway,,,,West,51
1122251586,,footway,,,,West,44
1122251589,,footway,,,,West,29
1122251592,,footway,,,,West,67
1122254824,,footway,,,,West,408
1122254825,,footway,,,,West,17
1122254826,,footway,,,,West,11
1122261064,,footway,,,,West,167
1122261065,,footway,,,,West,56
1122261066,,footway,,,,West,81
1122261067,,footway,,,,West,71
1122261068,,footway,,,,West,75
1122261069,,footway,,,,West,23
1122261077,,footway,,,,West,26
1122261078,,footway,,,,West,54
1122261091,,footway,,,,West,42
1122261092,,footway,,,,West,27
1122601578,,footway,,,,West,79
1122601581,,footway,,,,West,65
1124099381,,footway,,,,South-West,27
1125323431,,footway,,,,West,275
1146518873,,footway,,,paving_stones,Dwarka,841
1150336842,,footway,,,,Dwarka,161
1159245450,Sulahkul Bridge,footway,,,,Dwarka,29
1159245453,,footway,,,,Dwarka,13
1159245454,,footway,,,,Dwarka,9
1159245858,,footway,,,,Dwarka,74
1177660293,,footway,,,dirt,Dwarka,36
1178355682,,footway,,,,Dwarka,12
1178355684,,footway,,,,Dwarka,14
1178357044,,footway,,,,Dwarka,12
1178584630,,footway,,,,Dwarka,31
1179782164,,footway,,,paving_stones,Dwarka,174
1179782165,,footway,,,,Dwarka,9
1179782167,,footway,,,,Dwarka,14
1179782168,,footway,,,,Dwarka,29
1179782169,,footway,,,,Dwarka,15
1180382082,,footway,,,,Dwarka,92
1186787928,,footway,,,,West,10
1187525004,,footway,,,,Dwarka,13
1187806368,,footway,,,,Dwarka,34
1202766100,,footway,,,,West,29
1202768480,,footway,,,,West,29
1204807516,,footway,,,,West,19
1204831332,,footway,,,,West,55
1209305219,,pedestrian,,,,Dwarka,198
1212114098,,footway,,,,Dwarka,933
1221667292,,footway,,,,West,26
1242452556,,footway,,,,South-West,45
1242452558,,footway,,,,South-West,23
1242495012,,footway,,,,Dwarka,17
1242495013,,footway,,,,Dwarka,1242
1242495014,,footway,,,,Dwarka,67
1242495015,,footway,,,,Dwarka,112
1244005635,,footway,,,,Dwarka,8
1244014106,,footway,,,,Dwarka,3
1244504878,,footway,,,,Dwarka,72
1244527276,,footway,,,,Dwarka,14
1244527277,,footway,,,,Dwarka,57
1244527278,,footway,,,,Dwarka,12
1244527279,,footway,,,,Dwarka,21
1244527280,,footway,,,,Dwarka,70
1244527281,,footway,,,,Dwarka,13
1244527282,,footway,,,,Dwarka,20
1244527283,,footway,,,,Dwarka,66
1244527284,,footway,,,,Dwarka,11
1244527285,,footway,,,,Dwarka,28
1244527286,,footway,,,,Dwarka,12
1244527287,,footway,,,,Dwarka,32
1244531553,,footway,,,,Outer,138
1244531554,,footway,,,,Outer,6
1244531555,,footway,,,,Outer,16
1244531556,,footway,,,,Outer,169
1244531557,,footway,,,,Outer,10
1244531558,,footway,,,,Outer,26
1244547636,,footway,,,,Outer,5
1244547638,,footway,,,,Outer,5
1244550767,,footway,,,,Dwarka,12
1244550768,,footway,,,,Dwarka,20
1244550769,,footway,,,,Dwarka,12
1244550770,,footway,,,,Dwarka,11
1244562541,,footway,,,,West,27
1244817510,,footway,,,,West,5
1244817511,,footway,,,,West,91
1244846111,,footway,,,,Dwarka,9
1244846843,,footway,,,,Dwarka,9
1244867746,,footway,,,,West,73
1244909196,,footway,,,,Dwarka,6
1245180128,,footway,,,,West,619
1245196296,,footway,,,,Dwarka,66
1245197943,,footway,,,,Dwarka,70
1245197944,,footway,,,,Dwarka,47
1255978513,,pedestrian,,,,Dwarka,4
1287595397,,footway,,,,Dwarka,3426
1287699015,,footway,,,,Dwarka,35
1287700740,,footway,,,,Dwarka,82
1287711904,,footway,,,dirt,Dwarka,624
1287711905,,footway,,,fine_gravel,Dwarka,107
1287711906,,footway,,,dirt,Dwarka,33
1287713436,,footway,,,,Dwarka,198
1288632536,,footway,crossing,,asphalt,Dwarka,32
1288839470,,footway,link,,,West,12
1288839472,,footway,crossing,,,West,41
1288839473,,footway,link,,,West,6
1292245634,,footway,crossing,,asphalt,Dwarka,26
1292245638,,footway,crossing,,asphalt,Dwarka,23
1292261912,,footway,crossing,,asphalt,Dwarka,15
1292261913,,footway,crossing,,asphalt,Dwarka,29
1292261914,,footway,crossing,,asphalt,Dwarka,19
1292261915,,footway,crossing,,asphalt,Dwarka,17
1292261916,,footway,crossing,,asphalt,Dwarka,29
1292261917,,footway,crossing,,asphalt,Dwarka,24
1292261918,,footway,crossing,,asphalt,Dwarka,28
1292261919,,footway,sidewalk,,paved,Dwarka,150
1292261920,,footway,crossing,,asphalt,Dwarka,15
1292261921,,footway,sidewalk,,paved,Dwarka,112
1292261922,,footway,sidewalk,,paved,Dwarka,245
1292261923,,footway,sidewalk,,paved,Dwarka,177
1292262371,,footway,sidewalk,,paved,Dwarka,14
1292262373,,footway,sidewalk,,paved,Dwarka,21
1292262377,,footway,sidewalk,,paved,Dwarka,24
1303858024,,footway,,,,Dwarka,4
1303858035,,footway,,,,Dwarka,5
1309526577,,footway,,,,West,37
1321633163,,footway,,,,Dwarka,18
1321634778,,footway,,,,Dwarka,41
1339842812,,pedestrian,,,,Dwarka,37
1342575525,,footway,,,,South-West,57
1342579250,,footway,,,,South-West,268
1343468207,,footway,,,,Dwarka,40
1354899688,,footway,,,unpaved,Dwarka,243
1354899694,,footway,,,unpaved,Dwarka,157
1354899695,,footway,,,paved,Dwarka,16
1354899696,,footway,,,unpaved,Dwarka,39
1354899698,,footway,,,unpaved,Dwarka,25
1354899700,,footway,,,unpaved,Dwarka,793
1354899701,,footway,,,unpaved,Dwarka,10
1354899703,,footway,,,unpaved,Dwarka,11
1354899705,,footway,,,unpaved,Dwarka,27
1354899707,,footway,,,paved,Dwarka,13
1354899708,,footway,,,unpaved,Dwarka,14
1354899709,,footway,,,unpaved,Dwarka,12
1354899713,,footway,,,unpaved,Dwarka,92
1354899714,,footway,,,unpaved,Dwarka,15
1354899715,,footway,,,unpaved,Dwarka,19
1354899717,,footway,,,paved,Dwarka,7
1354899719,,footway,,,unpaved,Dwarka,7
1354912085,,footway,,,paving_stones,Dwarka,16
1354912086,,footway,,,paving_stones,Dwarka,138
1354912091,,footway,,,unpaved,Dwarka,177
1357526255,,footway,,,,Dwarka,144
1363969234,,footway,,,,Dwarka,41
1363969235,,footway,,,,Dwarka,42
1368958809,,footway,crossing,,,West,6
1368958810,,footway,crossing,,,West,7
1373391077,,footway,sidewalk,,paved,West,32
1373391082,,footway,sidewalk,,paved,West,85
1373391083,,footway,sidewalk,,paved,West,52
1373391084,,footway,link,,paved,West,17
1373391085,,footway,crossing,,paved,West,53
1373391086,,footway,link,,paved,West,24
1373391087,,footway,sidewalk,,paved,West,45
1373391088,,footway,,,,West,7
1373391089,,footway,,,,West,15
1376934909,,footway,,,,Dwarka,85
1376934910,,footway,,,,Dwarka,85
1376934911,,footway,,,,Dwarka,823
1378698491,,footway,,,,Dwarka,26
1378698492,,footway,,,,Dwarka,68
1378698493,,footway,,,,Dwarka,34
1378698494,,footway,,,,Dwarka,36
1378698495,,footway,,,,Dwarka,359
1378698496,,footway,,,,Dwarka,27
1378698497,,footway,,,,Dwarka,19
1379328587,,footway,,,,Dwarka,276
1383593438,,footway,,,,Dwarka,106
1383593439,,footway,,,,Dwarka,122
1383593440,,footway,,,,Dwarka,27
1383593441,,footway,,,,Dwarka,27
1383593442,,footway,,,,Dwarka,27
1383593443,,footway,,,,Dwarka,27
1383593444,,footway,,,,Dwarka,196
1383593445,,footway,,,,Dwarka,1
1383593446,,footway,,,,Dwarka,36
1383593447,,footway,,,,Dwarka,79
1383593448,,footway,,,,Dwarka,37
1383593449,,footway,,,,Dwarka,217
1383914061,,footway,,,,Dwarka,138
1383914062,,footway,,,,Dwarka,646
1383914070,,footway,,,,Dwarka,22
1383914077,,footway,,,,Dwarka,62
1384356367,,footway,,,,Dwarka,937
1393041881,,footway,,,,Dwarka,12
1393041882,,footway,,,,Dwarka,458
1393246969,,footway,,,,Dwarka,309
1395644825,,footway,,,,Dwarka,66
1395644843,,footway,,,,Dwarka,32
1395644851,,footway,,,,Dwarka,48
1395778360,,footway,,,,Dwarka,532
1395778361,,footway,,,,Dwarka,55
1410186317,,footway,,,,Dwarka,802
1410186318,,footway,,,,Dwarka,21
1410186319,,footway,,,,Dwarka,56
1410487486,,footway,,,,Dwarka,490
1418865159,,footway,,,,Dwarka,159
1430449905,,footway,crossing,,,Dwarka,7
1430449906,,footway,sidewalk,,,Dwarka,184
1430449907,,footway,crossing,,,Dwarka,23
1430449908,,footway,sidewalk,,,Dwarka,832
1441611978,,footway,,,,Dwarka,116
1441622782,,footway,,,,Dwarka,5
1441622783,,footway,,,,Dwarka,6
1441622785,,footway,,,,Dwarka,7
1450028718,,footway,sidewalk,,,Dwarka,27
1510535295,,footway,,,,Dwarka,5
1510535296,,footway,,,,Dwarka,34
1510535298,,footway,,,,Dwarka,125
1510535301,,footway,,,,Dwarka,8
1510535305,,footway,,,,Dwarka,15
1510535306,,footway,,,,Dwarka,4
1510535307,,footway,,,,Dwarka,5
1510535308,,footway,,,,Dwarka,3
1510535309,,footway,,,,Dwarka,14
1534164997,,footway,,,,Dwarka,251
1534164998,,footway,,,,Dwarka,255
1534164999,,footway,,,,Dwarka,119
1534165000,,footway,,,,Dwarka,78
1534165001,,footway,,,,Dwarka,23
1534165002,,footway,,,,Dwarka,107
1534165003,,footway,,,,Dwarka,31
1534165004,,footway,,,,Dwarka,23
1534165005,,footway,,,,Dwarka,191
1534165006,,footway,,,,Dwarka,96
1534165007,,footway,,,,Dwarka,20
1534165008,,footway,,,,Dwarka,46
1534165009,,footway,,,,Dwarka,173
1534165010,,footway,,,,Dwarka,154
1534165011,,footway,,,,Dwarka,49
1534165012,,footway,,,,Dwarka,73
1534165013,,footway,,,,Dwarka,125
1534165014,,footway,,,,Dwarka,273
1534165015,,footway,,,,Dwarka,35
1534165016,,footway,,,,Dwarka,50
1534165017,,footway,,,,Dwarka,35
1534165018,,footway,,,,Dwarka,47
1534165019,,footway,,,,Dwarka,22
1534165020,,footway,,,,Dwarka,3
1534254926,,footway,,,,Dwarka,76
1534254927,,footway,,,,Dwarka,58
1534254928,,footway,,,,Dwarka,24
1534254929,,footway,,,,Dwarka,22
1534254930,,footway,,,,Dwarka,145
1534254931,,footway,,,,Dwarka,992
1534254932,,footway,,,,Dwarka,65
1534254933,,footway,,,,Dwarka,403
1534254934,,footway,,,,Dwarka,247
1534254935,,footway,,,,Dwarka,40
1534254936,,footway,,,,Dwarka,47
1534254937,,footway,,,,Dwarka,465
1534254938,,footway,,,,Dwarka,77
1534254939,,footway,,,,Dwarka,1118
1534254940,,footway,,,,Dwarka,13
1534254941,,footway,,,,Dwarka,36
1534254942,,footway,,,,Dwarka,399
1534254943,,footway,,,,Dwarka,362
1534254944,,footway,,,,Dwarka,32
1534254945,,footway,,,,Dwarka,170
1534254946,,footway,,,,Dwarka,190
1534254947,,footway,,,,Dwarka,342
1534254948,,footway,,,,Dwarka,15
1534254949,,footway,,,,Dwarka,22
1534261294,,footway,,,,Dwarka,1046
1534261295,,footway,,,,Dwarka,32
1534261296,,footway,,,,Dwarka,26
24563438,,pedestrian,,,,New Delhi,178
24563439,Shahjahan Road,pedestrian,,,asphalt,New Delhi,283
24563440,Doctor Zakir Hussain Marg,pedestrian,,,asphalt,New Delhi,285
24563442,Tilak Marg,pedestrian,,,asphalt,New Delhi,278
24563443,,pedestrian,,,,New Delhi,18
24563444,,pedestrian,,,paving_stones,New Delhi,57
34404746,,footway,,,paving_stones,Central,55
38116049,,footway,,,,South,341
43858193,,pedestrian,,,,New Delhi,1147
43858201,,footway,,,,New Delhi,44
44091401,,footway,,,,South-West,51
44092365,,pedestrian,,,,South,109
44176834,,pedestrian,,,paving_stones,New Delhi,134
44176836,,pedestrian,,,paving_stones,New Delhi,216
44177644,,footway,,,,New Delhi,74
44177645,,footway,,,,New Delhi,354
44177647,,footway,,,,New Delhi,70
44177648,,footway,,,,New Delhi,44
44177652,,footway,,,,New Delhi,75
44177653,,footway,,,,New Delhi,66
44187404,,footway,,,paving_stones,New Delhi,846
44678991,,footway,,,,South-West,377
44678993,,footway,,,,South-West,430
44678997,,footway,,,,South-West,306
44678999,,footway,,,,South-West,281
44679101,,footway,,,,South-West,86
44679102,,footway,,,,South-West,72
44679103,,footway,,,,South-West,176
44679105,,footway,,,,South-West,392
44679106,,footway,,,,South-West,189
44679107,,footway,,,,South-West,300
44716483,,footway,,,,South-West,122
44716484,,footway,,,,South-West,210
44716485,,footway,,,,South-West,61
44716486,,footway,,,,South-West,75
44716487,,footway,,,,South-West,38
44823752,,footway,,,paving_stones,South-East,156
44823754,,footway,,,paving_stones,South-East,177
44823755,,pedestrian,,,,South-East,62
44827293,,footway,,,,South-East,160
44827304,,footway,,,sett,South-East,57
55085623,,pedestrian,,,,Central,190
76734552,,footway,,,,East,22
77363920,,footway,,,,South-West,66
80414542,Foot Over Bridge 1,footway,,,,Central,265
80414547,,footway,,,,Central,14
80414552,,footway,,,,Central,36
80414561,,footway,,,,Central,19
80418106,,footway,,,,Central,15
80429919,,footway,,,asphalt,Central,172
80439671,,footway,,,paving_stones,New Delhi,256
80439692,,pedestrian,,,,South-East,3006
80440824,,footway,,,paving_stones,South-East,136
80440828,FOB 1,footway,,,,South-East,111
80440830,,pedestrian,,,paving_stones,South-East,42
80440855,FOB 2,footway,,,paving_stones,South-East,152
80499287,,footway,sidewalk,,paving_stones,Central,1429
80499763,,footway,,,,New Delhi,450
80499764,,footway,,,,New Delhi,59
80499765,,footway,,,,New Delhi,81
80499772,,footway,,,,New Delhi,269
80499773,,footway,,,,New Delhi,40
80499780,,footway,,,,New Delhi,36
80499787,,footway,,,paving_stones,New Delhi,31
80511307,,footway,,,,South-East,345
80511318,,footway,,,,South-East,29
80519102,,footway,,,asphalt,South,348
80954559,,footway,,,,New Delhi,623
80954593,,footway,,,sett,New Delhi,29
81061266,,pedestrian,,,,East,460
81061271,,pedestrian,,,concrete,East,439
81061279,,footway,,,,East,711
81061284,,footway,,,,East,314
81061287,,footway,,,,East,70
81061294,,footway,,,,East,149
81061300,,footway,,,,East,70
81061301,,footway,,,,East,308
81061302,,footway,,,,East,79
81352239,,footway,,,,South-West,78
88213145,Hauz Khas Park Road,footway,,3,asphalt,South-West,306
88213147,,footway,,3,paving_stones,South-West,1059
88213159,,footway,,2,ground,South-West,125
89583594,Mehrauli Archeological Park Path,footway,,3,ground,South,169
89583600,Mehrauli Archeological Park Path,footway,,3,ground,South,95
89583602,,footway,,3,ground,South,448
89804826,,footway,,,,South,99
89804850,,footway,,,,South,130
89804871,,footway,,,,South,20
89804881,,footway,,,,South,57
89808646,,footway,,,,South,28
89808648,,footway,,,,South,62
89808651,,footway,,,,South,47
89808705,,footway,,,,South,44
97230897,,footway,,1,ground,Central,59
102571404,,footway,,,,Central,51
102758309,Path to Tughlaqabad Fort,footway,,2,cobblestone,South-East,103
102758344,Causeway to Ghiyas-ud-Din Tughlaq's Tomb,footway,,2,cobblestone,South-East,175
103603603,,footway,,,,New Delhi,112
103603604,,footway,,,,New Delhi,110
103603605,,footway,,,,New Delhi,346
103603607,,footway,,,,New Delhi,112
103603609,,footway,,,,New Delhi,114
103603610,,footway,,,,New Delhi,112
103603611,,footway,,,,New Delhi,110
103603613,,footway,,,,New Delhi,113
103603616,,footway,,,,New Delhi,796
103603618,,footway,,,,New Delhi,112
119871857,,footway,,,sett,South-East,34
119871864,,footway,,,sett,South-East,60
119871866,,footway,,,sett,South-East,34
119871875,,footway,,,sett,South-East,60
119871876,,footway,,,paving_stones,South-East,428
119912476,,footway,,,sett,South-East,119
122414893,,footway,,,,New Delhi,88
122414894,,footway,,,,New Delhi,112
122414897,,footway,,,,New Delhi,85
122414903,,footway,,,,New Delhi,88
122414904,,footway,,,,New Delhi,85
122414907,,footway,,,,New Delhi,87
122414909,,footway,,,,New Delhi,87
122414912,,footway,,,,New Delhi,24
122414913,,footway,,,,New Delhi,26
122414914,,footway,,,,New Delhi,112
122414915,,footway,,,,New Delhi,597
123402056,,pedestrian,,,,Central,146
123406189,,pedestrian,,,,Central,35
123406193,Tooti Chowk (Subzi Mandi),pedestrian,,,,Central,140
132084113,,footway,,,,South,75
132084115,,footway,,,,South,99
132085690,,footway,,,,South,78
132085691,,footway,,,,South,141
132085692,,footway,,,,South,77
139069653,,footway,,,paving_stones,New Delhi,368
141597466,,footway,,,,South-West,47
148323493,,footway,,1,ground,Central,264
154708925,,footway,,,,South-West,29
154708929,,footway,,,,South-West,212
163701393,,pedestrian,,,,Central,125
163701394,,pedestrian,,,,Central,167
163701395,,footway,,,,Central,54
163701396,,pedestrian,,,asphalt,Central,66
163701398,,pedestrian,,,,Central,297
163701399,,pedestrian,,,,Central,62
163701401,,footway,,,,Central,46
163701403,,footway,,,asphalt,Central,301
163701404,,pedestrian,,,asphalt,Central,102
163701406,,pedestrian,,,,Central,412
163701407,,pedestrian,,,asphalt,Central,15
163701410,,pedestrian,,,asphalt,Central,160
163701411,,footway,,,,Central,51
163701412,,footway,,,,Central,26
163701413,,footway,,,,Central,35
163701415,,pedestrian,,,,Central,98
163701416,,footway,,,,Central,26
163701417,,footway,,,,Central,33
163778026,,footway,,,,South-East,326
163779653,,footway,,,paving_stones,New Delhi,151
163779659,,footway,,,,New Delhi,100
163779660,,footway,,,concrete,New Delhi,17
164675807,,footway,,,,New Delhi,8
164675808,,footway,,,,New Delhi,235
164675810,,footway,,,,New Delhi,48
164675811,,footway,,,,New Delhi,40
164675812,,footway,,,,New Delhi,33
164675813,,footway,,,paving_stones,New Delhi,9
164675814,,footway,,,,New Delhi,43
164675816,,footway,,,paving_stones,New Delhi,24
164675817,,footway,,,,New Delhi,49
164675818,,footway,,,paving_stones,New Delhi,20
164675819,,footway,,,,New Delhi,22
164675820,,footway,,,,New Delhi,61
164675821,,footway,,,,New Delhi,55
164675822,,footway,,,,New Delhi,80
164675823,,footway,crossing,,sett,New Delhi,21
164675826,,footway,,,,New Delhi,24
164675828,,footway,,,,New Delhi,84
164683605,,footway,,,,New Delhi,35
164683607,,footway,,,,New Delhi,33
164683609,,footway,,,,New Delhi,13
164683610,,footway,,,,New Delhi,31
164702308,,footway,,,,South-East,51
164702309,,footway,,,,South-East,8
164702315,,footway,,,,South-East,8
164702319,,footway,,,,South-East,15
164702326,,footway,,,concrete,South-East,90
168156172,,footway,,,,South-East,60
168898904,,pedestrian,,,,South-East,69
168898906,,pedestrian,,,,South-East,86
168898907,,pedestrian,,,,South-East,91
169256576,,footway,,,,South-East,3
169411884,,footway,,,,South-East,43
169412311,,pedestrian,,,,South-East,149
169412314,,pedestrian,,,,South-East,54
169412316,,pedestrian,,,asphalt,South-East,148
169412327,,pedestrian,,,asphalt,South-East,78
169421705,,footway,,,asphalt,South-East,90
172077054,,footway,,,,South-West,299
172077055,,footway,,,,South-West,192
172688695,,footway,,,,South-East,7
172688697,,footway,,,,South-East,16
174265742,,footway,,,,South-East,13
174265743,,footway,,,,South-East,13
176162164,,footway,,,,South-West,53
176162166,,footway,,,,South-West,15
176492672,,footway,,,,Central,1
176492673,,footway,,,,Central,2
176492674,,footway,,,,Central,10
176492676,,footway,,,,Central,9
176492687,,footway,,,,Central,11
176492690,,footway,,,,Central,11
176492696,,footway,,,,Central,15
176492697,,footway,,,,Central,9
176492698,,footway,,,,Central,12
176492701,,footway,,,,Central,9
176492702,,footway,,,,Central,13
176492703,,footway,,,,Central,8
176492706,,footway,,,,Central,11
176492709,,footway,,,,Central,9
176492729,,footway,,,,Central,16
176492731,,footway,,,,Central,17
176492735,,footway,,,,Central,10
176492743,,footway,,,,Central,9
176492745,,footway,,,,Central,9
176492752,,footway,,,,Central,11
176492766,,footway,,,,Central,12
176492785,,footway,,,,Central,11
176944777,,footway,,3,ground,South,548
176944783,,footway,,3,ground,South,45
200251453,,footway,,,,South,60
200251457,,footway,,,,South,49
200251458,,footway,,,,South,45
200251460,,footway,,,,New Delhi,64
200251461,,footway,,,,South,53
206709459,,footway,,,,South-East,220
216981421,,footway,,,,South-East,14
216981422,,footway,,,,South-East,10
216981423,,footway,,,,South-East,13
216981424,,footway,,,,South-East,10
216981425,,footway,,,,South-East,13
220380722,,footway,,,,South-East,27
221491938,Sanjay Van walking path,footway,,,,South,84
223456543,,footway,,,paving_stones,New Delhi,134
223456545,,footway,,,paving_stones,New Delhi,89
223456547,,footway,,,paving_stones,New Delhi,36
223456550,,footway,,,paving_stones,New Delhi,8
223456551,,footway,,,paving_stones,New Delhi,55
223456553,,footway,,,paving_stones,New Delhi,21
223456555,,footway,,,,New Delhi,170
223456557,,footway,,,paving_stones,New Delhi,101
223903625,,footway,,,,Central,283
223903635,,footway,,,,Central,44
223903637,,footway,,,,Central,24
223903640,,footway,,,,Central,10
223903642,,footway,,,,Central,1160
223903650,,footway,,,,Central,209
223903653,,footway,,,,Central,231
223903655,,footway,,,,Central,262
224253345,,footway,,,,East,191
224253746,,pedestrian,,,paving_stones,East,145
224253747,,pedestrian,,,,East,65
224253748,,pedestrian,,,,East,62
224254722,,footway,,,,East,53
224254834,,footway,,,,East,49
224254835,,footway,,,,East,32
231620733,,footway,,,,South-West,37
231620734,,footway,,,compacted,South-West,692
231620736,,footway,,,compacted,South-West,99
231620737,,footway,,,compacted,South-West,121
231620738,,footway,,2,ground,South-West,44
231620739,,footway,,2,ground,South-West,84
233262401,,footway,,,paving_stones,New Delhi,390
233262403,,footway,,,paving_stones,New Delhi,1318
233262404,,footway,,,paving_stones,New Delhi,159
233262406,,footway,,,paving_stones,New Delhi,219
233262407,,footway,,,paving_stones,New Delhi,192
233262408,,footway,,,,New Delhi,625
234097136,,footway,,,,South,238
234097137,,footway,,,,South,90
234097139,,footway,,,,South,67
234097140,,footway,,,,South,145
234097141,,footway,,,,South,27
234097142,,footway,,,,South,321
234097144,,footway,,,,South,36
243174083,,footway,,,,South-East,78
243174084,,footway,,,,South-East,50
243177589,,footway,,,,New Delhi,138
253134118,Export Line,footway,,,paving_stones,South-West,184
253134119,,footway,,,paving_stones,South-West,29
253134121,Export line,footway,,,paving_stones,South-West,102
253134122,,footway,,,paving_stones,South-West,108
253134123,,footway,,,paving_stones,South-West,57
253134124,Main line,footway,,,paving_stones,South-West,21
253134126,Main Line,footway,,,paving_stones,South-West,208
253134127,Sabzi Mandi,footway,,,paving_stones,South-West,180
253134128,Export line,footway,,,paving_stones,South-West,187
253134129,Main line,footway,,,paving_stones,South-West,258
253134130,Saree Line,footway,,,paving_stones,South-West,256
253307751,,footway,,,,Central,23
260315523,,footway,,,,Central,78
260315526,,footway,,,,Central,29
260320115,,footway,,,,Central,27
260320117,,footway,,,paving_stones,Central,12
273984499,,footway,,2,asphalt,South,6806
273984504,,footway,,,paving_stones,South-East,84
275289701,,footway,,,concrete,New Delhi,961
275290015,,footway,,,,New Delhi,6
275290016,,footway,,,,New Delhi,137
275291245,,footway,,,concrete,New Delhi,57
275291249,,footway,,,paving_stones,New Delhi,13
275400397,,footway,,,paving_stones,New Delhi,14
275400493,,footway,,,,New Delhi,17
275400778,Athpula Bridge,footway,,,paved,New Delhi,53
275400780,,footway,,,,New Delhi,296
275402766,Footpath around tomb,footway,,,paving_stones,New Delhi,342
275460222,,footway,,,,New Delhi,35
275460223,,footway,,,,New Delhi,15
275642079,,footway,,,,New Delhi,40
275642080,,footway,,,,New Delhi,27
275642151,,footway,,,,New Delhi,24
279029819,,pedestrian,,,asphalt,South-East,166
279029820,,footway,,,,South-East,227
293342240,Walking/Jogging Track,footway,,2,paving_stones,East,403
293342241,Walking/Jogging Track,footway,,2,paving_stones,East,892
293342242,,footway,,1,paving_stones,East,112
293342243,,footway,,1,paving_stones,East,27
293342244,,footway,,1,paving_stones,East,55
295323842,,footway,,,,South-East,264
295323844,,footway,,,,South-East,58
296547470,,footway,,,,East,209
304039333,,footway,,,paved,New Delhi,80
312913278,,footway,,,,South,88
313547227,,footway,,,,South-West,8
313547228,,footway,,,,South-West,75
313547229,,footway,,,,South-West,31
314653352,,footway,,,,West,10
314653353,,footway,,,,West,37
314653354,,footway,,,,West,9
314653356,,footway,,,,West,5
314653359,,footway,,,,West,8
314659233,,footway,,,paving_stones,New Delhi,80
316271004,Footover Bridge,footway,crossing,,,South-East,39
317310816,,footway,sidewalk,,paving_stones,New Delhi,209
317310817,,footway,link,,asphalt,New Delhi,13
317310818,,footway,link,,asphalt,New Delhi,13
317310820,,footway,,,paving_stones,New Delhi,58
320354822,,footway,,,,Central,324
330783893,,footway,,,,South-East,650
330783895,,footway,,,,South-East,30
330783899,,footway,,,,South-East,601
343651490,,footway,sidewalk,,,East,73
344424391,,footway,,,paving_stones,South-East,41
344426059,,footway,,,concrete,South,174
344426781,,footway,,,,South-East,58
344430671,,footway,,,,South-East,69
344442943,,footway,,,asphalt,South,37
344472566,,footway,,,,South-East,33
350264698,,footway,,,,Central,11
350277176,,footway,,,,Central,12
351475560,,footway,,,,Central,87
351475561,,footway,,,,Central,100
351475565,,footway,,,,Central,148
351949837,,footway,,,,Central,33
351949838,,footway,,,,Central,83
351949839,,footway,,,,Central,117
358705663,SIT link street,pedestrian,,5,concrete,South-West,115
359561767,,footway,,,paving_stones,New Delhi,93
359589993,,footway,,,,South-East,452
359589994,,footway,,,,South-East,164
359589996,,footway,,,,South-East,310
359589998,,footway,,,,South-East,389
359589999,,footway,,,,South-East,129
359590000,,footway,,,,South-East,129
359590001,,footway,,,,South-East,106
359590002,,footway,,,,South-East,31
359590005,,footway,,,,South-East,78
359590006,,footway,,,,South-East,46
359590007,Wild Almond Avenue,footway,,,,South-East,258
359590008,,footway,,,,South-East,178
359590009,,footway,,,,South-East,129
359590010,,footway,,,,South-East,80
359590011,,footway,,,,South-East,121
359590012,,footway,,,,South-East,129
359590013,,footway,,,,South-East,53
359590014,,footway,,,,South-East,110
359590015,,footway,,,,South-East,237
359590018,,footway,,,,South-East,169
359757135,,footway,,,,New Delhi,352
359781221,,footway,,,,New Delhi,191
359781222,,footway,,,,New Delhi,30
359781223,,footway,,,,New Delhi,48
359781224,,footway,,,,New Delhi,77
359781225,,footway,,,,New Delhi,78
359781226,,footway,,,,New Delhi,198
359781227,,footway,,,,New Delhi,146
359781228,,footway,,,,New Delhi,167
359781229,,footway,,,,New Delhi,285
359781230,,footway,,,,New Delhi,553
359781231,,footway,,,,New Delhi,170
359781411,,footway,,,,New Delhi,113
359781412,,footway,,,,New Delhi,21
359804619,,footway,,,,New Delhi,32
359804620,,footway,,,,New Delhi,32
359804621,,footway,,,,New Delhi,85
359804622,,footway,,,,New Delhi,174
359804623,,footway,,,,New Delhi,174
359804884,,footway,,,,New Delhi,206
361709658,Swami Vivekanada Road,pedestrian,,,asphalt,New Delhi,210
361709664,,pedestrian,,,asphalt,New Delhi,75
361709665,,pedestrian,,,,New Delhi,66
370533536,,footway,,,,New Delhi,38
370765173,,footway,,,,Central,95
370908548,,footway,,,,New Delhi,148
370908554,,footway,,,,New Delhi,61
370908555,,footway,,,paving_stones,New Delhi,151
370955244,,footway,,,,New Delhi,66
371321670,,footway,,,,South,468
371330385,,footway,,,,West,57
371330388,,footway,,,,West,26
371330390,,footway,,,,West,15
371330393,,footway,,,,West,12
371330395,,footway,,,,West,9
371330397,,footway,,,,West,62
371330399,,footway,,,,West,78
393939260,route a,pedestrian,,,,South-East,428
393939261,path s3,pedestrian,,,,South-East,549
393939264,path c,pedestrian,,,,South-East,381
393939267,route b,pedestrian,,,,South-East,549
393939275,path f,pedestrian,,,,South-East,268
393939277,path e,pedestrian,,,,South-East,356
393939279,path g,pedestrian,,,,South-East,153
393939286,path d,pedestrian,,,,South-East,123
393939289,path p,pedestrian,,,,South-East,102
393939293,path i,pedestrian,,,,South-East,236
393939300,path l,pedestrian,,,,South-East,109
393939304,path s1,pedestrian,,,,South-East,462
393939312,path r5,pedestrian,,,,South-East,302
393939314,path r,pedestrian,,,,South-East,202
393939316,path r2,pedestrian,,,,South-East,112
393939318,path r6,pedestrian,,,,South-East,110
393939320,path r3,pedestrian,,,,South-East,47
393939321,path r1,pedestrian,,,,South-East,150
393939323,path r4,pedestrian,,,,South-East,103
398223212,,footway,,,paving_stones,New Delhi,327
400623277,,footway,,,,South-West,104
400921726,,footway,,,,East,740
401538840,,footway,,,,South-West,74
401538842,,footway,,,,South-West,25
401538868,,footway,,,metal,South,14
401538870,,footway,,,,South-West,91
403224848,,footway,sidewalk,,,South,89
403224851,,footway,,,,South,80
403809799,,footway,,,,South-East,49
403809800,,footway,,,,South-East,17
403809801,,footway,,,,South-East,48
403809802,,footway,,,,South-East,51
403809803,,footway,,,,South-East,191
403809804,,footway,,,,South-East,186
403809806,,footway,,,,South-East,56
403809807,,footway,,,,South-East,207
403830707,,footway,,,,Central,34
403831592,Foot Over Bridge 3,footway,,,,Central,117
403847990,,footway,,,,Central,7
403847992,,footway,,,,Central,8
404419489,,footway,,,,South,306
408087779,,footway,,,,West,151
408087781,,footway,,,,West,65
414235587,,footway,,,,South,127
414235598,,footway,,,,South,36
414235600,,footway,,,,South,37
414253198,,footway,,,,South-West,39
414265310,,footway,,,,South-West,56
414326191,,footway,,,,South-West,61
414326209,,footway,,,,South-West,48
414337236,,footway,,,,South-West,306
414337240,,footway,,,,South-West,872
414337244,,footway,,,,South-West,63
414347056,,footway,,,,South-West,74
414347074,,footway,,,,South-West,106
414347083,,footway,,,,South-West,74
414354793,,footway,,,,South,53
414354810,,footway,,,,South,94
414378554,,footway,,,,South-West,69
414378568,,footway,,,,South-West,70
414379276,,footway,,,,South-West,70
414767030,,footway,,,,South,86
414779768,,footway,,,,South,28
414795059,,footway,,,,South,31
414795061,,footway,,,,South,36
414800110,,footway,,,,South,36
414803057,,footway,,,,South,40
414812588,,footway,,,,South,86
415819116,,footway,,,,South,17
415819119,,footway,,,,South,23
415819126,,footway,,,,South,39
416069919,,footway,,,,South,53
421426748,,footway,crossing,,,East,11
422170473,,footway,,,,East,665
422170491,,footway,,,paving_stones,East,124
423537861,,pedestrian,,,,South-West,148
423537864,,footway,,,,South-West,309
423537875,,pedestrian,,,paving_stones,South-West,172
423593900,,footway,,,,South-West,84
423593914,,footway,,,,South-West,123
423593919,,footway,,,,South-West,90
423593921,,footway,,,,South-West,108
423619305,,footway,,,,South-West,59
423619308,,footway,,,,South-West,46
423619311,,footway,,,,South-West,49
423619317,,footway,,,,South-West,44
423619326,,footway,,,,South-West,49
423755488,,footway,,,,South-West,122
423779147,,pedestrian,,,,South-West,76
423848216,,pedestrian,,,,South,122
424014423,,pedestrian,,,,South-East,73
424014432,,pedestrian,,,,South-East,32
424014438,,pedestrian,,,,South-East,120
424014445,,pedestrian,,,asphalt,South-East,45
424014449,,pedestrian,,,,South-East,107
432072944,,footway,,,unhewn_cobblestone,South-East,72
432072945,,footway,,,compacted,South-East,11
432072946,,footway,,,compacted,South-East,431
432072947,,footway,,,unhewn_cobblestone,South-East,122
432072948,,footway,,,unhewn_cobblestone,South-East,72
432072949,,footway,,,unhewn_cobblestone,South-East,72
432072950,,footway,,,unhewn_cobblestone,South-East,69
432072951,,footway,,,unhewn_cobblestone,South-East,32
432072952,,footway,,,unhewn_cobblestone,South-East,69
432072953,,footway,,,unhewn_cobblestone,South-East,69
432072954,,footway,,,unhewn_cobblestone,South-East,11
432072955,,footway,,,unhewn_cobblestone,South-East,72
432072956,,footway,,,unhewn_cobblestone,South-East,72
432072957,,footway,,,paving_stones,South-East,31
432072958,,footway,,,unhewn_cobblestone,South-East,31
432072959,,footway,,,paved,South-East,142
432072960,,footway,,,unhewn_cobblestone,South-East,31
432072961,,footway,,,unhewn_cobblestone,South-East,31
432076202,,footway,,,unhewn_cobblestone,South-East,72
432131643,,footway,,,unhewn_cobblestone,South-East,72
432135597,,footway,,,compacted,South-East,15
432152977,,footway,,,unhewn_cobblestone,South-East,42
432152978,,footway,,,compacted,South-East,43
432152979,,footway,,,unhewn_cobblestone,South-East,42
432152980,,footway,,,unhewn_cobblestone,South-East,44
432152981,,footway,,,unhewn_cobblestone,South-East,38
432152982,,footway,,,unhewn_cobblestone,South-East,37
432152983,,footway,,,unhewn_cobblestone,South-East,42
432152984,,footway,,,unhewn_cobblestone,South-East,36
432152985,,footway,,,unhewn_cobblestone,South-East,31
432152986,,footway,,,unhewn_cobblestone,South-East,29
432152987,,footway,,,unhewn_cobblestone,South-East,31
432152988,,footway,,,unhewn_cobblestone,South-East,42
432152989,,footway,,,unhewn_cobblestone,South-East,41
432152990,,footway,,,unhewn_cobblestone,South-East,32
432152991,,footway,,,unhewn_cobblestone,South-East,44
432152992,,footway,,,unhewn_cobblestone,South-East,38
432152993,,footway,,,unhewn_cobblestone,South-East,38
432152994,,footway,,,,South-East,43
432152995,,footway,,,unhewn_cobblestone,South-East,36
432152996,,footway,,,unhewn_cobblestone,South-East,34
432152997,,footway,,,unhewn_cobblestone,South-East,35
432152998,,footway,,,unhewn_cobblestone,South-East,29
432152999,,footway,,,unhewn_cobblestone,South-East,39
432153000,,footway,,,,South-East,39
432153001,,footway,,,unhewn_cobblestone,South-East,33
432153002,,footway,,,unhewn_cobblestone,South-East,44
432153003,,footway,,,unhewn_cobblestone,South-East,38
432153004,,footway,,,unhewn_cobblestone,South-East,34
432153005,,footway,,,unhewn_cobblestone,South-East,37
432153006,,footway,,,unhewn_cobblestone,South-East,44
432153007,,footway,,,unhewn_cobblestone,South-East,35
432153008,,footway,,,unhewn_cobblestone,South-East,41
432153009,,footway,,,unhewn_cobblestone,South-East,98
432153010,,footway,,,compacted,South-East,96
432153011,,footway,,,compacted,South-East,95
432153012,,footway,,,unhewn_cobblestone,South-East,97
432153013,,footway,,,unhewn_cobblestone,South-East,95
432153014,,footway,,,unhewn_cobblestone,South-East,97
432153015,,footway,,,unhewn_cobblestone,South-East,128
432153016,,footway,,,unhewn_cobblestone,South-East,96
432153017,,footway,,,unhewn_cobblestone,South-East,1004
432153018,,footway,,,unhewn_cobblestone,South-East,133
432153019,,footway,,,compacted,South-East,122
432316300,,footway,,,unhewn_cobblestone,South-East,44
432316301,,footway,,,unhewn_cobblestone,South-East,40
432316302,,footway,,,unhewn_cobblestone,South-East,34
432316303,,footway,,,unhewn_cobblestone,South-East,44
432316304,,footway,,,unhewn_cobblestone,South-East,34
432316305,,footway,,,unhewn_cobblestone,South-East,42
432316306,,footway,,,unhewn_cobblestone,South-East,40
432316307,,footway,,,unhewn_cobblestone,South-East,42
432316308,,footway,,,unhewn_cobblestone,South-East,45
432316309,,footway,,,unhewn_cobblestone,South-East,45
432317111,,footway,,,unhewn_cobblestone,South-East,35
432317112,,footway,,,unhewn_cobblestone,South-East,36
432317114,,footway,,,unhewn_cobblestone,South-East,35
432317115,,footway,,,unhewn_cobblestone,South-East,36
432317725,,footway,,,unhewn_cobblestone,South-East,40
432317727,,footway,,,unhewn_cobblestone,South-East,40
432317728,,footway,,,unhewn_cobblestone,South-East,44
432317729,,footway,,,unhewn_cobblestone,South-East,44
432317843,,footway,,,,South-East,43
432317844,,footway,,,unhewn_cobblestone,South-East,43
432317921,,footway,,,unhewn_cobblestone,South-East,41
432317923,,footway,,,unhewn_cobblestone,South-East,41
432317948,,footway,,,unhewn_cobblestone,South-East,43
432317949,,footway,,,unhewn_cobblestone,South-East,43
432318422,,footway,,,unhewn_cobblestone,South-East,35
432318423,,footway,,,unhewn_cobblestone,South-East,35
432318446,,footway,,,,South-East,41
432318447,,footway,,,compacted,South-East,41
432318560,,footway,,,,South-East,41
432318561,,footway,,,compacted,South-East,41
432318571,,footway,,,unhewn_cobblestone,South-East,34
432318572,,footway,,,unhewn_cobblestone,South-East,34
435426345,,footway,,,,New Delhi,40
435426346,,pedestrian,,,,New Delhi,1278
435426353,,pedestrian,,,,New Delhi,209
446886391,,footway,crossing,,asphalt,East,42
446886393,,footway,sidewalk,,,East,93
446954816,,footway,crossing,,,East,3
446991939,,pedestrian,,,,East,28
447280914,,footway,crossing,,,East,43
447280918,,footway,,,metal,East,35
454514552,,pedestrian,,,,South-East,145
454517216,,footway,,,,South-East,22
461564322,,footway,,,,South-East,254
461564323,,footway,,,,South-East,151
461564324,,footway,,,,South-East,221
461699696,,footway,,,,New Delhi,196
461699697,,footway,,,,New Delhi,116
462527329,,footway,,,,South-East,51
462527331,,footway,,,,South-East,58
462527333,,footway,,,,South-East,180
464253912,,footway,,,,Central,126
464487439,,footway,,,ground,South-East,44
464487669,,footway,,2,paved,South-East,111
464488492,,footway,,4,ground,South-East,135
464488591,,footway,,4,ground,South-East,75
464488783,,footway,sidewalk,1,paved,South-East,289
469368620,,footway,,,paving_stones,East,435
469888480,,footway,,2,paved,East,428
472051499,,footway,,,asphalt,Central,448
472051500,,footway,,,paving_stones,Central,127
472051501,,footway,,,paving_stones,Central,127
472051502,,footway,,,paving_stones,Central,128
472051503,,footway,,,asphalt,Central,97
472051504,,footway,,,paving_stones,Central,97
472051505,,footway,,,paving_stones,Central,97
475594913,,footway,,,paving_stones,South,79
475594914,,footway,,,paving_stones,South,213
475594915,,footway,,,paving_stones,South,160
475594916,,footway,,,,South,75
475594917,,footway,,,,South,15
475673655,,footway,,,paving_stones,South,83
475673656,,footway,,,,South,58
475673657,,footway,,,paving_stones,South,38
475673658,,footway,,,sett,South,142
475673659,,footway,,,paving_stones,South,55
475673660,,footway,,,,South,84
475673661,,footway,,,,South,111
475673662,,footway,,,paving_stones,South,95
475673663,,footway,,,paving_stones,South,241
475673664,,footway,,,paving_stones,South,24
475673665,,footway,,,,South,174
475673666,,footway,,,paving_stones,South,120
475673667,,footway,,,paving_stones,South,101
475673669,,footway,,,,South,59
475673670,,footway,,,sett,South,90
476004357,,footway,,,concrete,South,31
476004358,,footway,,,,South,103
476004369,,footway,,,concrete,South,181
484723861,,footway,,,sett,South-East,132
484723862,,footway,,,sett,South-East,137
484723863,,footway,,,sett,South-East,55
484723864,,footway,,,sett,South-East,55
484723865,,footway,,,paving_stones,South-East,187
484723866,,footway,,,sett,South-East,90
484723867,,footway,,,sett,South-East,94
484723871,,footway,,,sett,South-East,7
484723872,,footway,,,,South-East,245
484723873,,footway,,,sett,South-East,10
484723874,,footway,,,sett,South-East,10
484723875,,footway,,,sett,South-East,8
484723876,,footway,,,sett,South-East,5
484723877,,footway,,,sett,South-East,137
484723878,,footway,,,sett,South-East,12
484723879,,footway,,,sett,South-East,132
484724535,,footway,,,sett,South-East,12
488537316,,footway,,,paving_stones,New Delhi,10
488558974,,footway,,,,New Delhi,194
488662836,,footway,,,,New Delhi,41
488662837,,footway,,,,New Delhi,47
488662838,,footway,,,,New Delhi,64
490625150,,footway,,,asphalt,South-West,53
490625151,,footway,link,,paved,South-West,37
494442277,,footway,,,,East,705
494442278,,footway,,,,East,18
494443161,,footway,,,paving_stones,East,357
496437036,,footway,,,,New Delhi,290
499645115,,pedestrian,,,,Central,12
499645116,,pedestrian,,,,Central,12
499645117,,pedestrian,,,,Central,13
499645118,,pedestrian,,,,Central,13
499673463,,footway,,,,Central,48
500413799,,footway,,,paving_stones,New Delhi,65
503333935,,footway,,2,ground,South-West,58
503333936,,footway,,,,South-West,48
507527941,,footway,,,,South,89
507527947,,footway,,,,South,27
507527950,,footway,,,,South,12
507527952,,footway,,,,South,9
507527954,,footway,,,,South,13
507527962,,footway,,,,South,10
507527964,,footway,,,,South,12
507527967,,footway,,,,South,13
507527970,Upper gali,footway,,,,South,174
507527972,,footway,,,,South,243
508095733,,footway,,,,South,37
508095735,,footway,,,,South,143
508095761,,footway,,,,South,13
508215358,,footway,,,,South-East,9
508215359,,footway,,,asphalt,South,31
508215360,,footway,,,asphalt,South,56
509045582,,footway,,,,Central,13
509045583,,footway,,,,Central,19
509045584,,footway,,,,Central,4
509045585,,footway,,,,Central,4
509045587,,footway,,,,Central,4
509045590,,footway,,,,Central,4
509045591,,footway,,,,Central,13
509045592,,footway,,,,Central,13
509045594,,footway,,,,Central,10
509045596,,footway,,,,Central,13
509045598,,footway,,,,Central,11
509045600,,footway,,,,Central,13
509045602,,footway,,,,Central,151
509045603,,footway,,,,Central,10
509045604,,footway,,,,Central,11
509045605,,footway,,,,Central,11
509045607,,footway,,,,Central,47
509045608,,footway,,,,Central,130
509046748,,footway,,,,Central,9
509046749,,footway,,,,Central,9
509046752,,footway,,,,Central,11
509046753,,footway,,,,Central,12
510926301,,footway,,,paved,South-West,35
510926304,SAC Road,footway,,,paved,South-West,54
510934754,,pedestrian,,,concrete,South-West,152
511130411,,footway,,,,South-East,1043
511130412,,pedestrian,,,,South-East,140
511130413,,footway,,,,South-East,91
511130423,,pedestrian,,,,South-East,164
511130429,,pedestrian,,,,South-East,124
511130435,,footway,,,,South-East,108
511130436,,footway,,,,South-East,62
514521569,,footway,sidewalk,,concrete,South-West,45
515483672,,footway,,,paved,South-West,23
516280584,,footway,,,paved,South-West,150
516280589,,footway,,,paved,South,33
526531981,,footway,,,,South,68
526856864,,footway,,,,South,19
526935037,,footway,,,,East,280
526935039,,footway,,,,East,49
526935045,,footway,,,,East,480
526935046,,footway,,,,East,46
531904542,,pedestrian,,,,South-West,79
531906925,,footway,,,,South-West,47
532524797,,footway,,,paved,South-West,283
532529570,,footway,,,,South-West,36
532529571,,footway,,,,South-West,38
532529573,,footway,,,,South-West,10
532529575,,footway,,,,South-West,2
532536806,,footway,,,,South-West,37
532536807,,footway,,,,South-West,16
532536808,,footway,,,,South-West,46
532536809,,footway,,,,South-West,17
532543738,,footway,,,,South-West,12
532543740,,footway,,,,South-West,63
532543741,,footway,,,,South-West,8
532566323,,footway,,,,South-West,11
532566325,,footway,,,,South-West,11
532566326,,footway,,,,South-West,14
533187957,,footway,sidewalk,,paving_stones,South-West,3762
533192057,,footway,,,,South-West,1040
533192058,,footway,,,,South-West,251
533192059,,footway,,,,South-West,5
533192060,,footway,,,paving_stones,South-West,221
533192061,,footway,,,,South-West,417
533192062,,footway,,,,South-West,4
533192063,,footway,,,,South-West,1384
533192064,,footway,,,,South-West,5
533569850,,pedestrian,,,,South,49
533569851,,pedestrian,,,,South,533
533569859,,pedestrian,,,,South,149
533569860,,pedestrian,,,,South,146
533957674,,footway,,,,South-West,2750
533957676,,footway,,,,South-West,531
533957677,,footway,,,,South-West,2878
533957679,,footway,,,,South-West,1817
533957680,,footway,,,,South-West,1385
533957681,,footway,,,,South-West,107
533957682,,footway,,,,South-West,47
533957683,,footway,,,,South-West,45
533958500,,footway,,,,South-West,63
533958501,,footway,,,,South-West,7
533958502,,footway,,,,South-West,5
533958504,,footway,,,,South-West,16
533958505,,footway,crossing,,,South-West,14
533958506,,footway,,,,South-West,25
533958507,,footway,,,,South-West,55
533958508,,footway,,,,South-West,5
535253459,,footway,,,,South-West,166
541424661,,pedestrian,,,,South-East,56
542802203,,footway,,,,South,152
542802204,,footway,,,,South,153
542802208,,footway,,,paving_stones,New Delhi,119
542802209,,footway,,,paving_stones,New Delhi,13
542802212,,footway,,,,South-East,111
542802213,,footway,,,,South-East,287
544709082,,footway,,,paved,Central,385
544709083,,footway,,,paved,Central,333
544769585,,footway,,,,East,101
544769586,,footway,,,,East,373
544773547,,footway,,,,East,10
548301818,,footway,,,,East,245
548301819,,footway,,,,East,1279
548301820,,footway,,,,East,276
548301821,,footway,,,,East,226
548301822,,footway,,,,East,263
548301823,,footway,,,,East,660
548804854,,footway,,,,South,30
551065266,,footway,,,,South,16
551065267,,footway,,,,South,11
551065268,,footway,,,,South,9
551065270,,footway,,,dirt,South,42
551065271,,footway,,,dirt,South,154
551065272,,footway,,,dirt,South,157
551065273,,footway,,,dirt,South,53
551065274,,footway,,,dirt,South,802
551065275,,footway,,,dirt,South,153
551065276,,footway,,,dirt,South,198
551065277,,footway,,,dirt,South,1186
551065278,,footway,,,,South,54
551682076,,footway,,,asphalt,South,286
551682077,,footway,,,,South,37
551682078,,footway,,,,South,17
551682079,,footway,,,mud,South,55
551682080,,footway,,,cobblestone,South,22
551682081,,footway,,,cobblestone,South,27
551682083,,footway,,,mud,South,7
551682084,,footway,,,dirt,South,12
551682085,,footway,,,cobblestone,South,11
551682088,,footway,,,cobblestone,South,8
551682089,,footway,,,cobblestone,South,9
551682090,,footway,,,cobblestone,South,27
551682091,,footway,,,dirt,South,41
551682097,,footway,,,dirt,South,155
551682099,,footway,,,compacted,South,14
551682100,,footway,,,dirt,South,34
551682101,,footway,,,dirt,South,206
551682102,,footway,,,dirt,South,278
551682103,,footway,,,dirt,South,1461
551682104,,footway,,,dirt,South,61
551682107,,footway,,,compacted,South,428
551682108,,footway,,,dirt,South,187
551682109,,footway,,,paving_stones,South,76
551682110,,footway,,,dirt,South,681
551682936,,footway,,,compacted,South,2
551684023,,footway,,,,South,89
552152635,,footway,,,metal,South,36
552675453,,footway,,,,East,287
553840554,,pedestrian,,3,paved,Central,55
556741436,,footway,,,,South-East,37
557473521,,footway,,,,South,42
557473523,,footway,,,,South,16
557575819,,footway,,,,South,31
557575821,,footway,,,,South,28
557575822,,footway,,,,South,30
557575824,,footway,sidewalk,,,South,58
557597148,,footway,,,paving_stones,South,25
557597149,,footway,,,,South,26
557597150,,footway,,,,South,20
557597151,,footway,,,,South,64
557597152,,footway,,,,South,278
557597154,,footway,,,paving_stones,South,140
558833398,,footway,,,,Central,147
560355146,,footway,,,,South-West,45
561672570,,footway,,,paving_stones,New Delhi,52
561672571,,footway,,,,New Delhi,74
561672572,,footway,,,,New Delhi,66
561672576,,footway,,,,New Delhi,53
570572090,,footway,,,,South,30
570572091,,footway,,,,South,31
570572092,,footway,,,,South,36
573338801,,footway,,,paving_stones,New Delhi,108
576274588,,footway,,,,South-West,250
576274589,,footway,,,,South-West,485
576274590,,footway,,,,South-West,90
576522529,,footway,,,,South-East,5
576522530,,footway,,,,South-East,19
576522531,,footway,,,,South-East,11
576522532,,footway,,,paved,South-East,11
576522533,,footway,,,,South-East,18
577531959,,pedestrian,,,concrete,South-West,145
577693850,,footway,,,,South-West,179
577693852,,footway,,,,South-West,186
582090030,,footway,,,,New Delhi,1
582090033,,footway,,,,New Delhi,7
582090035,,footway,,,,New Delhi,54
582230870,,footway,,,,South,6
582230871,,footway,,,,South,2
582230872,,footway,,,,South,10
582230873,,footway,,,,South,6
582349041,,footway,,,,New Delhi,30
582355768,,footway,,,,New Delhi,24
582355769,,footway,,,,New Delhi,48
582355770,,footway,,,,New Delhi,83
582355771,,footway,,,,New Delhi,23
582355772,,footway,,,paving_stones,New Delhi,7
582355773,,footway,,,paving_stones,New Delhi,9
582355774,,footway,,,paving_stones,New Delhi,20
582355775,,footway,,,,New Delhi,11
582355779,,footway,,,,New Delhi,71
582355780,,footway,,,,New Delhi,83
582873046,,footway,,,,South-East,42
582929431,,footway,,,,New Delhi,21
583491820,,footway,,,paving_stones,New Delhi,20
583501522,,footway,,,,New Delhi,44
583501524,,footway,,,,New Delhi,30
583501528,,footway,,,,New Delhi,8
583660806,,footway,,,,South-East,50
583660807,,footway,,,,South-East,16
583665564,,footway,,,,South-East,32
583665567,,footway,,,,South-East,33
584472902,,pedestrian,,,,South,25
584472907,,pedestrian,,,,South,109
584472909,Hetraj Batra Marg,pedestrian,,,paving_stones,South,144
586012595,,footway,,,dirt,South,895
586012610,,footway,,,,South,38
586012612,,footway,,,,South,38
586087729,,footway,,,,South-West,2
586087730,,footway,,,,South,2
586087731,,footway,,,,South,50
587297990,Champa Gali,pedestrian,,,paving_stones,South,75
588273936,,footway,,,,South,28
588273937,,footway,,,,South,20
588273938,,footway,,,,South,15
589297620,,footway,,,,South,85
597069278,,footway,,,unpaved,South-East,148
605695068,,footway,,,,South-West,14
605695071,,footway,,,,South-West,14
605695090,,footway,,,,South-West,12
605695092,,footway,,,,South-West,171
605695101,,footway,,,,South-West,329
607341430,,footway,,,dirt,South,2403
608695101,,footway,,,paving_stones,West,56
608695104,,footway,link,,paving_stones,West,24
608695105,,footway,link,,paving_stones,West,22
611102336,,footway,,,,New Delhi,11
611102337,,footway,,,,New Delhi,24
614970306,,footway,,,ground,South,156
625693510,,footway,,,,South,202
625693511,,footway,,,,South,142
625693512,,footway,,,,South,182
632843083,,footway,,,,South,363
633000307,,footway,,,,South,30
633942086,,footway,sidewalk,,paved,East,287
633942087,,footway,sidewalk,,paved,East,209
638897653,,footway,,,,South,763
644732079,,footway,,,,New Delhi,192
644732080,,footway,,,,New Delhi,76
644732081,,footway,,,,New Delhi,33
644732082,,footway,,,,New Delhi,36
644732083,,footway,,,paving_stones,New Delhi,391
644732084,,footway,,,concrete,New Delhi,384
644732085,,footway,,,paving_stones,New Delhi,449
644732086,,footway,,,,New Delhi,71
644732087,,footway,,,paving_stones,New Delhi,146
644732088,,footway,,,paving_stones,New Delhi,97
644732089,,footway,,,paving_stones,New Delhi,22
644732090,,footway,,,paving_stones,New Delhi,318
645626918,,footway,,,,South-East,35
645626919,,footway,,,,South-East,31
645626920,,footway,,,,South-East,35
645626921,,footway,,,,South-East,48
648053897,,pedestrian,,,,South-East,197
651654690,,footway,,,,South-West,33
651654692,,footway,,,,South-West,37
652047006,,footway,,,,South-East,7
652047007,,footway,,,,South-East,11
652047009,,footway,,,,South-East,12
652047013,,footway,,,,South-East,12
652047015,,footway,,,,South-East,7
652159351,,footway,sidewalk,1,paved,South-East,12
652159352,,footway,sidewalk,1,paved,South-East,141
652159356,,footway,sidewalk,1,paved,South-East,250
652159359,,footway,,,,South-East,44
652159361,,footway,,,,South-East,13
652169983,,footway,,,,South-East,16
652424504,,footway,,,,South-East,11
652440576,,footway,,,,South-East,2
652440579,,footway,,,,South-East,2
652440581,,footway,,,,South-East,66
652440591,,footway,,,,South-East,2
652440593,,footway,,,,South-East,2
652440596,,footway,,,,South-East,64
652440608,,footway,,,,South-East,19
652440610,,footway,,,paving_stones,South-East,28
652440623,,footway,,,metal,South-East,2
652440625,,footway,,,,South-East,2
652440633,,footway,,,,South-East,1
652440636,,footway,,,,South-East,1
652440637,,footway,,,,South-East,2
652440640,,footway,,,,South-East,2
652440643,,footway,,,,South-East,2
652440648,,footway,,,,South-East,3
652440658,,footway,,,,South-East,1
652440667,,footway,,,,South-East,2
652440668,,footway,,,paving_stones,South-East,6
652440676,,footway,,,,South-East,2
652440681,,footway,,,metal,South-East,2
652440687,,pedestrian,,,,South-East,14
652440693,,footway,,,,South-East,10
652450092,,footway,,,,South-East,2
652450095,,footway,,,,South-East,1
652547715,,footway,,,,South-East,8
652547716,,footway,,,,South-East,7
652550635,,footway,,,asphalt,South-East,8
653004786,,footway,sidewalk,,,South-West,171
653313813,,footway,,,asphalt,South,10
653313814,,footway,,,,South,8
653313815,,footway,,,,South-East,23
653313816,,footway,,,,South,22
653313819,,footway,,,,South,14
653313820,,footway,,,,South,16
653313821,,footway,,,,South,10
653702705,,footway,,,,East,21
653702725,,footway,,,,East,115
653702726,,footway,,,,East,76
653702732,,footway,,,,East,148
653702733,,footway,,,,East,355
653702736,,footway,,,,East,2
653702737,,footway,,,,East,3
653705097,,footway,,,,East,435
654454118,,footway,,,ground,South,113
654454119,,footway,,,ground,South,194
654454120,,footway,,,ground,South,85
654454121,,footway,,,ground,South,69
658679861,,footway,,,,South-East,99
659060989,,footway,,,,South,4
659060990,,footway,,,,South,14
659063503,,footway,,,,South,2
659063505,,footway,,,,South,4
659063506,,footway,,,,South,3
659063507,,footway,,,,South,13
659283550,,footway,,,,South-East,6
659283551,,footway,,,,South-East,13
659283554,,footway,,,,South-East,11
659283944,,footway,,,,South-East,35
659285293,,footway,,,,South-East,30
659833946,,footway,,,metal,South,2
659833947,,footway,,,,South,3
659848679,,footway,,,,South,100
659848682,,footway,,,,South,77
659848683,,footway,,,,South,13
659848686,,footway,,,,South,22
659848689,,footway,,,,South,27
659848690,,footway,,,,South,13
659848691,,footway,,,,South,100
659848692,,footway,,,,South,6
659848694,,footway,,,,South,5
659848696,,footway,,,,South,5
659848697,,footway,,,,South,3
659848698,,footway,,,,South,4
659848700,,footway,,,,South,46
659848703,,footway,,,,South,4
659848704,,footway,,,,South,48
659848705,,footway,,,,South,4
659848706,,footway,,,,South,42
659848707,,footway,,,,South,30
659848708,,footway,,,,South,18
659851408,,footway,,,,South,12
659851410,,footway,,,,South,15
659980905,,footway,,,,South,4
659980906,,footway,,,,South,8
660097250,,footway,,,,New Delhi,27
660097251,,footway,,,paving_stones,New Delhi,11
660097254,,footway,,,,New Delhi,7
660097256,,footway,,,paving_stones,New Delhi,49
660097257,,footway,,,paving_stones,New Delhi,9
660123520,,footway,,,,South-East,4
660372862,,footway,,,,New Delhi,20
660372864,,footway,,,paving_stones,New Delhi,18
660372866,,footway,,,,New Delhi,13
660372868,,footway,,,paving_stones,New Delhi,17
660372870,,footway,,,paving_stones,New Delhi,12
660372872,,footway,,,paving_stones,New Delhi,2
660372874,,footway,,,paving_stones,New Delhi,4
660372876,,footway,,,paving_stones,New Delhi,58
660372878,,footway,,,,New Delhi,3
660372880,,footway,,,,New Delhi,58
660372882,,footway,,,,New Delhi,3
660372890,,footway,,,,New Delhi,23
660372892,,footway,,,paving_stones,New Delhi,15
660372894,,footway,,,,New Delhi,17
660372898,,footway,,,,New Delhi,6
660372905,,footway,,,paving_stones,New Delhi,9
660372907,,footway,,,paving_stones,New Delhi,19
660372911,,footway,,,paving_stones,New Delhi,21
660372915,,footway,,,,New Delhi,27
660372917,,footway,,,,New Delhi,4
660372919,,footway,,,,New Delhi,53
660372921,,footway,,,paving_stones,New Delhi,3
660372923,,footway,,,paving_stones,New Delhi,14
660372926,,footway,,,paving_stones,New Delhi,7
660372932,,footway,,,paving_stones,New Delhi,19
660372934,,footway,,,paving_stones,New Delhi,14
660372937,,footway,,,paving_stones,New Delhi,20
660554260,,footway,,,,South-East,3
660554261,,footway,,,,South-East,2
660554262,,footway,,,,South-East,15
660554263,,footway,,,,South-East,4
660554264,,footway,,,,South-East,2
660554265,,footway,,,,South-East,3
660554266,,footway,,,,South-East,4
660554267,,footway,,,,South-East,15
660554268,,footway,,,,South-East,2
660554269,,footway,,,,South-East,3
660554270,,footway,,,,South-East,4
660554272,,footway,,,,South-East,33
660554275,,footway,,,,South-East,15
660554276,,footway,,,,South-East,15
660554278,,footway,,,,South-East,13
660554279,,footway,,,,South-East,3
660554283,,footway,,,,South-East,13
660554284,,footway,,,,South-East,3
660554287,,footway,,,,South-East,13
660554288,,footway,,,,South-East,3
660554291,,footway,,,,South-East,15
660554293,,footway,,,,South-East,4
660554295,,footway,,,,South-East,12
660554296,,footway,,,,South-East,21
660554298,,footway,,,,South-East,11
660554300,,footway,,,,South-East,12
660554302,,footway,,,,South-East,23
660554303,,footway,,,,South-East,15
660554304,,footway,,,,South-East,78
660554305,,footway,,,,South-East,10
660554306,,footway,,,,South-East,5
660554307,,footway,,,,South-East,126
660554311,,footway,,,,South-East,5
660554313,,footway,,,,South-East,3
660554314,,footway,,,,South-East,7
660554316,,footway,,,,South-East,8
660554317,,footway,,,,South-East,3
660554318,,footway,,,,South-East,4
660682006,,footway,,,,South,11
660746633,,footway,,,,South,2
660746636,,footway,,,,South,5
660988733,,footway,,,,South-East,6
660988734,,footway,,,,South-East,7
660988735,,footway,,,,South-East,7
660988736,,footway,,,,South-East,8
660988737,,footway,,,,South-East,8
660988738,,footway,,,,South-East,8
660988739,,footway,,,,South-East,19
660988740,,footway,,,,South-East,8
660988741,,footway,,,,South-East,8
660988742,,footway,,,,South-East,8
660988743,,footway,,,,South-East,8
660988744,,footway,,,,South-East,8
660988745,,footway,,,,South-East,8
660988746,,footway,,,,South-East,8
660988747,,footway,,,,South-East,8
660994970,,pedestrian,,,,South-East,26
661089840,,footway,,,,South-East,1
661089841,,footway,sidewalk,,,South-East,62
661089842,,footway,crossing,,,South-East,7
661089843,,footway,crossing,,,South-East,6
661089844,,footway,,,,South-East,1
661089845,,footway,,,,South-East,30
661089846,,footway,sidewalk,,,South-East,1
661089847,,footway,sidewalk,,,South-East,145
661138663,,footway,,,,New Delhi,33
661138664,,footway,,,,New Delhi,10
661138665,,footway,,,,New Delhi,162
661138668,,footway,,,,New Delhi,46
661138670,,footway,,,,New Delhi,266
661138673,,footway,,,,New Delhi,49
661138675,,footway,,,,New Delhi,161
661138679,,footway,,,,New Delhi,159
661138681,,footway,,,,New Delhi,20
661138683,,footway,,,,New Delhi,38
661138684,,footway,,,,New Delhi,398
661338360,,footway,crossing,,asphalt,New Delhi,7
661338361,,footway,,,paving_stones,New Delhi,69
662256257,,footway,,,concrete,South-East,31
662293433,,pedestrian,,,concrete,South-West,163
662293434,Wind Tunnel,pedestrian,,,concrete,South-West,24
662311122,,footway,,,,East,6
662311123,,footway,,,,East,18
662721014,,footway,crossing,,paving_stones,South,14
662973176,,footway,,,,South-West,43
662973179,,footway,,,,South-West,43
662973182,,footway,,,,South-West,63
662973184,,footway,,,,South,8
662973186,,footway,,,,South-West,5
662973190,,footway,,,,South-West,7
662973192,,footway,,,,South-West,123
662973195,,footway,,,,South-West,123
662973197,,footway,,,,South-West,4
662973201,,footway,,,,South-West,5
662973210,,footway,,,,South-West,2
662973214,,footway,,,,South-West,7
662973218,,footway,,,,South-West,16
662973220,,footway,,,,South-West,10
662973222,,footway,,,,South-West,5
662973224,,footway,,,,South,5
662973225,,footway,,,,South,9
662973226,,footway,,,,South,8
662973229,,footway,,,,South,5
663076297,,footway,,,,South,13
663076298,,footway,,,,South,27
663076301,,footway,,,,South,11
663076302,,footway,,,,South,12
663076305,,footway,,,,South,11
663076306,,footway,,,,South,10
663076310,,footway,,,,South,11
663076313,,footway,,,,South,7
663076314,,footway,,,,South,6
663076315,,footway,,,,South,7
663076316,,footway,,,,South,6
663076317,,footway,,,,South,8
663076318,,footway,,,,South,5
663076319,,footway,,,,South,7
663076320,,footway,,,,South,3
663076321,,footway,,,,South,3
663076322,,footway,,,,South,8
663076323,,footway,,,,South,4
663076324,,footway,,,,South,3
663076325,,footway,,,,South,8
663757318,,footway,,,,South-West,4
663757319,,footway,,,,South-West,3
663757320,,footway,,,,South-West,3
663757323,,footway,,,,South-West,3
663757324,,footway,,,,South-West,4
663757325,,footway,,,,South-West,8
663757326,,footway,,,,South-West,9
663757327,,footway,,,,South-West,6
663757328,,footway,,,,South-West,14
663757329,,footway,,,,South-West,14
663757330,,footway,,,,South-West,16
663757331,,footway,,,,South-West,23
663757336,,footway,,,,South-West,36
663757337,,footway,,,,South-West,27
663757338,,footway,,,,South-West,18
663757339,,footway,,,,South-West,23
663757340,,footway,,,,South-West,3
663757341,,footway,,,,South-West,3
663757344,,footway,,,,South-West,9
663757345,,footway,,,,South-West,8
663757346,,footway,,,,South-West,3
663757347,,footway,,,,South-West,3
663757349,,footway,,,,South-West,8
663757350,,footway,,,,South-West,12
663757351,,footway,,,,South-West,73
663757353,,footway,,,,South-West,5
663757354,,footway,,,,South-West,22
663757355,,footway,,,,South-West,21
663757356,,footway,,,,South-West,18
663757357,,footway,,,,South-West,28
663757360,,footway,,,,South-West,2
663757361,,footway,,,,South-West,9
663757362,,footway,,,,South-West,6
663757363,,footway,,,,South-West,9
663757368,,footway,,,,South-West,9
663757369,,footway,,,,South-West,26
663846464,,footway,,,,South-West,5
664453151,,footway,,,paving_stones,South,123
665275864,Footover Bridge,footway,,,,South-East,41
665275866,,footway,,,,South-East,14
665275868,,footway,,,,South-East,12
665875927,,footway,,,,South,38
668224311,,footway,,,,South,15
668467033,,footway,,,,South,4
668468056,,footway,,,,South-West,43
668809526,,footway,,,,South,24
668809527,,footway,,,,South,4
668809530,,footway,,,asphalt,South,4
669087509,,footway,,,,South,14
669087510,,footway,,,,South,3
669087511,,footway,,,,South,16
669087512,,footway,,,,South,3
669087513,,footway,sidewalk,,,South,31
669087514,,footway,,,,South,3
669105815,,footway,sidewalk,,,South,3
669105819,,footway,sidewalk,,,South,166
669272657,,footway,,,,South,1
669272661,,footway,sidewalk,,,South,34
669272664,,footway,sidewalk,,,South,40
669272666,,footway,,,,South,19
669272669,,footway,,,,South,17
669272671,,footway,,,,South,1
669272673,,footway,,,,South,3
669272676,,footway,,,,South,41
669510690,,footway,,,,South,11
669580361,,footway,,,,South,5
670023006,,footway,,,,South,52
671279923,,footway,,,,South-East,11
671330678,,footway,sidewalk,,,South,2
671330679,,footway,sidewalk,,,South,104
671489615,,footway,crossing,,,New Delhi,6
671489616,,footway,crossing,,,New Delhi,16
671489617,,footway,crossing,,,New Delhi,14
672153684,,footway,,,,New Delhi,10
672153685,,footway,,,,New Delhi,9
672156144,,footway,,,,South,14
672156146,,footway,,,,South,21
672156149,,footway,,,,South,7
672268150,,footway,,,paving_stones,South-East,58
673710059,,footway,,,,South-West,2
673710061,,footway,,,,South-West,26
673710063,,footway,,,asphalt,South-West,4
673710064,,footway,,,,South-West,37
673710065,,footway,,,,South-West,31
673710066,,footway,,,,South-West,30
674180472,,footway,,,,South,30
674373146,,footway,,,,South,35
677478171,,footway,,,,South-East,8
677478172,,footway,,,,South-East,8
677478173,,footway,,,,South-East,8
677478174,,footway,,,,South-East,24
677798314,,footway,,,asphalt,South-East,38
677798317,,footway,,,,South-East,695
678676510,,footway,,,,New Delhi,8
680512590,,footway,sidewalk,,paving_stones,New Delhi,420
681341414,,footway,,,,South,65
681341417,,footway,,,,South,37
682195896,,footway,,,,South-East,27
682841658,,footway,crossing,,,South-West,13
682841659,,footway,crossing,,,South-West,12
682848213,,footway,crossing,,,South,41
682865170,,footway,sidewalk,,,East,192
682865171,,footway,sidewalk,,,East,2071
682871467,,footway,,,,South-East,48
682871471,,footway,,,,South-East,4
683702984,,footway,,,,South,6
684512046,,footway,,,metal,East,90
685593865,,footway,,,paving_stones,South-West,97
685634054,,footway,,,paving_stones,South,175
685777598,,footway,,,dirt,South-West,135
685777602,,footway,,,dirt,South-West,362
686929478,,footway,,,,South,125
688609119,,pedestrian,,,paving_stones,South-East,99
689154565,,footway,,,paving_stones,South-East,353
689177368,,footway,,,,South-East,113
689675563,,footway,crossing,,,South-West,31
690151419,,footway,crossing,,,South-West,13
690266866,,footway,,,,South-East,1
690266869,Subway,footway,,8,,South-East,54
691621244,,footway,,,,South,11
691621248,,footway,crossing,,,South,12
691637290,,footway,,,,South-West,884
691975873,,footway,,,,East,677
695953901,,footway,,,,South,39
696177310,,pedestrian,,,,East,264
696179893,,footway,,,paving_stones,East,5
696179895,,footway,,,paving_stones,East,5
696182643,,footway,,,,East,19
696353257,,footway,crossing,,,New Delhi,10
696355278,,footway,,,,South-East,118
696605897,,pedestrian,,,,South-East,103
696644446,,pedestrian,,,,South-East,7
696835790,,pedestrian,,,,South-East,25
697784571,,footway,,,,South-East,4
697784572,,footway,,,,South-East,95
698298770,,footway,,,,South-East,33
698298775,,footway,,,paving_stones,South-East,141
698298776,,footway,,,paving_stones,South-East,523
699368202,,footway,,,,South-East,72
699368203,,footway,,,,South-East,443
699370940,,footway,,,,South,209
699372446,,footway,,,,South,549
699609057,,footway,,,,New Delhi,77
699609058,,footway,,,,New Delhi,138
699609059,,footway,,,,New Delhi,249
699609060,,footway,,,,New Delhi,204
699609061,,footway,,,,New Delhi,76
699609062,,footway,,,,New Delhi,67
699609063,,footway,,,,New Delhi,59
699652644,,pedestrian,,,,South-West,64
700028384,,footway,,,,South-East,298
700297011,,footway,,,paving_stones,New Delhi,3
700783300,Subway,footway,,8,,South-East,57
700783301,,pedestrian,,,paving_stones,South-East,143
700783302,,footway,crossing,,,South-East,36
700783303,,pedestrian,,,,South-East,196
700787130,,footway,,,,South-East,427
700789011,,footway,crossing,2,,South-East,39
700807612,,footway,sidewalk,,,Central,371
700807613,,footway,crossing,,,Central,28
700807614,,footway,sidewalk,,asphalt,Central,537
700807615,,footway,,,sett,Central,179
700807616,,footway,,,sett,Central,11
700807617,,footway,,,sett,Central,36
700807618,,footway,,,sett,Central,11
702121790,,footway,sidewalk,,,South-East,848
702121791,,footway,sidewalk,,,South-East,691
706406100,,footway,,,,South,4
706406101,,footway,,,,South,31
706406102,,footway,,,,South,352
706844570,,footway,,,,South-East,15
708058871,,footway,,,,South,16
708502967,,footway,,,,New Delhi,53
708532733,,footway,,,,New Delhi,15
712622057,,footway,,,,South-East,399
712622058,,footway,,,,South-East,89
712622059,,footway,,,,South-East,197
712622060,,footway,,,,South-East,11
712622061,,footway,,,,South-East,61
712992085,,footway,,,sett,New Delhi,273
717602353,,footway,crossing,,,South,11
718065532,,footway,,,,South,38
719658505,,footway,,,,South-West,4
720546574,,footway,sidewalk,,paving_stones,New Delhi,747
720546575,,footway,,,,New Delhi,3
720735031,,footway,crossing,,asphalt,New Delhi,22
720735032,,footway,,,paving_stones,New Delhi,23
720735034,,footway,,,paving_stones,New Delhi,4
721245476,,footway,crossing,,,South,65
721245479,,footway,crossing,,,South,56
721897430,,footway,crossing,,concrete,South-West,38
721897431,,footway,crossing,,,South,35
722229453,,footway,sidewalk,,,South-East,81
722229455,,footway,crossing,,,South-East,32
722261675,,footway,,,,South,15
722443716,,pedestrian,,,asphalt,South-East,85
723394605,,footway,crossing,,,South-East,17
723517287,,footway,,,,South,58
724090886,,footway,,,paved,South,163
724090888,,footway,,,,South,91
724090889,,footway,,,,South,172
724090893,,footway,,,paved,South,154
724090894,,footway,,,paved,South,128
724090895,,footway,,,asphalt,South,128
724090896,,footway,,,dirt,South,220
724094940,,footway,,,,South,50
724094943,,footway,,,,South,268
724094944,,footway,,,,South,65
724094945,,footway,,,,South,46
724094946,,footway,,,,South,88
724094947,,footway,,,,South,102
724094948,,footway,,,,South,124
724102555,,footway,,,,South,178
724143246,,footway,,,concrete:plates,South,143
724143247,,footway,,,concrete:plates,South,40
724143659,,footway,,,concrete:plates,South,61
724147645,,footway,,,,South,27
724147647,,footway,,,,South,93
724147648,,footway,,,,South,9
724147649,,footway,,,,South,35
724147650,,footway,,,,South,143
724149912,,footway,,,dirt,South,44
724149913,,footway,,,dirt,South,70
724150248,,footway,,,dirt,South,31
724150353,,footway,,,dirt,South,53
724312168,,footway,,,,South,79
724312442,,footway,,,,South,86
724312443,,footway,,,,South,21
724312444,,footway,,,,South,19
724357125,,footway,,,,South,90
724380673,,footway,,,dirt,South,85
724559425,,footway,,,concrete,South,88
728054638,,footway,crossing,,,South,12
729897420,,footway,,,,East,81
729912300,,footway,crossing,,,South,16
729959839,,footway,,,metal,East,92
730985200,,footway,,,,South,30
731556937,,footway,crossing,,asphalt,East,58
732907415,,footway,,,,South-West,15
733572422,,footway,crossing,,,East,39
733572423,,footway,crossing,,,East,40
733572428,,footway,,,,East,141
733579815,,footway,crossing,,,South-East,22
733740799,,footway,,,,East,57
734726989,,footway,,,,New Delhi,44
734813180,,footway,sidewalk,,paving_stones,New Delhi,243
734818362,,footway,,,,South-West,513
734824175,,footway,,,,West,79
734826589,,footway,,,,South-East,3
734826591,,footway,,,,South-East,6
734826599,,footway,,,,South-East,2
734826600,,footway,,,,South-East,132
734826605,,footway,,,,South-East,126
734826608,,footway,,,,South-East,3
735054803,,footway,,,,South-West,422
735054876,,footway,,,,South-West,292
735067317,,footway,,,,South-West,302
735071368,,footway,,,,New Delhi,30
735072162,,footway,,,,South-East,9
735072163,,footway,,,,South-East,74
735072196,,footway,,,,South-East,145
735072578,,footway,,,,Central,45
735088672,,footway,,,,South-East,427
735092474,,footway,,,,West,99
735092629,,footway,,,,South,17
735092630,,footway,,,,South,54
735093054,,footway,,,,South,82
735111688,,footway,,,,New Delhi,121
735112587,,footway,,,paving_stones,South-West,52
735116822,,footway,,,,South,217
735116986,,footway,,,,South,3
735117371,,footway,,,,South,31
735117598,,footway,,,,South,61
735118026,,footway,,,,Central,287
735119539,,footway,,,,East,16
735119540,,footway,sidewalk,,,East,95
735124009,,footway,,,,South,301
735124233,,footway,,,paving_stones,South,351
735124234,,footway,,,,South,27
735127898,,footway,sidewalk,,,East,9
735127899,,footway,,,,East,11
735127900,,footway,,,,East,48
737080004,,footway,,,,East,17
738185936,,footway,,,paving_stones,South,29
738895051,,footway,,,sett,New Delhi,12
738895053,,footway,,,paving_stones,New Delhi,13
738895054,,footway,,,paving_stones,New Delhi,637
738895056,,footway,,,paving_stones,New Delhi,79
740134978,,footway,,,,South-West,151
740134983,,footway,,,,South-West,188
740206499,,footway,,,,New Delhi,4
740206502,,footway,,,,New Delhi,39
740390429,,footway,,,,South-West,4
740390430,,footway,,,,South-West,30
743312246,,footway,,,,New Delhi,66
743786582,,footway,crossing,,,South-West,12
746761886,,footway,,,concrete,South-West,25
746761887,,footway,,,metal,South,54
748560056,,footway,,,,South,32
748560057,,footway,,,,South,5
748622316,,footway,,,paving_stones,South-East,56
750054541,,footway,,,,South,332
750054542,,footway,,,,South,17
751023990,,footway,,,,South-East,9
751023993,,footway,,,,South-East,5
751023994,,footway,,,,South-East,15
751466977,,footway,,,,South-East,3
751588108,,footway,crossing,,,South,32
754391957,,footway,sidewalk,,paved,South-West,68
754391967,,footway,link,,paved,South-West,29
756172722,,footway,crossing,,,New Delhi,23
756540876,,footway,,,paving_stones,South,18
756540877,,footway,sidewalk,,,South,10
756540880,,footway,sidewalk,,paving_stones,South,8
756540881,,footway,sidewalk,,paving_stones,South,28
756606515,,footway,sidewalk,,paving_stones,South,44
756857030,,footway,,,,South,11
756857031,,footway,,,,South,8
756950305,,pedestrian,,,,South-East,121
756959818,,footway,,,,South-East,437
757279919,,footway,,,,South-East,42
758362412,,footway,,,,South,11
758362413,,footway,,,,South,7
759593460,,footway,sidewalk,,,South-East,12
759593463,,footway,sidewalk,,,South-East,107
759593465,,footway,sidewalk,,,South-East,47
759593467,,footway,crossing,,,South-East,33
759808248,,footway,,,,South,9
759808249,,footway,,,,South,9
759817111,,footway,sidewalk,,,South-East,18
759817112,,footway,sidewalk,,,South-East,80
763110790,,footway,,,,South-East,32
763110791,,footway,crossing,,,South-East,34
763310840,,footway,crossing,,,South-West,26
765435707,,footway,,,,South,55
765435708,,footway,,,,South,50
765435709,,footway,,,,South,58
765438289,,footway,sidewalk,,paving_stones,South,201
765443310,,footway,,,,South,47
767442798,,footway,crossing,,,South-East,10
767442800,,footway,crossing,,concrete,South-East,29
767442801,,footway,crossing,,,South-East,10
767444492,,footway,,,,South,40
767618464,,footway,,,,South,4
767622261,,footway,,,,East,560
768119519,,footway,,,,East,15
768498457,,footway,,,paving_stones,South-East,6
768594572,,footway,sidewalk,,,New Delhi,73
769467804,,footway,sidewalk,,,South,296
769587976,,footway,sidewalk,,paving_stones,South-East,299
769587995,,footway,crossing,,,South,16
769587996,,footway,crossing,,,South,17
769587997,,footway,crossing,,,South,21
769587998,,footway,crossing,,,South,10
769588000,,footway,crossing,,,South-East,21
769588001,,footway,crossing,,,South-East,12
769588006,,footway,sidewalk,,,South,238
769588767,,footway,,,,South,38
769588768,,footway,,,,South,39
769878130,,footway,,,,South-West,14
769878131,,footway,,,,South-West,10
769878132,,footway,,,,South-West,7
769878133,,footway,,,,South-West,18
769878134,,footway,,,,South-West,8
769878135,,footway,,,,South-West,19
769879127,,footway,crossing,,,South-West,17
769879128,,footway,,,,South-West,7
769883146,,footway,crossing,,,South-West,20
770315067,,footway,,,,West,143
770329754,,footway,crossing,,,South-East,18
770329755,,footway,crossing,,,South-East,21
770397421,,footway,crossing,,,South,6
772150065,,footway,,,,Central,40
772150066,,footway,,,,Central,33
772150067,,footway,,,,Central,3
772150068,,footway,,,,Central,5
772166825,,footway,crossing,,,East,15
772166828,,footway,sidewalk,,,East,579
772166829,,footway,crossing,,,East,14
772166830,,footway,,,,East,15
772166832,,footway,sidewalk,,,East,22
772166833,,footway,sidewalk,,,East,49
772166835,,footway,sidewalk,,,East,19
772166836,,footway,sidewalk,,asphalt,East,65
772166837,,footway,crossing,,,East,15
772166838,,footway,crossing,,,East,19
772166839,,footway,sidewalk,,,East,192
772166841,,footway,sidewalk,,,East,13
772327695,,footway,sidewalk,,,East,22
772327696,,footway,sidewalk,,,East,6
772327697,,footway,sidewalk,,,East,48
772327700,,footway,sidewalk,,,East,279
772719936,,footway,crossing,,,East,9
772719937,,footway,sidewalk,,paving_stones,East,83
772719938,,footway,crossing,,,East,27
772719941,,footway,crossing,,,East,9
772719946,,footway,sidewalk,,,East,232
772719949,,footway,crossing,,,East,10
772719951,,footway,sidewalk,,,East,143
774540825,,footway,sidewalk,,,South-West,414
774545127,,footway,,,,South-West,4
774545128,,footway,sidewalk,,paving_stones,South-West,144
774604580,,footway,crossing,,,South-East,32
774604581,,footway,crossing,,,South-East,32
774606008,,footway,sidewalk,,paving_stones,South-East,485
774615232,,footway,,,,East,990
774629605,,footway,sidewalk,,,East,64
777211361,,footway,,,paving_stones,South-West,18
778204102,,footway,crossing,,,New Delhi,54
778204104,,footway,crossing,,,New Delhi,47
778204106,,footway,crossing,,,New Delhi,6
778204111,,footway,crossing,,,New Delhi,13
778207710,,footway,,,,New Delhi,33
778522541,,footway,crossing,,,Central,12
778522542,,footway,crossing,,,Central,12
778522543,,footway,crossing,,,Central,8
778522545,,footway,crossing,,,Central,11
778522547,,footway,crossing,,,Central,11
778522548,,footway,crossing,,,Central,11
778522550,,footway,crossing,,,Central,10
778522552,,footway,crossing,,,Central,13
778522553,,footway,crossing,,,Central,11
778522554,,footway,crossing,,,Central,12
778522558,,footway,crossing,,,Central,10
778549693,,footway,,,,Central,3
779077039,,footway,,,,New Delhi,20
779605725,,footway,crossing,,asphalt,East,8
780129424,,footway,,,paving_stones,New Delhi,1757
780129425,,footway,crossing,,concrete,New Delhi,23
780129426,,footway,,,paving_stones,New Delhi,3146
780129427,,footway,crossing,,asphalt,New Delhi,25
780136182,,footway,,,,New Delhi,17
780136184,,footway,,,,New Delhi,16
780136185,,footway,sidewalk,,paving_stones,New Delhi,251
780228738,,footway,crossing,,,South,17
780228740,,footway,crossing,,,South,33
782334780,,footway,,,,New Delhi,21
783084114,,footway,crossing,,asphalt,New Delhi,50
814940335,,footway,crossing,,,Central,24
814940336,,footway,crossing,,,Central,51
818709478,,footway,,,paving_stones,South,422
818709480,,footway,,,paving_stones,South,251
818709481,,footway,,,,South,12
819419188,,footway,,,,South,154
819742097,,footway,,,,South,6
825476047,,footway,,,,West,9
825476048,,footway,,,,West,15
825476049,,footway,,,,West,20
825476050,,footway,,,,West,13
825476051,,footway,,,,West,11
825476052,,footway,,,,West,6
845067041,,footway,,,,South-West,11
852601465,,footway,,,paving_stones,East,34
854903774,ITO Skywalk,footway,,,,New Delhi,265
854903775,,footway,,,,New Delhi,120
854903776,,footway,,,,New Delhi,81
854903777,,footway,,,paving_stones,Central,17
858503342,,footway,,,paving_stones,East,12
858503343,Pocket-4 Park Footpath,footway,,,paving_stones,East,161
859691642,,footway,,,paving_stones,East,18
859691643,,footway,,,,East,20
859691644,,footway,,,,East,24
859691649,,footway,,,paving_stones,East,5
860318903,,footway,,,paving_stones,East,64
860318904,,footway,,,paving_stones,East,25
868154152,,footway,,,,Central,505
868636598,,footway,,,paving_stones,East,12
868636600,,footway,,,dirt,East,131
868636601,,footway,,,paving_stones,East,29
870335642,,footway,,,paving_stones,East,39
870335643,,footway,,,paving_stones,East,83
870335644,,footway,,,paving_stones,East,78
870335646,,footway,,,,East,25
870335647,,footway,,,,East,154
870335650,,footway,,,paving_stones,East,63
870335655,,footway,,,paving_stones,East,7
870335656,,footway,,,paving_stones,East,25
870335663,,footway,,,paving_stones,East,44
870335664,,footway,,,paving_stones,East,201
873021767,Anand Lok DDA Park Walkway,pedestrian,,,paving_stones,East,76
873021768,Anand Lok DDA Park Walkway,pedestrian,,,paving_stones,East,126
895122206,,footway,,,,New Delhi,32
895122207,,footway,,,,New Delhi,71
895122208,,footway,crossing,,,New Delhi,9
895122209,,footway,sidewalk,,,New Delhi,136
895122210,,footway,crossing,,,New Delhi,51
915035151,,footway,,,,New Delhi,22
916241343,,footway,,,,South-East,126
916559488,,footway,,,,South-East,170
916559491,,footway,,,,South-East,69
923756407,,footway,,,,East,86
945172870,,footway,,,,New Delhi,193
959765687,,footway,,,,South-West,55
960937105,,footway,sidewalk,,paving_stones,Central,381
960937106,,footway,,,,South-East,514
962692157,,footway,,,,South-West,8
962692167,,footway,,,,South-West,3
963014654,,footway,,,,South-West,7
963014655,,footway,,,,South-West,9
969811726,,footway,,,,East,10
970108331,,footway,,,paving_stones,East,57
970569215,,footway,crossing,,,New Delhi,10
971085192,,footway,sidewalk,,,South,237
976570052,,footway,,,,New Delhi,4
976570055,,footway,crossing,,,New Delhi,45
976603096,,footway,crossing,,,Central,31
977868756,,footway,crossing,,,Central,12
977881113,,footway,crossing,,,Central,10
982729138,,pedestrian,,,paved,South-West,177
982729139,,pedestrian,,,paved,South-West,89
982729140,,pedestrian,,,paved,South-West,32
982729141,,pedestrian,,,paved,South-West,54
983558638,,footway,crossing,,,East,22
983558639,,footway,crossing,,,East,19
984894440,,footway,crossing,,,East,25
985073608,,footway,,,,East,5
985073610,,footway,,,,East,5
985095259,,footway,sidewalk,,asphalt,East,177
985100623,,footway,crossing,,,East,24
985100624,,footway,crossing,,,East,24
986016698,,footway,,,paving_stones,South-East,6
990638397,,footway,crossing,,,South-East,19
990939638,,footway,,,,East,224
991084958,,footway,sidewalk,,,New Delhi,517
992141377,,pedestrian,,,,South-East,41
993272028,,footway,,,,East,252
993272029,,footway,,,,East,100
993272030,,footway,,,,East,4
993272031,,footway,,,,Shahdara,288
993272032,,footway,,,,Shahdara,5
993862148,,footway,,,,New Delhi,9
993862151,,footway,,,,New Delhi,9
995562946,,footway,crossing,,,Central,32
995792201,,footway,crossing,,,New Delhi,18
995804044,,footway,crossing,,,New Delhi,48
996188729,,footway,sidewalk,,asphalt,New Delhi,485
996188730,,footway,crossing,,,New Delhi,8
996188731,,footway,sidewalk,,,New Delhi,28
996188732,,footway,sidewalk,,,New Delhi,157
997393355,,footway,crossing,,asphalt,East,19
997395557,,footway,crossing,,asphalt,East,17
997761549,,footway,crossing,,,New Delhi,30
997761554,,footway,,,,New Delhi,140
997761555,,footway,sidewalk,,,New Delhi,183
998141569,,footway,crossing,,,East,26
998149691,,footway,crossing,,,East,32
998154291,,footway,crossing,,,East,28
998154292,,footway,crossing,,,East,18
998302817,,footway,,,,South-West,162
998790348,,footway,,,paving_stones,Central,16
998790349,,footway,sidewalk,,,Central,625
1000443873,,footway,,,,New Delhi,8
1000443875,,footway,,,,New Delhi,57
1000443877,,footway,,,,New Delhi,3
1000443878,,footway,,,,New Delhi,38
1000905446,,footway,,,metal,East,151
1000907193,,footway,crossing,,,East,33
1000907194,,footway,crossing,,,East,33
1001015117,,footway,sidewalk,,,New Delhi,20
1001015118,,footway,sidewalk,,,New Delhi,13
1005785438,,footway,sidewalk,,asphalt,New Delhi,71
1007242803,,footway,sidewalk,,,New Delhi,130
1010477871,,footway,sidewalk,,paving_stones,New Delhi,53
1010477872,,footway,sidewalk,,paving_stones,New Delhi,59
1011218452,,footway,sidewalk,,,South,831
1011218453,,footway,sidewalk,,,South,28
1011218456,,footway,,,,South,184
1024116195,,pedestrian,,,,New Delhi,27
1024183243,,footway,,,,New Delhi,261
1024184354,,footway,,,,New Delhi,348
1024184355,,footway,,,,New Delhi,384
1024184356,,footway,,,,New Delhi,38
1024184357,,footway,,,,New Delhi,43
1024187832,,footway,,,,New Delhi,116
1024187833,,footway,,,,New Delhi,7
1024424765,,footway,,,,New Delhi,492
1024424766,,footway,,,,New Delhi,111
1024440466,,footway,,,,New Delhi,8
1024440467,,footway,,,,New Delhi,8
1025079096,,footway,,,,New Delhi,197
1025079097,,footway,,,,New Delhi,199
1025079098,,pedestrian,,,,New Delhi,198
1025079420,,footway,,,,New Delhi,165
1025079421,,footway,,,,New Delhi,182
1025729565,,footway,,,,New Delhi,7
1025732662,,footway,sidewalk,,paving_stones,New Delhi,885
1025732663,,footway,sidewalk,,,New Delhi,887
1025732664,,footway,sidewalk,,paving_stones,New Delhi,891
1025732665,,footway,sidewalk,,paving_stones,New Delhi,903
1025732666,,footway,sidewalk,,,New Delhi,1308
1026896435,,pedestrian,,,,New Delhi,175
1033780538,,footway,,,,South,6
1033780539,,footway,,,,South,5
1033780540,,footway,,,,South,31
1034768950,,footway,,,,New Delhi,44
1034768953,,footway,,,,New Delhi,71
1034771074,,footway,,,,New Delhi,49
1034771077,,footway,,,,New Delhi,53
1035763352,,footway,,,,Central,27
1035763353,,footway,,,,Central,29
1035763356,,footway,,,,Central,21
1037032851,,pedestrian,,,,East,10
1037142362,,footway,,,,East,29
1037346013,,pedestrian,,,concrete,South-West,12
1037346014,,pedestrian,,,paved,South-West,7
1039341285,,footway,,,,East,8
1039608306,,footway,,,paving_stones,East,18
1039608307,,footway,,,paving_stones,East,19
1039608308,,footway,,,paving_stones,East,20
1039608309,,footway,,,paving_stones,East,19
1039608310,,footway,,,paving_stones,East,79
1039608311,,footway,,,paving_stones,East,232
1042581277,,footway,,,,New Delhi,33
1042590703,,footway,,,,New Delhi,109
1043320375,,footway,crossing,,,West,13
1043365655,,footway,,,,New Delhi,31
1043426507,,footway,,,,New Delhi,14
1043426508,,footway,,,,New Delhi,2
1043426510,,footway,,,,New Delhi,41
1043426511,,footway,,,,New Delhi,18
1043426513,,footway,,,,New Delhi,2
1043761812,,footway,,,,New Delhi,85
1043761813,,footway,,,,New Delhi,54
1044470359,,footway,crossing,,asphalt,East,22
1049897219,,footway,,,,South-East,62
1053579113,,footway,crossing,,,New Delhi,28
1054180956,,footway,,,concrete:plates,South,86
1055605647,,footway,,,,West,47
1055691706,,footway,,,,South,12
1056418100,,footway,crossing,,,New Delhi,19
1057069152,,pedestrian,,,,South-East,22
1057503764,,pedestrian,,,,East,61
1057550314,,footway,,,,South-East,9
1057879332,,footway,,,,South-East,26
1057986370,,footway,,,paving_stones,Central,37
1063502954,,footway,crossing,,,South,8
1063502955,,footway,crossing,,,South,8
1065072919,,footway,,,,South-East,14
1065073417,,footway,,,,South-East,14
1071446283,,footway,sidewalk,,,South-East,600
1071446284,,footway,sidewalk,,,South-East,490
1071450864,,footway,,,,South-West,92
1071645182,,footway,,,concrete,East,65
1071951972,,footway,,,,South-West,90
1073731728,,footway,,,,Shahdara,339
1074392480,,footway,,,,South-East,194
1074442141,,footway,,,,South-East,74
1074442142,,footway,,,,South-East,214
1074474574,,footway,,,,South,39
1074474575,,footway,,,paving_stones,South,34
1074474576,,footway,,,paving_stones,South,42
1074474577,,footway,,,concrete:plates,South,42
1074474578,,footway,,,paving_stones,South,66
1074701054,,pedestrian,,,,South-West,59
1075305015,,footway,,,,South-West,94
1075735441,,footway,,,,New Delhi,30
1075735442,,footway,,,,New Delhi,28
1076044686,,pedestrian,,,,South-West,10
1076264724,,footway,,,,South,112
1076264725,,footway,,,,South,69
1076893195,,footway,,,,South,173
1076893196,,footway,,,,South,37
1076893197,,footway,,,,South,5
1076893198,,footway,,,,South,18
1077602476,,pedestrian,,,,Central,105
1077869675,,footway,,,,East,41
1078433968,,footway,,,paving_stones,South-East,83
1078776041,,footway,crossing,,,South-West,12
1080176810,,footway,,,,South,50
1083706904,,footway,,,,East,21
1084402401,,footway,,,,South-West,7
1084497291,,footway,,,,South-East,47
1084585798,,footway,,,,South,24
1084593310,,footway,,,,South-East,6
1084593313,,footway,,,,South-East,17
1087934072,,footway,,,,South,809
1087934073,,footway,,,,South,135
1087934074,,footway,,,,South,357
1087934075,,footway,,,,South,629
1090117190,,footway,,,,South-East,9
1090117191,,footway,,,,South-East,9
1095293726,,pedestrian,,,,South-West,191
1097550747,,footway,,,paving_stones,South-West,489
1097550748,,footway,,,paving_stones,South-West,500
1097558602,,footway,,,,South-West,129
1097564978,,footway,,,concrete,South-West,27
1097564980,,footway,,,,South-West,67
1097564984,,footway,,,,South-West,73
1097564992,,footway,,,,South-West,35
1097566822,,footway,,,,South-West,105
1097567210,,footway,,,,South-West,54
1097567211,,footway,,,,South-West,20
1097567212,,footway,,,,South-West,33
1106796945,,footway,,,paving_stones,Central,73
1106796947,,footway,,,paving_stones,Central,70
1106796949,,footway,,,paving_stones,Central,47
1109233261,,footway,,,,South,78
1109235078,,footway,,,,South,49
1113003396,,footway,,,,South,26
1116340933,,footway,,,,South,358
1117041445,,footway,,,,South,45
1117108192,,footway,,,,South-East,34
1118787793,,footway,,,,South-East,121
1118787794,,footway,,,,South-East,67
1118788112,,footway,,,,South-East,29
1118790051,,footway,,,paving_stones,South-East,20
1118790052,,footway,,,,New Delhi,249
1118790053,,footway,,,,New Delhi,200
1118792082,,footway,,,,South-West,118
1118793202,,footway,,,,South,14
1118793203,,footway,,,paving_stones,South,33
1118936921,,footway,,,,South,54
1118940291,,footway,,,,South,62
1118940292,,footway,,,,South,51
1119548714,,footway,,,,New Delhi,2
1119548715,,footway,,,,New Delhi,31
1119548716,,footway,,,,New Delhi,3
1119548717,,footway,,,,New Delhi,4
1119548718,,footway,,,,New Delhi,3
1119548719,,footway,,,,New Delhi,3
1119548720,,footway,,,,New Delhi,3
1119548721,,footway,,,,New Delhi,35
1119548722,,footway,,,,New Delhi,4
1119548723,,footway,,,,New Delhi,3
1119548724,,footway,,,,New Delhi,4
1119548731,,pedestrian,,,,New Delhi,27
1119548732,,pedestrian,,,,New Delhi,10
1119548733,,pedestrian,,,,New Delhi,49
1119638714,,footway,,,,New Delhi,4
1119638721,,pedestrian,,,,Central,12
1119638722,,pedestrian,,,,New Delhi,52
1119902149,,footway,,,sett,New Delhi,26
1119902150,,footway,,,sett,New Delhi,31
1119916544,,footway,,,compacted,New Delhi,643
1119916545,,footway,,,compacted,New Delhi,204
1119916546,,footway,,,,New Delhi,208
1119916547,,footway,crossing,,,South,8
1119916548,,footway,crossing,,asphalt,South,27
1119916549,,footway,crossing,,,South,29
1120014342,,footway,,,,New Delhi,67
1120015372,,footway,,,,South,100
1120171110,,footway,,,,South-East,32
1120171111,,footway,,,,South-East,243
1120171114,,footway,,,,South-East,40
1120524370,,footway,,,,West,33
1120524371,,footway,,,,West,7
1120524372,,footway,,,,West,152
1120524373,,footway,,,,West,140
1120524375,,footway,,,,West,45
1120524376,,footway,,,,West,56
1120524378,,footway,,,,West,13
1120524379,,footway,,,,West,147
1120524380,,footway,,,,West,70
1120524381,,footway,,,,West,76
1120524382,,footway,,,,West,41
1120524383,,footway,,,,West,37
1120524384,,footway,,,,West,39
1120524385,,footway,,,,West,126
1120528079,,footway,,,,South-West,47
1120528104,,footway,,,,South-West,59
1120528105,,footway,,,,South-West,34
1120534750,,footway,,,paving_stones,New Delhi,21
1120536731,,footway,,,,New Delhi,77
1120536733,,footway,,,,New Delhi,83
1120538428,,footway,,,,South-West,126
1120538429,,footway,,,,South-West,64
1120538441,,footway,,,,South-West,93
1120538442,,footway,,,,South-West,13
1120538443,,footway,,,,South-West,37
1120538444,,footway,,,,South-West,24
1120538445,,footway,,,,South-West,70
1120538446,,footway,,,,South-West,17
1120538447,,footway,,,,South-West,129
1120538448,,footway,,,,South-West,237
1120538449,,footway,,,,South-West,28
1120538450,,footway,,,,South-West,133
1120538451,,footway,,,,South-West,9
1120538452,,footway,,,,South-West,33
1120538453,,footway,,,,South-West,56
1120538454,,footway,,,,South-West,49
1120538455,,footway,,,,South-West,35
1120538456,,footway,,,,South-West,84
1120538457,,footway,,,,South-West,49
1120538458,,footway,,,,South-West,90
1120538459,,footway,,,,South-West,10
1120538460,,footway,,,,South-West,46
1120538461,,footway,,,,South-West,75
1120538462,,footway,,,,South-West,92
1120538463,,footway,,,,South-West,35
1120538464,,footway,,,,South-West,7
1120538466,,footway,,,,South-West,27
1120538467,,footway,,,,South-West,33
1120538468,,footway,,,,South-West,80
1120539983,,footway,,,,West,81
1120540935,,footway,,,,South-West,70
1120540936,,footway,,,,South-West,31
1120540938,,footway,,,,South-West,31
1120540939,,footway,,,,South-West,9
1120540940,,footway,,,,South-West,35
1120540941,,footway,,,,South-West,159
1120540942,,footway,,,,South-West,19
1120540943,,footway,,,,South-West,59
1120540944,,footway,,,,South-West,38
1120540945,,footway,,,,South-West,35
1120540946,,footway,,,,South-West,23
1120540947,,footway,,,,South-West,37
1120542361,,footway,,,,West,8
1120542362,,footway,,,,West,20
1120542363,,footway,,,,West,74
1120542364,,footway,,,,West,58
1120543247,,footway,,,,West,379
1120543248,,footway,,,,West,200
1120543249,,footway,,,,West,79
1120543250,,footway,,,,West,71
1120543251,,footway,,,,West,478
1120545037,,footway,,,,West,7
1120545038,,footway,,,,West,35
1120545039,,footway,,,,West,54
1120545040,,footway,,,,West,8
1120545041,,footway,,,,West,55
1120545042,,footway,,,,West,56
1120545043,,footway,,,,West,20
1120545044,,footway,,,,West,8
1120545045,,footway,,,,West,8
1120545046,,footway,,,,West,8
1120545056,,footway,,,,West,7
1120545057,,footway,,,,West,27
1120545058,,footway,,,,West,16
1120545059,,footway,,,,West,18
1120545060,,footway,,,,West,6
1120545061,,footway,,,,West,61
1120545062,,footway,,,,West,27
1120546864,,footway,,,,West,7
1120546865,,footway,,,,West,38
1120546866,,footway,,,,West,17
1120546867,,footway,,,,West,11
1120546868,,footway,,,,West,26
1120546869,,footway,,,,West,40
1120546870,,footway,,,,West,29
1120546871,,footway,,,,West,18
1120546872,,footway,,,,West,46
1120546873,,footway,,,,West,26
1120546883,,footway,,,,West,11
1120546884,,footway,,,,West,81
1120546885,,footway,,,,West,94
1120546886,,footway,,,,West,16
1120546887,,footway,,,,West,17
1120546888,,footway,,,,West,21
1120546889,,footway,,,,West,15
1120546890,,footway,,,,West,6
1120546895,,footway,,,,West,6
1120546896,,footway,,,,West,6
1120546897,,footway,,,,West,41
1120546898,,footway,,,,West,49
1120548129,,footway,,,,West,8
1120548130,,footway,,,,West,119
1120548135,,footway,,,,West,10
1120548136,,footway,,,,West,133
1120548138,,footway,,,,West,8
1120548140,,footway,,,,West,8
1120548141,,footway,,,,West,42
1120548142,,footway,,,,West,19
1120548143,,footway,,,,West,18
1120548144,,footway,,,,West,17
1120548145,,footway,,,,West,8
1120548146,,footway,,,,West,18
1120548148,,footway,,,,West,37
1120548149,,footway,,,,West,94
1120548864,,footway,,,,West,18
1120548865,,footway,,,,West,59
1120548866,,footway,,,,West,75
1120548867,,footway,,,,West,6
1120603279,,footway,,,,New Delhi,3
1120603281,,footway,,,,New Delhi,7
1120603282,,footway,,,,New Delhi,7
1120705926,,footway,,,paving_stones,New Delhi,63
1120705927,,footway,,,paving_stones,New Delhi,102
1120705928,,footway,,,paving_stones,New Delhi,63
1120705929,,footway,,,paving_stones,New Delhi,66
1120705930,,footway,,,paving_stones,New Delhi,152
1120705932,,footway,,,paving_stones,New Delhi,523
1120705934,,footway,,,paving_stones,New Delhi,63
1121140879,,footway,,,,West,4
1121140880,,footway,,,,West,68
1121140881,,footway,,,,West,51
1121140882,,footway,,,,West,12
1121146748,,footway,,,,West,11
1121146749,,footway,,,,West,41
1121146750,,footway,,,,West,38
1121146751,,footway,,,,West,12
1121146752,,footway,,,,West,27
1121146753,,footway,,,,West,31
1121146754,,footway,,,,West,12
1121146755,,footway,,,,West,24
1121146756,,footway,,,,West,27
1121146757,,footway,,,,West,30
1121147416,,footway,,,,South-West,49
1121147419,,footway,,,,South-West,363
1121147420,,footway,,,,South-West,63
1121147577,,footway,,,,West,12
1121147578,,footway,,,,West,24
1121147579,,footway,,,,West,17
1121147580,,footway,,,,West,28
1121147581,,footway,,,,West,31
1121147582,,footway,,,,West,36
1121147583,,footway,,,,West,58
1121147584,,footway,,,,West,22
1121147585,,footway,,,,West,113
1121147586,,footway,,,,West,31
1121147587,,footway,,,,West,64
1121147588,,footway,,,,West,16
1121147589,,footway,,,,West,46
1121148473,,footway,,,,West,15
1121148474,,footway,,,,West,18
1121148475,,footway,,,,West,72
1121148476,,footway,,,,West,75
1121148477,,footway,,,,West,39
1121148478,,footway,,,,West,150
1121148479,,footway,,,,West,15
1121148480,,footway,,,,West,56
1121148481,,footway,,,,West,29
1121148482,,footway,,,,West,128
1121148483,,footway,,,,West,23
1121148484,,footway,,,,West,24
1121150073,,footway,,,,West,8
1121150074,,footway,,,,West,33
1121150075,,footway,,,,West,31
1121150076,,footway,,,,West,61
1121150077,,footway,,,,West,118
1121150078,,footway,,,,West,55
1121150545,,footway,,,,West,10
1121150546,,footway,,,,West,20
1121150547,,footway,,,,West,7
1121150548,,footway,,,,West,10
1121150549,,footway,,,,West,20
1121150550,,footway,,,,West,8
1121150551,,footway,,,,West,10
1121150552,,footway,,,,West,41
1121150553,,footway,,,,West,40
1121150556,,footway,,,,West,12
1121150557,,footway,,,,West,88
1121150558,,footway,,,,West,54
1121150559,,footway,,,,West,26
1121150560,,footway,,,,West,27
1121150937,,footway,,,,South-West,218
1121152274,,footway,,,,New Delhi,92
1121152275,,footway,,,,New Delhi,58
1121152276,,footway,,,,New Delhi,37
1121152277,,footway,,,,New Delhi,44
1121152279,,footway,,,,New Delhi,106
1121168398,,footway,,,,South-West,59
1121168399,,footway,,,,South-West,11
1121168400,,footway,,,,South-West,32
1121168401,,footway,,,,South-West,10
1121168402,,footway,,,,South-West,13
1121168409,,footway,,,paving_stones,South-West,18
1121169889,,footway,,,,South-West,34
1121169890,,footway,,,,South-West,8
1121169892,,footway,,,,South-West,31
1121170804,,footway,,,,New Delhi,76
1121170805,,footway,,,,New Delhi,5
1121170865,,footway,,,,West,13
1121178188,,footway,sidewalk,,,New Delhi,388
1121182488,,footway,,,,South-West,29
1121182489,,footway,,,,South-West,39
1121182490,,footway,,,,South-West,8
1121182491,,footway,,,,South-West,10
1121182492,,footway,,,,South-West,8
1121182697,,footway,,,,New Delhi,154
1121182698,,footway,,,,New Delhi,162
1121186672,,footway,sidewalk,,,New Delhi,564
1121186674,,footway,,,,New Delhi,190
1121186676,,footway,crossing,,,New Delhi,15
1121191990,,footway,,,,New Delhi,52
1121191991,,footway,,,,New Delhi,44
1121191992,,footway,,,,New Delhi,38
1121191993,,footway,,,,New Delhi,37
1121191994,,footway,,,,New Delhi,45
1121191995,,footway,,,,New Delhi,84
1121191996,,footway,,,,New Delhi,76
1121193202,,footway,,,,South-West,6
1121193209,,footway,,,,South-West,180
1121193210,,footway,,,,South-West,258
1121193211,,footway,,,,South-West,350
1121198001,,footway,,,,South-West,306
1121198002,,footway,,,,South-West,178
1121198003,,footway,,,,South-West,53
1121198004,,footway,,,,South-West,72
1121198005,,footway,,,,South-West,15
1121198006,,footway,,,,South-West,16
1121198007,,footway,,,,South-West,44
1121198022,,footway,,,,South-West,83
1121198023,,footway,,,,South-West,58
1121198024,,footway,,,,South-West,8
1121198025,,footway,,,,South-West,8
1121198026,,footway,,,,South-West,2
1121199173,,footway,,,,West,77
1121200307,,footway,,,,South-West,38
1121200823,,footway,,,,South-West,157
1121200824,,footway,,,,South-West,11
1121200825,,footway,,,,South-West,10
1121202167,,footway,,,,South-West,89
1121202168,,footway,,,,South-West,46
1121202180,,footway,,,,South-West,30
1121204487,,footway,,,,South-West,100
1121567331,,footway,,,,West,102
1121580846,,footway,,,,West,60
1121580847,,footway,,,,West,57
1121647744,,footway,,,unpaved,New Delhi,108
1121647745,,footway,,,paved,New Delhi,293
1121647748,,footway,,,paved,New Delhi,414
1121647756,,footway,,,unpaved,New Delhi,358
1121647757,,footway,,,unpaved,New Delhi,137
1121647758,,footway,,,unpaved,New Delhi,183
1121647759,,footway,,,unpaved,New Delhi,294
1121872244,,footway,,,,South,82
1121956388,,footway,,,,South-West,23
1121956391,,footway,,,,South-West,134
1121956392,,footway,,,,South-West,37
1121959348,,footway,,,,Central,143
1121964651,,footway,,,,South-West,238
1121967219,,footway,,,,South,380
1121969896,,footway,,,,South-West,5
1121970661,,footway,,,,Central,71
1121970663,,footway,,,,Central,163
1121971433,,footway,,,,South-West,97
1121973614,,footway,,,,South,225
1121973615,,footway,,,,South,81
1121974928,,footway,,,,South-West,238
1121975161,,footway,,,,South,142
1121975162,,footway,,,,South,128
1121975163,,footway,,,,South,52
1121981368,,footway,,,,South-West,80
1121999505,,footway,,,,Central,66
1121999506,,footway,,,,Central,6
1121999507,,footway,,,,Central,6
1122000461,,footway,,,,South-West,127
1122000462,,footway,,,,South-West,25
1122000463,,footway,,,,South-West,36
1122000464,,footway,,,,South-West,10
1122000465,,footway,,,,South-West,151
1122000466,,footway,,,,South-West,9
1122000471,,footway,,,,South-West,50
1122000472,,footway,,,,South-West,113
1122000473,,footway,,,,South-West,168
1122000476,,footway,,,,South-West,78
1122000477,,footway,,,,South-West,34
1122000478,,footway,,,,South-West,25
1122000480,,footway,,,,South-West,135
1122000482,,footway,,,,South-West,45
1122000483,,footway,,,,South-West,62
1122000488,,footway,,,,South-West,103
1122004284,,footway,,,,Central,92
1122004293,,footway,,,,Central,51
1122004565,,footway,,,,South,478
1122004566,,footway,,,,South,80
1122004567,,footway,,,,South,54
1122004569,,footway,,,,South,14
1122004574,,footway,,,,South,291
1122004575,,footway,,,,South,280
1122004576,,footway,,,,South,86
1122004577,,footway,,,,South,81
1122004979,,footway,,,,South-West,119
1122004981,,footway,,,,South-West,333
1122004987,,footway,,,,South-West,383
1122004994,,footway,,,,South-West,292
1122004995,,footway,,,,South-West,85
1122007311,,footway,,,,South-West,74
1122007312,,footway,,,,South-West,126
1122007313,,footway,,,,South-West,87
1122007316,,footway,,,,South-West,110
1122007323,,footway,,,,South-West,30
1122007324,,footway,,,,South-West,25
1122007325,,footway,,,,South-West,141
1122007326,,footway,,,,South-West,26
1122007327,,footway,,,,South-West,24
1122007328,,footway,,,,South-West,12
1122007333,,footway,,,,South-West,148
1122008310,,footway,,,,South,725
1122008311,,footway,,,,South,35
1122008381,,footway,,,,South-West,10
1122009228,,footway,,,,South-West,252
1122009229,,footway,,,,South-West,42
1122009230,,footway,,,,South-West,19
1122015670,,footway,,,,South-West,172
1122015673,,footway,,,,South-West,434
1122015674,,footway,,,,South-West,83
1122015675,,footway,,,,South-West,52
1122015676,,footway,,,,South-West,115
1122015678,,footway,,,,South-West,12
1122015680,,footway,,,,South-West,180
1122015684,,footway,,,,South-West,361
1122015685,,footway,,,,South-West,73
1122015690,,footway,,,,South-West,19
1122023980,,footway,,,,New Delhi,155
1122023981,,footway,,,,New Delhi,21
1122023982,,footway,,,,New Delhi,21
1122023983,,footway,,,,New Delhi,59
1122023984,,footway,,,,New Delhi,31
1122026480,,footway,,,,New Delhi,39
1122026481,,footway,,,,New Delhi,233
1122038561,,footway,,,,New Delhi,56
1122038562,,footway,,,,New Delhi,51
1122038563,,footway,,,,New Delhi,28
1122038564,,footway,,,,New Delhi,48
1122038565,,footway,,,,New Delhi,55
1122038566,,footway,,,,New Delhi,25
1122038567,,footway,,,,New Delhi,72
1122038568,,footway,,,,New Delhi,33
1122038569,,footway,,,,New Delhi,40
1122107667,,footway,,,,South-East,247
1122114985,,footway,,,unhewn_cobblestone,South-East,129
1122222117,,footway,,,,New Delhi,182
1122231948,,footway,,,,New Delhi,20
1122231949,,footway,,,,New Delhi,18
1122231950,,footway,,,,New Delhi,131
1122248065,,footway,,,,New Delhi,45
1122248066,,footway,,,,New Delhi,131
1122248887,,footway,,,,New Delhi,41
1122248888,,footway,,,,New Delhi,18
1122248890,,footway,,,,New Delhi,242
1122248891,,footway,,,,New Delhi,28
1122248892,,footway,,,,New Delhi,18
1122260590,,footway,,,,New Delhi,89
1122260591,,footway,,,,New Delhi,89
1122260592,,footway,,,,New Delhi,45
1122260593,,footway,,,,New Delhi,45
1122265419,,footway,,,,New Delhi,86
1122265420,,footway,,,,New Delhi,285
1122265421,,footway,,,,New Delhi,23
1122265422,,footway,,,,New Delhi,168
1122265423,,footway,,,,New Delhi,19
1122265424,,footway,,,,New Delhi,96
1122265425,,footway,,,,New Delhi,27
1122265426,,footway,,,,New Delhi,112
1122265432,,footway,,,,New Delhi,35
1122270702,,footway,,,,New Delhi,50
1122270711,,footway,,,,New Delhi,318
1122270712,,footway,,,,New Delhi,26
1122270713,,footway,,,,New Delhi,26
1122270714,,footway,,,,New Delhi,35
1122270715,,footway,,,,New Delhi,32
1122270716,,footway,,,,New Delhi,33
1122588663,,footway,,,,South-East,93
1123151122,,footway,,,asphalt,South-East,4
1123151123,,footway,,,,South-East,21
1123151124,,footway,,,,South-East,35
1123830764,,footway,,,,South-East,22
1123830765,,footway,,,,South-East,234
1123830766,,footway,,,,South-East,65
1123830767,,footway,,,,South-East,428
1123830775,,footway,,,,South-East,46
1123864136,,footway,,,,South,109
1124339362,,footway,crossing,,,South,11
1124341363,,footway,crossing,,paving_stones,New Delhi,19
1126432804,,footway,,,,South-East,100
1126646520,,footway,crossing,,asphalt,New Delhi,10
1126646521,,footway,crossing,,paving_stones,New Delhi,16
1126657145,,footway,,,,South-West,13
1126657146,,footway,,,,South-West,29
1126657147,,footway,,,,South-West,54
1127471661,,footway,,,,South-East,21
1127845531,,footway,,,,New Delhi,53
1128013989,,footway,crossing,,,South-West,6
1128026665,,footway,,,,South-East,91
1128026666,,footway,,,,South-East,46
1128026667,,footway,,,,South-East,377
1128026669,,footway,,,,South-East,112
1128026671,,footway,,,,South-East,51
1128026672,,footway,,,,South-East,27
1128026673,,footway,,,,South-East,83
1128026674,,footway,,,,South-East,56
1128026675,,footway,,,,South-East,25
1128026676,,footway,,,,South-East,54
1128026677,,footway,,,,South-East,158
1128026678,,footway,,,,South-East,203
1128026680,,footway,,,,South-East,25
1128026681,,footway,,,,South-East,23
1128026682,,footway,,,,South-East,317
1128026683,,footway,,,,South-East,213
1128026685,,footway,,,,South-East,42
1128026686,,footway,,,,South-East,194
1128026687,,footway,,,,South-East,466
1128026689,,footway,,,,South-East,336
1128026690,,footway,,,,South-East,54
1128026691,,footway,,,,South-East,188
1128026692,,footway,,,,South-East,96
1128026693,,footway,,,,South-East,101
1128026694,,footway,,,,South-East,185
1128026695,,footway,,,,South-East,80
1128026696,,footway,,,,South-East,254
1128026697,,footway,,,,South-East,60
1128026698,,footway,,,,South-East,18
1128026699,,footway,,,,South-East,37
1128026700,,footway,,,,South-East,27
1128026701,,footway,,,,South-East,62
1128026702,,footway,,,,South-East,62
1128026703,,footway,,,,South-East,47
1128026704,,footway,,,,South-East,36
1128026705,,footway,,,,South-East,36
1128026706,,footway,,,,South-East,124
1128026707,,footway,,,,South-East,90
1128026708,,footway,,,,South-East,14
1128026709,,footway,,,,South-East,11
1128026710,,footway,,,,South-East,13
1128026711,,footway,,,,South-East,12
1128026712,,footway,,,,South-East,53
1128026713,,footway,,,,South-East,53
1128026714,,footway,,,,South-East,125
1128026717,,footway,,,,South-East,57
1128026718,,footway,,,,South-East,9
1128026719,,footway,,,,South-East,16
1128026720,,footway,,,,South-East,9
1128026721,,footway,,,,South-East,10
1128026722,,footway,,,,South-East,10
1128026723,,footway,,,,South-East,16
1128026725,,footway,,,,South-East,10
1130606365,,footway,crossing,,,New Delhi,6
1130606366,,footway,crossing,,,New Delhi,9
1130606367,,footway,crossing,,asphalt,New Delhi,12
1130606368,,footway,crossing,,asphalt,New Delhi,8
1130606369,,footway,crossing,,asphalt,New Delhi,5
1130606370,,footway,crossing,,,New Delhi,7
1130606371,,footway,crossing,,asphalt,New Delhi,23
1130606372,,footway,,,paving_stones,New Delhi,204
1130940772,,footway,,,,South-East,11
1130940778,,footway,,,,South-East,25
1130940779,,footway,,,,South-East,231
1131170216,,footway,crossing,,asphalt,New Delhi,10
1131170217,,footway,crossing,,asphalt,New Delhi,8
1131170218,,footway,crossing,,,New Delhi,16
1131170219,,footway,crossing,,,New Delhi,17
1131938202,,footway,,,,South-East,201
1131939802,,footway,crossing,,,New Delhi,7
1131939803,,footway,crossing,,asphalt,New Delhi,5
1131939804,,footway,crossing,,,New Delhi,6
1131941862,,footway,,,,South,89
1131941863,,footway,,,,South,134
1131941864,,footway,,,paving_stones,South,57
1131941865,,footway,,,paving_stones,South,223
1131941866,,footway,,,,South,55
1131941867,,footway,,,paving_stones,South,118
1131941868,,footway,,,paving_stones,South,96
1131941869,,footway,,,,South,142
1131941870,,footway,,,paving_stones,South,612
1132456610,,pedestrian,,,,South,62
1135350557,,footway,crossing,,asphalt,South-East,9
1135350558,,footway,crossing,,asphalt,South-East,9
1135350560,,footway,,,,South-East,19
1135350561,,footway,,,,South-East,40
1135350563,,footway,,,,South-East,38
1135350564,,footway,,,,South-East,169
1135417998,,footway,crossing,,asphalt,South-East,11
1135417999,,footway,crossing,,asphalt,South-East,11
1137558569,,footway,,,paving_stones,New Delhi,408
1137562197,,footway,,,,Central,181
1137562198,,footway,,,,Central,124
1137562199,,footway,,,,Central,146
1137562200,,footway,,,,Central,131
1137574036,,footway,crossing,,,New Delhi,11
1137574038,,footway,crossing,,,New Delhi,16
1137574039,,footway,crossing,,,New Delhi,27
1137574040,,footway,crossing,,,New Delhi,25
1137574041,,footway,crossing,,,New Delhi,11
1137574354,,footway,crossing,,asphalt,New Delhi,7
1137574355,,footway,crossing,,,New Delhi,14
1138075161,,footway,,,,South-East,38
1138075165,,footway,,,paving_stones,New Delhi,80
1138075168,,footway,,,,New Delhi,175
1138075170,,footway,,,,New Delhi,36
1138075171,,footway,,,,New Delhi,969
1138292905,,footway,,,,New Delhi,82
1138292906,,footway,,,,New Delhi,12
1138292907,,footway,,,,New Delhi,11
1138292908,,footway,,,,New Delhi,5
1138292930,,footway,,,,New Delhi,2
1138292931,,footway,,,,New Delhi,13
1138292932,,footway,,,,New Delhi,1
1139272699,,footway,,,,South-West,8
1146025904,,pedestrian,,,,South-West,4
1146025905,,pedestrian,,,,South-West,5
1146025906,,pedestrian,,,,South-West,6
1146025907,,pedestrian,,,,South-West,6
1146025908,,pedestrian,,,,South-West,8
1146025909,,pedestrian,,,,South-West,7
1146025910,,pedestrian,,,,South-West,8
1146025911,,pedestrian,,,,South-West,10
1146025912,,pedestrian,,,,South-West,9
1146025913,,pedestrian,,,,South-West,9
1146025915,,pedestrian,,,,South-West,9
1146025916,,pedestrian,,,,South-West,8
1146025917,,pedestrian,,,,South-West,8
1148133599,,footway,crossing,,,New Delhi,5
1148133600,,footway,crossing,,asphalt,New Delhi,10
1148133601,,footway,crossing,,,New Delhi,6
1148133602,,footway,crossing,,,New Delhi,6
1148133603,,footway,crossing,,asphalt,New Delhi,7
1148133604,,footway,crossing,,,New Delhi,7
1148133605,,footway,crossing,,,New Delhi,8
1148133606,,footway,crossing,,,New Delhi,10
1148133607,,footway,crossing,,asphalt,New Delhi,8
1149815828,,footway,,,,South-East,3
1150872656,,footway,,,,South-East,8
1150872657,,footway,,,,South-East,7
1150872658,,footway,,,,South-East,25
1150872659,,footway,,,,South-East,84
1150872660,,footway,,,,South-East,30
1150872661,,footway,,,,South-East,26
1150872662,,footway,,,,South-East,120
1150872663,,footway,,,,South-East,19
1150872664,,footway,,,,South-East,62
1151248647,,footway,,,,South-East,13
1151921684,,pedestrian,,,,New Delhi,104
1152735264,,footway,,,,South-East,13
1152735265,,footway,,,,South-East,62
1152735266,,footway,,,,South-East,14
1152735270,,footway,,,,South-East,169
1152737223,,footway,,,,Central,21
1155685714,,footway,,,,South-West,55
1155685715,,footway,,,,South-West,109
1155685716,,footway,,,,South-West,298
1155685717,,footway,,,,South-West,107
1155685718,,footway,,,,South-West,332
1155685719,,footway,,,,South-West,96
1155685720,,footway,,,,South-West,102
1155685722,,footway,,,,South-West,330
1155685723,,footway,,,,South-West,238
1155685724,,footway,,,,South-West,1485
1155685725,,footway,,,,South-West,98
1156111201,,footway,crossing,,,East,45
1156180480,,footway,,,,East,4
1156180482,,footway,,,,East,35
1156180488,,footway,,,,East,23
1156180489,,footway,,,,East,30
1156204197,,footway,,,,South-West,29
1156204200,,footway,,,,South-West,45
1156204201,,footway,,,,South-West,35
1156204202,,footway,,,,South-West,11
1156204204,,footway,,,,South-West,42
1156205716,,footway,,,,South-West,82
1156847076,,footway,,,,East,7
1156847077,,footway,,,,East,15
1156938672,,footway,,,,South,36
1157420384,,footway,,,,South-East,31
1157420385,,footway,,,,South,3
1157420386,,footway,,,,South,3
1157693636,,footway,,,paving_stones,East,2
1157693637,,footway,,,paving_stones,East,3
1157693638,,footway,,,paving_stones,East,8
1157693641,,footway,,,paving_stones,East,3
1157845535,,footway,,,paving_stones,East,24
1158131883,,footway,,,,South,47
1158131885,,footway,,,,South,2
1158131887,,footway,,,,South,6
1158131889,,footway,,,,South,3
1158164848,,footway,,,,South,130
1158440236,,footway,sidewalk,,paving_stones,East,96
1158440243,,footway,sidewalk,,,East,230
1158472632,,footway,,,,Central,142
1158472633,,footway,,,,Central,24
1158472637,,footway,,,,Central,5
1158472638,,footway,,,,Central,19
1158477608,,footway,,,,South-West,3
1158477609,,footway,,,,South-West,3
1158477612,,footway,,,,South-West,52
1158477615,,footway,,,,South-West,41
1158477616,,footway,,,,South-West,35
1158697309,,footway,,,,South-West,31
1158697310,,footway,,,,South-West,40
1158697312,,footway,,,,South-West,72
1158697313,,footway,,,,South-West,109
1158917305,,footway,,,,East,8
1158917309,,footway,,,,East,30
1158969754,,footway,,,,East,2
1158969756,,footway,,,,East,2
1161637421,,footway,crossing,,,South-East,40
1163938862,,footway,,,,South,310
1164379708,,footway,,,,South,6
1164379709,,footway,,,,South,7
1164379710,,footway,,,,South,3
1165055524,,footway,,,,South,52
1165598540,,footway,,,,South,26
1165598541,,footway,,,,South,10
1165598542,,footway,,,,South,20
1165598543,,footway,,,,South,20
1165598544,,footway,,,,South,20
1165598545,,footway,,,,South,15
1165598546,,footway,,,,South,20
1165598547,,footway,,,,South,19
1169369737,,footway,,,,Central,8
1169369739,,footway,,,,Central,23
1169371687,,footway,,,,Central,23
1169371688,,footway,,,,Central,8
1169865302,,footway,,,,Central,14
1169865303,,footway,,,,Central,7
1169865305,,footway,,,,Central,138
1173817551,,footway,sidewalk,,paving_stones,New Delhi,144
1174559657,,footway,sidewalk,,,East,34
1175515274,,footway,,,,South-East,10
1175626044,,footway,,,,New Delhi,38
1175626045,,footway,,,,New Delhi,25
1175626048,,footway,,,,New Delhi,71
1175626050,,footway,,,,New Delhi,16
1175626051,,footway,sidewalk,,,New Delhi,68
1175634747,,footway,,,,New Delhi,5
1176934614,,footway,,,,South-East,8
1176934615,,footway,,,paving_stones,South-East,55
1176934616,,footway,,,,South-East,7
1176934618,,footway,,,,South-East,21
1176934622,,footway,,,,South-East,11
1176934624,,footway,,,paving_stones,South-East,20
1176934626,,footway,,,,South-East,2
1176934627,,footway,,,paving_stones,South-East,10
1176934630,,footway,,,,South-East,26
1177120697,,footway,,,,South-East,4
1177120699,,footway,,,,South-East,4
1177120700,,footway,,,,South-East,8
1177120701,,footway,,,,South-East,7
1177863842,,footway,crossing,,,East,22
1180481664,,footway,,,,South-East,120
1180751065,,footway,,,,South-East,24
1181406102,,footway,,,,South-West,32
1182004758,,footway,,,,West,82
1182398881,,footway,,,,South,8
1183458852,,footway,,,,South-East,85
1183458859,,footway,crossing,,,South-East,43
1183458860,,footway,sidewalk,,,South-East,682
1183609398,,footway,crossing,,,South-East,9
1183609400,,footway,sidewalk,,,South-East,175
1183640960,,footway,,,,New Delhi,35
1184005471,,footway,,,,New Delhi,52
1184218309,,footway,,,,South-East,33
1184218314,,footway,,,,South-East,11
1184218316,,footway,,,,South-East,5
1184436448,,footway,crossing,,asphalt,New Delhi,11
1184436449,,footway,crossing,,,New Delhi,11
1184608344,,footway,,,paving_stones,East,527
1184940954,,footway,,,,South-East,593
1184970833,,footway,,,,South-East,73
1185227777,,footway,,,,South-West,44
1187328065,,footway,,,,South-West,34
1187375099,,footway,,,,East,33
1187375101,,footway,,,,East,33
1187375102,,footway,,,,East,10
1187375103,,footway,,,,East,10
1187375106,,footway,,,,East,5
1187375107,,footway,,,,East,4
1187375108,,footway,,,,East,5
1187375109,,footway,,,,East,4
1188793941,,footway,,,,South-West,40
1190763937,,footway,,,,South-East,15
1190763939,,footway,,,,South-East,23
1192357540,,footway,,,,South-East,3
1192357541,,footway,,,,South-East,2
1192357544,,footway,,,,South-East,9
1192357551,,footway,,,,South-East,29
1192357552,,footway,,,,South-East,6
1192361068,,footway,,,,South-East,8
1193571513,,footway,sidewalk,,,East,196
1193993381,,footway,,,,South-East,361
1194008461,,footway,,,,East,14
1194008462,,footway,,,concrete,East,13
1194008463,,footway,crossing,,,East,8
1194008465,,footway,,,,East,62
1194008466,,footway,crossing,,,East,9
1194733921,,footway,sidewalk,,,East,278
1194911228,,footway,,,metal,East,28
1194911229,,footway,,,metal,East,3
1194911230,,footway,,,metal,East,3
1194911231,,footway,,,metal,East,28
1194911232,,footway,sidewalk,,,East,192
1194911234,,footway,,,metal,East,28
1194911236,,footway,,,metal,East,3
1194911237,,footway,,,metal,East,28
1194911241,,footway,,,metal,East,32
1194911242,,footway,,,metal,East,2
1195608611,,footway,,,,East,1
1195608616,,footway,,,,East,5
1195608617,,footway,,,,East,1
1198407805,,footway,,,,South-West,46
1199194996,,footway,sidewalk,,,Central,14
1199194998,,footway,sidewalk,,,Central,3
1199194999,,footway,,,,Central,86
1199195000,,footway,,,,Central,2
1199195001,,footway,sidewalk,,,Central,4
1199195003,,footway,,,,Central,8
1199195004,,footway,sidewalk,,,Central,3
1200433381,,footway,,,,South,36
1200476190,,footway,,,paving_stones,South,260
1200585635,,footway,,,,South,39
1200741069,,footway,,,,South,22
1200741070,,footway,,,,South,20
1200970611,,footway,,,,South-East,19
1200970612,,footway,,,,South-East,6
1200970625,,footway,,,,South-East,88
1201664023,,footway,,,,South,43
1201664176,,footway,,,,South,7
1201885921,,footway,,,,South-East,36
1201885923,,footway,,,,South-East,33
1201885927,,footway,,,,South-East,55
1201897749,,footway,,,,South,9
1201901856,,footway,,,,South,15
1202333651,,footway,,,,South,38
1202535526,,footway,,,sand,East,222
1202535528,,footway,,,sand,East,21
1202535530,,footway,,,sand,East,18
1202535532,,footway,,,paving_stones,East,46
1202535533,,footway,,,,East,22
1202535534,,footway,,,sand,East,175
1202535535,,footway,,,sand,East,290
1202535537,,footway,sidewalk,,paving_stones,East,368
1202535538,,footway,,,sand,East,70
1202535542,,footway,,,,East,27
1202535544,,footway,,,sand,East,23
1202535545,,footway,,,sand,East,59
1202535548,,footway,,,,East,5
1202535549,,footway,,,,East,300
1202535550,,footway,,,sand,East,76
1202535551,,footway,,,paving_stones,East,19
1202767291,,footway,,,,South-West,10
1203022297,,footway,,,,South-East,26
1203022298,,footway,,,,South-East,32
1203022299,,footway,,,,South-East,29
1203022300,,footway,,,,South-East,30
1203022301,,footway,,,,South-East,30
1203022302,,footway,,,,South-East,64
1203022303,,footway,,,,South-East,154
1203022304,,footway,,,,South-East,146
1203022305,,footway,,,,South-East,130
1203022306,,footway,,,,South-East,164
1203022307,,footway,,,,South-East,100
1203037867,,footway,,,,South-West,51
1203477057,,footway,,,,West,8
1203477696,,footway,,,,West,3
1203477698,,footway,,,,West,3
1203899496,,footway,,,,South-East,155
1204795153,,footway,crossing,,,East,18
1205401369,,footway,,,,West,20
1205438775,,footway,,,,West,28
1210188517,,footway,,,,South-East,73
1212661587,,footway,,,,South-West,27
1212661589,,footway,,,,South-West,29
1212661590,,footway,,,,South-West,155
1212661591,,footway,,,,South-West,161
1212661592,,footway,,,,South-West,20
1212661593,,footway,,,compacted,South-West,66
1212661594,,footway,,,compacted,South-West,130
1212661595,,footway,,,compacted,South-West,135
1212807040,,footway,,,,East,97
1212983358,,footway,,,,South,29
1212983361,,footway,sidewalk,,paving_stones,South,48
1212996701,,footway,,,,South,7
1212996703,,footway,,,,South,4
1212996704,,footway,,,,South,7
1212996705,,footway,,,,South,4
1212996706,,footway,,,,South,19
1212996708,,footway,,,,South,7
1212996710,,footway,,,,South,7
1212996711,,footway,,,,South,4
1213047832,,footway,,,,South,8
1213047833,,footway,sidewalk,,paving_stones,South,228
1215512976,,footway,,,,East,39
1215720386,,footway,,,,South,298
1215720387,,footway,,,,South,13
1215868970,,footway,,,,South,49
1215868971,,footway,sidewalk,,,South,150
1215868972,,footway,,,,South,338
1215868973,,footway,,,,South,69
1215909947,,footway,,,,South,20
1217183106,,footway,traffic_island,,,South,22
1217183109,,footway,crossing,,concrete,South,20
1217183114,,footway,sidewalk,,paving_stones,South,39
1217183119,,footway,,,,South,28
1217183122,,footway,,,,South,27
1217183127,,footway,,,,South,362
1217183129,,footway,,,,South,16
1217183130,,footway,,,,South,32
1217183132,,footway,crossing,,,South,12
1217183144,,footway,,,,South,22
1217183145,,footway,crossing,,,New Delhi,88
1217183148,,footway,,,,South,8
1217183149,,footway,,,,South,17
1217183152,,footway,traffic_island,,,South,21
1217183155,,footway,,,,South,34
1217183158,,footway,,,,South,7
1217183160,,footway,crossing,,asphalt,South,11
1217183161,,footway,,,,South,50
1217183162,,footway,,,,South,58
1217294394,,footway,,,,South,8
1217294397,,footway,,,,South,1
1217294399,,footway,,,,South,17
1217510256,,footway,,,,East,5
1217510269,,footway,,,,East,11
1217510288,,footway,,,,East,76
1217510304,,footway,,,,East,108
1217754774,,footway,,,,New Delhi,26
1217754775,,footway,crossing,,,New Delhi,18
1217754776,,footway,crossing,,,New Delhi,17
1217754777,,footway,,,,New Delhi,119
1220055258,,footway,,,,South,190
1220055260,,footway,,,,South,15
1220055262,,footway,,,asphalt,South,28
1220055264,,footway,,,,South,46
1220061194,,footway,,,,South,6
1220061196,,footway,,,,South,9
1220061197,,footway,,,,South,3
1223701945,,footway,,,,South,158
1224462691,,footway,,,,South,46
1224462692,,footway,,,,South,54
1224462693,,footway,,,,South,71
1224462694,,footway,,,,South,92
1224462696,,footway,,,,South,99
1224462698,,footway,,,,South,5
1224462699,,footway,,,,South,36
1224462700,,footway,,,,South,139
1225898509,,footway,,,,South-East,16
1225898515,,footway,sidewalk,,paving_stones,South-East,50
1225898516,,footway,,,,South-East,62
1225898518,,footway,,,asphalt,South-East,33
1225898519,,footway,,,,South-East,70
1225898520,,footway,crossing,,,South-East,18
1225898521,,footway,,,,South-East,16
1225898522,,footway,,,,South-East,16
1227950965,,footway,,,,South,433
1228398404,,footway,sidewalk,,,East,214
1228398405,,footway,sidewalk,,,East,215
1228398406,,footway,sidewalk,,,East,10
1228398407,,footway,sidewalk,,,East,10
1228398409,,footway,sidewalk,,paving_stones,East,33
1228398410,,footway,sidewalk,,,East,315
1228398411,,footway,,,,East,3
1228398412,,footway,,,,East,4
1228398413,,footway,sidewalk,,paving_stones,East,33
1228398414,,footway,sidewalk,,,East,232
1228398415,,footway,sidewalk,,paving_stones,East,65
1228398416,,footway,sidewalk,,paving_stones,East,65
1228708577,,footway,,,paving_stones,New Delhi,4
1228708579,,footway,,,,New Delhi,11
1228708580,,footway,,,,New Delhi,80
1228972063,,footway,sidewalk,,,East,42
1228972065,,footway,sidewalk,,,East,11
1228972067,,footway,sidewalk,,,East,3
1228972069,,footway,sidewalk,,,East,25
1228972070,,footway,sidewalk,,,East,4
1229190547,,footway,crossing,,asphalt,New Delhi,25
1231653919,,footway,crossing,,asphalt,New Delhi,19
1231653921,,footway,,,paving_stones,New Delhi,26
1231653922,,footway,,,paving_stones,New Delhi,2
1231653923,,footway,sidewalk,,paving_stones,New Delhi,53
1231653925,,footway,sidewalk,,paving_stones,New Delhi,30
1231653926,,footway,,,,New Delhi,1
1232284022,,footway,,,,South-West,215
1232284023,,footway,sidewalk,,paving_stones,South-West,350
1232390950,,footway,crossing,,,East,50
1232460741,,footway,,,,East,6
1232460742,,footway,,,paving_stones,East,27
1232460746,,footway,,,,East,6
1232610646,,footway,crossing,,,South,21
1232610647,,footway,traffic_island,,,South,27
1232610652,,footway,traffic_island,,,South,19
1232610653,,footway,crossing,,,South,8
1232610654,,footway,traffic_island,,,South,23
1232610655,,footway,traffic_island,,,South,20
1232610658,,footway,crossing,,,South,14
1232660335,,footway,sidewalk,,paving_stones,New Delhi,23
1232988227,,footway,,,,East,28
1233259901,,footway,,,paving_stones,New Delhi,2
1233259902,,footway,,,paving_stones,New Delhi,9
1233259903,,footway,,,paving_stones,New Delhi,9
1233744638,,footway,crossing,,,Central,37
1233744639,,footway,traffic_island,,asphalt,Central,3
1233744641,,footway,crossing,,paving_stones,Central,14
1233744938,,footway,sidewalk,,paving_stones,New Delhi,538
1233794416,,footway,crossing,,,New Delhi,22
1233797942,,footway,,,,New Delhi,220
1233797945,,footway,,,,New Delhi,18
1233797946,,footway,crossing,,,New Delhi,20
1234918801,,footway,crossing,,asphalt,New Delhi,26
1234918802,,footway,crossing,,asphalt,New Delhi,15
1234918803,,footway,crossing,,,New Delhi,16
1234918804,,footway,crossing,,,New Delhi,14
1234918805,,footway,crossing,,,New Delhi,16
1234918807,,footway,crossing,,,New Delhi,15
1234918808,,footway,crossing,,,New Delhi,16
1234918809,,footway,crossing,,,New Delhi,44
1234918810,,footway,crossing,,,New Delhi,14
1234918811,,footway,crossing,,,New Delhi,12
1234918812,,footway,,,,New Delhi,6
1234918813,,footway,crossing,,,New Delhi,17
1234918814,,footway,crossing,,,New Delhi,30
1234918815,,footway,crossing,,,New Delhi,25
1234918816,,footway,crossing,,asphalt,New Delhi,19
1234918817,,footway,crossing,,,New Delhi,12
1234918818,,footway,crossing,,,New Delhi,24
1234918819,,pedestrian,,,,Central,103
1234918820,,footway,crossing,,,Central,12
1234918821,,footway,crossing,,asphalt,New Delhi,23
1234918822,,footway,crossing,,asphalt,New Delhi,12
1234918823,,footway,crossing,,,New Delhi,11
1235554893,,footway,,,,New Delhi,3
1235554894,,footway,,,,New Delhi,9
1236278172,,footway,sidewalk,,paving_stones,New Delhi,196
1236278174,,footway,sidewalk,,paving_stones,New Delhi,6
1236278175,,footway,sidewalk,,paving_stones,New Delhi,5
1236278177,,footway,,,paving_stones,New Delhi,10
1236278178,,footway,sidewalk,,paving_stones,New Delhi,10
1236554355,,footway,,,,South-East,23
1236570733,,footway,,,,South-East,60
1236570734,,footway,,,,South-East,9
1236570735,,footway,,,,South-East,8
1236570736,,footway,,,,South-East,66
1236747413,,footway,sidewalk,,paving_stones,New Delhi,28
1240935329,,footway,,,,South,34
1241992390,,footway,crossing,,,New Delhi,10
1241992391,,footway,sidewalk,,,New Delhi,226
1241992392,,footway,crossing,,,New Delhi,14
1241992393,,footway,crossing,,,New Delhi,20
1241992394,,footway,crossing,,,New Delhi,20
1241992395,,footway,sidewalk,,,New Delhi,224
1241992396,,footway,crossing,,,New Delhi,15
1241992397,,footway,crossing,,asphalt,New Delhi,16
1241992398,,footway,crossing,,,New Delhi,17
1241992400,,footway,crossing,,,New Delhi,17
1241992405,,footway,crossing,,,New Delhi,10
1241992406,,footway,crossing,,,New Delhi,11
1241992407,,footway,crossing,,,New Delhi,9
1241992408,,footway,sidewalk,,,New Delhi,7
1241992409,,footway,crossing,,asphalt,New Delhi,14
1241992410,,footway,crossing,,,New Delhi,9
1241992411,,footway,crossing,,,New Delhi,8
1241992412,,footway,sidewalk,,,New Delhi,7
1242159432,,footway,,,,South-West,47
1243641463,,footway,,,paving_stones,New Delhi,183
1243977910,,footway,sidewalk,,,East,250
1243991396,,footway,,,,New Delhi,9
1243991397,,footway,,,,New Delhi,12
1244156604,,footway,crossing,,,New Delhi,7
1244156606,,footway,crossing,,,New Delhi,35
1244156607,,footway,crossing,,,New Delhi,25
1244156608,,footway,crossing,,,New Delhi,25
1244811031,,footway,,,,West,360
1244811032,,footway,,,,West,11
1244811033,,footway,,,,West,33
1244811034,,footway,,,,West,12
1244811035,,footway,,,,West,4
1244811036,,footway,,,,West,48
1244811037,,footway,,,,West,45
1244811038,,footway,,,,West,47
1244811039,,footway,,,,West,25
1244811040,,footway,,,,West,17
1244811041,,footway,,,,West,26
1245181779,,footway,,,,East,3
1245181782,,footway,,,,East,2
1245459776,,footway,crossing,,,New Delhi,21
1245764144,,footway,,,paving_stones,East,318
1246232176,,footway,,,,South-West,39
1246232177,,footway,,,,South-West,14
1246252420,,footway,,,,South-West,3
1246253999,,footway,,,,South-West,5
1246256912,,footway,,,,South-West,7
1246257949,,footway,,,,South-West,39
1246260164,,footway,,,,South-West,7
1246274639,,footway,,,,South,9
1246285967,,footway,,,,South-West,13
1246290322,,footway,,,,South-West,14
1246290323,,footway,,,,South-West,5
1246296536,,footway,crossing,,asphalt,New Delhi,33
1246298560,,footway,crossing,,asphalt,New Delhi,21
1246298563,,footway,crossing,,asphalt,New Delhi,21
1246298564,,footway,crossing,,asphalt,New Delhi,19
1246298565,,footway,crossing,,asphalt,New Delhi,21
1246298566,,footway,crossing,,asphalt,New Delhi,18
1246298567,,pedestrian,,,,New Delhi,104
1246299335,,footway,crossing,,,New Delhi,19
1246299336,,footway,sidewalk,,,New Delhi,210
1246778610,,footway,,,,South-West,9
1247066748,,footway,,,,South,14
1247097784,,footway,,,,South-West,80
1247146589,,footway,,,,South-East,30
1247217543,,footway,crossing,,,East,12
1247489759,,footway,,,,South-East,11
1248031155,,footway,,,,New Delhi,14
1248031156,,footway,,,,New Delhi,35
1248031157,,footway,,,,New Delhi,9
1248031160,,footway,,,,New Delhi,65
1248047428,,pedestrian,,,,South-East,88
1248047429,,footway,,,,South-East,88
1248047430,,footway,,,,South-East,109
1248047431,,footway,,,,South-East,86
1248047432,,footway,,,,South-East,111
1248047433,,pedestrian,,,,South-East,71
1248047434,,pedestrian,,,,South-East,72
1248047435,,pedestrian,,,,South-East,100
1248047436,,pedestrian,,,,South-East,104
1248047437,,pedestrian,,,,South-East,100
1248047438,,pedestrian,,,,South-East,126
1248047439,,pedestrian,,,,South-East,97
1248047440,,pedestrian,,,,South-East,99
1248047441,,pedestrian,,,,South-East,97
1248047442,,pedestrian,,,,South-East,130
1248047443,,pedestrian,,,,South-East,101
1248047445,,pedestrian,,,,South-East,91
1248047446,,pedestrian,,,,South-East,100
1248047447,,pedestrian,,,,South-East,94
1248047448,,pedestrian,,,,South-East,116
1248047449,,footway,,,,South-East,121
1248047450,,footway,,,,South-East,187
1248047451,,footway,,,,South-East,377
1248047452,,footway,,,,South-East,451
1248047453,,footway,,,,South-East,136
1248047454,,footway,,,,South-East,157
1248047455,,footway,,,,South-East,443
1248047456,,footway,,,,South-East,295
1248047457,,footway,,,,South-East,151
1248047458,,footway,,,,South-East,340
1248047459,,footway,,,,South-East,340
1248047460,,footway,,,,South-East,138
1248047461,,footway,,,,South-East,140
1248047462,,footway,,,,South-East,123
1248047463,,footway,,,,South-East,158
1248047464,,footway,,,,South-East,131
1248047465,,footway,,,,South-East,152
1248047466,,footway,,,,South-East,174
1248047467,,footway,,,,South-East,146
1248047468,,footway,,,,South-East,132
1248047469,,footway,,,,South-East,130
1248047470,,footway,,,,South-East,272
1248047471,,footway,,,,South-East,221
1248047472,,footway,,,,South-East,226
1248047473,,footway,,,,South-East,232
1248047474,,footway,,,,South-East,196
1248047475,,footway,,,,South-East,392
1248047476,,footway,,,,South-East,336
1248047477,,footway,,,,South-East,1114
1248047478,,footway,,,,South-East,561
1248047479,,footway,,,,South-East,214
1248047480,,footway,,,,South-East,268
1248047481,,footway,,,,South-East,423
1248047482,,footway,,,,South-East,131
1248047483,,footway,,,,South-East,138
1248047484,,footway,,,,South-East,171
1248047485,,footway,,,,South-East,174
1248047486,,footway,,,,South-East,584
1248047487,,footway,,,,South-East,198
1248047488,,footway,,,,South-East,687
1248047489,,footway,,,,South-East,111
1248047490,,footway,,,,South-East,174
1248047491,,footway,,,,South-East,312
1248047492,,footway,,,,South-East,579
1248047493,,footway,,,,South-East,273
1248047494,,footway,,,,South-East,172
1248047495,,footway,,,,South-East,645
1248047496,,footway,,,,South-East,212
1248047497,,footway,,,,South-East,116
1248047498,,footway,,,,South-East,140
1248047499,,footway,,,,South-East,286
1248047500,,footway,,,,South-East,686
1248047501,,footway,,,,South-East,180
1248047502,,footway,,,,South-East,2103
1248047503,,footway,,,,South-East,148
1248047504,,footway,,,,South-East,307
1248047505,,footway,,,,South-East,1455
1248047506,,pedestrian,,,,South-East,111
1248047507,,footway,,,,South-East,156
1248047508,,footway,,,,South-East,241
1248047509,,pedestrian,,,,South-East,112
1248047510,,footway,,,,South-East,215
1248047511,,footway,,,,South-East,208
1248047512,,footway,,,,South-East,211
1248047513,,pedestrian,,,,South-East,146
1248047514,,footway,,,,South-East,154
1248047515,,footway,,,,South-East,132
1248047516,,footway,,,,South-East,204
1248047517,,footway,,,,South-East,344
1248047518,,footway,,,,South-East,352
1248047519,,footway,,,,South-East,126
1248047520,,footway,,,,South-East,198
1248047521,,footway,,,,South-East,341
1248047522,,footway,,,,South-East,169
1248047523,,footway,,,,South-East,173
1248047524,,footway,,,,South-East,418
1248047525,,footway,,,,South-East,293
1248047526,,footway,,,,South-East,551
1248047527,,footway,,,,South-East,18
1248047528,,footway,,,,South-East,417
1248047529,,footway,,,,South-East,46
1248047530,,footway,,,,South-East,325
1248047531,,footway,,,,South-East,318
1248053639,,footway,,,,South-East,18
1248079158,,footway,,,concrete:plates,New Delhi,486
1248079182,,footway,,,,New Delhi,17
1248079183,,footway,,,,New Delhi,18
1248079184,,footway,,,,New Delhi,203
1248079185,,footway,,,,New Delhi,25
1248079186,,footway,,,,New Delhi,25
1248079187,,footway,,,,New Delhi,62
1248079188,,footway,,,,New Delhi,61
1248079189,,footway,,,,New Delhi,93
1248079190,,pedestrian,,,,New Delhi,1058
1248079212,,footway,,,,Central,10
1248079213,,footway,,,asphalt,Central,56
1248096984,,footway,,,,New Delhi,109
1248096985,,footway,,,,New Delhi,120
1248096986,,footway,,,,New Delhi,110
1248096987,,footway,,,,New Delhi,77
1248096988,,footway,,,,New Delhi,53
1248096989,,footway,,,,New Delhi,177
1248096990,,footway,,,,New Delhi,29
1248097003,,footway,,,,New Delhi,140
1248097004,,footway,,,,New Delhi,279
1248097005,,footway,,,,New Delhi,408
1248097007,,footway,,,,New Delhi,482
1248984341,,footway,sidewalk,,,New Delhi,56
1248984348,,footway,sidewalk,,,New Delhi,56
1248984350,,footway,sidewalk,,paving_stones,New Delhi,28
1249250529,,footway,,,,South-East,72
1249250534,,footway,,,,South-East,273
1249250535,,footway,,,,South-East,135
1249250536,,footway,,,,South-East,18
1249250538,,footway,,,,South-East,58
1249250540,,footway,,,,South-East,312
1249388127,,footway,,,asphalt,South-East,30
1249807303,,footway,sidewalk,,,New Delhi,296
1249807304,,footway,crossing,,,New Delhi,9
1249807305,,pedestrian,,,,New Delhi,80
1249838080,,footway,,,,South-East,40
1249838081,,footway,,,,South-East,26
1249838083,,footway,,,,South-East,68
1250183397,,footway,,,,South,15
1250185957,,footway,,,,South,11
1250185960,,footway,,,,South,12
1250185962,,footway,,,,South,10
1250185964,,footway,,,,South,11
1250237161,,footway,,,,South,12
1250237167,,footway,,,,South,12
1250267084,,footway,,,,South-West,10
1250267963,,footway,,,,South-West,3
1250267964,,footway,,,,South-West,3
1250663619,,footway,,,,South,9
1250665854,,footway,,,,South,47
1250665856,,footway,,,,South,10
1250665859,,footway,,,,South,11
1250703038,,footway,,,,New Delhi,51
1250703039,,footway,,,,New Delhi,78
1250703040,,footway,,,,New Delhi,34
1250703041,,footway,,,,New Delhi,82
1250703042,,footway,,,,New Delhi,75
1251131990,,footway,sidewalk,,,East,214
1251131991,,footway,crossing,,,East,10
1251131992,,footway,sidewalk,,,East,90
1251131993,,footway,sidewalk,,,East,1021
1251480744,,footway,crossing,,,South-West,16
1251482497,,footway,crossing,,,New Delhi,18
1251482498,,footway,crossing,,,New Delhi,15
1251482499,,footway,crossing,,,New Delhi,21
1251482500,,footway,crossing,,,New Delhi,21
1251482501,,footway,crossing,,,New Delhi,21
1251507783,,footway,sidewalk,,paving_stones,Central,91
1251964717,,footway,,,paving_stones,New Delhi,33
1252492270,,footway,sidewalk,,paving_stones,New Delhi,78
1252737800,,footway,,,,South-West,10
1252762970,,footway,,,,South-East,43
1252762971,,footway,crossing,,,South-East,14
1252762972,,footway,crossing,,,South-East,8
1253559680,,footway,,,,South-West,5
1253833471,,footway,,,,Central,19
1253833472,,footway,,,,Central,10
1253833473,,footway,,,,Central,11
1253833474,,footway,,,,Central,4
1254530442,,footway,,,,South-East,34
1254776037,,footway,,,,South-East,28
1254864387,,footway,,,,South-West,15
1254864388,,footway,,,,South-West,20
1254864391,,footway,,,,South-West,19
1254864392,,footway,,,,South-West,20
1254969990,,footway,sidewalk,,,New Delhi,116
1255150242,,footway,,,,South-West,73
1255154344,,footway,,,,South-West,18
1255154345,,footway,,,,South-West,18
1255155475,,footway,,,,South-West,72
1255155478,,footway,,,,South-West,6
1255161706,,footway,,,,South-West,17
1255161708,,footway,,,,South-West,52
1255161711,,footway,,,,South-West,18
1255161713,,footway,,,,South-West,13
1255161908,,footway,,,,South-West,17
1255162858,,footway,,,,South-West,31
1255163040,,footway,,,,South-West,17
1255164290,,footway,,,,South-West,14
1255164291,,footway,,,,South-West,14
1255166007,,footway,,,,South-West,19
1255524053,,footway,,,,South-East,26
1256902973,,footway,,1,ground,Central,350
1256902974,,footway,,,,Central,46
1256902976,,footway,,,,Central,120
1256902977,,footway,,,,Central,28
1256902978,,footway,,,asphalt,Central,335
1256902979,,footway,,,,Central,10
1256902983,,footway,,1,ground,Central,19
1256902992,,footway,,,sett,Central,397
1256902993,,footway,,,sett,Central,65
1256902994,,footway,,,sett,Central,66
1258113916,,footway,,,,South,68
1258245095,,footway,sidewalk,,paving_stones,South-East,66
1258245100,,footway,,,,South-East,5
1258245101,,footway,sidewalk,,,South-East,204
1258245103,,footway,,,,South-East,5
1258245107,,footway,,,,South-East,16
1263294315,,footway,sidewalk,,paving_stones,South-East,3
1263294323,,footway,,,,South-East,51
1263294324,,footway,,,,South-East,40
1263294325,,footway,,,,South-East,185
1263294330,,footway,sidewalk,,paving_stones,South-East,222
1263294331,,footway,sidewalk,,paving_stones,South-East,3
1263592107,,footway,sidewalk,,,East,234
1263656951,,footway,,,,East,5
1264463983,,footway,,,,South,18
1264489398,,footway,,,paving_stones,South,24
1264788228,,footway,,,paving_stones,South-East,14
1264788230,,footway,,,paving_stones,South-East,148
1264788231,,footway,,,paving_stones,South-East,13
1264788237,,footway,,,,South-East,4
1264788240,,footway,,,paving_stones,South-East,12
1264788242,,footway,,,paving_stones,South-East,17
1264794401,,footway,crossing,,,South-East,8
1264816371,,footway,sidewalk,,paving_stones,South-East,70
1264899823,,footway,,,,South-East,32
1264899824,,footway,,,,South-East,36
1264899829,,footway,,,,South-East,45
1264899830,,footway,,,,South-East,29
1265054614,,footway,,,paving_stones,South-East,72
1265125779,,footway,,,concrete,South-West,9
1265520903,,footway,crossing,,,East,14
1265520905,,footway,,,concrete,East,3
1265520917,,footway,sidewalk,,,East,151
1265520921,,footway,sidewalk,,,East,37
1265520922,,footway,sidewalk,,,East,41
1265520924,,footway,sidewalk,,,East,2
1265520926,,footway,crossing,,,East,19
1265622590,,footway,crossing,,,East,9
1265622593,,footway,,,,East,3
1265622598,,footway,crossing,,,East,5
1265622600,,footway,crossing,,,East,8
1265622601,,footway,crossing,,,East,6
1265622603,,footway,crossing,,,East,5
1265622604,,footway,sidewalk,,,East,80
1265622606,,footway,sidewalk,,,East,134
1265622607,,footway,crossing,,,East,8
1265651027,,footway,,,,South,20
1265651028,,footway,,,,South,80
1265651030,,footway,,,,South,38
1265651031,,footway,,,,South,71
1265665343,,footway,,,,South,126
1265665344,,footway,,,,South,90
1265665345,,footway,,,,South,22
1265665346,,footway,,,,South,29
1265665347,,footway,,,,South,121
1265665348,,footway,,,,South,29
1265668011,,footway,crossing,,,South,11
1265668012,,footway,crossing,,,South,8
1265668013,,footway,crossing,,,South,17
1265668014,,footway,crossing,,,South,17
1265668015,,footway,crossing,,,South,6
1265668016,,footway,crossing,,,South,21
1265675758,,footway,,,,South-East,64
1265675765,,footway,,,,South-East,79
1265773832,,footway,,,,South-East,143
1265773834,,footway,,,,South-East,8
1265773835,,footway,,,,South-East,56
1265773836,,footway,,,,South-East,72
1265773837,,footway,,,,South-East,36
1265847343,,footway,,,,South,22
1265847344,,footway,,,,South,148
1265847345,,footway,,,paving_stones,South,392
1265847346,,footway,,,,South,42
1265847348,,footway,,,paving_stones,South,60
1265847349,,footway,,,paving_stones,South,43
1265847350,,footway,,,paving_stones,South,44
1265847351,,footway,,,paving_stones,South,55
1265847352,,footway,,,,South,48
1266418199,,footway,,,,South-East,66
1266549542,,footway,,,,South-East,5
1266549546,,footway,,,,South-East,5
1266549547,,footway,,,,South-East,2
1266549549,,footway,,,paving_stones,South-East,13
1266549550,,footway,,,,South-East,5
1266549551,,footway,,,,South-East,13
1266549552,,footway,,,asphalt,South-East,1
1266549555,,footway,,,paving_stones,South-East,136
1266549556,,footway,,,,South-East,5
1266549559,,footway,,,,South-East,5
1266549561,,footway,,,,South-East,2
1266549563,,footway,,,,South-East,2
1266549564,,footway,,,,South-East,5
1266549565,,footway,,,,South-East,4
1266549566,,footway,,,,South-East,2
1266549570,,footway,,,,South-East,5
1266549574,,footway,,,,South-East,6
1266549577,,footway,,,asphalt,South-East,5
1266549580,,footway,sidewalk,,,South-East,142
1266549581,,footway,,,paving_stones,South-East,12
1266549582,,footway,,,paving_stones,South-East,139
1266549583,,footway,,,,South-East,154
1266549586,,footway,,,,South-East,5
1266549587,,footway,,,,South-East,5
1266549588,,footway,,,paving_stones,South-East,92
1266549589,,footway,,,,South-East,2
1266549590,,footway,,,,South-East,10
1266549591,,footway,,,,South-East,5
1266549592,,footway,,,,South-East,5
1266777653,,footway,,,,South,12
1266777655,,footway,,,paving_stones,South,30
1266777656,,footway,,,paving_stones,South,8
1266777657,,footway,,,,South,3
1266777658,,footway,,,paving_stones,South,10
1266777659,,footway,,,paving_stones,South,45
1266808269,,footway,,,,South-West,49
1266808275,,footway,,,,South-West,7
1266908950,,footway,,,paving_stones,South,33
1266908951,,footway,,,paving_stones,South,116
1266908957,,footway,,,dirt,South,8
1266908960,,footway,,,paving_stones,South,323
1267493411,,footway,,,,South-East,126
1267493413,,footway,,,,South-East,238
1267633672,,footway,,,paving_stones,South,86
1267633675,,footway,,,,South,112
1267633677,,footway,,,,South,73
1267919214,,footway,,,paving_stones,South-West,80
1267919215,,footway,,,paving_stones,South-West,16
1267919216,,footway,,,paving_stones,South-West,70
1267919217,,footway,,,paving_stones,South-West,7
1267919218,,footway,,,paving_stones,South-West,11
1267919219,,footway,,,paving_stones,South-West,79
1267919221,,footway,,,paving_stones,South-West,459
1267919222,,footway,,,paving_stones,South-West,74
1267919223,,footway,,,paving_stones,South-West,11
1267919224,,footway,,,paving_stones,South-West,63
1267919225,,footway,,,paving_stones,South-West,18
1267919226,,footway,,,paving_stones,South-West,6
1267919229,,footway,,,paving_stones,South-West,168
1267919230,,footway,,,,South-West,4
1267919231,,footway,,,paving_stones,South-West,113
1267919233,,footway,,,paving_stones,South-West,7
1267919236,,footway,,,paving_stones,South-West,63
1267919237,,footway,,,paving_stones,South-West,21
1267919238,,footway,,,paving_stones,South-West,5
1267948507,,footway,,,,South-East,11
1267948508,,footway,,,,South-East,28
1268154067,,pedestrian,,,,Central,33
1268386946,,footway,,,,East,11
1268386947,,footway,,,paving_stones,East,347
1268386948,,footway,,,,East,24
1268386950,,footway,,,paving_stones,East,14
1268386951,,footway,,,concrete,East,12
1268386952,,footway,,,paving_stones,East,47
1268386953,,footway,,,concrete,East,4
1268386956,,footway,,,concrete,East,7
1268613398,,footway,,,,South,14
1268613399,,footway,,,dirt,South,184
1268613400,,footway,,,paving_stones,South,45
1268613401,,footway,,,dirt,South,163
1268613402,,footway,,,,South,13
1268613404,,footway,,,,South,2
1268613407,,footway,,,dirt,South,19
1268613408,,footway,,,,South,6
1268613411,,footway,,,,South,8
1268613412,,footway,,,,South,5
1268613414,,footway,,,,South,26
1268613420,,footway,,,dirt,South,16
1268613421,,footway,,,dirt,South,33
1268613422,,footway,,,,South,14
1268613423,,footway,,,,South,6
1268613427,,footway,,,,South,7
1268631422,,footway,,,,South-East,12
1268631423,,footway,,,,South-East,11
1268631426,,footway,,,paving_stones,South-East,33
1268631429,,footway,,,,South-East,7
1268631432,,footway,,,paving_stones,South-East,8
1268631433,,footway,,,,South-East,184
1268631434,,footway,,,,South-East,136
1268631435,,footway,,,,South-East,13
1268658665,,footway,,,paving_stones,South-East,16
1268658666,,footway,,,dirt,South-East,16
1268658667,,footway,,,paving_stones,South-East,154
1268658668,,footway,,,paving_stones,South-East,81
1268658673,,footway,,,paving_stones,South-East,17
1268658674,,footway,,,paving_stones,South-East,66
1268658676,,footway,,,,South-East,5
1268658679,,footway,,,paving_stones,South-East,43
1268658682,,footway,,,paving_stones,South-East,42
1268658683,,footway,,,dirt,South-East,90
1268658686,,footway,,,paving_stones,South-East,86
1268658688,,footway,,,,South-East,7
1268658689,,footway,,,,South-East,8
1268658692,,footway,,,paving_stones,South-East,146
1270584827,,footway,crossing,,,South-West,21
1270655640,,footway,,,,South-East,5
1270655641,,footway,,,paving_stones,South-East,2
1270655644,,footway,,,,South-East,2
1270655649,,footway,,,,South-East,118
1270655651,,footway,,,,South-East,8
1270655652,,footway,,,,South-East,4
1270655656,,footway,,,,South-East,4
1270655657,,footway,,,,South-East,74
1270655658,,footway,,,,South-East,4
1270655662,,footway,,,paving_stones,South-East,54
1270655663,,footway,,,,South-East,5
1270655665,,footway,,,paving_stones,South-East,2
1270655666,,footway,,,,South-East,7
1270655669,,footway,,,,South-East,4
1270655670,,footway,,,paving_stones,South-East,5
1270655671,,footway,,,,South-East,6
1270655672,,footway,,,paving_stones,South-East,62
1270655675,,footway,,,paving_stones,South-East,1
1270655677,,footway,,,,South-East,7
1270655680,,footway,,,paving_stones,South-East,136
1270655681,,footway,,,,South-East,9
1270655683,,footway,,,,South-East,6
1270655684,,footway,,,paving_stones,South-East,14
1270655686,,footway,,,paving_stones,South-East,12
1270655687,,footway,,,,South-East,15
1270655688,,footway,,,,South-East,2
1270655689,,footway,,,,South-East,1
1270655690,,footway,,,paving_stones,South-East,2
1270874066,,footway,,,,New Delhi,26
1270874067,,footway,,,,New Delhi,27
1271149758,,footway,crossing,,paved,South-West,28
1271149760,,footway,sidewalk,,paved,South-West,557
1271149761,,footway,crossing,,paved,South-West,13
1271622446,,footway,,,,South-East,5
1271622447,,footway,,,,South-East,195
1271622449,,footway,,,,South-East,34
1271622450,,footway,,,,South-East,90
1271622451,,footway,,,,South-East,81
1271622452,,footway,,,,South-East,78
1271622453,,footway,,,,South-East,38
1271622454,,footway,,,,South-East,9
1271622455,,footway,,,,South-East,33
1271622456,,footway,,,,South-East,35
1271622457,,footway,,,,South-East,116
1271622458,,footway,,,,South-East,44
1271622459,,footway,,,,South-East,57
1271622460,,footway,,,,South-East,69
1271622464,,pedestrian,,,paving_stones,South-East,119
1271640942,,footway,crossing,,,New Delhi,10
1271640943,,footway,crossing,,,New Delhi,9
1271640944,,footway,crossing,,,New Delhi,10
1271640945,,footway,crossing,,asphalt,New Delhi,6
1271640946,,footway,,,,New Delhi,51
1271640957,,footway,,,,New Delhi,12
1271640963,,footway,,,,New Delhi,279
1271640967,,footway,crossing,,,New Delhi,9
1271640968,,footway,crossing,,,New Delhi,9
1271640969,,footway,crossing,,,New Delhi,6
1271640970,,footway,crossing,,,New Delhi,7
1271640971,,footway,crossing,,,New Delhi,7
1271640972,,footway,crossing,,,New Delhi,7
1271640974,,footway,,,,New Delhi,33
1271640977,,footway,crossing,,,New Delhi,8
1271640978,,footway,crossing,,,New Delhi,14
1271640979,,footway,,,rubber,New Delhi,2725
1271707829,,footway,crossing,,,New Delhi,30
1271707830,,footway,crossing,,asphalt,Central,37
1271749320,,footway,,,,South-West,36
1271749321,,footway,link,,concrete,South-West,28
1271750985,,footway,crossing,,,South-West,30
1272325569,,footway,,,,South-West,21
1272325570,,footway,,,paved,South-West,100
1272478670,,footway,crossing,,,New Delhi,7
1272478671,,footway,crossing,,,New Delhi,7
1272478672,,footway,crossing,,,New Delhi,10
1272478673,,footway,crossing,,,New Delhi,8
1272478676,,footway,,,,New Delhi,7
1272478677,,footway,,,,New Delhi,33
1272478678,,footway,,,,New Delhi,45
1272478679,,footway,,,,New Delhi,78
1272478680,,footway,,,,New Delhi,89
1272478681,,footway,,,,New Delhi,184
1272698385,,footway,crossing,,,New Delhi,27
1272698386,,footway,,,,New Delhi,61
1272698387,,footway,crossing,,,New Delhi,6
1272698388,,footway,crossing,,,New Delhi,6
1272698390,,footway,crossing,,asphalt,New Delhi,9
1272742751,,footway,,,,South-West,101
1272742752,,footway,,,,South-West,101
1272918469,,footway,,,,South-West,13
1272918472,,footway,,,,South-West,25
1273171316,,footway,,,,South-West,323
1273171317,,footway,,,,South-West,80
1273171318,,footway,,,,South-West,37
1273171319,,footway,,,,South-West,39
1273171320,,footway,,,,South-West,38
1273171321,,footway,,,,South-West,37
1273171322,,footway,,,,South-West,39
1273171323,,footway,,,,South-West,40
1273378551,,footway,,,,South-East,18
1273378552,,footway,,,,South-East,16
1273378553,,footway,,,,South-East,405
1273561765,,footway,,,paved,South-West,4
1273561766,,footway,,,paved,South-West,6
1273561768,,footway,,,paved,South-West,5
1273561770,,footway,crossing,,paved,South-West,39
1274029282,,footway,sidewalk,,,Central,250
1274184133,,footway,,,,South-West,27
1274184136,,footway,,,,South-West,18
1274184138,,footway,,,,South-West,137
1274184139,,footway,,,,South-West,25
1274184140,,footway,,,,South-West,7
1274184142,,footway,,,,South-West,9
1274184143,,footway,,,,South-West,5
1274184146,,footway,,,paved,South-West,10
1274184148,,footway,,,,South-West,22
1274184149,,footway,,,,South-West,8
1274184150,,footway,,,,South-West,4
1274184152,,footway,,,paved,South-West,29
1274184153,,footway,,,paved,South-West,7
1274184154,,footway,,,paved,South-West,6
1274184155,,footway,,,paved,South-West,7
1274184158,,footway,,,,South-West,19
1274184160,,footway,,,,South-West,5
1274184162,,footway,,,,South-West,9
1274184163,,footway,,,,South-West,4
1274184164,,footway,,,,South-West,8
1274311695,,footway,,,,New Delhi,175
1274311696,,footway,,,,New Delhi,271
1274311697,,footway,,,,New Delhi,75
1274417295,,footway,link,,concrete,Central,16
1274417299,,footway,,,,Central,10
1274456338,,footway,,,,South-East,6
1274459797,,footway,,,,South-East,54
1274459798,,footway,,,,South-East,7
1274459801,,footway,,,,South-East,3
1274559951,,footway,,,paved,South-West,8
1274772748,,footway,,,concrete,South-West,114
1274812961,,footway,crossing,,,West,13
1274908778,,footway,,,concrete,South-West,109
1275253734,,footway,,,paved,South-West,211
1275253735,,footway,,,,South-West,2
1275253737,,footway,,,,South-West,1
1275253738,,footway,,,,South-West,5
1275355917,,footway,crossing,,,New Delhi,11
1275355919,,footway,crossing,,,New Delhi,10
1275355920,,footway,crossing,,,New Delhi,11
1275458031,,footway,sidewalk,,concrete,South-West,119
1275458032,,footway,,,concrete,South-West,1
1275484003,,footway,,,concrete,South-West,37
1275484005,,footway,,,,South-West,69
1275484006,,footway,,,,South-West,65
1275484009,,footway,,,,South-West,104
1275484010,,footway,,,,South-West,189
1275484012,,footway,,,,South-West,27
1275484013,,footway,,,,South-West,82
1275484014,,footway,,,,South-West,13
1275484015,,footway,,,,South-West,51
1275484016,,footway,,,,South-West,8
1275484017,,footway,,,,South-West,105
1275484018,,footway,,,,South-West,6
1275484019,,footway,,,,South-West,207
1275484021,,footway,,,,South-West,56
1275484022,,footway,,,,South-West,52
1275484023,,footway,,,,South-West,40
1275484024,,footway,,,,South-West,314
1275484026,,footway,,,,South-West,7
1275484027,,footway,,,,South-West,389
1275484029,,footway,,,,South-West,2
1275519876,,footway,,,,South-West,8
1275732292,,footway,crossing,,,South-West,11
1276443437,,footway,link,,concrete,South-West,9
1276727713,,footway,,,,South-West,141
1277647990,,footway,,,,East,7
1277827541,,footway,,,concrete,South-West,5
1278044354,,footway,,,,East,32
1278044355,,footway,,,,East,35
1278167326,,footway,sidewalk,,paving_stones,South-West,261
1278175494,,footway,crossing,,asphalt,South-West,12
1278175497,,footway,,,paving_stones,South-West,8
1278175498,,footway,,,paving_stones,South-West,7
1278175499,,footway,sidewalk,,paving_stones,South-West,411
1278175500,,footway,crossing,,,South-West,4
1278175504,,footway,crossing,,asphalt,South-West,12
1278437367,,footway,,,paving_stones,New Delhi,65
1278455302,,footway,sidewalk,,paving_stones,New Delhi,523
1278455303,,footway,,,paving_stones,New Delhi,533
1278697398,,footway,,,,East,7
1278834177,,footway,crossing,,,New Delhi,10
1278970613,,footway,,,paving_stones,South-West,43
1278970614,,footway,,,paving_stones,South-West,189
1278970615,,footway,,,paving_stones,South-West,18
1278970616,,footway,,,paving_stones,South-West,3
1278970617,,footway,crossing,,asphalt,South-West,31
1278970618,,footway,,,paving_stones,South-West,3
1278970620,,footway,,,paving_stones,South-West,14
1278970622,,footway,,,paving_stones,South-West,205
1278970624,,footway,,,paving_stones,South-West,21
1278970628,,footway,,,paving_stones,South-West,9
1278970629,,footway,,,paving_stones,South-West,22
1278970631,,footway,,,paving_stones,South-West,5
1278970633,,footway,,,paving_stones,South-West,8
1278970634,,footway,,,paving_stones,South-West,16
1278970635,,footway,,,paving_stones,South-West,18
1278970637,,footway,,,paving_stones,South-West,57
1278970639,,footway,,,paving_stones,South-West,12
1278970640,,footway,,,paving_stones,South-West,30
1278970642,,footway,,,paving_stones,South-West,142
1278970644,,footway,,,paving_stones,South-West,48
1278970645,,footway,,,paving_stones,South-West,47
1278970647,,footway,,,paving_stones,South-West,258
1278970649,,footway,,,wood,South-West,8
1278970650,,footway,,,paving_stones,South-West,63
1278970651,,footway,,,paving_stones,South-West,6
1278970653,,footway,,,paving_stones,South-West,3
1278970655,,footway,,,paving_stones,South-West,9
1278970656,,footway,,,paving_stones,South-West,4
1278970659,,footway,,,paving_stones,South-West,26
1278970661,,footway,,,paving_stones,South-West,9
1278970663,,footway,,,paving_stones,South-West,1
1278970666,,footway,,,paving_stones,South-West,641
1278970668,,footway,,,paving_stones,South-West,26
1279025550,,footway,sidewalk,,paving_stones,South-West,73
1279073708,,footway,,,paving_stones,South-West,8
1279073709,,footway,,,paving_stones,South-West,8
1279270077,,footway,,,paving_stones,New Delhi,42
1279270078,,footway,sidewalk,,paving_stones,New Delhi,36
1279270079,,footway,crossing,,paving_stones,New Delhi,32
1279270084,,footway,,,paving_stones,New Delhi,69
1279278439,,footway,,,paving_stones,New Delhi,120
1279278441,,footway,,,paving_stones,New Delhi,46
1279278443,,footway,,,paving_stones,New Delhi,99
1279278444,,footway,,,paving_stones,New Delhi,96
1279278445,,footway,,,paving_stones,New Delhi,19
1279278446,,footway,,,paving_stones,New Delhi,42
1279278447,,footway,,,paving_stones,New Delhi,63
1279278448,,footway,,,paving_stones,New Delhi,62
1279278449,,footway,,,paving_stones,New Delhi,150
1279278450,,footway,,,paving_stones,New Delhi,23
1279278451,,footway,,,paving_stones,New Delhi,42
1279278453,,footway,,,paving_stones,New Delhi,172
1279278457,,footway,,,paving_stones,New Delhi,99
1279278458,,footway,,,paving_stones,New Delhi,140
1279278459,,footway,,,paving_stones,New Delhi,25
1279278461,,footway,,,paving_stones,New Delhi,18
1279278462,,footway,,,paving_stones,New Delhi,18
1279278463,,footway,,,paving_stones,New Delhi,82
1279278464,,footway,,,paving_stones,New Delhi,7
1279278466,,footway,,,paving_stones,New Delhi,26
1279278467,,footway,,,paving_stones,New Delhi,90
1279278468,,footway,,,paving_stones,New Delhi,35
1279278469,,footway,,,paving_stones,New Delhi,143
1279278470,,footway,,,paving_stones,New Delhi,7
1279365964,,footway,,,,South-East,4
1279386514,,footway,crossing,,,South-East,54
1279900928,,footway,,,,South-West,4
1279900929,,footway,,,,South-West,42
1279900932,,footway,,,,South-West,34
1279900934,,footway,,,,South-West,5
1279900936,,footway,,,,South-West,2
1279900937,,footway,,,,South-West,2
1279900938,,footway,,,,South-West,10
1279900939,,footway,,,,South-West,2
1279900940,,footway,,,,South-West,99
1279900941,,footway,,,,South-West,31
1279900943,,footway,,,,South-West,1
1279900945,,footway,,,,South-West,9
1279900950,,footway,,,,South-West,71
1279900953,,footway,,,,South-West,2
1279900954,,footway,,,,South-West,2
1279900964,,footway,,,,South-West,3
1279900965,,footway,,,,South-West,48
1279900966,,footway,,,,South-West,5
1279900967,,footway,,,,South-West,11
1279900968,,footway,,,,South-West,7
1279900969,,footway,,,,South-West,8
1279900971,,footway,,,,South-West,8
1279994389,,footway,,,,South,15
1280140320,,footway,,,,New Delhi,6
1280140322,,footway,,,,New Delhi,6
1280140323,,footway,,,,New Delhi,20
1280141248,,footway,,,,New Delhi,3
1280141249,,footway,,,,New Delhi,3
1280141250,,footway,,,,New Delhi,3
1280141251,,footway,sidewalk,,,New Delhi,105
1280141252,,footway,,,,New Delhi,3
1280168590,,footway,,,,New Delhi,53
1280168591,,footway,,,paving_stones,New Delhi,2
1280168592,,footway,,,paving_stones,New Delhi,42
1280562698,,footway,sidewalk,,paving_stones,South-West,230
1280800304,,footway,sidewalk,,paving_stones,South-West,218
1280801690,,footway,crossing,,,South,17
1280801691,,footway,crossing,,,South,16
1280801696,,footway,,,,South,19
1280801697,,footway,,,,South-West,26
1280801700,,footway,crossing,,,South-West,21
1280801701,,footway,crossing,,,South,19
1281406899,,footway,,,,New Delhi,21
1281442192,,footway,sidewalk,,concrete,South-West,195
1281443896,,footway,link,,concrete,South-West,11
1281443898,,footway,link,,concrete,South-West,29
1282016428,,footway,crossing,,,East,12
1282016429,,footway,crossing,,,East,12
1282018485,,footway,,,paving_stones,New Delhi,138
1282018486,,footway,,,,New Delhi,683
1282018487,,footway,,,,New Delhi,68
1282018488,,footway,,,paving_stones,New Delhi,141
1282018489,,footway,,,,New Delhi,295
1282019278,,footway,,,paving_stones,New Delhi,33
1282019279,,footway,,,paving_stones,New Delhi,103
1282019280,,footway,,,paving_stones,New Delhi,580
1282019282,,footway,,,paving_stones,New Delhi,125
1282019283,,footway,,,paving_stones,New Delhi,128
1282019809,,footway,crossing,,,New Delhi,61
1282112721,,footway,,,paving_stones,New Delhi,118
1282112722,,footway,,,,New Delhi,85
1282112723,,footway,,,paving_stones,New Delhi,102
1282114456,,footway,,,paving_stones,New Delhi,102
1282114457,,footway,,,paving_stones,New Delhi,102
1282114458,,footway,,,paving_stones,New Delhi,102
1282114459,,footway,,,paving_stones,New Delhi,102
1282114460,,footway,,,paving_stones,New Delhi,138
1282114461,,footway,,,paving_stones,New Delhi,102
1282114462,,footway,,,paving_stones,New Delhi,583
1282114463,,footway,,,paving_stones,New Delhi,64
1282114464,,footway,,,paving_stones,New Delhi,63
1282114465,,footway,,,paving_stones,New Delhi,103
1282114466,,footway,,,paving_stones,New Delhi,538
1282114467,,footway,,,paving_stones,New Delhi,102
1282114468,,footway,,,paving_stones,New Delhi,102
1282114469,,footway,,,paving_stones,New Delhi,254
1282114470,,footway,,,paving_stones,New Delhi,102
1282114471,,footway,,,paving_stones,New Delhi,61
1282114472,,footway,,,,New Delhi,134
1282114473,,footway,,,paving_stones,New Delhi,260
1282114474,,footway,,,paving_stones,New Delhi,781
1282114475,,footway,,,,New Delhi,266
1282114476,,footway,,,,New Delhi,39
1282114477,,footway,,,paving_stones,New Delhi,62
1282114891,,footway,,,paving_stones,New Delhi,62
1282114892,,footway,sidewalk,,,New Delhi,188
1282114893,,footway,sidewalk,,,New Delhi,192
1282114894,,footway,sidewalk,,,New Delhi,39
1282114895,,footway,sidewalk,,,New Delhi,40
1282114896,,footway,sidewalk,,,New Delhi,400
1282114897,,footway,sidewalk,,,New Delhi,104
1282114898,,footway,sidewalk,,,New Delhi,70
1282115816,,footway,sidewalk,,,New Delhi,394
1282115817,,footway,sidewalk,,,New Delhi,31
1282115818,,footway,sidewalk,,,New Delhi,31
1282115819,,footway,sidewalk,,,New Delhi,172
1282115820,,footway,sidewalk,,,New Delhi,95
1282115821,,footway,sidewalk,,,New Delhi,39
1282115822,,footway,sidewalk,,,New Delhi,110
1282115823,,footway,sidewalk,,,New Delhi,111
1282115824,,footway,sidewalk,,,New Delhi,107
1282115825,,footway,sidewalk,,,New Delhi,96
1282116746,,footway,sidewalk,,,New Delhi,111
1282119228,,pedestrian,,,paving_stones,New Delhi,167
1282119229,,footway,,,,New Delhi,73
1282119230,,footway,sidewalk,,,New Delhi,43
1282119231,,footway,sidewalk,,,New Delhi,43
1282119232,,footway,sidewalk,,,New Delhi,42
1282119233,,footway,sidewalk,,,New Delhi,54
1282119234,,footway,sidewalk,,,New Delhi,53
1282119236,,footway,,,paving_stones,New Delhi,434
1282142850,,pedestrian,,,paving_stones,New Delhi,132
1282144950,,pedestrian,,,paving_stones,New Delhi,169
1282168775,,footway,,,paving_stones,South-West,17
1282168776,,footway,,,paving_stones,South-West,366
1282168779,,footway,link,,paving_stones,South-West,20
1282168782,,footway,link,,paving_stones,South-West,18
1282168784,,footway,link,,paving_stones,South-West,19
1282204168,,pedestrian,,,paving_stones,New Delhi,161
1282217346,,pedestrian,,,paving_stones,New Delhi,164
1282329920,,footway,,,,Central,22
1282467472,,footway,,,concrete,South-West,69
1282706849,,footway,sidewalk,,,New Delhi,233
1282720517,,footway,,,,East,85
1282771146,,footway,,,paving_stones,East,11
1282771148,,footway,,,concrete,East,18
1282771149,,footway,,,paving_stones,East,10
1282771150,,footway,,,paving_stones,East,52
1282771152,,footway,,,paving_stones,East,79
1282771156,,footway,,,paving_stones,East,14
1282771160,,footway,,,concrete,East,3
1282771161,,footway,,,concrete,East,9
1282771163,,footway,,,paving_stones,East,113
1282771174,,footway,,,paving_stones,East,9
1282771177,,footway,,,paving_stones,East,17
1282771178,,footway,,,,East,3
1283259037,,footway,sidewalk,,paving_stones,South-West,64
1283297040,,footway,,,paving_stones,South-West,6
1283297041,,footway,,,paving_stones,South-West,99
1283297046,,footway,link,,paving_stones,South-West,13
1283297047,,footway,,,paving_stones,South-West,33
1283297049,,footway,link,,concrete,South-West,9
1283297051,,footway,link,,unpaved,South-West,9
1283297052,,footway,,,paving_stones,South-West,93
1283297053,,footway,,,paving_stones,South-West,38
1283297054,,footway,,,paving_stones,South-West,209
1283297057,,footway,,,sand,South-West,44
1283297061,,footway,,,paving_stones,South-West,419
1283297166,,footway,,,paving_stones,South-West,67
1283482361,,footway,,,,South-West,349
1283482363,,footway,,,concrete,South-West,8
1283482366,,footway,,,concrete,South-West,5
1283482369,,footway,,,unpaved,South-West,14
1283617037,,footway,link,,concrete,South-West,54
1283617040,,footway,,,concrete,South-West,15
1283617045,,footway,link,,concrete,South-West,9
1283617046,,footway,,,concrete,South-West,18
1284279345,,footway,,,,New Delhi,81
1284652026,,footway,crossing,,,New Delhi,10
1284652027,,footway,crossing,,,New Delhi,12
1284652028,,footway,crossing,,,New Delhi,6
1284652029,,footway,crossing,,,New Delhi,11
1284657428,,footway,,,,South-East,2
1284657433,,footway,,,,South-East,2
1284657434,,footway,,,,South-East,2
1285005494,,footway,,,,South-East,39
1285005495,,footway,,,,South-East,39
1285005496,,footway,,,unhewn_cobblestone,South-East,13
1285005497,,footway,,,unhewn_cobblestone,South-East,3
1285005498,,footway,,,unhewn_cobblestone,South-East,15
1285005499,,footway,,,unhewn_cobblestone,South-East,4
1285005500,,footway,,,unhewn_cobblestone,South-East,13
1285005501,,footway,,,unhewn_cobblestone,South-East,7
1285005502,,footway,,,unhewn_cobblestone,South-East,12
1285005503,,footway,,,unhewn_cobblestone,South-East,7
1285005504,,footway,,,unhewn_cobblestone,South-East,3
1285005505,,footway,,,unhewn_cobblestone,South-East,1
1285005506,,footway,,,unhewn_cobblestone,South-East,13
1285005507,,footway,,,unhewn_cobblestone,South-East,3
1285005508,,footway,,,unhewn_cobblestone,South-East,1
1285005509,,footway,,,unhewn_cobblestone,South-East,4
1285006400,,footway,,,compacted,South-East,13
1285006401,,footway,,,compacted,South-East,6
1285006402,,footway,,,compacted,South-East,14
1285006403,,footway,,,compacted,South-East,3
1285006404,,footway,,,compacted,South-East,1
1285006405,,footway,,,compacted,South-East,3
1285006406,,footway,,,compacted,South-East,15
1285006407,,footway,,,compacted,South-East,3
1285006408,,footway,,,compacted,South-East,13
1285006409,,footway,,,compacted,South-East,2
1285006410,,footway,,,compacted,South-East,12
1285006411,,footway,,,compacted,South-East,7
1285006412,,footway,,,compacted,South-East,5
1285006413,,footway,,,compacted,South-East,1
1285006414,,footway,,,compacted,South-East,11
1285006415,,footway,,,compacted,South-East,6
1285377607,,footway,,,,South-East,16
1285377608,,footway,,,,South-East,16
1285619922,,footway,link,,concrete,South-West,4
1285902808,,footway,sidewalk,,paving_stones,South-West,64
1285902809,,footway,crossing,,asphalt,South-West,8
1285902811,,footway,sidewalk,,paving_stones,South-West,9
1286191647,,footway,,,paving_stones,West,137
1286191660,,footway,link,,paved,South-West,9
1286191672,,footway,,,paved,West,10
1286195824,,footway,,,paved,West,33
1286195825,,footway,,,paved,West,59
1286195828,,footway,,,paved,West,43
1286196291,,footway,sidewalk,,paving_stones,South-West,57
1286199192,,footway,,,paved,West,11
1286332778,,footway,crossing,,asphalt,South-West,14
1286332779,,footway,crossing,,asphalt,South-West,13
1286332783,,footway,sidewalk,,paving_stones,South-West,136
1286332785,,footway,crossing,,asphalt,South-West,15
1286489018,,footway,alley,,paved,South-West,42
1286576095,,footway,crossing,,asphalt,South-West,14
1286576107,,footway,crossing,,asphalt,South-West,11
1286872487,,footway,crossing,,,New Delhi,18
1286872488,,footway,crossing,,,New Delhi,13
1286872489,,footway,crossing,,,New Delhi,18
1286872490,,footway,crossing,,,New Delhi,8
1286872491,,footway,crossing,,,New Delhi,19
1286872492,,footway,crossing,,,New Delhi,8
1286872493,,pedestrian,,,,New Delhi,31
1286874139,,footway,crossing,,,New Delhi,15
1286874140,,footway,crossing,,,New Delhi,14
1286874141,,footway,crossing,,,New Delhi,6
1286874142,,footway,crossing,,,New Delhi,52
1286874143,,footway,crossing,,,New Delhi,3
1286874144,,footway,crossing,,,New Delhi,18
1286874145,,footway,crossing,,,New Delhi,35
1287595814,,footway,,,,East,339
1287595815,,footway,,,,East,8
1287595817,,footway,,,,East,25
1287680352,,footway,sidewalk,,concrete,South-West,56
1287680356,,footway,crossing,,asphalt,South-West,15
1287680359,,footway,alley,,concrete,South-West,28
1287923424,,footway,,,,East,5
1287923429,,footway,sidewalk,,,East,21
1287923433,,footway,sidewalk,,,East,87
1288295788,,footway,,,,New Delhi,255
1288626085,,footway,crossing,,paved,South-West,29
1288626086,,footway,link,,paved,South-West,3
1288626087,,footway,link,,paved,South-West,5
1288640320,,footway,link,,paved,South-West,6
1288640321,,footway,link,,paved,South-West,8
1288640322,,footway,link,,paved,South-West,11
1288640325,,footway,,,paving_stones,South-West,215
1288640326,,footway,link,,paved,South-West,12
1288768015,,footway,,,,South-West,49
1288768016,,footway,,,,South-West,11
1288830597,,footway,sidewalk,,paving_stones,South-West,63
1288830599,,footway,crossing,,asphalt,South-West,14
1289162892,,footway,,,,South-West,13
1289162896,,footway,alley,,paved,South-West,89
1289351566,,footway,alley,,paved,South-West,52
1289351567,,footway,,,concrete,South-West,4
1289351569,,footway,alley,,paved,South-West,10
1289351570,,footway,link,,paved,South-West,3
1289351571,,footway,alley,,paved,South-West,36
1289361262,,footway,,,paving_stones,South-West,58
1290403886,,footway,crossing,,,New Delhi,7
1290403892,,footway,crossing,,,New Delhi,2
1290403893,,footway,sidewalk,,,New Delhi,678
1290403897,,footway,crossing,,,New Delhi,7
1290403904,,footway,crossing,,,New Delhi,6
1290403905,,footway,crossing,,,New Delhi,7
1290403909,,footway,,,,New Delhi,26
1290403916,,footway,crossing,,,New Delhi,39
1290491923,,footway,,,,South,24
1290639138,,footway,link,,unpaved,South-West,6
1290639141,,footway,crossing,,asphalt,South-West,17
1290640395,,footway,,,paved,South-West,19
1291713623,,footway,link,,asphalt,South-West,8
1291713624,,footway,,,paved,South-West,25
1291713628,,footway,,,paved,South-West,29
1291713629,,footway,,,paved,South-West,64
1291723418,,footway,alley,,paved,South-West,78
1291723423,,footway,,,paved,South-West,17
1291766186,,footway,,,paved,South-West,34
1291766188,,footway,link,,concrete,South-West,22
1292559841,,pedestrian,,,clay,South-West,274
1292797639,,footway,,,,South-West,29
1292797643,,footway,crossing,,,New Delhi,8
1292797644,,footway,crossing,,,New Delhi,14
1292797645,,footway,crossing,,,New Delhi,8
1292797646,,footway,crossing,,,New Delhi,14
1292797647,,footway,crossing,,,New Delhi,7
1292797648,,footway,crossing,,,New Delhi,6
1292797649,,footway,crossing,,,New Delhi,8
1292797650,,footway,crossing,,,New Delhi,8
1292797654,,pedestrian,,,,New Delhi,143
1292797657,,footway,crossing,,,New Delhi,7
1292797658,,footway,crossing,,,New Delhi,8
1292797659,,footway,crossing,,,New Delhi,20
1292797661,,footway,,,,New Delhi,27
1292839080,,footway,,,,South,194
1292844688,,footway,,,,South,32
1292844690,,footway,,,,South,9
1292859758,,footway,crossing,,,South,15
1292859759,,footway,crossing,,,South,18
1292859760,,footway,crossing,,,South,18
1292859761,,footway,sidewalk,,paving_stones,South,79
1293371913,,footway,alley,,paved,South-West,18
1293377142,,footway,,,,South-West,109
1293377144,,footway,,,ground,South-West,7
1293377145,,footway,,,ground,South-West,239
1293377146,,footway,,,ground,South-West,237
1293377147,,footway,,,ground,South-West,46
1293377148,,footway,,,paved,South-West,104
1293561979,,footway,,,paving_stones,Central,10
1293561981,,footway,sidewalk,,paving_stones,Central,83
1293570990,,footway,,,sand,Central,52
1293570991,,footway,,,paving_stones,Central,88
1293570992,,footway,,,paving_stones,Central,10
1293570993,,footway,,,paving_stones,Central,67
1293570997,,footway,,,paving_stones,Central,4
1293570998,,footway,,,sand,Central,3
1293570999,,footway,,,paving_stones,Central,21
1293571001,,footway,,,paving_stones,Central,58
1293571002,,footway,sidewalk,,paving_stones,Central,6
1293571003,,footway,sidewalk,,paving_stones,Central,363
1293571004,,footway,,,sand,Central,5
1293571006,,footway,,,paving_stones,Central,15
1293571010,,footway,,,paving_stones,Central,80
1293571011,,footway,,,sand,Central,28
1293571013,,footway,,,paving_stones,Central,21
1293571016,,footway,sidewalk,,paving_stones,Central,7
1293571018,,footway,sidewalk,,paving_stones,Central,3
1293577304,,footway,link,,paving_stones,Central,5
1294685226,,footway,sidewalk,,paving_stones,East,771
1294685235,,footway,,,,East,61
1294923152,,footway,crossing,,,South,9
1294923153,,footway,crossing,,,South,9
1294923155,,footway,crossing,,,South,13
1294923156,,footway,crossing,,,South,8
1294927055,,footway,sidewalk,,,New Delhi,147
1294927056,,footway,crossing,,,New Delhi,10
1294927057,,footway,crossing,,,New Delhi,10
1294927058,,footway,crossing,,,New Delhi,10
1294927059,,footway,crossing,,,New Delhi,6
1294927060,,footway,crossing,,,New Delhi,7
1294927061,,footway,crossing,,,New Delhi,8
1294927062,,footway,crossing,,,New Delhi,6
1294927064,,footway,crossing,,,New Delhi,12
1294927065,,footway,crossing,,,New Delhi,13
1294927067,,pedestrian,,,,New Delhi,88
1294927068,,footway,sidewalk,,,New Delhi,136
1294927069,,footway,crossing,,,New Delhi,7
1294941400,,footway,,,paved,Central,63
1294941401,,footway,,,paved,Central,538
1294941402,,footway,,,paved,Central,472
1294941403,,footway,,,paved,Central,13
1294941404,,footway,,,paved,Central,109
1294941405,,footway,,,paved,Central,87
1294941406,,footway,crossing,,,Central,38
1294941409,,footway,,,paved,Central,12
1294942991,,footway,,,paved,Central,43
1294942992,,footway,,,paved,Central,53
1294942993,,footway,,,paved,Central,110
1294942994,,footway,,,paved,Central,23
1294942995,,footway,,,paved,Central,70
1294942996,,footway,,,paved,Central,24
1294942997,,footway,,,paved,Central,71
1294942998,,footway,,,paved,Central,73
1294942999,,footway,,,paved,Central,74
1294943000,,footway,,,paved,Central,92
1294943001,,footway,,,paved,Central,212
1295546431,,footway,crossing,,asphalt,West,21
1295604922,,footway,crossing,,asphalt,South-West,17
1295604926,,footway,crossing,,asphalt,South-West,8
1295604927,,footway,crossing,,asphalt,South-West,6
1295604928,,footway,sidewalk,,paving_stones,South-West,60
1295604932,,footway,crossing,,asphalt,South-West,13
1295604934,,footway,crossing,,asphalt,South-West,22
1295604937,,footway,sidewalk,,paving_stones,South-West,26
1295604939,,footway,sidewalk,,paving_stones,South-West,114
1295604941,,footway,crossing,,asphalt,South-West,22
1295604945,,footway,sidewalk,,paving_stones,South-West,61
1296059821,,footway,crossing,,,South,7
1296059822,,footway,crossing,,,South,10
1296059823,,footway,crossing,,,South,9
1296268638,,footway,traffic_island,,paving_stones,South-West,39
1296268645,,footway,crossing,,asphalt,South-West,8
1296268650,,footway,,,,South-West,1193
1296268651,,footway,,,paved,West,38
1296268668,,footway,link,,paved,West,16
1296268671,,footway,crossing,,asphalt,South-West,12
1296786847,,footway,link,,paved,South-West,8
1296786849,,footway,sidewalk,,paved,South-West,173
1296790363,,footway,,,,Central,19
1297323016,,footway,,,,South,313
1297324908,,footway,,,,South-East,19
1297354978,,footway,link,,paved,South-West,29
1297360311,,footway,,,paving_stones,New Delhi,23
1297360312,,footway,,,paving_stones,New Delhi,23
1297388579,,footway,crossing,,asphalt,New Delhi,12
1297388580,,footway,crossing,,asphalt,New Delhi,26
1297388581,,footway,crossing,,asphalt,New Delhi,25
1297388582,,footway,crossing,,asphalt,New Delhi,14
1297388583,,footway,crossing,,asphalt,New Delhi,10
1297388584,,footway,crossing,,asphalt,New Delhi,26
1297388585,,footway,crossing,,asphalt,New Delhi,14
1297388586,,footway,crossing,,asphalt,New Delhi,26
1297388765,,footway,crossing,,,New Delhi,21
1298138142,,footway,link,,paved,South-West,28
1298138146,,footway,link,,paved,South-West,43
1298513471,,footway,alley,,paved,South-West,22
1298513479,,footway,alley,,paved,South-West,30
1298515766,,footway,,,,South-West,38
1298515767,,footway,,,,South-West,25
1298515768,,footway,,,,South-West,47
1298515769,,footway,,,,South-West,73
1298515770,,footway,,,,South-West,48
1298515771,,footway,,,,South-West,40
1298515772,,footway,,,,South-West,74
1298515773,,footway,,,,South-West,27
1298517305,,footway,,,,South-West,63
1298517306,,footway,,,,South-West,26
1298517307,,footway,,,,South-West,26
1298729764,,footway,link,,paving_stones,South-West,13
1298729765,Main line,footway,,,paving_stones,South-West,54
1298729770,,footway,link,,paving_stones,South-West,13
1298729774,,footway,link,,paving_stones,South-West,13
1298956667,,footway,,,paved,South-West,33
1298956677,,footway,,,paved,South-West,130
1298956682,,footway,,,paved,South-West,13
1299469248,,footway,,,,New Delhi,74
1299946567,Export Line,footway,,,paving_stones,South-West,29
1300169481,,footway,,,,East,10
1300354426,,footway,crossing,,,New Delhi,2
1300354427,,footway,sidewalk,,,New Delhi,2
1300354429,,footway,,,,New Delhi,6
1300354430,,footway,,,,New Delhi,2
1300354431,,footway,,,,New Delhi,2
1300354435,,footway,,,,New Delhi,2
1300354438,,footway,,,,New Delhi,10
1300354439,,footway,,,,New Delhi,2
1300354440,,footway,sidewalk,,,New Delhi,351
1300354443,,footway,crossing,,asphalt,New Delhi,26
1300354444,,footway,,,,New Delhi,6
1300354445,,footway,,,,New Delhi,3
1300354447,,footway,,,,New Delhi,6
1300354449,,footway,,,,New Delhi,2
1300354451,,footway,,,,New Delhi,3
1300354452,,footway,,,,New Delhi,5
1300354455,,footway,,,,New Delhi,6
1300354458,,footway,,,,New Delhi,6
1300887620,,footway,link,,paving_stones,Central,9
1300887621,,footway,sidewalk,,paving_stones,Central,88
1300887622,,footway,sidewalk,,paving_stones,Central,88
1300887624,,footway,sidewalk,,paving_stones,Central,332
1300887626,,footway,alley,,paved,Central,91
1300891893,,footway,sidewalk,,paving_stones,Central,22
1300891894,,footway,sidewalk,,paving_stones,Central,32
1301241813,,footway,crossing,,asphalt,Central,32
1301241814,,footway,crossing,,asphalt,Central,31
1301809634,,footway,,,,East,61
1301809636,,footway,,,,East,87
1301809640,,footway,,,,East,189
1301809658,,footway,,,,East,77
1301809666,,footway,,,,East,39
1302283451,,footway,alley,,paved,South-West,19
1302283452,,footway,alley,,paved,South-West,22
1302283456,,footway,,,paved,South-West,21
1302283461,,footway,sidewalk,,paved,South-West,38
1302507094,,footway,link,,concrete,South-West,4
1302507102,,footway,alley,,paved,South-West,23
1302507104,,footway,link,,concrete,South-West,16
1302507107,,footway,link,,concrete,South-West,37
1302507110,,footway,link,,concrete,South-West,13
1302507113,,footway,link,,concrete,South-West,11
1302507118,,footway,alley,,concrete,South-West,23
1302507123,,footway,link,,concrete,South-West,13
1302640627,,footway,,,,East,1
1302640630,,footway,,,,East,11
1302640632,,footway,,,,East,16
1302640639,,footway,,,,East,4
1302640648,,footway,,,,East,2
1302640651,,footway,,,,East,17
1302640654,,footway,,,,East,1
1302640663,,footway,,,,East,0
1302640666,,footway,,,,East,17
1302640670,,footway,,,,East,1
1302640672,,footway,,,,East,10
1302640675,,footway,,,,East,2
1302777698,,footway,crossing,,,New Delhi,8
1302778090,,footway,,,paving_stones,East,12
1302778093,,footway,,,paving_stones,East,68
1302778095,,footway,,,paving_stones,East,75
1302778096,,footway,,,paving_stones,East,35
1302778097,,footway,,,dirt,East,424
1302778098,,footway,,,paving_stones,East,8
1302778100,,footway,,,paving_stones,East,23
1302778101,,footway,,,paving_stones,East,202
1302778102,,footway,,,paving_stones,East,34
1302778104,,footway,,,paving_stones,East,23
1302778105,,footway,,,paving_stones,East,7
1302778106,,footway,,,,East,4
1302778111,,footway,,,paving_stones,East,26
1302778112,,footway,,,paving_stones,East,13
1302778114,,footway,,,paving_stones,East,4
1302778115,,footway,,,paving_stones,East,4
1302778116,,footway,,,paving_stones,East,69
1302778117,,footway,,,paving_stones,East,20
1302778118,,footway,,,paving_stones,East,56
1302778121,,footway,,,,East,3
1302778122,,footway,,,paving_stones,East,39
1302778123,,footway,,,,East,2
1302778124,,footway,,,,East,4
1302778125,,footway,,,concrete,East,3
1302825724,,footway,,,,East,2
1302884208,,footway,,,paved,East,23
1302884209,,footway,,,paved,East,11
1302958660,,footway,,,,East,2
1302958665,,footway,,,,East,2
1302958667,,footway,,,,East,2
1303131424,,footway,,,,South-West,19
1303131425,,footway,,,,South-West,90
1303131426,,footway,,,,South-West,40
1303218463,,footway,,,,South,83
1303317424,,footway,,,,South-West,66
1303317425,,footway,,,,South-West,310
1303317426,,footway,,,,South-West,240
1303317427,,footway,,,,South-West,51
1303517564,,footway,,,,South-West,105
1303795590,,footway,,,,South,8
1304963905,,footway,,,,South,72
1304963906,,footway,,,,South,235
1305705319,,footway,,,paving_stones,New Delhi,64
1305705320,,footway,,,paving_stones,New Delhi,39
1305705321,,footway,,,paving_stones,New Delhi,5
1305705322,,footway,,,paving_stones,New Delhi,120
1305705323,,footway,,,paving_stones,New Delhi,63
1305705324,,footway,,,paving_stones,New Delhi,119
1305705325,,footway,,,paving_stones,New Delhi,34
1305705326,,footway,,,paving_stones,New Delhi,86
1305705330,,footway,,,paving_stones,New Delhi,15
1305705331,,footway,,,paving_stones,New Delhi,16
1305705332,,footway,,,paving_stones,New Delhi,29
1305705337,,footway,,,paving_stones,New Delhi,205
1305705338,,footway,,,paving_stones,New Delhi,73
1305705340,,footway,,,paving_stones,New Delhi,75
1305705342,,footway,,,paving_stones,New Delhi,3
1305705343,,footway,,,paving_stones,New Delhi,24
1305705344,,footway,,,paving_stones,New Delhi,29
1305705345,,footway,,,paving_stones,New Delhi,90
1305705347,,footway,,,paving_stones,New Delhi,91
1305705349,,footway,,,paving_stones,New Delhi,359
1305705350,,footway,,,paving_stones,New Delhi,5
1305705351,,footway,,,paving_stones,New Delhi,37
1305705352,,footway,,,paving_stones,New Delhi,19
1305847312,,footway,crossing,,,South,12
1305870716,,footway,,,,South-West,26
1305870717,,footway,,,,South-West,42
1305870718,,footway,,,,South-West,27
1305870721,,footway,,,,South-West,3
1305870722,,footway,,,,South-West,26
1305870725,,footway,,,,South-West,2
1305870727,,footway,,,,South-West,31
1305870728,,footway,,,,South-West,8
1305875909,,footway,,,,South-West,345
1306144111,,footway,,,paving_stones,New Delhi,106
1306144113,,footway,,,paving_stones,New Delhi,108
1306144117,,footway,,,paving_stones,New Delhi,16
1306144118,,footway,,,paving_stones,New Delhi,69
1306311528,,footway,crossing,,paving_stones,New Delhi,16
1306311530,,footway,,,paving_stones,New Delhi,41
1306311531,,footway,,,paving_stones,New Delhi,13
1306311534,,footway,,,paving_stones,New Delhi,24
1306311536,,footway,,,paving_stones,New Delhi,189
1306311538,,footway,,,paving_stones,New Delhi,20
1306311540,,footway,crossing,,paving_stones,New Delhi,12
1306311541,,footway,,,paving_stones,New Delhi,6
1306311543,,footway,,,paving_stones,New Delhi,49
1306312879,,footway,,,,East,19
1306312886,,footway,,,,East,17
1306312890,,footway,,,,East,36
1306312897,,footway,,,,East,26
1306312898,,footway,,,,East,199
1306312899,,footway,,,,East,14
1306325798,,footway,,,paving_stones,New Delhi,106
1307197795,,footway,link,,,Central,12
1307479746,,footway,crossing,,,East,4
1309643014,,pedestrian,,,,South-East,26
1311981581,,footway,sidewalk,,,East,63
1311981582,,footway,sidewalk,,,East,11
1311981583,,footway,sidewalk,,,East,62
1311981584,,footway,sidewalk,,,East,11
1311981585,,footway,,,,East,15
1311981586,,footway,,,,East,16
1312820315,,footway,crossing,,,East,31
1312820316,,footway,crossing,,,East,6
1313027073,,footway,,,,South-East,20
1313638993,,footway,link,,paved,South-West,32
1313638994,,footway,link,,paved,South-West,19
1313638996,,footway,link,,paved,South-West,10
1313638997,,footway,link,,paved,South-West,22
1313638998,,footway,crossing,,paved,South-West,53
1313638999,,footway,sidewalk,,paved,South-West,82
1313639000,,footway,sidewalk,,paved,South-West,21
1313639001,,footway,crossing,,paved,South-West,4
1313639004,,footway,link,,paved,South-West,9
1313639005,,footway,sidewalk,,paved,South-West,51
1313639006,,footway,link,,paved,South-West,12
1313639007,,footway,link,,paved,South-West,11
1313639008,,footway,link,,paved,South-West,17
1313639009,,footway,crossing,,paved,South-West,12
1313639010,,footway,sidewalk,,paved,South-West,112
1313639012,,footway,crossing,,paved,South-West,14
1313994892,,pedestrian,,,,East,90
1314127714,,footway,,,,South-East,12
1314127715,,footway,,,,South-East,24
1314127716,,footway,,,,South-East,21
1314127717,,footway,,,,South-East,9
1314555167,Barapullah Bridge,footway,,,stone,South-East,150
1314842050,,footway,crossing,,asphalt,New Delhi,36
1315973853,,footway,,,,East,4
1315973860,,footway,,,,East,10
1315973866,,footway,,,,East,11
1316315039,,footway,,,paving_stones,New Delhi,58
1316316426,,footway,,,,South-West,13
1316316427,,footway,,,,South-West,12
1316349833,,footway,,,paving_stones,South-West,40
1316382547,,footway,sidewalk,,,New Delhi,65
1316382552,,footway,sidewalk,,,New Delhi,7
1316382553,,footway,,,,New Delhi,12
1316621341,,footway,,,dirt,East,138
1316621355,,footway,,,dirt,East,27
1316621364,,footway,,,dirt,East,92
1316621365,,footway,,,dirt,East,18
1316627339,,footway,crossing,,asphalt,New Delhi,18
1316627344,,footway,crossing,,asphalt,New Delhi,15
1317316787,,footway,,,paving_stones,New Delhi,9
1317316788,,footway,,,,New Delhi,20
1317316789,,footway,,,,New Delhi,11
1317316790,,footway,,,paving_stones,New Delhi,37
1317316791,,footway,,,,New Delhi,73
1317316792,,footway,,,,New Delhi,38
1317316793,,footway,,,paving_stones,New Delhi,41
1318424629,,footway,,,,South-West,88
1318424631,,footway,,,,South-West,22
1318424813,,footway,,,,South-West,9
1318629665,,footway,,,paved,South-West,3
1318629666,,footway,,,paved,South-West,75
1318629667,,footway,,,paved,South-West,11
1318629669,,footway,,,paved,South-West,48
1318629671,,footway,,,paved,South-West,5
1318629672,,footway,,,paved,South-West,27
1318629673,,footway,,,paved,South-West,24
1318629676,,footway,,,paved,South-West,17
1318629677,,footway,,,paved,South-West,130
1318629678,,footway,,,paved,South-West,16
1318629679,,footway,,,paved,South-West,5
1318629680,,footway,,,paved,South-West,3
1318629681,,footway,,,paved,South-West,14
1318629682,,footway,,,paved,South-West,5
1318629683,,footway,,,paved,South-West,24
1318629686,,footway,,,paved,South-West,7
1318629687,,footway,,,paved,South-West,17
1318629688,,footway,,,paved,South-West,29
1318629689,,footway,,,paved,South-West,13
1318629691,,footway,,,paved,South-West,3
1318629692,,footway,,,paved,South-West,27
1318967808,,footway,sidewalk,,,South-East,94
1319036481,,footway,,,paving_stones,East,77
1319036484,,footway,,,paving_stones,East,58
1319036486,,footway,,,paving_stones,East,13
1319036491,,footway,,,paving_stones,East,12
1319036494,,footway,,,paving_stones,East,17
1319143356,,pedestrian,,,asphalt,South-East,45
1319143357,,pedestrian,,,,South-East,23
1319143377,,footway,,,,South-East,8
1319418243,,footway,,,paving_stones,South-West,22
1319418244,,footway,,,paving_stones,South-West,22
1319418245,,footway,,,paving_stones,South-West,34
1319418246,,footway,,,paving_stones,South-West,10
1319418248,,footway,,,paving_stones,South-West,334
1319418249,,footway,,,paving_stones,South-West,11
1319418251,,footway,,,paving_stones,South-West,97
1319418252,,footway,,,paving_stones,South-West,41
1319418253,,footway,,,,South-West,49
1319418255,,footway,crossing,,paving_stones,South-West,7
1319732514,,footway,,,,South-East,9
1319732515,,footway,,,,South-East,8
1319740104,,footway,,,,East,96
1319740105,,footway,,,,East,48
1320717307,,footway,,,,South-East,12
1321557958,,footway,,,paving_stones,East,13
1323096379,,footway,,0.6,,South,34
1324930348,,footway,,,,Shahdara,22
1326429068,,footway,,,,New Delhi,20
1326429070,,footway,,,,New Delhi,10
1327208475,,footway,,,,New Delhi,8
1327833286,,footway,,,,South-West,23
1327833510,,footway,,,,South-West,116
1327848563,,footway,,,,South,48
1328685926,,footway,,,,East,118
1333246733,,footway,,,,South,53
1333246734,,footway,sidewalk,,,South,62
1333246735,,footway,sidewalk,,,South,57
1333246736,,footway,sidewalk,,,South,42
1333246737,,footway,sidewalk,,,South,19
1337942529,,footway,,,,South-West,37
1340672703,,footway,alley,,,New Delhi,32
1340863306,,footway,,,,New Delhi,271
1340863307,,footway,,,,New Delhi,27
1340863308,,footway,,,,New Delhi,139
1340867641,,footway,crossing,,,South-East,18
1340869821,,footway,,,,Central,127
1340869822,,footway,,,,Central,189
1340869823,,footway,,,,Central,98
1340869824,,footway,,,,Central,41
1340869825,,footway,,,,Central,385
1340869826,,footway,,,,Central,57
1340869827,,footway,,,,Central,391
1344536725,,footway,crossing,,,East,21
1347831354,,footway,,,,South-West,37
1347831355,,footway,,,paving_stones,South-West,40
1352272145,,pedestrian,,,,East,29
1352272146,,pedestrian,,,,East,7
1352272147,,pedestrian,,,,East,1
1353083603,,footway,,,,South-West,24
1353083604,,footway,alley,,unpaved,South-West,123
1354256304,,footway,,,,South,55
1355296675,,footway,,,,New Delhi,9
1355296676,,footway,,,,New Delhi,8
1355296677,,footway,sidewalk,,paving_stones,New Delhi,207
1355296678,,footway,,,,New Delhi,9
1355296679,,footway,,,,New Delhi,8
1355296680,,footway,,,,New Delhi,7
1358104283,,footway,,,,New Delhi,43
1360298087,,footway,,,,East,10
1360302034,,footway,,,,Central,9
1360302036,,footway,,,,Central,5
1360302037,,footway,,,,Central,12
1360310925,,footway,,,,Central,4
1362333178,,footway,,,,South-West,42
1362333181,,footway,,,,South-West,4
1362333182,,footway,,,,South-West,1
1362333183,,footway,,,,South-West,6
1363395472,,footway,,,,South-West,214
1363395473,,footway,,,,South-West,79
1363396949,,footway,,,,South-West,44
1363971301,,footway,,,paving_stones,South-West,30
1363977040,,footway,sidewalk,,paving_stones,South-West,437
1363977041,,footway,,,paving_stones,South-West,349
1363977043,,footway,,,paving_stones,South-West,194
1363977383,,footway,,,paving_stones,South-West,4
1365353178,,footway,crossing,,,South-East,11
1365353179,,footway,traffic_island,,,South-East,21
1365353180,,footway,crossing,,,South-East,9
1365353181,,footway,traffic_island,,,South-East,4
1365353182,,footway,crossing,,,South-East,9
1365353183,,footway,traffic_island,,,South-East,12
1368371156,,footway,sidewalk,,,South,93
1368371157,,footway,sidewalk,,,South,93
1368696240,Durgabhai Deshmukh South Campus Platform 2,footway,,,paving_stones,South-West,109
1368696241,,footway,,,,South-West,53
1368696242,Durgabhai Deshmukh South Campus Platform 1,footway,,,paving_stones,South-West,106
1368961200,,footway,,,,South-West,13
1368961201,,footway,,,,South-West,9
1368961202,,footway,,,,South-West,13
1368961203,,footway,,,,South-West,10
1368961204,,footway,,,,South-West,26
1368961205,,footway,,,,South-West,3
1368961206,,footway,,,,South-West,134
1369657567,,footway,,,paving_stones,East,240
1369657568,,footway,,,paving_stones,East,142
1369657569,,footway,,,,East,92
1370266031,,footway,,,paving_stones,West,2
1370266032,Delhi Cantt Metro Concourse,footway,,,paving_stones,West,124
1370266033,,footway,,,paving_stones,West,4
1370266039,,footway,,,paving_stones,West,2
1370266040,,footway,,,paving_stones,West,6
1370266041,,footway,sidewalk,,paving_stones,West,153
1370266042,,footway,,,paving_stones,West,4
1370266043,,footway,,,paving_stones,West,9
1370266045,,footway,,,paving_stones,West,6
1370266046,,footway,,,paving_stones,West,10
1370266047,,footway,,,paving_stones,West,43
1370266048,,footway,,,paving_stones,West,7
1370266050,,footway,,,paving_stones,West,3
1370266052,,footway,,,paving_stones,West,50
1370266054,,footway,link,,paving_stones,West,54
1370266055,,footway,,,paving_stones,West,7
1370266057,,footway,,,paving_stones,West,2
1370266060,,footway,,,paving_stones,West,3
1370266061,,footway,,,paving_stones,West,10
1370266062,Delhi Cantt Metro Platform Number 1,footway,,,paving_stones,West,69
1370266063,,footway,,,paving_stones,West,5
1370266064,Delhi Cantt Metro Platform Number 2,footway,,,paving_stones,West,72
1370266065,,footway,,,paving_stones,West,4
1371014179,,footway,,,,East,36
1371014221,,footway,,,,East,18
1374714878,,footway,,,,East,31
1374714880,,footway,,,,East,332
1374714881,,footway,,,,East,2
1374714884,,footway,,,,East,79
1374714886,,footway,,,,East,8
1374714887,,footway,,,,East,5
1374714888,,footway,,,,East,15
1374714889,,footway,,,,East,354
1374714891,,footway,,,,East,8
1375650987,,footway,,2,concrete,East,15
1375654476,,footway,,3,paving_stones,East,658
1376095474,,footway,link,,paving_stones,South-West,10
1376095476,,footway,,,paving_stones,South-West,240
1376095478,,footway,link,,paving_stones,South-West,7
1376095479,,footway,link,,paving_stones,South-West,21
1376915946,,footway,,,paved,South-West,13
1376915947,,footway,,,paved,South-West,12
1376915951,,footway,,,paved,South-West,29
1376915953,,footway,,,paved,South-West,35
1376915954,,footway,,,paved,South-West,25
1376915975,,footway,,,paved,South-West,8
1377658313,,footway,,,,East,2
1378618323,,footway,,,paving_stones,South,32
1378618326,,footway,,,paving_stones,South,101
1378618327,,footway,,,paving_stones,South,214
1378618330,,footway,,,paving_stones,South,112
1378618331,,footway,,,paving_stones,South,159
1378618334,,footway,,,paving_stones,South,24
1378618335,,footway,,,paving_stones,South,415
1378618337,,footway,,,paving_stones,South,15
1378618339,,footway,,,paving_stones,South,21
1378618340,,footway,,,paving_stones,South,297
1378618342,,footway,,,paving_stones,South,81
1378618345,,footway,,,paving_stones,South,16
1378618346,,footway,,,paving_stones,South,216
1378618347,,footway,,,paving_stones,South,16
1380337544,,footway,,,,New Delhi,60
1380337545,,footway,,,,New Delhi,5
1380337546,,footway,,,,New Delhi,6
1380337550,,footway,,,,New Delhi,23
1380337551,,footway,,,,New Delhi,7
1380337552,,footway,,,,New Delhi,2
1380337553,,footway,,,,New Delhi,162
1380337554,,footway,,,,New Delhi,8
1380337555,Path of Martyrdom,footway,,,,New Delhi,39
1380340911,,footway,,,,South,17
1380467235,,footway,,,,New Delhi,24
1380467236,,footway,,,,New Delhi,8
1380467237,,footway,,,,New Delhi,42
1380467238,,footway,,,,New Delhi,14
1380467239,,footway,,,,New Delhi,10
1380467240,,footway,,,,New Delhi,49
1380481670,,footway,,,paved,New Delhi,76
1380481671,,footway,,,paved,New Delhi,184
1380485900,,footway,,,paved,New Delhi,40
1380485901,,footway,,,paved,New Delhi,29
1380485902,,footway,,,paved,New Delhi,35
1380485903,,footway,,,paved,New Delhi,39
1380486004,,footway,,,paved,New Delhi,223
1381065159,,footway,link,,concrete,Central,14
1381065160,,footway,link,,paving_stones,Central,48
1381072977,,footway,link,,concrete,New Delhi,14
1381072978,,footway,crossing,,concrete,Central,38
1381072980,,footway,link,,concrete,Central,13
1381072982,,footway,link,,concrete,Central,13
1381072983,,footway,link,,concrete,Central,34
1381072985,,footway,link,,concrete,New Delhi,50
1381072986,,footway,link,,concrete,New Delhi,16
1381075102,,footway,link,,concrete,Central,5
1382098199,,footway,,,,East,18
1382552560,,footway,,,,South,26
1382552565,,footway,,,,South,17
1382552735,,footway,,,,South,19
1382569777,,footway,,,,South,2
1382569779,,footway,,,,South,7
1382569782,,footway,,,,South,937
1382569783,,footway,,,,South,1
1382569786,,footway,,,,South,6
1382569787,,footway,,,,South,7
1382569788,,footway,,,,South,3
1382569789,,footway,,,,South,6
1382569790,,footway,,,,South,2
1382569792,,footway,,,,South,2
1382569793,,footway,,,,South,2
1382569794,,footway,,,,South,7
1382569796,,footway,,,,South,6
1382569797,,footway,,,,South,2
1382569798,,footway,,,,South,6
1382622730,,pedestrian,,,,East,5
1382622731,,pedestrian,,,,East,18
1383012729,,footway,,,paved,South-West,29
1383687754,,footway,,,,South,22
1383687755,,footway,,,,South,248
1383764652,,footway,,,,East,238
1383764656,,footway,,,,East,104
1383764665,,footway,,,,East,210
1383764670,,footway,,,,East,58
1383764672,,footway,,,,East,113
1383764673,,footway,,,,East,153
1383764674,,footway,,,,East,114
1383764676,,footway,,,,East,1053
1383764679,,footway,,,,East,45
1383764681,,footway,,,,East,18
1383764683,,footway,,,,East,27
1383764685,,footway,,,,East,65
1383764690,,footway,,,,East,43
1383804756,,footway,,,,South,247
1383804768,,footway,,,,South,549
1383925691,,footway,,,paved,South-West,6
1383925697,,footway,,,paved,South-West,9
1383925698,,footway,,,paved,South-West,8
1383925701,,footway,alley,,unpaved,South-West,23
1383925702,,footway,,,paved,South-West,1
1383933711,,footway,,,,West,18
1383933715,,footway,,,,West,80
1383933718,,footway,,,,West,134
1383933723,,footway,,,,West,81
1383933731,,footway,,,,West,51
1383933732,,footway,,,,West,170
1383933734,,footway,,,,West,18
1384009642,,footway,,,,South-West,260
1384009646,,footway,,,,South-West,127
1384009657,,footway,,,,South-West,7
1384222490,,footway,,,,South-West,35
1384222493,,footway,,,,South-West,18
1384222512,,footway,,,,South-West,27
1384222517,,footway,,,,South-West,60
1384222749,,footway,,,,South-West,7
1384231627,,footway,,,,South-East,32
1384231631,,footway,,,,South-East,21
1384259212,,footway,,,,South-East,30
1384481991,,footway,,,,South,4
1384481994,,footway,,,,South,3
1384481996,,footway,,,,South,10
1384482001,,footway,,,,South,4
1384492847,,footway,,,paved,South-West,5
1384492849,,footway,link,,paved,South-West,39
1384492850,,footway,sidewalk,,paving_stones,South-West,118
1384492853,,footway,,,paved,South-West,70
1384492854,,footway,link,,asphalt,South-West,7
1384492855,,footway,crossing,,asphalt,South-West,37
1384492856,,footway,link,,paved,South-West,37
1384492966,,footway,,,paved,South-West,17
1384778634,,footway,,,asphalt,South-East,88
1385057848,,footway,,,paving_stones,South,83
1385057849,,footway,,,paving_stones,South,18
1385057853,,footway,,,paving_stones,South,25
1385057855,,footway,,,paving_stones,South,31
1385057856,,footway,,,paving_stones,South,14
1385057857,,footway,,,paving_stones,South,431
1385057859,,footway,,,paving_stones,South,362
1385057860,,footway,,,paving_stones,South,24
1385057861,,footway,,,paving_stones,South,70
1385057863,,footway,,,paving_stones,South,41
1385057864,,footway,,,paving_stones,South,27
1385057865,,footway,,,paving_stones,South,27
1385061180,,footway,,,,South,439
1385061181,,footway,,,,South,22
1385325225,,footway,,,,South,10
1385500998,,footway,,,,Central,88
1385615097,,footway,,,asphalt,South,40
1385615098,,footway,,,asphalt,South,63
1385615099,,footway,,,asphalt,South,390
1385615100,,footway,,,asphalt,South,72
1385615101,,footway,,,asphalt,South,29
1385697213,,footway,,,,South-West,75
1385735931,,footway,,,,South-West,30
1385735942,,footway,,,,South-West,36
1385846701,,footway,,,asphalt,South,50
1386094734,,footway,,,,New Delhi,70
1386094735,,footway,,,,New Delhi,21
1386094736,,footway,,,,New Delhi,65
1386094743,,footway,,,,New Delhi,17
1386106182,,footway,,,,New Delhi,15
1386106183,,footway,alley,,,Central,39
1386106184,,footway,,,,Central,13
1386106185,,footway,,,,Central,2
1386106186,,footway,,,,New Delhi,6
1386106187,,footway,,,,New Delhi,19
1386106188,,footway,,,,New Delhi,22
1386106189,,footway,,,,Central,15
1386106190,,footway,,,,New Delhi,3
1386106192,,footway,,,,New Delhi,66
1386106196,,footway,,,,New Delhi,11
1386106197,,footway,,,,New Delhi,31
1386106198,,footway,,,,Central,6
1386106199,,footway,,,,New Delhi,10
1386106200,,footway,,,,Central,13
1386106204,,footway,,,,Central,3
1386106207,,footway,,,,New Delhi,4
1386106210,,footway,,,,New Delhi,17
1386106211,,footway,,,,New Delhi,5
1386106213,,footway,,,,Central,18
1386421825,,footway,,,,South-East,23
1386421828,,footway,,,,South-East,32
1386421830,,footway,,,,South-East,25
1386421837,,footway,,,,South-East,102
1386421838,,footway,,,,South-East,49
1386421840,,footway,,,,South-East,27
1386421841,,footway,,,,South-East,62
1386421845,,footway,,,,South-East,108
1386421849,,footway,,,,South-East,13
1386421854,,footway,,,,South-East,45
1386421856,,footway,,,,South-East,2
1387018876,,footway,,,,New Delhi,65
1387040607,,footway,,,,South-West,7
1387043139,,footway,,,,New Delhi,58
1387677491,,footway,,,,East,21
1387677492,,footway,,,,East,29
1387677494,,footway,,,,East,7
1387677495,,footway,,,,East,10
1387677497,,footway,,,,East,33
1387677501,,footway,,,,East,11
1387677505,,footway,,,,East,6
1387677506,,footway,,,,East,30
1387677507,,footway,,,,East,47
1388932875,,footway,,,,South,22
1388932881,,footway,,,,South,83
1388932888,,footway,,,,South,76
1388932896,,footway,,,,South,35
1389222861,,footway,,,,South-West,58
1389222865,,footway,,,,South-West,102
1389222871,,footway,,,,South-West,105
1389231644,,footway,,,,South-West,70
1389239344,,footway,,,,East,41
1389239347,,footway,,,,East,25
1389239348,,footway,,,,East,93
1389239354,,footway,,,,East,273
1389239356,,footway,,,,East,35
1389239357,,footway,,,,East,260
1389239365,,footway,,,,East,271
1389239369,,footway,,,,East,19
1390025122,,footway,,,,New Delhi,46
1390025123,,footway,,,,New Delhi,47
1390025124,,footway,,,,New Delhi,137
1390220545,,footway,crossing,,,South-East,23
1390220812,,footway,,,,South-East,7
1390220816,,footway,sidewalk,,paving_stones,South-East,37
1390220817,,footway,,,,South-East,10
1390220819,,footway,sidewalk,,,South-East,12
1391511499,,footway,,,,New Delhi,55
1391511505,,footway,,,,New Delhi,94
1393046381,,footway,,,,New Delhi,16
1393046382,,footway,sidewalk,,,New Delhi,634
1393046383,,footway,,,concrete,New Delhi,35
1393466987,,footway,,,,New Delhi,14
1393554757,,footway,,,paved,South-West,65
1393554758,,footway,,,paved,South-West,52
1393736851,,footway,,,,New Delhi,21
1393736854,,footway,,,,New Delhi,48
1393736855,,footway,,,concrete,New Delhi,19
1393736857,,footway,,,concrete,New Delhi,15
1393736858,,footway,,,,New Delhi,12
1393736862,,footway,,,,New Delhi,5
1393736865,,footway,,,,New Delhi,37
1393736866,,footway,,,,New Delhi,25
1393745070,,footway,,,,South,392
1393745071,,footway,,,,South,693
1393745072,,footway,,,asphalt,South,131
1393745077,,footway,,,,South,263
1393746269,,footway,,,,South-East,12
1393746270,,footway,,,,South-East,11
1394032043,,footway,,,,South-East,13
1394032046,,footway,,,,South,29
1394032047,,footway,,,,South,53
1394032048,,footway,,,,South,53
1394032049,,footway,,,,South-East,53
1394076181,,footway,,,,South-East,24
1394076184,,footway,,,,South-East,261
1394076185,,footway,,,,South-East,33
1394076186,,footway,,,,South-East,32
1394076187,,footway,,,,South-East,26
1394076189,,footway,,,,South-East,30
1394909824,,footway,alley,,paved,South-West,35
1394909837,,footway,alley,,paved,South-West,41
1394909845,,footway,crossing,,,South-West,5
1394909854,,footway,alley,,paved,South-West,25
1394909883,,footway,alley,,paved,South-West,19
1394909899,,footway,alley,,paved,South-West,19
1394909917,,footway,,,,South-West,34
1394909939,,footway,alley,,paved,South-West,21
1394909953,,footway,alley,,paved,South-West,40
1394928052,,footway,alley,,paved,South-West,27
1394928070,,footway,alley,,paved,South-West,21
1394928072,,footway,alley,,paved,South-West,21
1394928087,,footway,alley,,paved,South-West,21
1394928097,,footway,alley,,paved,South-West,96
1395291527,,footway,,,,Central,180
1395291536,,footway,,,,Central,108
1395647683,,footway,,,,New Delhi,198
1395647684,,footway,,,,New Delhi,29
1395892244,,footway,,,,New Delhi,204
1395892259,,footway,,,,New Delhi,167
1395895180,,footway,,,,New Delhi,195
1395991665,,footway,,,,New Delhi,25
1395991666,,footway,,,,New Delhi,46
1395991667,,footway,,,,New Delhi,11
1395991668,,footway,,,,New Delhi,244
1395991669,,footway,,,,New Delhi,56
1396155498,,footway,sidewalk,,,South,657
1396155499,,footway,crossing,,,South,57
1409651797,,footway,,,,New Delhi,74
1410329110,,footway,,,,South-East,8
1410329111,FOB 3,footway,,,,South-East,96
1410329116,,footway,,,,South-East,866
1410329120,,footway,,,,South-East,3
1410329121,,footway,,,,South-East,7
1410329122,,footway,,,,South-East,3
1410329124,,footway,,,,South-East,3
1410329125,,footway,,,,South-East,8
1410329126,,footway,,,,South-East,8
1410329127,,footway,,,,South-East,4
1410923202,,footway,,,paving_stones,South-East,350
1410923203,,footway,,,,South-East,12
1410923204,,footway,,,,South-East,9
1410923206,,footway,,,,South-East,12
1410923208,,footway,,,,South-East,5
1410923209,,footway,,,,South-East,25
1410923211,,footway,,,,South-East,5
1411134621,,footway,,,,South-West,13
1411134630,,footway,,,,South-West,7
1411134633,,footway,sidewalk,,,South-West,37
1411134635,,footway,,,,South-West,12
1411256379,,footway,,,paving_stones,South-East,116
1411256380,,footway,,,paving_stones,South-East,67
1411256381,,footway,,,paving_stones,South-East,116
1411256382,,footway,,,paving_stones,South-East,72
1411693292,,footway,,,,East,107
1412259611,,footway,crossing,,,New Delhi,10
1412259614,,footway,,,,New Delhi,33
1412259616,,footway,,,,New Delhi,13
1412259620,,footway,,,,New Delhi,11
1412259621,,footway,,,,New Delhi,12
1412410330,,footway,,,,South,289
1413042102,,footway,,,,South-East,34
1413042104,,footway,,,,South-East,20
1415841998,,footway,,,,South-West,39
1418871815,,footway,,,,New Delhi,26
1419084055,,footway,,,,East,39
1419084060,,footway,,,,East,371
1419084066,,footway,,,,East,23
1419084070,,footway,,,,East,23
1419084072,,footway,,,,East,11
1419084075,,footway,,,,East,12
1419084076,,footway,,,,East,11
1419084078,,footway,,,,East,11
1419084081,,footway,,,,East,178
1419084086,,footway,,,,East,210
1419084093,,footway,,,,East,5
1419084096,,footway,,,,East,144
1420294060,,footway,,,paving_stones,South-East,36
1420294064,,footway,,,paving_stones,South-East,46
1420294068,,footway,,,paving_stones,South-East,571
1420294069,,footway,,,paving_stones,South-East,38
1420294071,,footway,,,,South-East,5
1420294073,,footway,,,,South-East,139
1420294074,,footway,,,paving_stones,South-East,112
1420294076,,footway,,,paving_stones,South-East,124
1420294078,,footway,,,paving_stones,South-East,74
1420294079,,footway,,,paving_stones,South-East,45
1420294080,,footway,,,,South-East,101
1420294081,,footway,,,paving_stones,South-East,67
1420294087,,footway,,,paving_stones,South-East,15
1420294089,,footway,,,paving_stones,South-East,9
1420294093,,footway,,,paving_stones,South-East,16
1420294095,,footway,,,,South-East,5
1420294096,,footway,,,paving_stones,South-East,16
1420294097,,footway,,,paving_stones,South-East,20
1420294100,,footway,,,paving_stones,South-East,8
1420294104,,footway,,,paving_stones,South-East,6
1420294105,,footway,,,paving_stones,South-East,88
1420294106,,footway,,,,South-East,7
1420294108,,footway,,,paving_stones,South-East,87
1420414001,,footway,,,paving_stones,East,93
1420414002,,footway,,,,East,19
1420414003,,footway,,,paving_stones,East,96
1420414004,,footway,,,paving_stones,East,44
1420414005,,footway,,,paving_stones,East,66
1420414006,,footway,,,paving_stones,East,111
1420414007,,footway,,,paving_stones,East,50
1420918336,,footway,,,paving_stones,South-East,6
1420918337,,footway,,,paving_stones,South-East,114
1420918339,,footway,,,paving_stones,South-East,6
1421109216,,pedestrian,,,,South,149
1421109217,,pedestrian,,,,South,7
1421109218,,pedestrian,,,,South,177
1421109219,,pedestrian,,,,South,7
1421142839,,footway,,,,South-East,38
1421142841,,footway,,,,South-East,10
1421341966,,footway,crossing,,asphalt,East,20
1421368435,,footway,,,paving_stones,East,263
1421368436,,footway,crossing,,,East,30
1421368437,,footway,crossing,,,East,34
1421371855,,footway,sidewalk,,,East,362
1421561416,,footway,crossing,,asphalt,South-East,11
1421561417,,footway,crossing,,asphalt,South-East,36
1421561418,,footway,sidewalk,,paving_stones,South-East,376
1421561419,,footway,,,,South-East,12
1421561420,,footway,crossing,,asphalt,South-East,12
1421561421,,footway,sidewalk,,paving_stones,South-East,367
1421561423,,footway,sidewalk,,paving_stones,South-East,18
1421561424,,footway,sidewalk,,paving_stones,South-East,23
1421561425,,footway,crossing,,asphalt,South-East,12
1421561426,,footway,sidewalk,,,South-East,12
1421561427,,footway,sidewalk,,paving_stones,South-East,180
1421580326,,footway,crossing,,,New Delhi,41
1421585813,,footway,,,,South-West,20
1422098069,,footway,sidewalk,,asphalt,South-East,22
1422098070,,footway,,,,South-East,23
1422098071,,footway,,,,South-West,218
1422098080,,footway,sidewalk,,paving_stones,South-East,125
1422222275,,footway,,,,South-West,48
1423060246,,footway,,,,South-East,3
1423096186,,footway,,,,Central,646
1423096197,,footway,crossing,,,Central,26
1423276784,,pedestrian,,,,East,108
1423332261,,pedestrian,,,,East,4
1424529880,,footway,,,,New Delhi,12
1424529881,,footway,,,,New Delhi,16
1424529882,,footway,,,,New Delhi,16
1424529883,,footway,,,,New Delhi,19
1424529885,,footway,,,,New Delhi,9
1424529886,,footway,,,,New Delhi,11
1424529887,,footway,,,,New Delhi,15
1424529888,,footway,,,,New Delhi,15
1424529889,,footway,,,,New Delhi,8
1424529890,,footway,,,,New Delhi,49
1424529891,,footway,,,,New Delhi,9
1424529892,,footway,,,,New Delhi,8
1424529894,,footway,,,,New Delhi,17
1424529895,,footway,,,,New Delhi,8
1424529896,,footway,,,,New Delhi,172
1424529897,,footway,,,,New Delhi,131
1424529898,,footway,,,,New Delhi,15
1424529899,,footway,,,,New Delhi,67
1424576091,,footway,,,,South-East,69
1424576092,,footway,,,,South-East,23
1424615434,,footway,,,,South-East,24
1424773292,,footway,,,,South-East,12
1424825472,,footway,,,,South,19
1425476816,,footway,crossing,,,Central,14
1425476817,,footway,crossing,,,Central,21
1425950198,,footway,crossing,,,East,19
1425950201,,footway,crossing,,,East,25
1425950206,,footway,sidewalk,,paving_stones,East,248
1426201616,,footway,,,,East,23
1426201617,,footway,sidewalk,,paving_stones,East,746
1426586676,,footway,,,,South,10
1426586679,,footway,,,dirt,South,449
1426586684,,footway,,,,South,8
1426586691,,footway,,,,South,7
1426586694,,footway,,,dirt,South,139
1426586699,,footway,,,,South,14
1426586704,,footway,,,,South,16
1427592241,,footway,sidewalk,,,South-East,131
1427592242,,footway,sidewalk,,,South-East,82
1427912944,,footway,,,,South,240
1429504120,,footway,,,,Central,10
1429504123,,footway,,,,New Delhi,15
1429519391,,footway,,,paving_stones,New Delhi,89
1429713038,,footway,,,,South,6
1429713039,,footway,,,,South,26
1429713041,,footway,,,,South,26
1429717795,,footway,,,,South,53
1429813839,Backlane,footway,,,concrete,East,79
1429813841,,footway,,,concrete,East,1
1430146189,,footway,crossing,,,New Delhi,10
1430146190,,footway,crossing,,,New Delhi,6
1430146191,,footway,crossing,,,New Delhi,10
1430146192,,footway,crossing,,,New Delhi,7
1430146193,,footway,crossing,,,New Delhi,10
1430146194,,footway,crossing,,,New Delhi,11
1430146195,,footway,crossing,,,New Delhi,12
1430146196,,footway,crossing,,,New Delhi,11
1430146197,,footway,crossing,,,New Delhi,11
1431946574,,footway,,,,New Delhi,16
1431946575,,footway,,,,New Delhi,71
1431946578,,footway,,,,New Delhi,3
1431946579,,footway,,,,New Delhi,21
1431946580,,footway,,,,New Delhi,28
1431946581,,footway,,,,New Delhi,36
1431946582,,footway,,,,New Delhi,303
1431946583,,footway,,,,New Delhi,93
1431946584,,footway,,,,New Delhi,239
1431954028,,footway,,,,New Delhi,67
1432061597,,footway,,,,South-East,2
1432229574,,footway,,,,South,155
1434332267,,footway,,,,South-West,29
1435592283,,footway,crossing,,asphalt,South-East,16
1435592286,,footway,crossing,,paving_stones,South-East,12
1435592287,,footway,crossing,,asphalt,South-East,13
1436656165,,footway,,,,South,34
1436656167,,footway,,,,South,16
1442805163,Backlane,footway,,,concrete,East,208
1443344352,,footway,,,,South-West,16
1443344355,,footway,,,,South-West,1
1443349200,,footway,,,paving_stones,South-West,32
1443349724,,footway,,,,South-West,18
1445353841,,footway,,,,South-West,249
1445353848,,footway,,,,South-West,19
1445726393,,footway,,,,South-West,36
1445726394,,footway,,,,South-West,12
1445726396,,footway,,,,South-West,12
1445768360,,footway,,,,Central,4
1445768361,,footway,,,,Central,5
1445768362,,footway,,,,Central,8
1445768366,,footway,,,,Central,8
1445768369,,footway,,,,Central,11
1445768374,,footway,,,,Central,17
1445768375,,footway,,,,Central,6
1445768379,,footway,,,,Central,5
1445768382,,footway,,,,Central,23
1445768389,,footway,,,,Central,5
1445768390,,footway,,,,Central,6
1446091117,,footway,,,,Central,5
1446091118,,footway,,,,Central,5
1447786504,,footway,sidewalk,,,South,163
1447786509,,footway,sidewalk,,,South,73
1448399389,,footway,,,,Central,66
1448399392,,footway,,,,Central,130
1448561131,,footway,,,,New Delhi,166
1449307906,,footway,,,,East,760
1449307907,,footway,,,,East,613
1449307908,,footway,,,,East,531
1449307909,,footway,,,,East,442
1449307910,,footway,,,,East,59
1449307911,,footway,,,,East,315
1449307912,,footway,,,,East,505
1449307913,,footway,,,,East,307
1449307914,,footway,,,,East,159
1449307915,,footway,,,,East,728
1449308137,,footway,,,,Central,245
1449308138,,footway,,,,Central,47
1449308139,,footway,,,,Central,50
1449325050,,footway,,,asphalt,Central,57
1449325051,,footway,,,,Central,64
1449325052,,footway,,,,Central,105
1449325053,,footway,,,,Central,147
1449325054,,footway,,,,Central,344
1449325055,,footway,,,,Central,51
1449325056,,footway,,,,Central,58
1449325057,,footway,,,,Central,40
1449325058,,footway,,,,Central,45
1449325059,,footway,,,,Central,45
1449325060,,footway,,,,Central,36
1449968334,,footway,,,,Central,170
1450159302,,footway,,,,New Delhi,31
1450159305,,footway,,,,New Delhi,46
1450186969,,footway,,,,Central,70
1450186970,,footway,,,,Central,47
1450186971,,footway,,,,Central,158
1450794418,,footway,,,paving_stones,Shahdara,37
1450938498,,footway,,,,Central,309
1450938499,,footway,,,,Central,9
1450938500,,footway,,,,Central,9
1450938501,,footway,,,,Central,34
1450938502,,footway,,,,Central,18
1450938506,,footway,,,,Central,57
1450938507,,footway,,,,Central,111
1450938508,,footway,,,,Central,51
1450938509,,footway,,,,Central,587
1450938510,,footway,,,asphalt,Central,167
1450938511,,footway,,,asphalt,Central,7
1450938512,,footway,,,asphalt,Central,1
1450938513,,footway,,,asphalt,Central,6
1450941339,,footway,,,,East,58
1450941341,,footway,,,,East,57
1451021740,,footway,,,,Central,125
1452587939,,footway,crossing,,,East,48
1452587940,,footway,crossing,,,East,39
1452587941,,footway,crossing,,,East,12
1452587942,,footway,crossing,,,East,20
1452587943,,footway,crossing,,,East,8
1453160431,,footway,,,,South,190
1453273437,,footway,crossing,,,South,25
1453273438,,footway,crossing,,,South,27
1453273439,,footway,crossing,,,South,30
1453273440,,footway,crossing,,,South,24
1453273442,,footway,crossing,,,South,23
1453524538,,footway,,,,East,13
1453524539,,footway,,,,East,8
1453677121,,footway,crossing,,,Shahdara,20
1459216205,,footway,,,,South,14
1460493824,,pedestrian,,,concrete,Central,126
1460493825,,footway,,,paving_stones,Central,74
1460493826,,footway,,,paving_stones,Central,53
1460493827,,pedestrian,,,paved,Central,3
1460493828,,pedestrian,,,paved,Central,85
1460493829,,pedestrian,,,,Central,38
1460493830,,pedestrian,,,,Central,69
1460818011,,footway,sidewalk,,paving_stones,East,383
1460818012,,footway,sidewalk,,paving_stones,East,502
1461501298,,footway,sidewalk,,paving_stones,East,487
1461559331,,footway,crossing,,,East,13
1461559332,,footway,crossing,,paving_stones,East,14
1461559333,,footway,crossing,,,East,7
1462860883,,footway,,,,South,22
1462860890,,footway,,,,South,130
1462860892,,footway,,,,South,28
1462860893,,footway,,,,South,129
1463536005,,footway,crossing,,,New Delhi,24
1463536007,,footway,crossing,,,New Delhi,63
1464078849,,footway,,,,South-East,43
1464078850,,footway,,,,South,7
1464078851,,footway,,,,South,30
1464576569,,footway,sidewalk,,,East,295
1465174545,Somani Market,footway,,,,Central,15
1465174548,,footway,,,,Central,4
1465174549,Summi Market,footway,,,,Central,23
1465278682,,footway,sidewalk,,paving_stones,New Delhi,166
1465361520,,footway,,,,South-East,59
1465361521,,footway,,,,South-East,55
1465361522,,footway,,,,South-East,22
1465361523,,footway,,,,South-East,19
1465361524,,footway,,,,South-East,11
1465361525,,footway,,,,South-East,4
1465361526,,footway,,,,South-East,60
1465361527,,footway,,,,South-East,4
1465361528,,footway,,,,South-East,68
1465361529,,footway,,,,South-East,11
1465361530,,footway,,,,South-East,56
1465361531,,footway,,,,South-East,23
1465361532,,footway,,,,South-East,17
1465361534,,footway,,,,South-East,212
1465361535,,footway,,,,South-East,36
1465361536,,footway,,,,South-East,48
1465361538,,footway,,,,South-East,17
1465361539,,footway,,,,South-East,18
1465361541,,footway,,,,South-East,48
1465361543,,footway,,,,South-East,11
1465361544,,footway,,,,South-East,5
1465375000,,footway,,,,East,17
1465375003,,footway,,,,East,17
1465375004,,pedestrian,,,,East,335
1465375005,,footway,,,,East,67
1465375006,,footway,,,,East,40
1465628340,,footway,sidewalk,,,Central,14
1465628557,,footway,,,,New Delhi,7
1466288326,,footway,sidewalk,,,New Delhi,213
1466288327,,footway,sidewalk,,,New Delhi,215
1466377052,,footway,,,,New Delhi,17
1467535669,,footway,,,,West,5
1467535670,,footway,,,,West,7
1467535671,,footway,,,,West,9
1467535672,,footway,,,,West,8
1467535673,,footway,,,,West,7
1467535675,,footway,crossing,,,West,40
1467535678,,footway,,,,West,4
1467994091,,footway,,,,East,11
1467994093,,footway,,,paving_stones,East,67
1467994094,,footway,,,,East,81
1471514583,,footway,,,,Central,36
1472552277,,footway,,,,Central,133
1472552278,,footway,,,,Central,6
1472552279,,footway,,,,Central,6
1472552280,,footway,,,,Central,22
1472552281,,footway,,,,Central,6
1473293015,,pedestrian,,,,South-West,23
1473293016,,footway,crossing,,,South-West,67
1473942135,,footway,,,paving_stones,South-East,58
1474137203,,footway,,,,South-West,170
1474137204,,footway,,,,South-West,6
1474502654,,footway,,,,East,17
1475674638,,footway,sidewalk,,,East,33
1478512470,,footway,,,,New Delhi,30
1478588136,,footway,sidewalk,,paving_stones,Central,507
1478588142,,footway,sidewalk,,paving_stones,Central,489
1478666284,,footway,sidewalk,,paving_stones,South-West,49
1478666285,,footway,,,,South-West,34
1478666286,,footway,sidewalk,,paving_stones,South-West,46
1478666287,,footway,crossing,,,South-West,20
1478666288,,footway,sidewalk,,paving_stones,South-West,83
1478672590,,footway,sidewalk,,,New Delhi,697
1478672592,,footway,crossing,,,New Delhi,64
1478672593,,footway,sidewalk,,,New Delhi,20
1478746230,,footway,,,,South-East,60
1480672883,,footway,,,,South-West,2
1481732609,,footway,sidewalk,,,East,14
1482519510,,footway,,,,South,19
1482519511,,footway,,,,South,65
1484217568,,footway,,,,New Delhi,33
1484217571,,footway,,,,New Delhi,5
1484217572,,footway,,,asphalt,New Delhi,29
1484217576,,footway,,,,New Delhi,13
1484217577,,footway,,,,New Delhi,8
1484217578,,footway,,,,New Delhi,23
1486486121,,footway,,,,East,16
1486892733,,footway,,,,New Delhi,6
1486892734,,footway,crossing,,,New Delhi,9
1486892735,,footway,,,,New Delhi,7
1487121210,,footway,sidewalk,,,New Delhi,206
1487198770,,footway,,,,South-West,7
1487225949,,footway,crossing,,,New Delhi,21
1487225950,,footway,,,,New Delhi,8
1487225951,,footway,,,,New Delhi,8
1487225952,,footway,,,,New Delhi,5
1487225953,,footway,,,,New Delhi,5
1487225954,,footway,,,,New Delhi,5
1487225955,,footway,,,,New Delhi,5
1488006963,,footway,,,,New Delhi,15
1488006964,,footway,,,,New Delhi,14
1488006966,,footway,,,,New Delhi,3
1488814598,,footway,,,,South-West,22
1488814599,,footway,,,,South-West,18
1488814600,,footway,,,,South-West,74
1488814601,,footway,,,,South-West,11
1488814602,,footway,,,,South-West,29
1488814603,,footway,,,,South-West,9
1488814605,,footway,,,,South-West,14
1488814606,,footway,,,,South-West,27
1488814608,,footway,,,,South-West,45
1488814609,,footway,,,,South-West,9
1488814610,,footway,,,,South-West,34
1488814612,,footway,,,,South-West,8
1488814613,,footway,,,,South-West,49
1488814614,,footway,,,,South-West,6
1488814615,,footway,,,,South-West,23
1488814616,,footway,,,,South-West,24
1488814618,,footway,,,,South-West,22
1488814619,,footway,,,,South-West,6
1488814620,,footway,,,,South-West,16
1488814621,,footway,,,,South-West,11
1488814622,,footway,,,,South-West,8
1488814623,,footway,,,,South-West,30
1488814624,,footway,,,,South-West,3
1488814625,,footway,,,,South-West,23
1488814627,,footway,,,,South-West,4
1488814628,,footway,,,,South-West,12
1488814630,,footway,,,,South-West,5
1488814631,,footway,,,,South-West,28
1488814632,,footway,,,,South-West,27
1488814633,,footway,,,,South-West,2
1488814634,,footway,,,,South-West,97
1488814636,,footway,,,,South-West,14
1488814637,,footway,,,,South-West,44
1488814638,,footway,,,,South-West,21
1488814639,,footway,,,,South-West,17
1488814640,,footway,,,,South-West,44
1488814642,,footway,,,,South-West,71
1488814643,,footway,,,,South-West,41
1488814644,,footway,,,,South-West,19
1488814645,,footway,,,,South-West,33
1488814647,,footway,,,,South-West,145
1488814648,,footway,,,,South-West,52
1488814649,,footway,,,,South-West,17
1488814650,,footway,,,,South-West,6
1488814651,,footway,,,,South-West,16
1488814652,,footway,,,,South-West,10
1488814653,,footway,,,,South-West,8
1488814654,,footway,,,,South-West,10
1488814656,,footway,,,,South-West,88
1488814657,,footway,,,,South-West,12
1488814658,,footway,,,,South-West,4
1488814659,,footway,,,,South-West,41
1488814660,,footway,,,,South-West,3
1488814661,,footway,,,,South-West,4
1488814662,,footway,,,,South-West,8
1488865026,,footway,,,,South,8
1488865028,,footway,,,,South,29
1488898733,,footway,,,,South-West,10
1488898778,,footway,,,,South-West,16
1488951995,,footway,,,,West,182
1488951996,,footway,,,,West,45
1488954293,,footway,,,,West,31
1488954294,,footway,,,paved,West,422
1490428041,,footway,,,,Central,227
1490428042,,footway,,,,Central,61
1490478172,,footway,,,,West,647
1490478173,,footway,,,,West,95
1490478174,,footway,,,,West,310
1490478175,,footway,,,,West,27
1490478176,,footway,,,,West,453
1490478177,,footway,,,,West,19
1490478179,,footway,,,,West,56
1490478180,,footway,,,,West,23
1490884128,,footway,,,,Central,193
1490884130,,footway,,,,Central,7
1490884132,,footway,,,,Central,20
1490960527,,footway,,,,Central,141
1490960531,,footway,,,,Central,10
1490960532,,footway,,,,Central,100
1493039595,,footway,sidewalk,,,New Delhi,191
1493050750,,footway,,,,New Delhi,7
1493050754,,footway,,,,New Delhi,3
1493050758,,footway,,,,New Delhi,3
1493050759,,footway,,,,New Delhi,15
1493050760,,footway,,,,New Delhi,12
1493221626,,footway,,,,South-West,33
1493221627,,footway,,,,South-West,108
1493221628,,footway,,,,South-West,43
1493221629,,footway,,,,South-West,184
1494413070,,footway,,,,New Delhi,12
1494413071,,footway,,,,New Delhi,4
1494413072,,footway,,,,New Delhi,5
1494413073,,footway,,,,New Delhi,2
1494413074,,footway,,,,New Delhi,4
1494413075,,footway,,,,New Delhi,21
1494413076,,footway,sidewalk,,,New Delhi,227
1494413077,,footway,sidewalk,,,New Delhi,227
1494413079,,footway,crossing,,,New Delhi,3
1494425012,,footway,,,paving_stones,East,17
1494425013,,footway,,,,East,1
1494425014,,footway,,,concrete,East,1
1494458336,,footway,,,,East,10
1494458338,,footway,,,,East,6
1494458339,,footway,sidewalk,,,East,112
1494458340,,footway,sidewalk,,,East,61
1494889545,,footway,,,,Central,199
1495583907,,footway,,,concrete,South,12
1495583908,,footway,,,concrete,South,13
1495583909,,footway,,,concrete,South,8
1495583910,,footway,,,concrete,South,8
1495583911,,footway,,,concrete,South,9
1495583912,,footway,,,concrete,South,11
1495583913,,footway,,,concrete,South,8
1495583914,,footway,,,concrete,South,13
1495583915,,footway,,,concrete,South,13
1495583916,,footway,,,concrete,South,14
1495583917,,footway,,,concrete,South,15
1495583918,,footway,,,concrete,South,12
1495583919,,footway,,,concrete,South,13
1495583920,,footway,,,concrete,South,11
1495583921,,footway,,,concrete,South,13
1495583922,,footway,,,concrete,South,17
1495583923,,footway,,,concrete,South,21
1495583924,,footway,,,concrete,South,14
1495583925,,footway,,,concrete,South,17
1495583926,,footway,,,concrete,South,18
1495583927,,footway,,,concrete,South,14
1495583928,,footway,,,concrete,South,13
1495583929,,footway,,,concrete,South,13
1495583930,,footway,,,concrete,South,13
1495583931,,footway,,,concrete,South,13
1495583932,,footway,,,concrete,South,15
1495583933,,footway,,,concrete,South,6
1495583934,,footway,,,concrete,South,7
1495583935,,footway,,,concrete,South,8
1495583936,,footway,,,concrete,South,12
1495583937,,footway,,,concrete,South,13
1495583938,,footway,,,concrete,South,15
1495583939,,footway,,,concrete,South,26
1495583940,,footway,,,concrete,South,19
1495583941,,footway,,,concrete,South,18
1495583942,,footway,,,concrete,South,21
1495583943,,footway,,,concrete,South,16
1495583944,,footway,,,concrete,South,13
1495583945,,footway,,,concrete,South,23
1495583946,,footway,,,concrete,South,21
1495583947,,footway,,,concrete,South,20
1495583948,,footway,,,concrete,South,18
1495583949,,footway,,,concrete,South,23
1495583950,,footway,,,concrete,South,17
1495583951,,footway,,,concrete,South,19
1495583952,,footway,,,concrete,South,17
1495583953,,footway,,,concrete,South,14
1495583954,,footway,,,concrete,South,18
1495583955,,footway,,,concrete,South,16
1495583956,,footway,,,concrete,South,28
1495583957,,footway,,,concrete,South,19
1495583958,,footway,,,concrete,South,17
1495583959,,footway,,,concrete,South,18
1495583960,,footway,,,concrete,South,18
1495583961,,footway,,,concrete,South,16
1495583962,,footway,,,concrete,South,7
1495583963,,footway,,,concrete,South,8
1495583964,,footway,,,concrete,South,10
1495583965,,footway,,,concrete,South,16
1495583966,,footway,,,concrete,South,15
1495583967,,footway,,,concrete,South,13
1495583968,,footway,,,concrete,South,13
1495583969,,footway,,,concrete,South,13
1495583970,,footway,,,concrete,South,12
1495583971,,footway,,,concrete,South,14
1495583972,,footway,,,concrete,South,15
1495583973,,footway,,,concrete,South,17
1495583974,,footway,,,concrete,South,9
1495583975,,footway,,,concrete,South,21
1495583976,,footway,,,concrete,South,20
1495583977,,footway,,,concrete,South,10
1495583978,,footway,,,concrete,South,17
1495583979,,footway,,,concrete,South,19
1495583980,,footway,,,concrete,South,10
1495583981,,footway,,,concrete,South,21
1495583982,,footway,,,concrete,South,19
1495583983,,footway,,,concrete,South,15
1495583984,,footway,,,concrete,South,24
1495927934,,footway,,,,East,64
1498334852,,footway,,,,New Delhi,646
1498334853,,footway,,,,Central,1243
1498334854,,footway,,,,New Delhi,3
1498334855,,footway,,,,Central,8
1498334856,,footway,,,,Central,7
1498625609,,footway,crossing,,,East,28
1498625941,,footway,,,,East,5
1498625942,,footway,,,,East,7
1498628163,,footway,crossing,,,East,32
1498733851,,footway,sidewalk,,,East,399
1498733852,,footway,sidewalk,,,East,399
1498733853,,footway,sidewalk,,,East,879
1498733855,,footway,sidewalk,,,East,258
1501255920,,footway,,,,South-West,9
1501255921,,footway,,,,South-West,34
1501255923,,footway,,,,South-West,20
1502797234,,footway,,,,New Delhi,12
1502797235,,footway,,,,New Delhi,18
1502839489,,footway,,,,South-East,82
1502839490,,footway,,,,South-East,18
1502839491,,footway,,,,South-East,47
1502840232,,footway,,,,New Delhi,46
1505108750,,footway,sidewalk,,,South,153
1505108751,,footway,sidewalk,,,South,10
1505108752,,footway,sidewalk,,,South,10
1505108753,,footway,sidewalk,,,South,3
1505956132,,footway,crossing,,,New Delhi,7
1505956133,,footway,crossing,,,New Delhi,8
1505956134,,footway,crossing,,,New Delhi,9
1505956135,,footway,crossing,,,New Delhi,9
1505981094,,footway,,,,South,21
1506813900,,footway,,,,South-West,20
1506813901,,footway,,,,South-West,66
1506813903,,footway,,,,South-West,71
1506813908,,footway,,,,South-West,13
1508111823,,footway,,,,New Delhi,15
1508111824,,footway,,,,New Delhi,31
1508111825,,footway,,,,New Delhi,9
1509679095,,footway,crossing,,,New Delhi,10
1509679096,,footway,crossing,,,New Delhi,10
1509679097,,footway,crossing,,,New Delhi,13
1509679098,,footway,crossing,,,New Delhi,12
1509679099,,footway,crossing,,,New Delhi,13
1509679100,,footway,crossing,,,New Delhi,11
1509679101,,footway,crossing,,,New Delhi,11
1509679102,,footway,crossing,,,New Delhi,10
1509679103,,footway,crossing,,,New Delhi,9
1509738976,FOB 2,footway,,,paving_stones,South-East,35
1510452184,,footway,,,,South-East,112
1510452185,,footway,,,,South-East,15
1510452186,,footway,,,,South-East,74
1510452187,,footway,,,,South-East,52
1510452188,,footway,,,,South-East,153
1510452189,,footway,,,,South-East,63
1510932406,,footway,traffic_island,,,South-East,23
1510932407,,footway,crossing,,,South-East,4
1510932408,,footway,crossing,,,South-East,11
1511284559,,footway,,,,South-East,36
1511284564,,footway,sidewalk,,,South-East,54
1511284565,,footway,sidewalk,,,South-East,295
1511284566,,footway,sidewalk,,,South-East,212
1511288732,,footway,,,,South-West,194
1511443224,,footway,,,,South-West,139
1511443686,,footway,,,,South-West,50
1511443691,,footway,,,,South-West,19
1511459077,,footway,,,,South-West,42
1511545729,,footway,sidewalk,,,South-West,4
1511545730,,footway,sidewalk,,,South-West,4
1511545733,,footway,,,,South-West,13
1511545734,,footway,crossing,,,South-West,7
1511768362,,footway,,,,South-West,84
1511768365,,footway,,,,South-West,31
1511768369,,footway,,,,South-West,79
1512065001,,footway,,,,South-East,84
1512065002,,footway,,,,South-East,473
1512065003,,footway,,,,South-East,54
1512065004,,footway,,,,South-East,31
1512065005,,footway,,,,South-East,74
1512453767,,footway,crossing,,,South,8
1512453769,,footway,crossing,,,South,25
1512453770,,footway,crossing,,,South,33
1512453773,,footway,,,,South-East,9
1512453774,,footway,,,,South-East,9
1512453775,,footway,sidewalk,,,South-East,279
1512453779,,footway,traffic_island,,,South,3
1512453780,,footway,traffic_island,,,South,16
1512453781,,footway,crossing,,,South,13
1512453782,,footway,,,,South,60
1512453784,,footway,crossing,,,South,9
1512453785,,footway,traffic_island,,,South,4
1514031649,,footway,,,,New Delhi,33
1514031650,,footway,,,,New Delhi,96
1514031651,,footway,crossing,,,New Delhi,12
1514368511,,footway,,,,South,67
1514368512,,footway,,,,South,17
1514368513,,footway,,,,South,63
1514379109,,footway,,,,New Delhi,2
1514379110,,footway,,,,New Delhi,2
1514379112,,footway,,,,New Delhi,26
1514712234,,footway,crossing,,,New Delhi,8
1514712235,,footway,crossing,,,New Delhi,8
1514712236,,footway,crossing,,,New Delhi,7
1514712237,,footway,crossing,,,New Delhi,7
1514712238,,footway,crossing,,,New Delhi,6
1514712239,,footway,crossing,,,New Delhi,6
1514712242,,footway,,,,New Delhi,38
1514833513,,footway,,,,New Delhi,10
1514833514,,footway,,,,New Delhi,8
1514833515,,footway,,,,New Delhi,6
1514833516,,footway,,,,New Delhi,4
1514833517,,footway,,,,New Delhi,4
1514833518,,footway,,,,New Delhi,5
1514833519,,footway,,,,New Delhi,2
1514833520,,footway,,,,New Delhi,2
1514833521,,footway,crossing,,,New Delhi,8
1514833522,,footway,,,,New Delhi,1
1514833523,,footway,,,,New Delhi,3
1514833525,,footway,,,paving_stones,New Delhi,29
1514833526,,footway,crossing,,,New Delhi,7
1514833527,,footway,,,,New Delhi,11
1514833528,,footway,,,,New Delhi,16
1514833530,,footway,,,,New Delhi,13
1514833531,,footway,,,,New Delhi,24
1514833532,,footway,,,,New Delhi,21
1514833534,,footway,,,,New Delhi,13
1514833535,,footway,,,,New Delhi,9
1514833538,,footway,crossing,,,New Delhi,10
1514833539,,footway,,,,New Delhi,3
1514833540,,footway,,,,New Delhi,3
1514833541,,footway,,,,New Delhi,1
1514833542,,footway,,,,New Delhi,11
1514833543,,footway,,,,New Delhi,5
1514833544,,footway,crossing,,,New Delhi,9
1514833545,,footway,,,,New Delhi,2
1514833546,,footway,,,,New Delhi,9
1514833547,,footway,crossing,,,New Delhi,9
1514833548,,footway,,,,New Delhi,12
1514833552,,footway,,,,New Delhi,3
1514833555,,footway,,,,New Delhi,6
1514833556,,footway,crossing,,,New Delhi,9
1514833558,,footway,,,,New Delhi,12
1514833560,,footway,,,,New Delhi,16
1514833561,,footway,,,,New Delhi,16
1515262344,,footway,,,,South,9
1515262345,,footway,,,,South,17
1515262346,,footway,,,,South,110
1515946594,,footway,,,,South,403
1516000897,,footway,crossing,,,South-West,13
1516000898,,footway,,,,New Delhi,23
1516000902,,footway,crossing,,,South-West,36
1516000904,,footway,crossing,,,South-West,18
1516185081,,footway,,,,South,2
1516185082,,footway,,,,South,6
1516185083,,footway,,,paving_stones,South,23
1516185085,,footway,,,,South,9
1517281989,,footway,,,,South,7
1517281990,,footway,sidewalk,,,South,508
1517281991,,footway,sidewalk,,,South,185
1517281992,,footway,sidewalk,,,South,169
1524881658,,footway,,,,South-East,11
1524881661,,footway,,,,South-East,26
1525999604,,footway,sidewalk,,,South,440
1525999605,,footway,,,,South,463
1528060546,,footway,crossing,,,South-West,12
1528060547,,footway,crossing,,,South-West,29
1528060548,,footway,crossing,,,South-West,10
1528060549,,footway,crossing,,,South-West,25
1528337557,,footway,sidewalk,,,Central,253
1528337558,,footway,,,,Central,89
1528337559,,footway,crossing,,,New Delhi,25
1528337562,,footway,,,,Central,9
1528483022,,footway,,,,South-East,51
1528858865,,footway,crossing,,,East,9
1528858869,,footway,crossing,,,East,32
1528858880,,footway,crossing,,,East,9
1529660137,,footway,crossing,,,South-East,31
1530542081,,footway,crossing,,,South,10
1530542082,,footway,crossing,,,South,14
1530542083,,footway,crossing,,,South,12
1530870646,,footway,,,paving_stones,South,70
1530870647,,footway,,,paving_stones,South,72
1530870648,,footway,,,paving_stones,South,44
1530870654,,footway,,,paving_stones,South,53
1530870659,,footway,,,paving_stones,South,19
1530870660,,footway,,,paving_stones,South,5
1530870661,,footway,,,paving_stones,South,13
1530870665,,footway,,,paving_stones,South,19
1530870668,,footway,,,paving_stones,South,77
1530870669,,footway,,,paving_stones,South,56
1530870670,,footway,,,paving_stones,South,18
1530969756,,footway,,,,East,51
1531825674,,footway,,,concrete,New Delhi,175
1531890362,,footway,sidewalk,,,New Delhi,27
1531890367,,footway,,,paving_stones,New Delhi,87
1531890369,,footway,,,rock,New Delhi,5
1531890370,,footway,,,paving_stones,New Delhi,36
1531890371,,footway,,,paving_stones,New Delhi,96
1532896600,,footway,,,paving_stones,South,148
1532896607,,footway,,,paving_stones,South,47
1532896613,,footway,,,paving_stones,South,15
1532896617,,footway,,,paving_stones,South,39
1533060169,,footway,crossing,,,New Delhi,27
1534594166,,footway,,,,East,104
1534594167,,footway,,,,East,133
1534629268,,footway,,,unhewn_cobblestone,East,151
1534629269,,footway,,,,East,22
1534629270,,footway,,,,East,20
1534629271,,footway,,,,East,7
1534629272,,footway,,,,East,11
1534629273,,footway,,,,East,23
1534629274,,footway,,,,East,4
1534629275,,footway,,,,East,4
1534629277,,footway,,,,East,5
1536745608,,footway,,,,South-West,2
1536745609,,footway,,,,South-West,5
1536745610,,footway,,,,South,13
1536745612,,pedestrian,,,,South,65
1536745613,,footway,,,,South,100
1536745614,,footway,,,,South-West,4
1536745615,,footway,,,,South,21
1536745616,,footway,,,,South,4
1536745617,,footway,,,,South,10
1536745618,,footway,,,,South,9
1537427633,,footway,,,,South,17
1537427639,,footway,,,,South,56
1538136910,,footway,crossing,,,South,9
1539011442,,footway,crossing,,,South,9
1539961409,Churi Wali Gali,footway,,,,West,47
1540032340,,footway,,1,dirt,South-West,28
1540032341,,footway,,1,dirt,South-West,10
1540032342,,footway,,1,dirt,South-West,20
1540032343,,footway,,0.8,concrete,South-West,54
1540032344,,footway,,0.8,concrete,South-West,6
1540189939,,footway,crossing,,,New Delhi,7
1540189940,,footway,crossing,,,New Delhi,9
1541039432,,footway,,0.5,concrete,South-West,82
1541039433,,footway,,0.5,concrete,South-West,9
1541039434,,footway,,0.5,concrete,South-West,8
1541039435,,footway,,1,paved,South-West,9
1541039439,,footway,,0.5,concrete,South-West,0
1541060802,,footway,,0.5,dirt,South-West,4
1541278192,,footway,,,,South-East,11
1541278193,,footway,,,,South-East,12
1541303251,,footway,,,metal,South-West,17
1541306546,,footway,,,,South-East,65
1541306547,,footway,,,concrete,South-East,57
1541306548,,footway,,,,South-East,6
1543018513,,footway,,,,South,88
1543216009,,pedestrian,,,,South-East,15
1543216010,,footway,,,,South-East,21
1543216011,,pedestrian,,,,South-East,12
1543216013,,footway,,,,South-East,7
1543216014,,footway,,,,South-East,8
1544073747,,footway,,,,South-West,16
1544073753,,pedestrian,,,,South-West,100
1544073757,,footway,,,,South-West,14
1544073759,,footway,,,,South-West,3
1544073773,,footway,,,,South-West,2
1544073774,,footway,,,,South-West,12
1544621558,,footway,,,,New Delhi,13
1544621559,,footway,,,,New Delhi,9
1544621560,,footway,,,,New Delhi,9
1544621575,,footway,crossing,,,New Delhi,37
1544621576,,footway,crossing,,,New Delhi,22
1544621577,,footway,sidewalk,,,New Delhi,248
1544621578,,footway,crossing,,,New Delhi,29
1544621579,,footway,crossing,,,New Delhi,29
1544621580,,footway,crossing,,,New Delhi,24
1544621581,,footway,sidewalk,,,New Delhi,3
1544621582,,footway,crossing,,,New Delhi,28
1544621584,,footway,crossing,,,New Delhi,9
1544858854,,footway,,,,New Delhi,86
1546206087,,footway,,,,New Delhi,14
1547396501,,footway,,,,South-East,9
1547396503,,footway,,,,South-East,20
1547396504,,footway,,,,South-East,40
1547396505,,footway,,,,South-East,3
1547396506,,footway,,,,South-East,53
1547396507,,footway,,,,South-East,17
1547396508,,footway,,,,South-East,8
1547396511,,footway,,,,South-East,329
1547396512,,footway,,,,South-East,3
1547396518,,footway,crossing,,,South-East,11
317614163,,footway,,,paved,Outer,55
735084547,,footway,,,,Outer,249
735088219,,footway,,,,Outer,192
735088220,,footway,,,,Outer,16
735089259,,footway,,,,Outer,69
735111874,,footway,,,,Outer,208
735113548,,footway,,,,Outer,19
735113550,,footway,,,,Outer,17
1050968944,,footway,,,,Rohini,37
1079384826,,footway,,,,Rohini,67
1081133002,,footway,,,,Rohini,92
1121203901,,footway,,,,Outer,98
1121203902,,footway,,,,Outer,11
1121203903,,footway,,,,Outer,8
1121203904,,footway,,,,Outer,29
1121203905,,footway,,,,Outer,5
1121203906,,footway,,,,Outer,13
1121204891,,footway,,,,Outer,21
1121204892,,footway,,,,Outer,33
1121204893,,footway,,,,Outer,154
1171106288,,footway,,,,Outer,70
1210865042,,footway,,,unpaved,Outer,109
1210865043,,footway,,,unpaved,Outer,46
1236250284,,footway,,,,Outer,14
1241835553,,footway,sidewalk,,,Rohini,23
1245180129,,footway,,,,West,58
1253687296,,footway,crossing,,,Outer,25
1255481208,,footway,,,,Rohini,12
1255517676,,footway,,,,Rohini,48
1255517677,,footway,,,,Rohini,3
1255517680,,footway,,,,Rohini,40
1255517681,,footway,,,,Rohini,56
1255525535,,footway,,,,Outer,23
1271099295,,footway,,,,Outer North,46
1283201020,,footway,,,,Outer North,11
1288867464,,footway,sidewalk,,paved,West,207
1288867469,,footway,sidewalk,,paved,West,44
1288867472,,footway,sidewalk,,paved,West,162
1288867473,,footway,sidewalk,,paved,West,20
1288867474,,footway,sidewalk,,paved,West,49
1288867475,,footway,sidewalk,,paved,West,349
1288867477,,footway,sidewalk,,paved,West,39
1288867479,,footway,sidewalk,,paved,West,148
1307404515,,footway,,,,Outer,21
1321774841,,footway,,,,Outer North,6
1415873679,,footway,,,concrete,Outer North,126
1516909554,,footway,,,,Outer,722
1516909555,,footway,,,,Outer,109
1524744299,,footway,,,,Rohini,108
1524744300,,footway,,,,Rohini,56
1524744301,,footway,,,,Rohini,109
1524744302,,pedestrian,,,,Rohini,25
1524744303,,pedestrian,,,,Rohini,27
44141114,,footway,,,,Central,24
44195470,Meena Bazaar,pedestrian,,,,Central,350
44830356,,footway,,,asphalt,North,95
44830357,,pedestrian,,,,Central,278
48532701,,pedestrian,,,,North,174
58802031,,footway,,,,North,123
77614294,,footway,,,,North,20
77643385,,footway,,,,North-West,23
78154823,,footway,,,,North-West,44
78180082,,footway,,,,North-West,181
78755635,,footway,,,,North-West,4
78755733,,footway,alley,,concrete,North-West,114
78785329,,footway,,,,North-West,82
78785532,,footway,,,,North-West,9
78785577,,footway,,,,North-West,38
78786099,,footway,,,,North-West,2
78786483,,footway,,,,North-West,40
78793789,,footway,,,,North-West,53
78793862,,footway,,,,North-West,87
78793864,,footway,,,,North-West,206
78793941,,footway,,,,North-West,56
78793942,,footway,,,,North-West,89
78793944,,footway,,,,North-West,57
78793957,,footway,,,,North-West,236
80429781,,footway,,,paving_stones,North,116
80429783,,pedestrian,,,asphalt,North,520
80429784,,footway,,,paving_stones,North,22
80429792,Footover Bridge,footway,sidewalk,,,North-East,88
80429799,,footway,,,paving_stones,North,61
80429801,,footway,,,paving_stones,North,15
80429802,,footway,,,,North,51
80429805,,footway,,,,North,427
80429813,,footway,,,paving_stones,North,174
80429819,,footway,,,paving_stones,North,178
80429822,,footway,,,paving_stones,North,85
80429823,,footway,,,,North,104
80429828,,footway,,,paving_stones,North,112
80429832,,pedestrian,,,,North,66
80429834,,footway,,,,North,153
80429839,,footway,,,paving_stones,North,58
80429841,,footway,,,paving_stones,North,467
80429842,,footway,,,,North,123
80429860,,footway,,,paving_stones,North,18
80429863,,footway,,,paving_stones,North,123
80429864,,pedestrian,,,paving_stones,North,15
80429865,,footway,,,,North,565
80429882,,footway,,,paving_stones,North,15
80429888,,footway,,,,North,102
80429897,,pedestrian,,,,North,104
80429908,,footway,,,,North,252
80429911,,pedestrian,,,paving_stones,North,50
80429913,,footway,,,,North,265
80429914,,footway,,,paving_stones,North,209
80432278,,footway,,,,North,64
80932739,,footway,,,,Central,14
80932781,,footway,,,,North,145
80932790,,footway,,,,North,65
102560237,,footway,,,,North,117
120396371,,footway,,,,North,367
120396376,,footway,,,,North,59
120396377,,footway,,,,North,52
129788536,,footway,,,,North,35
129788537,,footway,,,,North,281
153965528,,footway,,,,West,133
171551571,Road Number 1,footway,,,asphalt,North-West,573
171551633,,pedestrian,,,asphalt,North-West,198
176492754,,footway,,,,North,5
211849221,,pedestrian,,,,North-West,102
211849223,,pedestrian,,,,North-West,223
220935127,,footway,,,,North,26
223903628,,footway,,,paving_stones,North,205
223903630,,footway,,,paving_stones,North,10
251388969,,footway,,,,North,5
253307754,,footway,,,paving_stones,North,108
253307762,,footway,,,paving_stones,North,98
253307764,,footway,,,paving_stones,North,26
256583534,,footway,,,,North-West,33
256583535,,footway,,,,North-West,91
263838859,,footway,,,paving_stones,North,50
263838864,,footway,,,paving_stones,North,111
263838865,,footway,,,paving_stones,North,114
263838867,,footway,,,paving_stones,North,81
263838869,,footway,,,paving_stones,North,53
264599029,,footway,,,,North,261
264599030,,footway,,,,North,27
264599031,,footway,,,,North,27
264599032,,footway,,,,North,27
264599033,,footway,,,,North,27
264599036,,footway,,,,North,95
264770687,,pedestrian,,,paving_stones,North,17
264770688,,pedestrian,,,asphalt,North,8
264865031,,pedestrian,,,paving_stones,North,686
264904971,,footway,,,paving_stones,North,368
290469346,,footway,,,,North,841
290469347,,footway,,,,North,76
290469348,,footway,,,,North,529
291151591,,footway,,,,North,385
291151608,,footway,,,,North,303
292311228,,footway,,,paving_stones,North,166
295323612,,footway,,,,Central,3
297012569,,footway,,,,North-West,5
297137413,,footway,,3,,Outer North,104
297349838,,footway,,,,Outer North,301
297349922,,footway,,,,Outer North,46
300244218,,footway,,,,Outer North,105
300244219,,footway,,,,Outer North,109
300244221,,footway,,,,Outer North,107
300244222,,footway,,,,Outer North,105
300244223,,footway,,,,Outer North,110
300244224,,footway,,,,Outer North,107
300244228,,footway,,,,Outer North,128
300246337,,footway,,4,,Outer North,159
300256927,,footway,,,,Outer North,12
300256928,,footway,,,,Outer North,12
300256929,,footway,,,,Outer North,13
300256930,,footway,,,,Outer North,14
300256931,,footway,,,,Outer North,10
300256932,,footway,,,,Outer North,13
300256933,,footway,,,,Outer North,14
300256934,,footway,,,,Outer North,10
300256935,,footway,,,,Outer North,14
300256936,,footway,,,,Outer North,12
300256937,,footway,,,,Outer North,11
300256938,,footway,,,,Outer North,13
300256939,,footway,,,,Outer North,12
300256940,,footway,,,,Outer North,12
300256941,,footway,,,,Outer North,12
300256942,,footway,,,,Outer North,14
300256943,,footway,,,,Outer North,11
300256944,,footway,,,,Outer North,13
300256945,,footway,,,,Outer North,12
300256946,,footway,,,,Outer North,9
300256947,,footway,,,,Outer North,10
300256948,,footway,,,,Outer North,14
300256949,,footway,,,,Outer North,14
300256950,,footway,,,,Outer North,10
300256952,,footway,,,,Outer North,91
300256953,,footway,,,,Outer North,3
300256954,,footway,,,,Outer North,6
300256955,,footway,,,,Outer North,4
300256956,,footway,,,,Outer North,26
300256957,,footway,,,,Outer North,26
300256958,,footway,,,,Outer North,51
310237358,,footway,,,,North,35
311524765,,pedestrian,,,paving_stones,North,14
311524766,,pedestrian,,,paving_stones,North,32
320348685,,footway,,,,North,110
320348691,,footway,,,,North,38
320348693,,footway,,,,North,40
320348706,Katara Lehswan,footway,,,,North,22
320348708,,footway,,,,North,30
320348719,,footway,,,,North,89
320348720,,footway,,,,North,220
320351016,,footway,,,paving_stones,North,128
320351017,,footway,,,paving_stones,North,133
320351094,,pedestrian,,,paving_stones,North,116
320354821,,footway,,,,Central,101
320361998,,pedestrian,,,paving_stones,North,209
320362089,,pedestrian,,,,North,18
320362090,,pedestrian,,,,North,56
344439896,,footway,,,,North-West,122
344465368,,footway,,,,West,47
360264010,,pedestrian,,,,Central,94
360264012,,pedestrian,,,,Central,167
360272011,,pedestrian,,,,North,140
365119530,,footway,,,,North,297
371319517,,footway,,,,Rohini,314
371319518,,footway,,,,Rohini,780
371319519,,footway,,,,Rohini,683
371319520,,footway,,,,Rohini,781
387410468,,footway,,,,North,32
387410470,,footway,,,,North,24
403854049,,footway,,,,North,47
403854389,,footway,,,,North,40
403854450,,footway,,,,North,165
403854561,,footway,,,,North,22
416031093,,footway,,,,Outer North,195
416031133,,footway,,,,Outer North,135
422579938,,footway,,,,North-East,36
422579942,,footway,,,,North-East,38
422579944,,footway,,,,North-East,37
422579949,,footway,,,,North-East,36
422579952,,footway,,,,North-East,26
422636022,,footway,,,,Outer North,314
422636125,,footway,,,,Outer North,243
436902019,,footway,,,paving_stones,Outer,9
436902020,,footway,,,paving_stones,Outer,9
436902021,,footway,,,paving_stones,Outer,6
436902022,,footway,,,paving_stones,Outer,13
436902023,,footway,,,paving_stones,Outer,8
436902024,,footway,,,paving_stones,Outer,25
436902025,,footway,,,paving_stones,Outer,9
436902026,,footway,,,paving_stones,Outer,69
436902027,,footway,,,paving_stones,Outer,78
436902028,,footway,,,paving_stones,Outer,466
436902029,,footway,,,paving_stones,Outer,75
436902030,,footway,,,paving_stones,Outer,650
436902031,,footway,,,paving_stones,Outer,366
436902032,,footway,,,paving_stones,Outer,276
464265880,,footway,,,,North,37
464265883,,footway,,,,North,3
464265884,,footway,,,,North,38
464265886,,footway,,,,North,13
464265888,,footway,,,,North,59
464312304,,footway,,,,North,21
464312305,,footway,link,,,North,122
464312306,,footway,,,,North,69
464312307,,footway,,,,North,30
464312308,,footway,,,,North,38
464317503,,footway,,,,West,119
469619438,Jogging track,footway,,,paved,North-West,165
470221550,,footway,,,paved,North-West,150
470221551,,footway,,,paved,North-West,214
470221552,,footway,,,paved,North-West,218
470221553,,footway,,,paved,North-West,106
470229902,,footway,,,paved,North-West,113
473506001,,footway,,,paved,North-West,155
478295347,,footway,,,,Shahdara,17
478295348,,footway,,,,Shahdara,14
478295349,,footway,,,,Shahdara,20
478295350,,footway,,,,Shahdara,14
478295351,,footway,,,,Shahdara,16
478295352,,footway,,,,Shahdara,148
478295354,,footway,,,,Shahdara,25
478295355,,footway,,,,Shahdara,19
478295356,,footway,,,,Shahdara,20
478295357,,footway,,,,Shahdara,22
478295358,,footway,,,,Shahdara,20
478295359,,footway,,,,Shahdara,21
478295360,,footway,,,,Shahdara,48
478295361,,footway,,,,Shahdara,23
478295362,,footway,,,,Shahdara,25
478295363,,footway,,,,Shahdara,44
478295364,,footway,,,,Shahdara,264
480020639,,footway,,,,Shahdara,180
480020641,,footway,,,,Shahdara,437
480020644,,footway,,,,Shahdara,99
480020645,,footway,,,,Shahdara,7
480021520,,footway,,,,Shahdara,259
487654566,,footway,,,paving_stones,North-West,87
487654569,,footway,,,concrete:plates,North-West,144
487678062,,footway,sidewalk,,,North,248
487678063,,footway,sidewalk,,,North,24
487678064,,footway,sidewalk,,,North,24
487678065,,footway,sidewalk,,,North,30
487680017,,footway,sidewalk,,,North,184
487680018,,footway,sidewalk,,,North,179
487680019,,footway,,,,North,56
487680020,,footway,,,,North,25
487680021,,footway,sidewalk,,,North,3
490512500,,footway,,,asphalt,North,118
490512509,,footway,,,asphalt,North,18
490515286,,footway,,,paving_stones,North,67
490515287,,footway,,,paving_stones,North,67
490515288,,footway,,,paving_stones,North,97
490515289,,footway,,,paving_stones,North,97
490515290,,footway,,,paving_stones,North,105
529526653,,footway,,,cobblestone,North,103
529526658,,footway,,,cobblestone,North,21
529526662,,footway,,,cobblestone,North,304
529528174,,footway,,,,North,25
529528175,,footway,,,,North,15
529530400,,pedestrian,,,,North,281
554646652,,pedestrian,,,,North-East,38
554646653,,pedestrian,,,,North-East,34
556057126,,footway,,,,Rohini,116
583786433,,footway,,,,Rohini,63
583787065,,footway,,,,Rohini,24
583787576,,footway,,,,Rohini,39
583787668,,footway,,,,Rohini,41
583787703,,footway,,,,Rohini,5
583788042,,footway,,,,Rohini,41
583788043,,footway,,,,Rohini,62
583790538,,footway,,,,Rohini,312
583790540,,footway,,,,Rohini,267
583790853,,footway,sidewalk,,,Rohini,267
583791131,,footway,,,,Rohini,237
583791195,,footway,,,,Rohini,131
583791327,,footway,,,,Rohini,96
583791502,,footway,,,,Rohini,188
583791997,,footway,,,,Rohini,421
583792439,,footway,,,,Rohini,70
583792496,,footway,,,,Rohini,57
583793546,,footway,,,,Rohini,40
583796175,,footway,,,,Rohini,55
584887821,,footway,,,,North,124
584887822,,footway,,,,North,18
615451270,,footway,sidewalk,,,Rohini,25
615451381,,footway,sidewalk,,,Rohini,31
615451533,,footway,sidewalk,,,Rohini,55
615451859,,footway,sidewalk,,,Rohini,44
615452028,,footway,sidewalk,,,Rohini,25
615452391,,footway,sidewalk,,,Rohini,43
615452471,,footway,sidewalk,,,Rohini,32
615452517,,footway,sidewalk,,,Rohini,26
615452705,,footway,sidewalk,,,Rohini,33
633974367,,footway,,,,Rohini,104
633974368,,footway,,,,Rohini,31
633982438,,footway,,,,Rohini,209
633982530,,footway,,,,Rohini,119
638786228,,footway,,,,Rohini,37
638786595,,footway,,,,Rohini,22
638787467,,footway,,,,Rohini,216
638787538,,footway,,,,Rohini,150
643420657,,footway,sidewalk,,concrete,North-West,122
645940382,,footway,,,,Rohini,238
645940527,,footway,,,,Rohini,117
645940534,,footway,,,,Rohini,45
656792173,,footway,,,,North-East,701
656792174,,footway,,,,North-East,109
656792175,,footway,,,,North-East,88
656792176,,footway,,,,North-East,58
656792177,,footway,,,,North-East,10
656792180,,footway,,,,North-East,25
656792181,,footway,,,,North-East,115
656792182,,footway,,,,North-East,195
656792183,,footway,,,,North-East,43
656792184,,footway,,,,North-East,223
656792185,,footway,,,,North-East,16
656792186,,footway,,,,North-East,47
656792188,,footway,,,,North-East,41
656792190,,footway,,,,North-East,74
656792192,,footway,,,,North-East,20
656792193,,footway,,,,North-East,42
656792195,,footway,,,,North-East,20
656792197,,footway,,,,North-East,6
656792203,,footway,,,,North-East,10
656792206,,footway,,,,North-East,45
656792207,,footway,,,,North-East,44
661406402,,footway,,,,North-West,144
661953106,,footway,,,,Outer North,36
665637201,,footway,,,,North,27
665637202,,footway,,,,North,3
665637203,,footway,,,,North,49
665637204,,footway,,,,North,33
665637205,,footway,,,,North,65
671764566,,footway,,,paved,North-West,157
681863000,,footway,crossing,,,Central,16
684352465,,footway,,,,Shahdara,165
684369420,,footway,sidewalk,,,North-East,1230
684369421,,footway,sidewalk,,,Shahdara,294
684371129,,footway,sidewalk,,,Shahdara,341
684371133,,footway,sidewalk,,,Shahdara,184
684371134,,footway,sidewalk,,,Shahdara,103
684371623,,footway,sidewalk,,,Shahdara,41
684371624,,footway,sidewalk,,,Shahdara,93
684399370,,footway,sidewalk,,,North-East,1375
684401735,,footway,sidewalk,,,North-East,511
684401737,,footway,sidewalk,,,North-East,126
684401738,,footway,sidewalk,,,North-East,222
684402336,,footway,,,,North-East,638
684710160,,footway,sidewalk,2,,Shahdara,663
684712019,,footway,sidewalk,,,Shahdara,9
684712020,,footway,sidewalk,,,Shahdara,8
685106606,,footway,,,,North-West,39
685106607,,footway,,,asphalt,North,7
685106608,,footway,,,,North,7
685106609,,footway,,,asphalt,North-West,6
685106610,,footway,,,asphalt,North-West,6
685106611,,footway,,,,North-West,39
685415652,,footway,,,,Shahdara,131
686144668,,pedestrian,,,,North-East,19
686144948,,footway,,,,Shahdara,70
687046459,,footway,,,,Shahdara,96
687046460,,footway,,,,Shahdara,97
687046461,,footway,,,,Shahdara,85
687161305,,footway,,,,Shahdara,79
687598492,,footway,,,,Shahdara,20
687743976,,footway,,,,Shahdara,17
687743996,,footway,,,,Shahdara,7
687888328,,footway,,,,North-East,931
687888728,,footway,,,,North-East,210
687889664,Footover Bridge,footway,crossing,,,North-East,40
688422719,,footway,,,,North-East,589
688597365,,pedestrian,,,paved,Shahdara,54
689460974,,pedestrian,,,,Shahdara,39
689461244,,pedestrian,,,,North-East,22
689461245,,footway,sidewalk,,,North-East,16
690234375,,footway,,,,North-East,832
690235528,,footway,crossing,,,North-East,19
690235531,,footway,crossing,,,North-East,22
690235534,,footway,crossing,,,Shahdara,17
690235536,,footway,crossing,,,North-East,22
690242881,,footway,,,,North-East,166
690262277,,footway,,,,Shahdara,13
690690297,,footway,,,,North-East,24
690690298,,footway,,,,North-East,32
690743232,Footover Bridge,footway,crossing,,,North-East,40
690743704,Footover Bridge,footway,crossing,,,North-East,40
690872874,,pedestrian,,,,North-East,47
691053469,,footway,sidewalk,,,Shahdara,245
691452343,,footway,,,,Shahdara,21
691453916,,footway,,,,Shahdara,43
692230483,,footway,,,,Shahdara,45
692383062,,footway,,,,Shahdara,166
692383063,,footway,,,,Shahdara,215
692383065,,footway,,,,Shahdara,552
692383066,,footway,,,,Shahdara,59
692383067,,footway,,,,Shahdara,200
693762471,,footway,,,,Shahdara,316
693762472,,footway,,,,Shahdara,20
693762473,,footway,,,,Shahdara,62
697071465,Footover Bridge,footway,crossing,,,Shahdara,42
697071468,,footway,sidewalk,,,Shahdara,381
697071469,,footway,sidewalk,,paving_stones,Shahdara,254
702114796,,footway,crossing,,,North-East,47
706584858,,footway,,,paving_stones,North,70
707631379,Footover Bridge,footway,crossing,,,North-West,45
709852953,,footway,,,,North,30
718304653,,footway,,,,Rohini,33
734771660,,footway,,,,North,106
734814137,,footway,,,,Central,48
734817908,,footway,,,paving_stones,North,93
734817909,,footway,,,paved,North,135
734825899,,footway,,,,North,265
734826135,,footway,,,,West,216
735055666,,footway,,,,North-West,360
735079167,,footway,,,,North-West,239
735086581,,footway,,,,North-East,167
735091188,,footway,,,,West,29
735091189,,footway,,,,West,333
735092854,,footway,,,,North-West,591
735111127,,footway,,,,Outer North,53
735112025,,footway,,,,North-East,192
735117110,,footway,,,,North,374
735118212,,footway,,,,North-West,171
735118213,,footway,,,,North-West,13
735118869,,footway,,,,North,66
735119089,,footway,,,,North-West,79
737067271,,footway,,,,North,49
737067272,,footway,,,,North,27
737067273,,footway,crossing,,,North,35
737067274,,footway,,,,North,14
737090098,,footway,,,,North,113
740176038,,footway,crossing,,paving_stones,North-West,6
740669859,,footway,crossing,,,North-West,40
776235137,,footway,crossing,,,North,22
776235138,,footway,crossing,,,North,23
777687540,,footway,,,,North,144
791216493,,footway,,2,,Outer North,157
791216494,,footway,,2,,Outer North,373
791216495,,footway,,,,Outer North,106
799466961,,footway,,,,Shahdara,5
799466962,,footway,,,,Shahdara,18
799466963,,footway,,,,Shahdara,6
799466964,,footway,,,,Shahdara,16
799466965,,footway,,,,Shahdara,9
799466966,,footway,,,,Shahdara,57
803023450,,pedestrian,,,paving_stones,North,6
803023451,,pedestrian,,,paving_stones,North,15
803023452,,footway,,,asphalt,North,5
803023453,,footway,,,asphalt,North,18
803023457,,footway,,,paving_stones,North,26
803023458,,footway,,,paving_stones,North,11
803023459,,footway,,,paving_stones,North,107
803023460,,pedestrian,,,paving_stones,North,32
803023461,,pedestrian,,,paving_stones,North,983
803023462,,footway,,,asphalt,North,18
817528617,,footway,,,,West,112
817528618,,footway,,,,West,11
817528619,,footway,,,,West,80
836498100,,footway,,,,West,105
836498110,,footway,,,,West,44
836498111,,footway,,,,West,25
836498127,,footway,,,,West,103
836498128,,footway,,,,West,42
836498129,,footway,,,,West,62
836498130,,footway,,,,West,62
836498131,,footway,,,,West,21
836498132,,footway,,,,West,43
836498133,,footway,,,,West,111
836498134,,footway,,,,West,232
836498135,,footway,,,,West,96
836498136,,footway,,,,West,224
836498137,,footway,,,,West,97
836498138,,footway,,,,West,104
836498139,,footway,,,,West,31
836498140,,footway,,,,West,60
836498141,,footway,,,,West,31
836498142,,footway,,,,West,120
836498143,,footway,,,,West,181
863539414,,footway,,,,North,27
868642039,,footway,,,,North-East,117
984249569,,footway,crossing,,,North,14
984876921,,footway,crossing,,,Rohini,11
991144524,,footway,crossing,,,North,19
991149068,,footway,crossing,,,North,11
991702388,,footway,sidewalk,,,North,26
993539121,,footway,,,,Central,126
1000469351,,footway,,,,Outer,137
1000469353,,footway,,,,Outer,122
1004339549,,footway,,,paved,Rohini,478
1004339550,,footway,,,paved,Rohini,63
1004339551,,footway,,,paved,Rohini,64
1004339552,,footway,,,paved,Rohini,65
1004346776,,footway,,,ground,Rohini,480
1004346777,,footway,,,ground,Rohini,155
1004346778,,footway,,,ground,Rohini,77
1004346779,,footway,,,paved,Rohini,804
1004346780,,footway,,,,Rohini,169
1004349709,,footway,,,,Rohini,12
1004349710,,footway,,,,Rohini,11
1004349711,,footway,,,,Rohini,241
1004349712,,footway,,,,Rohini,241
1004349713,,footway,,,,Rohini,161
1004349714,,footway,,,,Rohini,183
1004349715,,footway,,,,Rohini,278
1004349716,,footway,,,,Rohini,366
1004349717,,footway,,,,Rohini,35
1004349718,,footway,,,,Rohini,151
1004349719,,footway,,,,Rohini,53
1004349720,,footway,,,,Rohini,302
1004349721,,footway,,,,Rohini,245
1004349722,,footway,,,,Rohini,296
1004349723,,footway,,,,Rohini,249
1004349724,,footway,,,,Rohini,533
1004349725,,footway,,,,Rohini,95
1004349726,,footway,,,,Rohini,205
1004349727,,footway,,,,Rohini,441
1004349728,,footway,,,,Rohini,190
1004349729,,footway,,,,Rohini,115
1004349730,,footway,,,,Rohini,11
1004349731,,footway,,,,Rohini,66
1033160391,,pedestrian,,,,North-West,226
1033160392,,footway,,,,North-West,56
1033160393,,footway,,,,North-West,56
1033160394,,footway,,,,North-West,56
1033160395,,footway,,,,North-West,55
1033160396,,footway,,,,North-West,1
1033160397,,footway,,,,North-West,1
1033160398,,footway,,,,North-West,2
1033160399,,footway,,,,North-West,38
1033160400,,footway,,,,North-West,92
1033160401,,footway,,,,North-West,39
1033160402,,footway,,,,North-West,97
1033160403,,footway,,,,North-West,32
1033160404,,footway,,,,North-West,33
1033160405,,footway,,,,North-West,32
1033160406,,footway,,,,North-West,32
1033160407,,footway,,,,North-West,214
1033160408,,footway,,,,North-West,7
1033160409,,footway,,,,North-West,7
1033160410,,footway,,,,North-West,7
1033160411,,footway,,,,North-West,6
1033160412,,footway,,,,North-West,10
1033160413,,footway,,,,North-West,2
1033160414,,footway,,,,North-West,10
1033160415,,footway,,,,North-West,17
1033160416,,footway,,,,North-West,18
1033160417,,footway,,,,North-West,47
1033160418,,footway,,,,North-West,154
1033160419,,footway,,,,North-West,54
1033160420,,footway,,,,North-West,13
1033160421,,footway,,,,North-West,13
1033160422,,footway,,,,North-West,23
1033160423,,footway,,,,North-West,23
1033160424,,footway,,,,North-West,47
1033160425,,footway,,,,North-West,23
1033160426,,footway,,,,North-West,22
1033160427,,footway,,,,North-West,33
1033160428,,footway,,,,North-West,47
1033160429,,footway,,,,North-West,13
1033160430,,footway,,,,North-West,73
1033160431,,footway,,,,North-West,38
1033160432,,footway,,,,North-West,38
1033160433,,footway,,,,North-West,38
1033160434,,footway,,,,North-West,38
1033160435,,footway,,,,North-West,39
1033160436,,footway,,,,North-West,57
1033160437,,footway,,,,North-West,12
1033160438,,footway,,,,North-West,36
1033160439,,footway,,,,North-West,26
1033160440,,footway,,,,North-West,52
1033160441,,footway,,,,North-West,35
1033160442,,footway,,,,North-West,53
1033160443,,footway,,,,North-West,232
1033160444,,footway,,,,North-West,75
1033160445,,footway,,,,North-West,66
1033160446,,footway,,,,North-West,93
1033160447,,footway,,,,North-West,161
1033160448,,footway,,,,North-West,10
1033160449,,footway,,,,North-West,22
1033160450,,footway,,,,North-West,22
1033160451,,footway,,,,North-West,19
1033160452,,footway,,,,North-West,170
1033160453,,footway,,,,North-West,47
1033160454,,footway,,,,North-West,46
1033160455,,footway,,,,North-West,49
1033160456,,footway,,,,North-West,95
1033160457,,footway,,,,North-West,49
1033160458,,footway,,,,North-West,89
1033160459,,footway,,,,North-West,39
1033160460,,footway,,,,North-West,175
1033160461,,footway,,,,North-West,175
1033160463,,footway,,,,North-West,286
1033160465,,footway,,,,North-West,35
1033160466,,footway,,,,North-West,50
1033160467,,footway,,,,North-West,172
1033160468,,footway,,,,North-West,31
1033160469,,footway,,,,North-West,8
1033160470,,footway,,,,North-West,70
1033160471,,footway,,,,North-West,31
1033160472,,footway,,,,North-West,31
1033160473,,footway,,,,North-West,197
1033160474,,footway,,,,North-West,68
1033160476,,footway,,,,North-West,78
1033160477,,footway,,,,North-West,8
1033160478,,footway,,,,North-West,29
1033160479,,footway,,,,North-West,30
1033160480,,footway,,,,North-West,79
1033160481,,footway,,,,North-West,129
1033160482,,footway,,,,North-West,31
1033160483,,footway,,,,North-West,31
1033160484,,footway,,,,North-West,31
1033160486,,footway,,,,North-West,220
1033160487,,footway,,,,North-West,53
1033160488,,footway,,,,North-West,53
1033160489,,footway,,,,North-West,43
1033160490,,footway,,,,North-West,41
1033160491,,footway,,,,North-West,23
1033160492,,footway,,,,North-West,20
1033160493,,footway,,,,North-West,48
1033160494,,footway,,,,North-West,38
1033160495,,footway,,,,North-West,86
1033160497,,footway,,,,North-West,473
1033160498,,footway,,,,North-West,18
1033160499,,footway,,,,North-West,9
1033160520,,pedestrian,,,,North-West,218
1033160527,,footway,,,,North-West,4
1033160528,,pedestrian,,,,North-West,49
1033160529,,footway,,,,North-West,49
1033160530,,footway,,,,North-West,30
1035763361,,footway,,,,North-West,41
1056620952,,footway,,,,Outer North,50
1056620985,,footway,,,,Rohini,74
1056637949,,footway,,,,Rohini,20
1063605989,,footway,,,,North-West,80
1063607684,,footway,,,,North-West,48
1064086534,,footway,,,,North,27
1069846102,,footway,,,,Shahdara,85
1071443243,,footway,,,,North-East,83
1071515811,,footway,,,,North-West,38
1071559966,,footway,path,,,North-West,36
1071587030,,footway,alley,,concrete,North-West,156
1071587031,,footway,alley,,concrete,North-West,66
1071587032,,footway,alley,,concrete,North-West,87
1071848358,,footway,,,,North-West,6
1071848359,,footway,,,,North-West,51
1071848360,,footway,,,,North-West,20
1071848362,,footway,,,,North-West,99
1071848363,,footway,,,,North-West,19
1071848364,,footway,,,,North-West,16
1071942177,,footway,,,,North-West,58
1072151104,,footway,,,,North-West,44
1072155455,,footway,,,,North-West,50
1072155462,,footway,,,,North-West,115
1072155464,,footway,,,,North-West,59
1072155465,,footway,,,,North-West,95
1072173579,,footway,,,,North-West,44
1073023820,,footway,,,,North-West,188
1073024228,,footway,,,,North-West,144
1073865800,,footway,,,,Outer North,43
1073968568,,footway,,,,Outer North,4
1073968569,,footway,,,,Outer North,4
1073968570,,footway,,,,Outer North,3
1073968571,,footway,,,,Outer North,3
1073968572,,footway,,,,Outer North,2
1073968573,,footway,,,,Outer North,4
1073968574,,footway,,,,Outer North,2
1073968575,,footway,,,,Outer North,3
1073968576,,footway,,,,Outer North,2
1074456920,,footway,,,,North-West,133
1075085148,,footway,,,,Rohini,119
1075085149,,footway,,,,Rohini,145
1075085150,,footway,,,,Rohini,120
1075085151,,footway,,,,Rohini,90
1075085152,,footway,,,,Rohini,44
1075085153,,footway,,,,Rohini,66
1075087095,,footway,,,,North-West,12
1075469068,,footway,,,,North-West,39
1075524489,,footway,,,,North,131
1075640888,,footway,,,,North-East,38
1075640889,,footway,,,,North-East,45
1075649866,,footway,,,,North-West,210
1075649867,,footway,,,,North-West,112
1075649868,,footway,,,,North-West,27
1075649869,,footway,,,,North-West,99
1075696975,,footway,,,,North-West,361
1075696976,,footway,,,,North-West,423
1075961138,,footway,,,,Rohini,164
1076242386,,footway,,,,North,398
1076758814,,footway,,,,North,8
1077887248,,footway,,,,North,30
1077887249,,footway,,,paving_stones,North,366
1077887250,,footway,,,,North,30
1077887251,,footway,,,,North,92
1085276624,,footway,sidewalk,,,North-West,29
1085277048,,footway,sidewalk,,,North-West,32
1085278357,,footway,sidewalk,,,North-West,94
1085278397,,footway,sidewalk,,,North-West,48
1085278978,,footway,sidewalk,,,North-West,16
1095888143,,footway,,,,West,65
1101477844,,footway,,,,Rohini,19
1101477845,,footway,,,,Rohini,38
1101477846,,footway,,,,Rohini,18
1121170871,,footway,,,,North-West,10
1121170872,,footway,,,,North-West,232
1121170877,,footway,,,,North-West,6
1121170878,,footway,,,,North-West,25
1121170880,,footway,,,,North-West,7
1121170881,,footway,,,,North-West,125
1121170883,,footway,,,,North-West,129
1121172418,,footway,,,,North-West,99
1121172419,,footway,,,,North-West,12
1121172420,,footway,,,,North-West,58
1121172423,,footway,,,,North-West,10
1121172424,,footway,,,,North-West,18
1121172425,,footway,,,,North-West,73
1121172427,,footway,,,,North-West,6
1121172428,,footway,,,,North-West,98
1121172433,,footway,,,,North-West,5
1121172434,,footway,,,,North-West,116
1121172437,,footway,,,,North-West,8
1121172438,,footway,,,,North-West,8
1121172439,,footway,,,,North-West,11
1121172440,,footway,,,,North-West,57
1121172441,,footway,,,,North-West,9
1121172442,,footway,,,,North-West,175
1121172443,,footway,,,,North-West,35
1121172444,,footway,,,,North-West,45
1121174017,,footway,,,,North-West,10
1121174018,,footway,,,,North-West,46
1121174019,,footway,,,,North-West,133
1121174022,,footway,,,,North-West,92
1121174023,,footway,,,,North-West,18
1121174024,,footway,,,,North-West,159
1121174025,,footway,,,,North-West,19
1121174026,,footway,,,,North-West,90
1121174027,,footway,,,,North-West,10
1121174028,,footway,,,,North-West,107
1121174740,,footway,,,,North-West,11
1121174741,,footway,,,,North-West,226
1121174743,,footway,,,,North-West,21
1121174744,,footway,,,,North-West,33
1121174745,,footway,,,,North-West,26
1121174746,,footway,,,,North-West,74
1121174747,,footway,,,,North-West,21
1121174750,,footway,,,,North-West,11
1121174751,,footway,,,,North-West,41
1121174752,,footway,,,,North-West,40
1121174753,,footway,,,,North-West,13
1121175662,,footway,,,,North-West,46
1121175667,,footway,,,,North-West,13
1121175669,,footway,,,,North-West,26
1121175670,,footway,,,,North-West,28
1121175671,,footway,,,,North-West,65
1121175672,,footway,,,,North-West,79
1121175673,,footway,,,,North-West,29
1121175674,,footway,,,,North-West,126
1121175675,,footway,,,,North-West,39
1121175676,,footway,,,,North-West,71
1121175677,,footway,,,,North-West,88
1121175678,,footway,,,,North-West,13
1121175679,,footway,,,,North-West,15
1121175680,,footway,,,,North-West,13
1121175681,,footway,,,,North-West,10
1121177114,,footway,,,,North-West,11
1121177115,,footway,,,,North-West,54
1121177116,,footway,,,,North-West,11
1121177117,,footway,,,,North-West,23
1121177118,,footway,,,,North-West,27
1121177119,,footway,,,,North-West,21
1121177120,,footway,,,,North-West,78
1121177121,,footway,,,,North-West,129
1121177125,,footway,,,,North-West,10
1121177126,,footway,,,,North-West,171
1121179250,,footway,,,,North-West,28
1121179251,,footway,,,,North-West,206
1121179252,,footway,,,,North-West,138
1121179253,,footway,,,,North-West,81
1121179254,,footway,,,,North-West,114
1121179255,,footway,,,,North-West,269
1121179256,,footway,,,,North-West,326
1121179264,,footway,,,,North-West,12
1121179265,,footway,,,,North-West,165
1121184391,,footway,,,,North-West,46
1121184392,,footway,,,,North-West,80
1121184393,,footway,,,,North-West,59
1121184394,,footway,,,,North-West,49
1121184395,,footway,,,,North-West,51
1121184396,,footway,,,,North-West,14
1121184397,,footway,,,,North-West,49
1121184398,,footway,,,,North-West,8
1121184399,,footway,,,,North-West,39
1121184400,,footway,,,,North-West,51
1121184401,,footway,,,,North-West,17
1121184402,,footway,,,,North-West,23
1121184403,,footway,,,,North-West,10
1121184404,,footway,,,,North-West,22
1121184405,,footway,,,,North-West,64
1121184406,,footway,,,,North-West,19
1121184407,,footway,,,,North-West,52
1121184408,,footway,,,,North-West,20
1121184409,,footway,,,,North-West,41
1121184410,,footway,,,,North-West,33
1121184411,,footway,,,,North-West,36
1121184412,,footway,,,,North-West,82
1121184413,,footway,,,,North-West,43
1121184414,,footway,,,,North-West,78
1121184415,,footway,,,,North-West,13
1121184416,,footway,,,,North-West,59
1121184417,,footway,,,,North-West,36
1121184418,,footway,,,,North-West,25
1121184419,,footway,,,,North-West,31
1121184420,,footway,,,,North-West,17
1121184421,,footway,,,,North-West,21
1121184422,,footway,,,,North-West,49
1121184423,,footway,,,,North-West,59
1121184424,,footway,,,,North-West,25
1121184425,,footway,,,,North-West,102
1121184426,,footway,,,,North-West,9
1121184427,,footway,,,,North-West,30
1121184428,,footway,,,,North-West,46
1121184429,,footway,,,,North-West,41
1121184430,,footway,,,,North-West,42
1121184431,,footway,,,,North-West,17
1121184432,,footway,,,,North-West,12
1121184433,,footway,,,,North-West,37
1121184434,,footway,,,,North-West,19
1121184435,,footway,,,,North-West,11
1121184436,,footway,,,,North-West,24
1121186084,,footway,,,,North-West,8
1121186085,,footway,,,,North-West,102
1121186087,,footway,,,,North-West,10
1121186088,,footway,,,,North-West,108
1121186089,,footway,,,,North-West,108
1121186090,,footway,,,,North-West,28
1121186091,,footway,,,,North-West,13
1121186092,,footway,,,,North-West,8
1121186093,,footway,,,,North-West,10
1121186094,,footway,,,,North-West,59
1121186095,,footway,,,,North-West,81
1121186096,,footway,,,,North-West,9
1121186097,,footway,,,,North-West,29
1121186098,,footway,,,,North-West,28
1121186099,,footway,,,,North-West,13
1121186100,,footway,,,,North-West,100
1121186101,,footway,,,,North-West,10
1121186102,,footway,,,,North-West,187
1121187320,,footway,,,,North-West,8
1121187321,,footway,,,,North-West,67
1121187322,,footway,,,,North-West,16
1121187323,,footway,,,,North-West,51
1121187324,,footway,,,,North-West,18
1121187325,,footway,,,,North-West,4
1121187326,,footway,,,,North-West,27
1121187327,,footway,,,,North-West,27
1121189924,,footway,,,,North-West,7
1121189925,,footway,,,,North-West,113
1121190811,,footway,,,,North-West,10
1121190812,,footway,,,,North-West,59
1121190813,,footway,,,,North-West,104
1121190814,,footway,,,,North-West,4
1121190816,,footway,,,,North-West,14
1121190817,,footway,,,,North-West,66
1121190818,,footway,,,,North-West,121
1121190819,,footway,,,,North-West,31
1121190820,,footway,,,,North-West,12
1121190821,,footway,,,,North-West,73
1121190822,,footway,,,,North-West,66
1121190823,,footway,,,,North-West,28
1121191810,,footway,,,,North-West,6
1121191811,,footway,,,,North-West,126
1121192453,,footway,,,,North-West,15
1121192454,,footway,,,,North-West,90
1121192455,,footway,,,,North-West,87
1121192456,,footway,,,,North-West,57
1121192457,,footway,,,,North-West,13
1121195466,,footway,,,,North-West,13
1121195467,,footway,,,,North-West,7
1121195468,,footway,,,,North-West,29
1121195469,,footway,,,,North-West,141
1121195470,,footway,,,,North-West,86
1121195471,,footway,,,,North-West,284
1121195472,,footway,,,,North-West,93
1121195473,,footway,,,,North-West,36
1121195474,,footway,,,,North-West,30
1121195475,,footway,,,,North-West,79
1121195476,,footway,,,,North-West,22
1121195477,,footway,,,,North-West,23
1121195478,,footway,,,,North-West,29
1121195479,,footway,,,,North-West,119
1121195480,,footway,,,,North-West,289
1121195481,,footway,,,,North-West,85
1121195482,,footway,,,,North-West,12
1121195483,,footway,,,,North-West,36
1121195484,,footway,,,,North-West,25
1121198992,,footway,,,,North-West,67
1121198993,,footway,,,,North-West,103
1121198994,,footway,,,,North-West,44
1121198995,,footway,,,,North-West,49
1121198996,,footway,,,,North-West,39
1121198997,,footway,,,,North-West,8
1121198998,,footway,,,,North-West,50
1121202970,,footway,,,,North-West,12
1121202971,,footway,,,,North-West,373
1121202972,,footway,,,,North-West,139
1121202973,,footway,,,,North-West,74
1121202983,,footway,,,,North-West,173
1121202984,,footway,,,,North-West,63
1121202985,,footway,,,,North-West,106
1121202988,,footway,,,,North-West,39
1121202989,,footway,,,,North-West,40
1121202990,,footway,,,,North-West,51
1121202991,,footway,,,,North-West,7
1121202992,,footway,,,,North-West,242
1121204008,,footway,,,,North-West,20
1121204009,,footway,,,,North-West,21
1121204010,,footway,,,,North-West,18
1121204011,,footway,,,,North-West,37
1121204012,,footway,,,,North-West,28
1121204013,,footway,,,,North-West,68
1121204014,,footway,,,,North-West,38
1121204015,,footway,,,,North-West,48
1121204016,,footway,,,,North-West,12
1121204017,,footway,,,,North-West,58
1121204018,,footway,,,,North-West,17
1121204019,,footway,,,,North-West,243
1121204020,,footway,,,,North-West,68
1121566518,,footway,,,,North-West,7
1121566519,,footway,,,,North-West,142
1121566537,,footway,,,,North-West,7
1121566538,,footway,,,,North-West,186
1121576294,,footway,,,,North-West,9
1121576295,,footway,,,,North-West,89
1121576296,,footway,,,,North-West,8
1121576297,,footway,,,,North-West,87
1121576299,,footway,,,,North-West,6
1121576300,,footway,,,,North-West,115
1121576304,,footway,,,,North-West,3
1121576305,,footway,,,,North-West,95
1121584017,,footway,,,,North-West,9
1121584018,,footway,,,,North-West,50
1121584019,,footway,,,,North-West,58
1121584020,,footway,,,,North-West,23
1121584021,,footway,,,,North-West,23
1121584022,,footway,,,,North-West,76
1121584023,,footway,,,,North-West,28
1121584024,,footway,,,,North-West,51
1121584025,,footway,,,,North-West,91
1121584026,,footway,,,,North-West,21
1121584027,,footway,,,,North-West,14
1121584028,,footway,,,,North-West,34
1121584029,,footway,,,,North-West,38
1121584030,,footway,,,,North-West,15
1121584031,,footway,,,,North-West,32
1121584032,,footway,,,,North-West,34
1121584033,,footway,,,,North-West,15
1121584034,,footway,,,,North-West,7
1121584035,,footway,,,,North-West,8
1121584038,,footway,,,,North-West,12
1121584039,,footway,,,,North-West,42
1121584040,,footway,,,,North-West,19
1121584041,,footway,,,,North-West,36
1121584042,,footway,,,,North-West,16
1121584043,,footway,,,,North-West,11
1121584044,,footway,,,,North-West,35
1121584045,,footway,,,,North-West,38
1121584046,,footway,,,,North-West,11
1121584955,,footway,,,,North-West,16
1121584956,,footway,,,,North-West,152
1121584957,,footway,,,,North-West,89
1121584960,,footway,,,,North-West,48
1121598846,,footway,,,,North-West,12
1121598847,,footway,,,,North-West,179
1121598848,,footway,,,,North-West,172
1121598849,,footway,,,,North-West,24
1121598850,,footway,,,,North-West,303
1121598859,,footway,,,,North-West,6
1121598860,,footway,,,,North-West,15
1121598861,,footway,,,,North-West,89
1121598862,,footway,,,,North-West,19
1121598863,,footway,,,,North-West,7
1121598864,,footway,,,,North-West,73
1121616745,,footway,,,,North-West,47
1121616746,,footway,,,,North-West,334
1121616747,,footway,,,,North-West,170
1121616748,,footway,,,,North-West,93
1121616749,,footway,,,,North-West,69
1121616750,,footway,,,,North-West,44
1121616751,,footway,,,,North-West,15
1121616752,,footway,,,,North-West,122
1121616753,,footway,,,,North-West,13
1121616754,,footway,,,,North-West,12
1121616755,,footway,,,,North-West,149
1121616756,,footway,,,,North-West,80
1121616757,,footway,,,,North-West,264
1121616758,,footway,,,,North-West,326
1121616759,,footway,,,,North-West,109
1121616760,,footway,,,,North-West,245
1121616761,,footway,,,,North-West,72
1121616762,,footway,,,,North-West,68
1121616763,,footway,,,,North-West,49
1121616764,,footway,,,,North-West,175
1121616765,,footway,,,,North-West,28
1121616766,,footway,,,,North-West,84
1121616767,,footway,,,,North-West,48
1121616768,,footway,,,,North-West,51
1121616769,,footway,,,,North-West,100
1121616770,,footway,,,,North-West,18
1121616771,,footway,,,,North-West,95
1121616772,,footway,,,,North-West,28
1121616773,,footway,,,,North-West,126
1121616774,,footway,,,,North-West,181
1121616775,,footway,,,,North-West,32
1121616776,,footway,,,,North-West,141
1121630528,,footway,,,,Shahdara,10
1121630529,,footway,,,,Shahdara,42
1121630530,,footway,,,,Shahdara,31
1121630533,,footway,,,,Shahdara,13
1121630534,,footway,,,,Shahdara,23
1121630535,,footway,,,,Shahdara,18
1121630536,,footway,,,,Shahdara,5
1121630537,,footway,,,,Shahdara,56
1121630538,,footway,,,,Shahdara,13
1121630539,,footway,,,,Shahdara,16
1121630540,,footway,,,,Shahdara,5
1121630541,,footway,,,,Shahdara,75
1121632026,,footway,,,,Shahdara,11
1121632027,,footway,,,,Shahdara,91
1121632029,,footway,,,,Shahdara,9
1121632030,,footway,,,,Shahdara,49
1121632031,,footway,,,,Shahdara,48
1121632032,,footway,,,,Shahdara,48
1121632033,,footway,,,,Shahdara,48
1121632034,,footway,,,,Shahdara,23
1121632035,,footway,,,,Shahdara,28
1121632036,,footway,,,,Shahdara,16
1121632037,,footway,,,,Shahdara,24
1121632038,,footway,,,,Shahdara,17
1121632039,,footway,,,,Shahdara,18
1121636170,,footway,,,,Shahdara,6
1121636171,,footway,,,,Shahdara,120
1121636186,,footway,,,,Shahdara,10
1121636187,,footway,,,,Shahdara,117
1121636188,,footway,,,,Shahdara,15
1121636197,,footway,,,,Shahdara,6
1121636198,,footway,,,,Shahdara,128
1121636199,,footway,,,,Shahdara,20
1121638203,,footway,,,,Shahdara,3
1121638204,,footway,,,,Shahdara,129
1121638205,,footway,,,,Shahdara,42
1121638212,,footway,,,,Shahdara,13
1121638215,,footway,,,,Shahdara,119
1121650553,,footway,,,,Shahdara,8
1121650554,,footway,,,,Shahdara,101
1121650555,,footway,,,,Shahdara,56
1121650558,,footway,,,,Shahdara,12
1121650559,,footway,,,,Shahdara,125
1121652971,,footway,,,,Shahdara,14
1121652974,,footway,,,,Shahdara,124
1121652979,,footway,,,,Shahdara,9
1121652980,,footway,,,,Shahdara,60
1121652981,,footway,,,,Shahdara,16
1121652982,,footway,,,,Shahdara,60
1121652986,,footway,,,,Shahdara,10
1121652987,,footway,,,,Shahdara,121
1121652992,,footway,,,,Shahdara,3
1121652993,,footway,,,,Shahdara,20
1121652994,,footway,,,,Shahdara,102
1121652997,,footway,,,,Shahdara,10
1121652998,,footway,,,,Shahdara,67
1121652999,,footway,,,,Shahdara,66
1121653000,,footway,,,,Shahdara,25
1121653003,,footway,,,,Shahdara,7
1121653004,,footway,,,,Shahdara,70
1121653005,,footway,,,,Shahdara,61
1121653006,,footway,,,,Shahdara,20
1121657267,,footway,,,,Shahdara,9
1121657268,,footway,,,,Shahdara,120
1121657269,,footway,,,,Shahdara,6
1121657270,,footway,,,,Shahdara,101
1121657277,,footway,,,,Shahdara,7
1121657278,,footway,,,,Shahdara,54
1121657279,,footway,,,,Shahdara,59
1121657280,,footway,,,,Shahdara,14
1121659960,,footway,,,,Shahdara,5
1121659961,,footway,,,,Shahdara,60
1121659962,,footway,,,,Shahdara,59
1121659963,,footway,,,,Shahdara,16
1121659966,,footway,,,,Shahdara,15
1121659967,,footway,,,,Shahdara,121
1121659973,,footway,,,,Shahdara,5
1121659974,,footway,,,,Shahdara,128
1121659980,,footway,,,,Shahdara,10
1121659981,,footway,,,,Shahdara,113
1121663434,,footway,,,,Shahdara,7
1121663435,,footway,,,,Shahdara,126
1121663436,,footway,,,,Shahdara,9
1121663437,,footway,,,,Shahdara,106
1121663443,,footway,,,,Shahdara,17
1121663444,,footway,,,,Shahdara,122
1121663455,,footway,,,,Shahdara,15
1121663456,,footway,,,,Shahdara,102
1121663457,,footway,,,,Shahdara,29
1121663462,,footway,,,,Shahdara,7
1121663463,,footway,,,,Shahdara,87
1121665618,,footway,,,,Shahdara,10
1121665619,,footway,,,,Shahdara,133
1121665620,,footway,,,,Shahdara,11
1121665621,,footway,,,,Shahdara,16
1121665622,,footway,,,,Shahdara,11
1121665623,,footway,,,,Shahdara,12
1121665624,,footway,,,,Shahdara,65
1121665625,,footway,,,,Shahdara,69
1121665626,,footway,,,,Shahdara,28
1121674049,,footway,,,,Shahdara,49
1121674050,,footway,,,,Shahdara,128
1121674051,,footway,,,,Shahdara,457
1121674059,,footway,,,,Shahdara,11
1121674060,,footway,,,,Shahdara,154
1121676986,,footway,,,,Shahdara,9
1121676987,,footway,,,,Shahdara,116
1121676988,,footway,,,,Shahdara,12
1121676989,,footway,,,,Shahdara,16
1121676990,,footway,,,,Shahdara,18
1121676992,,footway,,,,Shahdara,8
1121676993,,footway,,,,Shahdara,151
1121682654,,footway,,,,Shahdara,8
1121682655,,footway,,,,Shahdara,116
1121684141,,footway,,,,Shahdara,19
1121684142,,footway,,,,Shahdara,154
1121684143,,footway,,,,Shahdara,11
1121684144,,footway,,,,Shahdara,34
1121684145,,footway,,,,Shahdara,69
1121684146,,footway,,,,Shahdara,20
1121684154,,footway,,,,Shahdara,18
1121684155,,footway,,,,Shahdara,31
1121684156,,footway,,,,Shahdara,47
1121684157,,footway,,,,Shahdara,68
1121684158,,footway,,,,Shahdara,25
1121687839,,footway,,,,Shahdara,8
1121687840,,footway,,,,Shahdara,35
1121687841,,footway,,,,Shahdara,36
1121687842,,footway,,,,Shahdara,58
1121687843,,footway,,,,Shahdara,44
1121959304,,footway,,,,Shahdara,2
1121959305,,footway,,,,Shahdara,59
1121959306,,footway,,,,Shahdara,46
1121959307,,footway,,,,Shahdara,55
1121959308,,footway,,,,Shahdara,14
1121959309,,footway,,,,Shahdara,20
1121959310,,footway,,,,Shahdara,17
1121959311,,footway,,,,Shahdara,11
1121959312,,footway,,,,Shahdara,28
1121959313,,footway,,,,Shahdara,5
1121959314,,footway,,,,Shahdara,132
1121959315,,footway,,,,Shahdara,23
1121959317,,footway,,,,Shahdara,3
1121959318,,footway,,,,Shahdara,93
1121959319,,footway,,,,Shahdara,48
1121959320,,footway,,,,Shahdara,6
1121959321,,footway,,,,Shahdara,57
1121959322,,footway,,,,Shahdara,48
1121959323,,footway,,,,Shahdara,12
1121959324,,footway,,,,Shahdara,12
1121966657,,footway,,,,Shahdara,24
1121966662,,footway,,,,Shahdara,8
1121966663,,footway,,,,Shahdara,28
1121966664,,footway,,,,Shahdara,20
1121966665,,footway,,,,Shahdara,21
1121966666,,footway,,,,Shahdara,34
1121966669,,footway,,,,Shahdara,9
1121966670,,footway,,,,Shahdara,83
1121966671,,footway,,,,Shahdara,12
1121966672,,footway,,,,Shahdara,172
1121966673,,footway,,,,Shahdara,58
1121966674,,footway,,,,Shahdara,109
1121966675,,footway,,,,Shahdara,60
1121968259,,footway,,,,Shahdara,9
1121968260,,footway,,,,Shahdara,60
1121968261,,footway,,,,Shahdara,13
1121968262,,footway,,,,Shahdara,46
1121968263,,footway,,,,Shahdara,32
1121968267,,footway,,,,Shahdara,11
1121968268,,footway,,,,Shahdara,48
1121968269,,footway,,,,Shahdara,48
1121968270,,footway,,,,Shahdara,46
1121968271,,footway,,,,Shahdara,44
1121968272,,footway,,,,Shahdara,12
1121968273,,footway,,,,Shahdara,24
1121970551,,footway,,,,Shahdara,10
1121970552,,footway,,,,Shahdara,7
1121970553,,footway,,,,Shahdara,12
1121970554,,footway,,,,Shahdara,23
1121970555,,footway,,,,Shahdara,28
1121970557,,footway,,,,Shahdara,12
1121970558,,footway,,,,Shahdara,73
1121970559,,footway,,,,Shahdara,81
1121970560,,footway,,,,Shahdara,13
1121970561,,footway,,,,Shahdara,70
1121970562,,footway,,,,Shahdara,12
1121970563,,footway,,,,Shahdara,73
1121970564,,footway,,,,Shahdara,26
1121970565,,footway,,,,Shahdara,27
1121970566,,footway,,,,Shahdara,25
1121970567,,footway,,,,Shahdara,29
1121970568,,footway,,,,Shahdara,69
1121970574,,footway,,,,Shahdara,17
1121980180,,footway,,,,Shahdara,8
1121980181,,footway,,,,Shahdara,23
1121980182,,footway,,,,Shahdara,16
1121980183,,footway,,,,Shahdara,72
1121980184,,footway,,,,Shahdara,11
1121980185,,footway,,,,Shahdara,15
1122003523,,footway,,,,North-West,47
1122003530,,footway,,,,North-West,61
1122004550,,footway,,,,North-West,61
1122005646,,footway,,,,North-West,12
1122005647,,footway,,,,North-West,113
1122008321,,footway,,,,North-West,6
1122008322,,footway,,,,North-West,140
1122008330,,footway,,,,North-West,34
1122010665,,footway,,,,North-West,19
1122010666,,footway,,,,North-West,135
1122010667,,footway,,,,North-West,98
1122010668,,footway,,,,North-West,11
1122010669,,footway,,,,North-West,30
1122010670,,footway,,,,North-West,6
1122010671,,footway,,,,North-West,3
1122010672,,footway,,,,North-West,73
1122010673,,footway,,,,North-West,68
1122010674,,footway,,,,North-West,26
1122010675,,footway,,,,North-West,44
1122010676,,footway,,,,North-West,76
1122010677,,footway,,,,North-West,58
1122010678,,footway,,,,North-West,37
1122012899,,footway,,,,North-West,16
1122012900,,footway,,,,North-West,25
1122012901,,footway,,,,North-West,49
1122012902,,footway,,,,North-West,25
1122012903,,footway,,,,North-West,29
1122012904,,footway,,,,North-West,229
1122012905,,footway,,,,North-West,95
1122012911,,footway,,,,North-West,44
1122012912,,footway,,,,North-West,47
1122012913,,footway,,,,North-West,105
1122012914,,footway,,,,North-West,45
1122012915,,footway,,,,North-West,95
1122012916,,footway,,,,North-West,33
1122012917,,footway,,,,North-West,72
1122012918,,footway,,,,North-West,34
1122012919,,footway,,,,North-West,150
1122012920,,footway,,,,North-West,91
1122012921,,footway,,,,North-West,41
1122012922,,footway,,,,North-West,16
1122012923,,footway,,,,North-West,27
1122012924,,footway,,,,North-West,27
1122012925,,footway,,,,North-West,73
1122012926,,footway,,,,North-West,16
1122015930,,footway,,,,North-West,99
1122019022,,footway,,,,Rohini,85
1122019023,,footway,,,,Rohini,99
1122019024,,footway,,,,Rohini,15
1122019025,,footway,,,,Rohini,16
1122019026,,footway,,,,Rohini,60
1122019027,,footway,,,,Rohini,6
1122019028,,footway,,,,Rohini,107
1122019029,,footway,,,,Rohini,78
1122023321,,footway,,,,Rohini,36
1122023322,,footway,,,,Rohini,17
1122023323,,footway,,,,Rohini,12
1122023324,,footway,,,,Rohini,13
1122029472,,footway,,,,Rohini,38
1122029473,,footway,,,,Rohini,10
1122029474,,footway,,,,Rohini,200
1122111023,,footway,,,paving_stones,North,154
1122111024,,footway,,,paving_stones,North,51
1122111028,,footway,,,paving_stones,North,73
1122111029,,footway,,,paving_stones,North,48
1122111030,,footway,,,paving_stones,North,38
1122111031,,footway,,,paving_stones,North,31
1122111032,,footway,,,paving_stones,North,31
1122210039,,footway,,,,Rohini,12
1122210040,,footway,,,,Rohini,11
1122210041,,footway,,,,Rohini,77
1122210042,,footway,,,,Rohini,44
1122210043,,footway,,,,Rohini,36
1122210044,,footway,,,,Rohini,43
1122210045,,footway,,,,Rohini,80
1122210046,,footway,,,,Rohini,8
1122210047,,footway,,,,Rohini,16
1122210048,,footway,,,,Rohini,34
1122210049,,footway,,,,Rohini,42
1122210050,,footway,,,,Rohini,40
1122210051,,footway,,,,Rohini,79
1122210052,,footway,,,,Rohini,33
1122213302,,footway,,,,Rohini,9
1122213303,,footway,,,,Rohini,103
1122224658,,footway,,,,Rohini,155
1122224659,,footway,,,,Rohini,40
1122224660,,footway,,,,Rohini,22
1122224661,,footway,,,,Rohini,21
1122224662,,footway,,,,Rohini,74
1122224663,,footway,,,,Rohini,82
1122224664,,footway,,,,Rohini,59
1122224665,,footway,,,,Rohini,55
1122224666,,footway,,,,Rohini,55
1122224667,,footway,,,,Rohini,42
1122224668,,footway,,,,Rohini,54
1122224669,,footway,,,,Rohini,22
1122224670,,footway,,,,Rohini,36
1122224671,,footway,,,,Rohini,36
1122228593,,footway,,,,Rohini,11
1122228594,,footway,,,,Rohini,52
1122228595,,footway,,,,Rohini,13
1122228596,,footway,,,,Rohini,106
1122228597,,footway,,,,Rohini,23
1122228598,,footway,,,,Rohini,48
1122228599,,footway,,,,Rohini,51
1122247819,,footway,,,,North-West,19
1122247820,,footway,,,,North-West,37
1122247821,,footway,,,,North-West,55
1122247822,,footway,,,,North-West,77
1122247823,,footway,,,,North-West,14
1122247824,,footway,,,,North-West,29
1122247825,,footway,,,,North-West,15
1122249980,,footway,,,,North-West,13
1122249981,,footway,,,,North-West,10
1122249982,,footway,,,,North-West,22
1122251394,,footway,,,,North-West,13
1122251395,,footway,,,,North-West,21
1122251396,,footway,,,,North-West,79
1122251397,,footway,,,,North-West,42
1122258834,,footway,,,,North-West,15
1122258835,,footway,,,,North-West,33
1122258836,,footway,,,,North-West,48
1122258837,,footway,,,,North-West,158
1122258838,,footway,,,,North-West,227
1122258839,,footway,,,,North-West,38
1122258840,,footway,,,,North-West,38
1122258841,,footway,,,,North-West,10
1122258842,,footway,,,,North-West,48
1122258843,,footway,,,,North-West,108
1122258844,,footway,,,,North-West,78
1122258845,,footway,,,,North-West,173
1122258846,,footway,,,,North-West,34
1122258855,,footway,,,,North-West,46
1122265993,,footway,,,,North-West,70
1122272444,,footway,,,,North-West,9
1122272445,,footway,,,,North-West,149
1122272446,,footway,,,,North-West,32
1122272447,,footway,,,,North-West,77
1122272448,,footway,,,,North-West,100
1122272449,,footway,,,,North-West,68
1122275265,,footway,,,,North-West,7
1122275266,,footway,,,,North-West,28
1122275267,,footway,,,,North-West,17
1122275268,,footway,,,,North-West,15
1122276957,,footway,,,,North-West,10
1122276958,,footway,,,,North-West,178
1122276959,,footway,,,,North-West,10
1122276960,,footway,,,,North-West,63
1122276961,,footway,,,,North-West,178
1122276976,,footway,,,,North-West,9
1122276977,,footway,,,,North-West,93
1122276978,,footway,,,,North-West,8
1122276979,,footway,,,,North-West,67
1122277603,,footway,,,,Outer,197
1122277604,,footway,,,,Outer,332
1122277605,,footway,,,,Outer,26
1122279364,,footway,,,,North-West,10
1122279365,,footway,,,,North-West,125
1122279369,,footway,,,,North-West,99
1122286114,,footway,,,,North-West,12
1122286115,,footway,,,,North-West,94
1122286116,,footway,,,,North-West,140
1122286117,,footway,,,,North-West,19
1122286118,,footway,,,,North-West,5
1122286119,,footway,,,,North-West,92
1122286120,,footway,,,,North-West,20
1122286124,,footway,,,,North-West,20
1122286125,,footway,,,,North-West,152
1122286126,,footway,,,,North-West,23
1122287078,,footway,,,,Outer,210
1122287079,,footway,,,,Outer,63
1122287088,,footway,,,,Outer,55
1122287089,,footway,,,,Outer,54
1122287090,,footway,,,,Outer,10
1122287091,,footway,,,,Outer,7
1122287092,,footway,,,,Outer,9
1122287093,,footway,,,,Outer,15
1122287094,,footway,,,,Outer,54
1122287095,,footway,,,,Outer,9
1122542989,,footway,,,,North-West,47
1122542990,,footway,,,,North-West,41
1122542991,,footway,,,,North-West,42
1122542992,,footway,,,,North-West,51
1122542993,,footway,,,,North-West,43
1122542994,,footway,,,,North-West,48
1122542995,,footway,,,,North-West,9
1122542996,,footway,,,,North-West,51
1122542997,,footway,,,,North-West,44
1122542998,,footway,,,,North-West,140
1122542999,,footway,,,,North-West,89
1122543000,,footway,,,,North-West,63
1122543001,,footway,,,,North-West,421
1122543529,,footway,,,,North-West,76
1122543530,,footway,,,,North-West,140
1122543531,,footway,,,,North-West,48
1122543532,,footway,,,,North-West,194
1122543533,,footway,,,,North-West,49
1122543541,,footway,,,,North-West,41
1122543542,,footway,,,,North-West,39
1122543543,,footway,,,,North-West,229
1122543544,,footway,,,,North-West,31
1122543545,,footway,,,,North-West,17
1122543546,,footway,,,,North-West,18
1122543547,,footway,,,,North-West,23
1122544020,,footway,,,,North-West,127
1122544021,,footway,,,,North-West,34
1122544022,,footway,,,,North-West,18
1122547617,,footway,,,,North-West,29
1122547618,,footway,,,,North-West,41
1122547619,,footway,,,,North-West,9
1122547620,,footway,,,,North-West,30
1122547621,,footway,,,,North-West,41
1122547622,,footway,,,,North-West,9
1122547623,,footway,,,,North-West,30
1122560469,,footway,,,,North-West,236
1123531348,,footway,,,paving_stones,Rohini,334
1126929463,,footway,,,,North-West,82
1133780558,,footway,,,,North-West,20
1134001938,,footway,,,,North-West,18
1136674912,,footway,,,,North-West,19
1136674915,,footway,,,,North-West,18
1136686172,,footway,,,,North-West,17
1136686173,,footway,,,,North-West,19
1137214865,,footway,,,,North-West,17
1137219990,,footway,,,,North-West,40
1137219993,,footway,,,,North-West,8
1137227563,,footway,,,,North-West,22
1137227565,,footway,,,,North-West,23
1137227567,,footway,,,,North-West,32
1137227568,,footway,,,,North-West,15
1137227569,,footway,,,,North-West,14
1137562196,,footway,,,,North,36
1137568791,,footway,,,,North-West,20
1137576742,,footway,,0.4,,North-West,19
1137796411,,footway,,,,North-West,9
1137796412,,footway,,1.3,,North-West,20
1138657987,,footway,,,,North-West,8
1138657998,,footway,,,,North-West,70
1138674600,,footway,,,,North-West,13
1138674602,,footway,,,,North-West,29
1138674603,,footway,,,,North-West,18
1140850144,,footway,,,,North-West,9
1140900198,,footway,,,,North-West,6
1143855204,,footway,,,,North-West,21
1143855219,,footway,,,,North-West,20
1143855227,,footway,,,,North-West,19
1143855228,,footway,,,,North-West,18
1143862198,,footway,,,,North-West,4
1143862199,,footway,,,,North-West,15
1143862201,,footway,,,,North-West,25
1143862202,,footway,,,,North-West,11
1143862203,,footway,,,,North-West,4
1143862204,,footway,,,,North-West,11
1143862205,,footway,,,,North-West,13
1143862206,,footway,,,,North-West,55
1143862207,,footway,,,,North-West,47
1143862208,,footway,,,,North-West,53
1143862210,,footway,,,,North-West,14
1143862211,,footway,,,,North-West,29
1143862212,,footway,,,,North-West,12
1143862213,,footway,,,,North-West,12
1143862214,,footway,,,,North-West,12
1143862217,,footway,,,,North-West,167
1143862218,,footway,,,,North-West,17
1143862219,,footway,,,,North-West,27
1143876487,,footway,,,,North-West,30
1143876489,,footway,,,,North-West,12
1143876490,,footway,,,,North-West,39
1143876493,,footway,,,,North-West,25
1143876494,,footway,,,,North-West,25
1143876495,,footway,,,,North-West,65
1143876496,,footway,,,,North-West,30
1143876498,,footway,,,,North-West,69
1143876499,,footway,,,,North-West,50
1143876500,,footway,,,,North-West,31
1143876501,,footway,,,,North-West,59
1143876502,,footway,,,,North-West,31
1143876503,,footway,,,,North-West,66
1143876504,,footway,,,,North-West,65
1143876505,,footway,,,,North-West,60
1143876506,,footway,,,,North-West,21
1143876508,,footway,,,,North-West,66
1143876509,,footway,,,,North-West,137
1143876511,,footway,,,,North-West,10
1143876513,,footway,,,,North-West,11
1143876514,,footway,,,,North-West,27
1143876515,,footway,,,,North-West,28
1143876516,,footway,,,,North-West,65
1143876517,,footway,,,,North-West,5
1143883539,,footway,,,,North-West,52
1143883540,,footway,,,,North-West,65
1143883542,,footway,,,,North-West,33
1143883543,,footway,,,,North-West,13
1143883544,,footway,,,,North-West,11
1143883545,,footway,,,,North-West,29
1143883546,,footway,,,,North-West,30
1143883548,,footway,,,,North-West,11
1144659187,,footway,,,,North-West,16
1144659188,,footway,,,,North-West,18
1144673841,,footway,,,,North-West,10
1144673842,,footway,,,,North-West,16
1144673846,,footway,,,,North-West,16
1144673848,,footway,,,,North-West,6
1144673849,,footway,,,,North-West,23
1144673850,,footway,,,,North-West,8
1144673852,,footway,,,,North-West,35
1144673854,,footway,,,,North-West,10
1144673857,,footway,,,,North-West,10
1144673859,,footway,,,,North-West,56
1144673860,,footway,,,,North-West,10
1144680542,,footway,,,,North-West,12
1144680543,,footway,,,,North-West,14
1144680544,,footway,,,,North-West,25
1144680545,,footway,,,,North-West,12
1145091683,,footway,,,,North-West,44
1145091684,,footway,,,,North-West,33
1145091685,,footway,,,,North-West,6
1145091687,,footway,,,,North-West,19
1145091689,,footway,,,,North-West,17
1145091690,,footway,,,,North-West,2
1145091691,,footway,,,,North-West,6
1145091692,,footway,,,,North-West,5
1145100188,,footway,,,paving_stones,North-West,11
1145100190,,footway,,,,North-West,12
1145100197,,footway,,,paving_stones,North-West,70
1148186500,,footway,,,,North-West,33
1148186501,,footway,,,,North-West,17
1148186502,,footway,,,,North-West,46
1148186504,,footway,,,,North-West,60
1148186505,,footway,,,,North-West,5
1148195514,,footway,,,,North-West,32
1148779639,,footway,,,,North-West,56
1148779640,,footway,,,,North-West,15
1148779642,,footway,,,,North-West,12
1148779643,,footway,,,,North-West,16
1148779644,,footway,,,,North-West,21
1148779645,,footway,,,,North-West,43
1148779646,,footway,,,,North-West,36
1148779648,,footway,,,,North-West,34
1148779649,,footway,,,,North-West,41
1148779650,,footway,,,,North-West,40
1148779652,,footway,,,,North-West,29
1148779653,,footway,,,,North-West,15
1148779655,,footway,,,,North-West,27
1148779656,,footway,,,,North-West,41
1148779658,,footway,,,,North-West,13
1148784365,,footway,,,,North-West,16
1148784367,,footway,,,,North-West,43
1148790074,,footway,,,,North-West,27
1148790075,,footway,,,,North-West,35
1148790078,,footway,,,,North-West,18
1148790079,,footway,,,,North-West,37
1148790082,,footway,,,,North-West,25
1148790085,,footway,,,,North-West,18
1148790087,,footway,,,,North-West,40
1148790088,,footway,,,,North-West,28
1148793523,,footway,,,,North-West,16
1148793524,,footway,,,,North-West,59
1148793525,,footway,,,,North-West,11
1148793526,,footway,,,,North-West,63
1148793527,,footway,,,,North-West,17
1148793528,,footway,,,,North-West,36
1148793529,,footway,,,,North-West,68
1148793530,,footway,,,,North-West,48
1148793531,,footway,,,,North-West,40
1148793532,,footway,,,,North-West,17
1148793534,,footway,,,,North-West,53
1148793535,,footway,,,,North-West,53
1149112299,,footway,,,,North-West,20
1149112300,,footway,,,,North-West,11
1149112301,,footway,,,,North-West,6
1149112302,,footway,,,,North-West,20
1149112303,,footway,,,,North-West,28
1149112305,,footway,,,,North-West,8
1149112308,,footway,,,,North-West,36
1149112309,,footway,,,,North-West,97
1149112310,,footway,,,,North-West,68
1149112311,,footway,,,,North-West,60
1149112312,,footway,,,,North-West,13
1149112314,,footway,,,,North-West,68
1149112316,,footway,,,,North-West,12
1149112318,,footway,,,,North-West,97
1149112319,,footway,,,,North-West,17
1149112320,,footway,,,,North-West,6
1149112321,,footway,,,,North-West,16
1149112322,,footway,,,,North-West,6
1149112323,,footway,,,,North-West,18
1149112324,,footway,,,,North-West,28
1149112326,,footway,,,,North-West,17
1149112327,,footway,,,,North-West,10
1149112331,,footway,,,,North-West,20
1149112333,,footway,,,,North-West,32
1149112334,,footway,,,,North-West,9
1149113664,,footway,,,,North-West,89
1149371021,,footway,,,,North-West,13
1149371022,,footway,,,,North-West,18
1149371023,,footway,,,,North-West,119
1149371024,,footway,,,,North-West,18
1149371025,,footway,,,,North-West,9
1149371026,,footway,,,,North-West,9
1149371027,,footway,,,,North-West,17
1149374789,,footway,,,,North-West,117
1149374790,,footway,,,,North-West,19
1149692310,,footway,,,,North,92
1149692311,,footway,,,,North,91
1149692312,,footway,,,,North,90
1149692313,,footway,,,,North,91
1149692314,,footway,,,,North,99
1149692315,,footway,,,,North,57
1149692316,,footway,,,,North,6
1149692317,,footway,,,,North,17
1149692318,,footway,,,,North,17
1149692319,,footway,,,,North,8
1149692320,,footway,,,,North,8
1149692321,,footway,,,,North,7
1149692322,,footway,,,,North,7
1149692323,,footway,,,,North,117
1149692324,,footway,,,,North,83
1149692325,,footway,,,,North,109
1149864195,,footway,,,,North-West,28
1149864199,,footway,,,,North-West,57
1149864205,,footway,,,,North-West,40
1150667828,,footway,,,,North-West,18
1150667829,,footway,,,,North-West,44
1150667831,,footway,,,,North-West,18
1150673330,,footway,,,,North-West,223
1150673334,,footway,,,,North-West,25
1150941044,,footway,,,,North-West,20
1150941045,,footway,,,,North-West,18
1150941048,,footway,,,,North-West,19
1151191542,,footway,,,,North-West,39
1151191545,,footway,,,,North-West,9
1151191550,,footway,,,,North-West,39
1151201396,,footway,,,,North-West,69
1151201398,,footway,,,,North-West,48
1151201401,,footway,,,,North-West,10
1151201402,,footway,,,,North-West,31
1151201407,,footway,,,,North-West,11
1151201410,,footway,,,,North-West,53
1151201411,,footway,,,,North-West,76
1151928972,,footway,,,,North-West,21
1151928974,,footway,,,,North-West,5
1151928977,,footway,,,,North-West,14
1151928979,,footway,,,,North-West,32
1151941699,,footway,,,,North-West,112
1151941717,,footway,,,,North-West,7
1152885325,,footway,,,,North-West,3
1152885329,,footway,,,,North-West,30
1153225807,,footway,,,,North-West,38
1153225811,,footway,,,,North-West,5
1153225815,,footway,,,,North-West,6
1153225816,,footway,,,,North-West,9
1153225819,,footway,,,,North-West,47
1153225821,,footway,,,,North-West,27
1153225823,,footway,,,,North-West,46
1153235327,,footway,,,,North-West,2
1153235329,,footway,,,,North-West,18
1153235330,,footway,,,,North-West,7
1153235331,,footway,,,,North-West,4
1153235332,,footway,,,,North-West,3
1153235334,,footway,,,,North-West,28
1153235335,,footway,,,,North-West,2
1153433155,,footway,,,,North-West,6
1153433157,,footway,,,,North-West,23
1153433158,,footway,,,,North-West,55
1153433161,,footway,,,,North-West,8
1153433164,,footway,,,,North-West,8
1153433165,,footway,,,,North-West,54
1153433168,,footway,,,,North-West,39
1153433171,,footway,,,,North-West,43
1153433172,,footway,,,,North-West,9
1153433173,,footway,,,,North-West,15
1153433174,,footway,,,,North-West,6
1153441218,,footway,,,,North-West,21
1153441220,,footway,,,,North-West,19
1153441223,,footway,,,,North-West,21
1153441225,,footway,,,,North-West,20
1153441226,,footway,,,,North-West,17
1153441228,,footway,,,,North-West,25
1153441229,,footway,,,,North-West,3
1153441230,,footway,,,,North-West,19
1153441231,,footway,,,,North-West,25
1153441233,,footway,,,,North-West,19
1153441238,,footway,,,,North-West,16
1153441239,,footway,,,,North-West,18
1153441240,,footway,,,,North-West,21
1154001869,,footway,,,,North-West,75
1154001870,,footway,,,,North-West,21
1154001871,,footway,,,,North-West,7
1154001872,,footway,,,,North-West,8
1154001873,,footway,,,,North-West,10
1154001874,,footway,,,,North-West,27
1154001875,,footway,,,,North-West,22
1154001876,,footway,,,,North-West,48
1154001878,,footway,,,,North-West,11
1154001880,,footway,,,,North-West,69
1154001881,,footway,,,,North-West,7
1154001882,,footway,,,,North-West,44
1154001883,,footway,,,,North-West,80
1154001884,,footway,,,,North-West,21
1154001885,,footway,,,,North-West,20
1154001886,,footway,,,,North-West,8
1154001887,,footway,,,,North-West,27
1154001888,,footway,,,,North-West,25
1154001889,,footway,,,,North-West,12
1154001890,,footway,,,,North-West,4
1154001891,,footway,,,,North-West,24
1154001892,,footway,,,,North-West,3
1154001893,,footway,,,,North-West,6
1154001894,,footway,,,,North-West,17
1154001895,,footway,,,,North-West,14
1154001896,,footway,,,,North-West,40
1154001897,,footway,,,,North-West,26
1154001898,,footway,,,,North-West,11
1154010132,,footway,,,,North-West,68
1154412423,,footway,,,,North-West,14
1154412427,,footway,,,,North-West,9
1154412429,,footway,,,,North-West,10
1154412430,,footway,,,,North-West,10
1154412434,,footway,,,,North-West,8
1154412438,,footway,,,,North-West,20
1154412445,,footway,,,,North-West,6
1154659525,,footway,,,,North-West,31
1154659526,,footway,,,paving_stones,North-West,385
1154659527,,footway,,,,North-West,29
1154659528,,footway,,,,North-West,31
1154659529,,footway,,,,North-West,25
1154659530,,footway,,,,North-West,76
1154659531,,footway,,,,North-West,118
1154659532,,footway,,,,North-West,26
1154659533,,footway,,,,North-West,8
1154659534,,footway,,,,North-West,12
1154659538,,footway,,,,North-West,20
1154659539,,footway,,,paving_stones,North-West,27
1154724880,,footway,,,,North-West,7
1154724881,,footway,,,,North-West,136
1154724890,,footway,,,,North-West,89
1154724895,,footway,,,,North-West,22
1154998538,,footway,,,,North-West,12
1154998546,,footway,,,,North-West,40
1155760883,Gali Number 6,footway,,,,North-West,84
1155760886,,footway,,,,North-West,4
1156592156,Gali #36,footway,,,,North-West,2
1156915547,,footway,,,,North-West,122
1156915553,,footway,,,,North-West,5
1157136197,,footway,,,,North-West,17
1157635587,,footway,,,,North-West,19
1157635594,,footway,,,,North-West,18
1157662173,,footway,,,,North-West,61
1157662176,,footway,,,,North-West,19
1157888897,,footway,crossing,,,North-West,20
1157888905,,footway,,,,North-West,13
1158374735,,footway,crossing,,,North-West,5
1158374738,,footway,crossing,,,North-West,14
1159133945,,footway,crossing,,,Outer,32
1159133953,,footway,crossing,,,West,30
1159384503,,footway,,,,North,8
1159462983,,footway,,,,North-West,6
1161087641,,footway,,,,North-West,89
1161087642,,footway,,,,North-West,27
1161087643,,footway,,,,North-West,3
1161087650,,footway,,,,North-West,9
1161087651,,footway,,,,North-West,28
1161087652,,footway,,,paving_stones,North-West,44
1161087653,,footway,,,,North-West,4
1161087655,,footway,,,,North-West,11
1161087656,,footway,,,,North-West,45
1161307198,,footway,,,,North-West,44
1161307199,,footway,,,,North-West,259
1161356673,,footway,,,,North-West,23
1161356679,,footway,,,,North-West,13
1161356680,,footway,,,,North-West,29
1161356682,,footway,,,,North-West,30
1162010926,,footway,sidewalk,,,North-West,187
1162375267,,footway,,,,North-West,40
1162584515,,footway,sidewalk,,,North-West,1112
1162584517,,footway,sidewalk,,,North-West,1113
1162590987,Monkey Bridge,footway,,,,Outer North,4
1162978507,,footway,sidewalk,,paving_stones,North,217
1162978512,,footway,crossing,,,North,25
1162978513,,footway,crossing,,,North,25
1163480627,,footway,,,,Outer North,19
1163480628,,footway,,,,Outer North,91
1163480629,,footway,,,,Outer North,64
1163480630,,footway,,,,Outer North,84
1163480631,,footway,,,,Outer North,21
1163528999,,footway,alley,,concrete,North-West,28
1164067000,,footway,,,,North-West,107
1164067002,,footway,,,,North-West,20
1164995195,,footway,,,,Outer North,40
1164995198,,footway,,,,Outer North,20
1164995200,,footway,,,,Outer North,36
1164995203,,footway,,,,Outer North,17
1164995204,,footway,,,,Outer North,14
1164995205,,footway,,,,Outer North,26
1164997814,,footway,,,,Outer North,24
1165007126,,footway,,,,Outer North,14
1165007127,,footway,,,,Outer North,28
1165007129,,footway,,,,Outer North,30
1165007130,,footway,,,,Outer North,25
1165007132,,footway,,,,Outer North,18
1165007133,,footway,,,,Outer North,16
1165009356,,footway,,,,Outer North,24
1165009357,,footway,,,,Outer North,8
1165009358,,footway,,,,Outer North,6
1165009359,,footway,,,,Outer North,11
1165311699,,footway,,,,Outer North,9
1165311700,,footway,,,,Outer North,3
1165311701,,footway,,,,Outer North,15
1165311702,,footway,,,,Outer North,5
1165311703,,footway,,,,Outer North,25
1165311704,,footway,,,,Outer North,46
1165311706,,footway,,,,Outer North,26
1165320138,,footway,,,,Outer North,19
1165320139,,footway,,,,Outer North,8
1165320140,,footway,,,,Outer North,37
1165320141,,footway,,,,Outer North,10
1165320142,,footway,,,,Outer North,4
1165320143,,footway,,,,Outer North,2
1165320144,,footway,,,,Outer North,11
1165320145,,footway,,,,Outer North,73
1165320147,,footway,,,,Outer North,46
1165320148,,footway,,,,Outer North,43
1165333123,,footway,,,,Outer North,28
1165333124,,footway,,,,Outer North,4
1165333129,,footway,,,,Outer North,11
1166016748,,footway,crossing,,,North-West,44
1166029783,,footway,,,,Outer North,22
1166029785,,footway,,,,Outer North,11
1166029786,,footway,,,,Outer North,11
1166029789,,footway,,,,Outer North,11
1166029795,,footway,,,,Outer North,53
1166034225,,footway,,,,Outer North,29
1166034228,,footway,,,,Outer North,21
1166034230,,footway,,,,Outer North,84
1166034231,,footway,,,,Outer North,5
1166034232,,footway,,,,Outer North,4
1166036777,,footway,,,,Outer North,9
1166036787,,footway,,,,Outer North,11
1166036788,,footway,,,,Outer North,21
1166048854,,footway,,,,Outer North,19
1166048855,,footway,,,,Outer North,5
1166048856,,footway,,,,Outer North,9
1166287155,,footway,,,,Outer North,21
1166287159,,footway,,,,Outer North,4
1166287162,,footway,,,,Outer North,35
1166287165,,footway,,,,Outer North,25
1166287166,,footway,,,,Outer North,18
1166287167,,footway,,,,Outer North,27
1166297464,,footway,,,,Outer North,33
1166297466,,footway,,,,Outer North,5
1166297467,,footway,,,,Outer North,14
1166297468,,footway,,,,Outer North,12
1166297469,,footway,,,,Outer North,31
1166297470,,footway,,,,Outer North,39
1166297473,,footway,,,,Outer North,24
1166297474,,footway,,,,Outer North,27
1166297475,,footway,,,,Outer North,8
1166297476,,footway,,,,Outer North,24
1166304651,,footway,,,,Outer North,5
1166304652,,footway,,,,Outer North,8
1166304654,,footway,,,,Outer North,57
1166304656,,footway,,,,Outer North,29
1166304657,,footway,,,,Outer North,25
1167290892,,footway,sidewalk,,,North-West,32
1167290893,,footway,,,,North-West,9
1167290894,,footway,,,,North-West,9
1167290898,,footway,sidewalk,,,North-West,81
1167290899,,footway,sidewalk,,,North-West,22
1167290900,,footway,sidewalk,,,North-West,29
1167290901,,footway,,,,North-West,8
1167290904,,footway,,,,North-West,8
1167290906,,footway,,,,North-West,7
1167290913,,footway,sidewalk,,,North-West,22
1167305827,,footway,crossing,,,North-West,39
1167305837,,footway,,,,North-West,22
1167667544,,footway,,,,Outer North,86
1167667545,,footway,,,,Outer North,4
1167904328,,footway,,,,Outer North,23
1167904335,,footway,,,,Outer North,12
1168448450,,footway,,,,Outer North,11
1168448457,,footway,,,,Outer North,8
1168448458,,footway,,,,Outer North,19
1168448459,,footway,,,,Outer North,48
1168448461,,footway,,,,Outer North,13
1168448462,,footway,,,,Outer North,17
1168448463,,footway,,,,Outer North,7
1168448464,,footway,,,,Outer North,104
1168456282,,footway,,,,Outer North,9
1168456286,,footway,,,,Outer North,12
1168456287,,footway,,,,Outer North,40
1168456288,,footway,,,,Outer North,3
1171092783,,footway,,,,North-East,66
1171502804,,footway,,,,North-West,5
1171909900,,footway,,,tiles,North-West,97
1171909905,,footway,,,,North-West,4
1171920132,,footway,,,,North-West,22
1172338940,,footway,alley,,concrete,North-West,146
1172717981,,footway,,,,North-West,22
1173038814,,footway,,,,Outer North,18
1173038816,,footway,,,,Outer North,19
1173038818,,footway,,,,Outer North,24
1173038819,,footway,,,,Outer North,12
1173038821,,footway,,,,Outer North,48
1173038822,,footway,,,,Outer North,18
1173038823,,footway,,,,Outer North,12
1173038825,,footway,,,,Outer North,6
1173038826,,footway,,,,Outer North,54
1173209039,,footway,crossing,,,North-West,22
1173209040,,footway,,,,North-West,8
1173209044,,footway,,,,North-West,25
1173209048,,footway,,,,North-West,2
1173239961,,footway,,,,North-West,11
1173695327,,footway,,,,North-West,5
1173695328,,footway,,,,North-West,17
1173695330,,footway,,,,North-West,3
1173958628,,footway,,,,Outer North,70
1173958632,,footway,,,,Outer North,36
1173994488,,footway,crossing,,,North-West,27
1173994491,,footway,,,,North-East,180
1173994493,,footway,,,,North-East,31
1173994495,,footway,,,,North-East,88
1174234302,,footway,,,,North,139
1174267789,,footway,,,,North-West,9
1174267796,,footway,,,,North-West,56
1174506904,,footway,,,,North,37
1174916049,,footway,crossing,,,North-East,48
1175027071,,footway,,,,Outer North,17
1175027077,,footway,,,,Outer North,18
1176280639,,footway,,,,North-West,9
1176280643,,footway,alley,,concrete,North-West,174
1176280645,,footway,,,,North-West,9
1176280654,,footway,alley,,concrete,North-West,5
1176280659,,footway,alley,,concrete,North-West,101
1176576152,,footway,,,,North-West,33
1176576154,,footway,,,,North-West,9
1176576155,,footway,,,,North-West,29
1176576159,,footway,,,,North-West,41
1176576161,,footway,,,,North-West,36
1176576165,,footway,,,,North-West,13
1176576167,,footway,,,,North-West,69
1176576171,,footway,,,,North-West,29
1176576173,,footway,,,,North-West,6
1176576176,,footway,,,,North-West,11
1176576177,,footway,,,,North-West,36
1176576178,,footway,,,,North-West,31
1176576180,,footway,,,,North-West,6
1176576181,,footway,,,,North-West,25
1176576184,,footway,,,,North-West,32
1176576185,,footway,,,,North-West,12
1177576569,,footway,,,,Outer North,37
1177576570,,footway,,,,Outer North,16
1177576572,,footway,,,,Outer North,33
1178051385,,footway,,,,Outer North,14
1178051390,,footway,,,,Outer North,37
1178051391,,footway,,,,Outer North,159
1178553622,,footway,,,,Outer North,20
1178553623,,footway,,,,Outer North,37
1178553626,,footway,,,,Outer North,10
1178553630,,footway,,,,Outer North,83
1178553632,,footway,,,,Outer North,138
1178553633,,footway,,,,Outer North,161
1178553635,,footway,,,,Outer North,4
1178553636,,footway,,,,Outer North,10
1178553644,,footway,,,,Outer North,22
1179701086,,footway,,,,Outer North,40
1179701096,,footway,,,,Outer North,35
1179701097,,footway,,,,Outer North,8
1179701101,,footway,,,,Outer North,25
1179701103,,footway,,,,Outer North,18
1179701108,,footway,,,,Outer North,30
1179706599,,footway,,,,Outer North,48
1180003585,,footway,,,,Outer North,58
1180003606,,footway,,,,Outer North,54
1180003618,,footway,,,,Outer North,61
1180138681,,footway,,,,North,96
1180431525,,footway,,,,Outer North,12
1180652855,,footway,,,,Outer North,23
1180652860,,footway,,,,Outer North,2
1180652861,,footway,,,,Outer North,35
1180980351,,footway,,,,Outer North,18
1180980353,Gali Number 8,footway,,,,Outer North,5
1181116533,,footway,,,paving_stones,North,25
1181123120,,footway,sidewalk,,paving_stones,North,445
1181127782,,footway,,,,North,32
1181137425,,footway,,2.8,,North,22
1181137426,,footway,,,,North,27
1181137429,,footway,sidewalk,,paving_stones,North,347
1181137430,Katra Gandhi,footway,,,,North,36
1181147179,,footway,,,,North,58
1181147180,,footway,crossing,,,North,11
1181147181,,footway,,,,North,87
1181147182,,footway,,,,North,22
1181147183,,footway,,,,North,50
1181147184,,footway,,,,North,23
1181342850,,footway,,,unpaved,Outer North,21
1182049029,,footway,,,,North-West,4
1182049030,,footway,,,,North-West,9
1182049041,,footway,sidewalk,,,North-West,119
1182156763,,footway,,,asphalt,North-West,303
1182290170,,footway,,,,Outer North,29
1182290179,,footway,,,,Outer North,88
1182290181,,footway,,,,Outer North,38
1182290184,,footway,,,,Outer North,19
1182290188,,footway,,,,Outer North,12
1182453417,,footway,sidewalk,,,North-West,313
1182453427,,footway,,,,North-West,12
1182453432,,footway,,,,North-West,13
1182673070,,footway,,,,Outer North,8
1183387122,,footway,,,,Outer North,6
1183387129,,footway,,,,Outer North,286
1183387141,,footway,,,,Outer North,12
1183585877,,footway,,,,North,14
1183586564,,footway,,,,North,20
1183609333,,footway,,,,North,180
1183647972,,footway,,,,Outer North,42
1183647975,,footway,,,,Outer North,16
1183647987,,footway,,,,Outer North,33
1184195245,,footway,,,,North-West,2
1184195246,,footway,,,,North-West,14
1184195247,,footway,,0.8,,North-West,11
1184195248,,footway,,0.9,,North-West,11
1184195250,,footway,,,,North-West,21
1184195251,,footway,,,,North-West,13
1184195252,,footway,,,,North-West,6
1184195254,,footway,,,,North-West,2
1184195255,,footway,,,,North-West,42
1184195256,,footway,,,,North-West,8
1184195257,,footway,,,,North-West,8
1184195259,,footway,,,,North-West,6
1184195260,,footway,,0.7,,North-West,9
1184195261,,footway,,,,North-West,8
1184481332,,footway,,,,Outer North,8
1184481337,,footway,,,,Outer North,19
1184992966,,footway,,,,Outer North,9
1184992967,,footway,,,,Outer North,18
1184992970,,footway,,,,Outer North,12
1184992971,,footway,,,,Outer North,20
1184992973,,footway,,,,Outer North,43
1184992974,,footway,,,,Outer North,12
1184992975,,footway,,,,Outer North,12
1184992977,,footway,,,,Outer North,9
1184992981,,footway,,,,Outer North,6
1184992982,,footway,,,,Outer North,8
1184992983,,footway,,,,Outer North,9
1184992985,,footway,,,,Outer North,7
1184992986,,footway,,,,Outer North,19
1184992988,,footway,,,,Outer North,7
1184992990,,footway,,,,Outer North,10
1184992992,,footway,,,,Outer North,9
1184992993,,footway,,,,Outer North,8
1185248188,,footway,,,,North-West,38
1185248190,,footway,,,,North-West,5
1185248191,,footway,,,,North-West,31
1185292407,,footway,,,,North-West,5
1185292408,,footway,,,,North-West,6
1185292409,,footway,,,,North-West,44
1185292410,,footway,,,,North-West,6
1185292411,,footway,,,,North-West,10
1185292412,,footway,,,,North-West,12
1185292413,,footway,,0.8,,North-West,13
1185292414,,footway,,,,North-West,4
1185292415,,footway,,,,North-West,6
1185292416,,footway,,,,North-West,3
1185292417,,footway,,,,North-West,4
1185292418,,footway,,,,North-West,22
1185292419,,footway,,,,North-West,6
1185292420,,footway,,,,North-West,27
1185292421,,footway,,,,North-West,49
1185292422,,footway,,,,North-West,31
1185292423,,footway,,,,North-West,3
1185292424,,footway,,,,North-West,8
1185292425,,footway,,,,North-West,9
1185446772,,footway,,,,West,14
1185502460,,footway,,,,Outer North,30
1185502474,,footway,,,,Outer North,23
1185876277,,footway,,,,Rohini,61
1185876278,,footway,,,,Rohini,75
1186181602,,footway,crossing,,,Outer North,12
1186181609,,footway,,,,Outer North,4
1186181610,,footway,,,,Outer North,5
1186181611,,footway,,,,Outer North,6
1186181613,,footway,crossing,,,Outer North,5
1187252647,,footway,,,,North-East,14
1187341687,,footway,,,,Outer North,8
1187545336,,footway,,,,Rohini,16
1187545337,,footway,,,,Rohini,73
1187545338,,footway,,,,Rohini,84
1187545339,,footway,,,,Rohini,2
1187746632,,footway,,,,North-West,134
1189514223,,footway,sidewalk,,,Outer North,76
1189514242,,footway,,,,North-West,16
1190155535,,footway,,,,North-West,44
1190155542,,footway,,,,North-West,4
1190155543,,footway,,,,North-West,19
1190155547,,footway,,,,North-West,18
1190155549,,footway,,,,North-West,39
1190155550,,footway,,,,North-West,29
1190155555,,footway,,,,North-West,12
1190813361,,footway,,,,Outer North,27
1190944416,,footway,,,,North-West,20
1190944417,,footway,,,,North-West,31
1190944418,,footway,,,,North-West,18
1190944421,,footway,,,,North-West,23
1190944422,,footway,,,,North-West,157
1190944423,,footway,,,,North-West,687
1190944424,,footway,,,,North-West,900
1190944425,,footway,,,,North-West,221
1191394077,,footway,,,paving_stones,North-West,40
1191394080,,footway,,,paving_stones,North-West,41
1191394081,,footway,,,paving_stones,North-West,46
1191394082,,footway,,,paving_stones,North-West,218
1191394084,,footway,,,paving_stones,North-West,16
1191394085,,footway,,,paving_stones,North-West,42
1191394087,,footway,,,paving_stones,North-West,78
1191394088,,footway,,,,North-West,43
1192114710,,footway,,,,Outer North,0
1192637678,,footway,,,,Outer North,2
1193535788,,footway,,,,North-West,9
1193535790,,footway,,,,North-West,13
1193535792,,footway,,,,North-West,4
1193535795,,footway,,,,North-West,14
1193535796,,footway,,,,North-West,13
1193535797,,footway,,,,North-West,13
1193535799,,footway,,,,North-West,12
1193535801,,footway,,,,North-West,7
1193535802,,footway,,,,North-West,4
1193535805,,footway,,,,North-West,15
1193535806,,footway,,,,North-West,15
1193535808,,footway,,,,North-West,38
1193535810,,footway,,,,North-West,12
1193535811,,footway,,,,North-West,14
1193535812,,footway,,,,North-West,11
1193535813,,footway,,,,North-West,10
1193535814,,footway,,,,North-West,7
1193535815,,footway,,,,North-West,10
1193535816,,footway,,,,North-West,47
1193535817,,footway,,,,North-West,21
1193535818,,footway,,,,North-West,9
1193535824,,footway,,,,North-West,8
1193535825,,footway,,,,North-West,6
1193535831,,footway,,,,North-West,15
1193535832,,footway,,,,North-West,5
1193535833,,footway,,,,North-West,22
1193721136,,footway,,,,North-West,11
1193721137,,footway,,,,North-West,34
1193721141,,footway,,,,North-West,20
1193721142,,footway,,,,North-West,45
1193721143,,footway,,,,North-West,17
1193721146,,footway,,,,North-West,12
1193721149,,footway,,,,North-West,11
1193749707,,footway,,,,North-West,18
1193749709,,footway,,,,North-West,42
1193749711,,footway,,,,North-West,8
1193749714,,footway,,,,North-West,8
1193749715,,footway,,,,North-West,19
1193749716,,footway,,1,,North-West,100
1193749717,,footway,,,,North-West,18
1193749718,,footway,,,,North-West,4
1193749724,,footway,,,,North-West,4
1194263905,,footway,,1.1,paving_stones,Outer North,76
1195586174,,footway,,,,Outer North,29
1195586178,,footway,,,,Outer North,23
1198136293,,footway,sidewalk,,,North,205
1203630500,,footway,sidewalk,,paving_stones,North,70
1203630501,,footway,sidewalk,,paving_stones,North,394
1203630506,,footway,sidewalk,,paving_stones,North,56
1203630510,,footway,,,,North,829
1203630511,,footway,,,,North-West,23
1204348030,,footway,,,,North-West,106
1204355228,,footway,,,,Outer North,40
1205696437,,footway,,,,Rohini,44
1205701515,,footway,,,,Rohini,8
1205717646,,footway,,,,Rohini,56
1205721809,,footway,,,,Rohini,51
1206065783,,footway,,,,North-West,7
1209274129,"Red Line - Pink Line, Pacific Mall Pathway",footway,,,paved,North-West,263
1209274130,,footway,,,,North-West,36
1212204206,,footway,,,,Rohini,43
1212204207,,footway,,,,Rohini,13
1212204764,,footway,,,,Rohini,444
1212204862,,footway,,,,Rohini,302
1212205071,,footway,,,,Rohini,57
1212205072,,footway,,,,Rohini,251
1212205367,,footway,,,,Rohini,39
1212205368,,footway,,,,Rohini,218
1212205369,,footway,,,,Rohini,34
1212205370,,footway,,,,Rohini,39
1212205650,,footway,,,,Rohini,140
1212205814,,footway,,,,Rohini,21
1212206072,,footway,,,,Rohini,58
1212206073,,footway,,,,Rohini,241
1212206074,,footway,,,,Rohini,47
1212206075,,footway,,,,Rohini,19
1212206541,,footway,,,,Rohini,130
1212206542,,footway,,,,Rohini,474
1212206888,,footway,,,,Rohini,188
1212206889,,footway,,,,Rohini,128
1212206890,,footway,,,,Rohini,40
1212207911,,footway,,,,Rohini,216
1212207912,,footway,,,,Rohini,64
1212207913,,footway,,,,Rohini,13
1212207914,,footway,,,,Rohini,11
1212208350,,footway,,,,Rohini,150
1212208351,,footway,,,,Rohini,38
1212209101,,footway,,,,Rohini,207
1212209102,,footway,,,,Rohini,57
1212209103,,footway,,,,Rohini,143
1212209104,,footway,,,,Rohini,128
1212209427,,footway,,,,Rohini,267
1212209428,,footway,,,,Rohini,46
1212210452,,footway,,,,Rohini,223
1212210453,,footway,,,,Rohini,121
1212210454,,footway,,,,Rohini,21
1212210455,,footway,,,,Rohini,688
1212210456,,footway,,,,Rohini,16
1212210457,,footway,,,,Rohini,38
1212210458,,footway,,,,Rohini,85
1212210459,,footway,,,,Rohini,101
1212210460,,footway,,,,Rohini,87
1212210461,,footway,,,,Rohini,94
1212210487,,footway,,,,Rohini,232
1212210957,,footway,,,paving_stones,Rohini,9
1212450056,,footway,,,,Rohini,44
1212450057,,footway,,,,Rohini,25
1212450058,,footway,,,,Rohini,96
1228205793,,footway,crossing,,,Rohini,25
1228205794,,footway,crossing,,,Rohini,27
1228205795,,footway,crossing,,,Outer North,25
1228205796,,footway,,,,Outer North,11
1228387142,,footway,crossing,,,Rohini,20
1228387144,,footway,crossing,,,Rohini,22
1228387145,,footway,crossing,,,Rohini,25
1228387146,,footway,crossing,,,Rohini,25
1229263628,,footway,crossing,,,Rohini,25
1229263629,,footway,sidewalk,,paving_stones,Rohini,205
1229662383,,footway,crossing,,,Rohini,37
1229662387,,footway,crossing,,asphalt,Rohini,24
1230075701,,footway,,,paving_stones,Rohini,425
1231005348,,footway,,,,Shahdara,75
1231005349,,footway,,,,Shahdara,73
1231005350,,footway,crossing,,,Shahdara,29
1231011222,,footway,sidewalk,,paving_stones,Rohini,167
1231011228,,footway,crossing,,asphalt,Rohini,8
1231060693,,footway,,,,Outer North,18
1231060700,,footway,,,,Outer North,52
1231060701,,footway,,,,Outer North,50
1231073553,,footway,,,,Shahdara,57
1231073554,,footway,,,,North-East,48
1231073555,,footway,crossing,,,Shahdara,48
1231299062,,footway,crossing,,asphalt,Rohini,18
1231299063,,footway,sidewalk,,paving_stones,Rohini,277
1231329130,,footway,,,,Outer North,55
1231603687,,footway,sidewalk,,paving_stones,Rohini,319
1231603692,,footway,sidewalk,,paving_stones,Rohini,82
1232447546,,footway,,,,Rohini,55
1232637916,,footway,,,,Outer North,9
1232637917,,footway,,,,Outer North,50
1232637925,,footway,,,,Outer North,14
1232870452,,footway,,,,Outer North,61
1232870454,,footway,,,,Outer North,55
1232870457,,footway,,,,Outer North,16
1232870459,,footway,,,,Outer North,67
1233247666,,footway,,,,Outer North,54
1233248928,,footway,,,,Outer North,18
1233494006,,footway,,,,Outer North,51
1233494008,,footway,,,,Outer North,58
1234261337,,footway,sidewalk,,paving_stones,Rohini,43
1236237109,,footway,,,,North-West,26
1236263243,,footway,,,,Outer North,49
1236570482,,footway,alley,,concrete,North-West,5
1236576790,,footway,alley,,concrete,North-West,58
1236577387,,footway,alley,,concrete,North-West,44
1236765046,,footway,alley,3,concrete,North-West,88
1236877576,,footway,sidewalk,,,Outer North,353
1236881257,,footway,sidewalk,,,North,108
1237515822,,footway,crossing,,,Rohini,9
1237515823,,footway,crossing,,,Rohini,9
1237515824,,footway,crossing,,,Rohini,9
1237515825,,footway,crossing,,,Rohini,9
1238273514,,pedestrian,,,asphalt,North-West,143
1238275776,,footway,,,,Rohini,90
1238296125,,footway,,,,Rohini,9
1238493554,,footway,sidewalk,,paving_stones,Rohini,75
1238494366,,footway,sidewalk,,paving_stones,Rohini,77
1238494368,,footway,sidewalk,,paving_stones,Rohini,7
1238496621,,footway,sidewalk,,paving_stones,Rohini,65
1238530221,,footway,,,,North-West,9
1238755928,,footway,,,,North-West,8
1238765790,,footway,,,,North-West,10
1239058522,,footway,,,,Rohini,13
1239834048,,footway,,,,North,57
1239837978,,footway,crossing,,,Shahdara,27
1239837979,,footway,crossing,,,Shahdara,27
1239837982,,footway,,,,Shahdara,42
1239845868,,footway,crossing,,,Shahdara,28
1239845870,,footway,,,,Shahdara,10
1239845872,,footway,crossing,,,Shahdara,25
1245193271,,footway,,,,Shahdara,110
1245296995,,footway,,,,Rohini,2
1245296996,,footway,,,,Rohini,2
1245432614,,footway,,,,North-West,3
1245432616,,footway,crossing,,asphalt,Rohini,44
1245432618,,footway,sidewalk,,paving_stones,Rohini,73
1245432624,,footway,,,,Rohini,2
1245860203,,footway,sidewalk,,asphalt,Rohini,367
1246026202,,footway,sidewalk,,,Rohini,90
1246026205,,footway,sidewalk,,,Rohini,197
1253822481,,footway,sidewalk,,,Shahdara,211
1253822482,,footway,sidewalk,,,Shahdara,37
1253822483,,footway,sidewalk,,,Shahdara,18
1253822484,,footway,sidewalk,,,Shahdara,18
1253822485,,footway,sidewalk,,,Shahdara,26
1253823821,,footway,sidewalk,,,Shahdara,17
1253823822,,footway,sidewalk,,,Shahdara,50
1253823823,,footway,sidewalk,,,Shahdara,40
1253823824,,footway,sidewalk,,,Shahdara,21
1253823825,,footway,sidewalk,,,Shahdara,22
1253908515,,footway,sidewalk,,,North-East,150
1253908516,,footway,sidewalk,,,North-East,321
1253908517,,footway,sidewalk,,,North-East,26
1256619222,,footway,sidewalk,,,North,59
1256900405,,footway,sidewalk,,paving_stones,North-West,84
1258365058,,footway,crossing,,,North,23
1258365059,,footway,crossing,,,North,36
1258365060,,footway,crossing,,,North,46
1259121786,,footway,crossing,,,Rohini,29
1259121787,,footway,crossing,,,Rohini,30
1264469836,,footway,,,paved,North,67
1266062905,,footway,,,paving_stones,North,49
1266062912,,footway,,,paved,North,63
1266062913,,footway,,,paved,North,63
1268320916,,footway,,,concrete,North,29
1269035916,,footway,crossing,,,North,36
1270800130,,footway,,,,Outer North,290
1270800131,,footway,,,,Outer North,208
1270800132,,footway,,,,Outer North,59
1270800133,,footway,,,,Outer North,29
1270800134,,footway,,,,Outer North,26
1270884642,,footway,,,,North,119
1270884937,,footway,,,,North,9
1271249157,,footway,,,,North-East,72
1271249158,,footway,,,,North-East,36
1271249159,,footway,,,,North-East,78
1271249160,,footway,,,,North-East,88
1271249161,,footway,,,,North-East,40
1271249162,,footway,,,,North-East,257
1271249163,,footway,,,,North-East,66
1271249164,,footway,,,,North-East,199
1271249165,,footway,,,,North-East,24
1271249166,,footway,,,,North-East,132
1271249167,,footway,,,,North-East,41
1271249168,,footway,,,,North-East,24
1271249169,,footway,,,,North-East,22
1271249170,,footway,,,,North-East,142
1271249171,,footway,,,,North-East,32
1271249172,,footway,,,,North-East,13
1271249173,,footway,,,,North-East,18
1271249174,,footway,,,,North-East,13
1271392369,,footway,,,,Central,12
1271392370,,footway,,,,Central,16
1271392371,,footway,,,,Central,16
1271698314,,footway,,,concrete,North,67
1271887932,,footway,,,concrete,North,8
1272158708,,footway,,,,North-West,33
1272158709,,footway,,,,North-West,7
1272158712,,footway,,,,North-West,14
1272158713,,footway,,,,North-West,154
1272158714,,footway,,,,North-West,18
1272158715,,footway,,,,North-West,14
1272158716,,footway,,,,North-West,36
1272178259,,footway,,,,North-West,7
1272708573,,footway,crossing,,,Central,12
1273617431,,footway,,,paving_stones,West,7
1273617433,,footway,,,paving_stones,West,1041
1273617438,,footway,,,,West,15
1273617442,,footway,,,,West,18
1273617449,,footway,,,paving_stones,West,41
1274310247,,footway,,,,North,23
1274310248,,footway,,,,North,23
1274311515,,footway,,,sand,North,14
1274531603,,footway,,,,North,98
1274531604,,footway,,,,North,79
1274531607,,footway,,,,North,266
1276011916,Punjab Kesari,footway,,,,North-West,38
1276012135,,footway,crossing,,paved,North-West,41
1276013932,,footway,,,,North-West,19
1276013933,,footway,,,,North-West,23
1276013934,,footway,,,,North-West,24
1282330329,,footway,,,,North-West,19
1282330429,,footway,,,,Outer North,15
1282330430,,footway,,,,Outer North,39
1282330431,,footway,,,,Outer North,6
1282330432,,footway,,,,Outer North,7
1282330433,,footway,,,,Outer North,13
1282330434,,footway,,,,Outer North,6
1282330435,,footway,,,,Outer North,13
1282330436,,footway,,,,Outer North,5
1282330437,,footway,,,,Outer North,39
1282330438,,footway,,,,Outer North,16
1283855291,,footway,,,,Rohini,10
1287274469,,footway,crossing,,,Shahdara,16
1287274480,,footway,crossing,,,North-East,8
1287276624,,footway,crossing,,,North,37
1287281759,,footway,crossing,,,North,26
1287281760,,footway,crossing,,,North,23
1287299124,,footway,,,,North,154
1287299130,,footway,,,,North,161
1291210407,Gali Hotel Wali,footway,,,,North,78
1292823383,,footway,sidewalk,,paved,Shahdara,71
1292823384,,footway,sidewalk,,paved,Shahdara,61
1292823385,,footway,crossing,,paved,Shahdara,27
1292823386,,footway,link,,paved,Shahdara,7
1292823387,,footway,link,,paved,Shahdara,5
1293558075,,footway,,,,North,7
1303063907,,footway,crossing,,asphalt,Rohini,15
1303063909,,footway,crossing,,asphalt,Rohini,15
1303113623,,footway,crossing,,,Rohini,12
1303113625,,footway,crossing,,,Rohini,12
1303113627,,footway,crossing,,,Rohini,12
1303113629,,footway,crossing,,,Rohini,12
1303113631,,footway,crossing,,,Rohini,12
1303113634,,footway,crossing,,,Rohini,11
1303113635,,footway,crossing,,,Rohini,16
1303113637,,footway,crossing,,,Rohini,16
1303113639,,footway,crossing,,,Rohini,16
1303113641,,footway,crossing,,,Rohini,15
1303113644,,footway,crossing,,,Rohini,32
1304976633,,footway,,,paved,North,20
1304976635,,footway,,,,North,10
1304976638,,footway,,,paved,North,19
1304976640,,footway,,,paved,North,38
1304976641,,footway,,,paved,North,4
1304976644,,footway,,,paved,North,9
1304976647,,footway,,,paved,North,2
1304976651,,footway,,,paved,North,5
1304976652,,footway,,,paved,North,5
1304976653,,footway,,,paved,North,7
1304976659,,footway,,,paved,North,41
1304976661,,footway,,,paved,North,102
1304976662,,footway,,,paved,North,2
1304976663,,footway,,,paved,North,2
1304976665,,footway,,,paved,North,4
1304976666,,footway,,,paved,North,10
1304976667,,footway,,,paved,North,4
1304976668,,footway,,,paved,North,50
1304976671,,footway,,,paved,North,12
1304976672,,footway,,,paved,North,1
1304976673,,footway,,,paved,North,29
1304976674,,footway,,,paved,North,6
1304976677,,footway,,,paved,North,8
1304976680,,footway,,,paved,North,2
1304998844,,footway,,,paved,North,5
1304998846,,footway,,,paved,North,70
1304998847,,footway,,,paved,North,12
1304998848,,footway,,,paved,North,4
1305219064,,footway,,,paved,North,168
1307410663,,footway,,,,Rohini,38
1307453074,,footway,,,,North-East,99
1307469423,,footway,,,,North,1
1307469424,,footway,,,,North,2
1307673205,,footway,link,,paved,North,19
1308773204,,footway,,,paved,North,5
1308773206,,footway,,,paved,North,7
1308773208,,footway,,,paved,North,5
1308773212,,footway,,,paved,North,32
1308773214,,footway,,,paved,North,4
1308773215,,footway,,,paved,North,8
1308773218,,footway,,,paved,North,5
1308773221,,footway,,,paved,North,36
1308773232,,footway,,,paved,North,125
1308773234,,footway,,,paved,North,5
1308773239,,footway,,,paved,North,12
1308773240,,footway,,,paved,North,50
1308773241,,footway,,,paved,North,7
1308773242,,footway,crossing,,paved,North,17
1308773245,,footway,,,paving_stones,North,7
1308773246,,footway,,,paved,North,11
1308773253,,footway,crossing,,paved,North,7
1308773254,,footway,,,paved,North,12
1308773257,,footway,crossing,,paved,North,5
1309172610,,footway,,,,North,9
1309172611,,footway,,,,North,5
1309172612,,footway,,,,North,15
1309172613,,footway,,,,North,4
1309172614,,footway,,,,North,13
1309172615,,footway,,,,North,6
1309172616,,footway,,,,North,73
1309172617,,footway,crossing,,,North,12
1309172618,,footway,,,,North,4
1309172619,,footway,,,,North,5
1309172620,,footway,,,,North,6
1309172621,,footway,,,paved,North,81
1309172622,,footway,,,,North,4
1309172623,,footway,,,,North,6
1309172624,,footway,,,,North,5
1309172625,,footway,,,,North,127
1309172626,,footway,,,,North,1
1309172627,,footway,,,,North,31
1309172629,,footway,,,,North,5
1309172630,,footway,,,,North,1
1309172631,,footway,,,,North,35
1309172632,,footway,,,,North,13
1309172633,,footway,,,,North,1
1309172634,,footway,,,,North,2
1309172635,,footway,,,,North,2
1309172638,,footway,,,,North,1
1309172639,,footway,,,paved,North,81
1309172640,,footway,,,,North,5
1309172641,,footway,,,,North,6
1309172642,,footway,,,,North,5
1309172645,,footway,,,,North,1
1309172646,,footway,,,,North,73
1315260834,,pedestrian,,,,North-East,90
1317345199,,footway,,,,North,47
1317345203,,footway,,,,North,98
1317345214,,footway,,,,North,7
1319568113,,footway,,,paved,North,4
1319811127,,footway,,,paved,North,105
1319811128,,footway,,,paved,North,33
1319811129,,footway,,,paved,North,107
1319811130,,footway,,,paved,North,96
1320954786,,footway,,,paving_stones,North,122
1320954789,,footway,,,paving_stones,North,6
1320954791,,footway,,,paving_stones,North,34
1320954792,,footway,,,paving_stones,North,7
1323799169,,footway,,,paved,North,14
1323799181,,footway,,,,North,379
1323799184,,footway,alley,,unpaved,North,7
1324043865,,footway,,,paving_stones,North-West,88
1331914382,,footway,,,,North,331
1331914396,,footway,,,,North,50
1333605253,,footway,,,paved,North,19
1333605255,,footway,,,paved,North,47
1333605256,,footway,,,paved,North,34
1333605260,,footway,,,paved,North,18
1333605262,,footway,,,paved,North,192
1333605263,,footway,,,paved,North,44
1333605265,,footway,,,paved,North,44
1333605271,,footway,,,paved,North,12
1333605272,,footway,,,paved,North,33
1333605273,,footway,,,paved,North,27
1333605274,,footway,,,paved,North,15
1333605276,,footway,,,paved,North,15
1339456723,,footway,,,,North-East,58
1340677929,,footway,,,paved,Central,12
1340678158,,footway,,,,Central,155
1340678159,,footway,,,,Central,3
1340678160,,footway,,,,Central,8
1340678161,,footway,,,,Central,12
1340679975,,footway,,,paved,Central,7
1344686504,,footway,,,,North-West,51
1344686505,,footway,,,paving_stones,North-West,125
1344686508,,footway,,,,North-West,24
1344686509,,footway,sidewalk,,,North-West,53
1344686510,,footway,,,,North-West,20
1344686511,,footway,sidewalk,,,North-West,171
1344686512,,footway,,,,North-West,12
1344686513,,footway,,,,North-West,135
1344686516,,footway,,,,North-West,9
1344686518,,footway,,,,North-West,29
1344686519,,footway,alley,,,North-West,31
1344686520,,footway,,,,North-West,9
1344686521,,footway,,,,North-West,7
1348458198,,footway,,,,North,11
1348458199,,footway,,,,North,22
1348458200,,footway,,,,North,36
1348458202,,footway,,,,North,30
1348458207,,footway,,,,North,4
1350603754,,footway,,,,North-West,23
1350604709,,footway,,,,North-West,15
1350604710,,footway,,,,North-West,10
1350611007,,footway,alley,,,North-West,26
1350636290,,footway,,,,North-West,33
1356278800,,footway,,,paving_stones,Rohini,102
1356278801,,footway,,,paving_stones,Rohini,13
1356278802,,footway,,,paving_stones,Rohini,12
1356278803,,footway,,,paving_stones,Rohini,8
1356278804,,footway,,,paving_stones,Rohini,51
1356278807,,footway,,,concrete,Rohini,18
1356278808,,footway,,,paving_stones,Rohini,23
1356278810,,footway,,,paving_stones,Rohini,144
1356278813,,footway,,,paving_stones,Rohini,11
1357720505,,footway,,,,North,18
1357720506,,footway,,,,North,3
1357720510,,footway,,,,North,9
1357720511,,footway,,,,North,49
1357720514,,footway,sidewalk,,paved,North,94
1357720515,,footway,,,,North,11
1357720516,,footway,,,,North,32
1357720517,,footway,,,,North,23
1357723798,,footway,,,,North,4
1357723802,,footway,,,,North,22
1357723803,,footway,,,,North,14
1357723804,,footway,sidewalk,,paved,North,92
1358534116,,footway,,,,North,20
1358534123,,footway,,,,North,10
1360335938,Naya Katara,footway,,,,North,34
1360335941,,footway,,,,Central,23
1362943955,,footway,,,,North,11
1362943957,,footway,,,,North,11
1362943958,,footway,,,,North,116
1362943962,,footway,,,,North,9
1362943965,,footway,,,,North,11
1362943970,,footway,,,,North,8
1364873682,Katara Babu Pyare Lal,footway,,,,North,62
1364873683,,footway,,,,Central,29
1364873687,,footway,,,,North,18
1364873690,Katara Babu Pyare Lal,footway,,,,North,19
1364873691,,footway,,,,North,16
1364873696,Gali Rameshwar Das,footway,,,,North,2
1364873697,Naya Katara,footway,,,,North,105
1364873699,,footway,,,,North,24
1364873701,,footway,,,,North,3
1364873702,Gali Rameshwar Das,footway,,,,North,24
1364873704,Naya Katara,footway,,,,North,23
1364962839,,footway,,,paving_stones,North,28
1364962840,,footway,sidewalk,,,North,3
1370299881,,footway,,,paved,North,18
1370299882,,footway,,,paving_stones,North,51
1370299885,,footway,,,paved,North,588
1370783502,Rudra Lawns Walkway,footway,,,paving_stones,North,44
1370783505,Rudra Lawns Walkway,footway,,,paving_stones,North,89
1370783507,,footway,,,paving_stones,North,47
1370783509,Rudra Lawns Walkway,footway,,,paving_stones,North,111
1370783510,Rudra Lawns Walkway,footway,,,paving_stones,North,20
1370794225,,footway,,,paving_stones,North,34
1370794227,,footway,,,paving_stones,North,9
1370794228,,footway,,,,North,37
1370801345,Science Block Walkway,footway,,,paving_stones,North,30
1370801349,Science Block Walkway,footway,,,paving_stones,North,8
1370801354,Science Block Walkway,footway,,,paving_stones,North,7
1370801356,Science Block Walkway,footway,,,paving_stones,North,64
1370801357,Science Block Walkway,footway,,,paving_stones,North,12
1370801360,Science Block Walkway,footway,,,paving_stones,North,7
1370810477,,footway,,,paving_stones,North,49
1370810478,,footway,,,paving_stones,North,127
1370810480,,footway,,,paving_stones,North,14
1370810481,,footway,,,paving_stones,North,80
1370810483,,footway,,,paving_stones,North,5
1370810484,,footway,,,paving_stones,North,39
1370810486,,footway,,,paving_stones,North,17
1370810487,,footway,,,paving_stones,North,126
1370818857,Chapel Walkway,footway,,,paving_stones,North,71
1370818858,Chapel Walkway,footway,,,paving_stones,North,90
1370818859,,footway,,,paving_stones,North,56
1370818861,,footway,,,paving_stones,North,36
1370877341,,footway,,,paving_stones,North,11
1370877343,,footway,,,paving_stones,North,5
1370877346,,footway,,,paving_stones,North,26
1370877352,,footway,,,paving_stones,North,35
1370877354,,footway,,,paving_stones,North,11
1370877358,,footway,,,paving_stones,North,25
1370877359,Rudra Lawns Walkway,footway,,,paving_stones,North,45
1370877362,,footway,,,paving_stones,North,5
1370877366,,footway,,,paving_stones,North,5
1370877367,,footway,,,paving_stones,North,2
1370877369,,footway,,,paving_stones,North,36
1370877370,,footway,,,paving_stones,North,24
1370877374,,footway,,,paving_stones,North,2
1370877378,,footway,,,paving_stones,North,6
1370884420,Senior Combination Room Walkway,footway,,,paving_stones,North,125
1370884421,Senior Combination Room Walkway,footway,,,paving_stones,North,86
1370884426,,footway,,,paving_stones,North,19
1370884428,,footway,,,paving_stones,North,45
1370884429,,footway,,,paving_stones,North,27
1370884430,Senior Combination Room Walkway,footway,,,paving_stones,North,77
1372244507,,footway,,,,North,8
1372244508,,footway,sidewalk,,,North,19
1372244510,Katara Lehswan,footway,,,,North,47
1374677169,,footway,,,paving_stones,North,74
1374677172,,footway,,,paving_stones,North,51
1374681741,,footway,,,paving_stones,North,113
1374681742,,footway,,,paving_stones,North,37
1374681743,,footway,,,paving_stones,North,36
1374681744,,footway,,,paving_stones,North,49
1374681745,,footway,,,paving_stones,North,21
1374681746,,footway,,,paving_stones,North,22
1374681747,,footway,,,paving_stones,North,20
1374681748,,footway,,,paving_stones,North,14
1374681749,,footway,,,paving_stones,North,32
1374681751,,footway,crossing,,paving_stones,North,9
1374681753,,footway,,,paving_stones,North,13
1374691389,,footway,link,,paved,North-West,12
1374691390,,footway,link,,paved,North-West,13
1375171027,,footway,,,,North,8
1375548376,,footway,,,,North-West,96
1376095183,,footway,,,,North,14
1376095194,,footway,,,,North,2
1376144456,Naya Katara,footway,,,,North,10
1376229129,,footway,,,,North,45
1376229131,,footway,,,,North,8
1376229132,,footway,,,,North,8
1376229133,,footway,,,,North,8
1376229134,,footway,,,,North,8
1376710969,,footway,,,paved,West,97
1377193803,,footway,,,,North,2
1377193804,,footway,,,,North,12
1377198233,,footway,,,,North,4
1377198234,,footway,,,,North,24
1377204957,,footway,,,,North,20
1377204959,,footway,,,,North,16
1377208423,Katra Mohammad,footway,,,,North,42
1377351482,,footway,,,paving_stones,North,19
1377351483,,footway,,,paving_stones,North,10
1377351485,,footway,,,paving_stones,North,22
1377351486,,footway,,,paving_stones,North,13
1377351487,,footway,,,paving_stones,North,10
1377351489,,footway,,,paving_stones,North,83
1377351490,,footway,,,paving_stones,North,35
1377351494,,footway,,,paving_stones,North,8
1377351495,,footway,,,paving_stones,North,11
1377351497,,footway,,,paving_stones,North,34
1377351498,,footway,,,paving_stones,North,35
1377351499,,footway,,,paving_stones,North,9
1377351500,,footway,,,paving_stones,North,10
1377351501,,footway,,,paving_stones,North,16
1377351502,,footway,,,paving_stones,North,43
1377351503,,footway,,,paving_stones,North,9
1377351505,,footway,,,paving_stones,North,16
1377351506,,footway,,,paving_stones,North,92
1377351508,Lal Quila Metro Platform Number 1,footway,,,paving_stones,North,156
1377351509,,footway,crossing,,paving_stones,North,63
1377351510,,footway,,,paving_stones,North,39
1377351512,,footway,,,paving_stones,North,15
1377351513,,footway,,,paving_stones,North,15
1377351516,,footway,,,paving_stones,North,37
1377351517,,footway,,,paving_stones,North,10
1377351518,,footway,,,paving_stones,North,9
1377351520,,footway,,,paving_stones,North,8
1377351521,,footway,crossing,,paving_stones,North,9
1377351522,,footway,,,paving_stones,North,4
1377351524,Lal Quila Metro Platform Number 2,footway,,,paving_stones,North,158
1377351525,,footway,,,paving_stones,North,14
1377351526,,footway,,,paving_stones,North,17
1377725243,,footway,,,unpaved,North,33
1377731562,,footway,,,unpaved,North,85
1377731563,,footway,alley,,unpaved,North,59
1377731564,,footway,,,unpaved,North,93
1377731565,,footway,,,unpaved,North,109
1377731566,,footway,,,unpaved,North,112
1377992123,,footway,,,,North,18
1379295141,,footway,,,rock,West,6
1379295143,,footway,,,paving_stones,West,92
1379295145,,footway,,,rock,West,21
1379295146,,footway,,,paving_stones,West,584
1379295148,,footway,,,paving_stones,West,93
1379295153,,footway,,,rock,West,730
1379295155,,footway,,,paving_stones,West,89
1379295156,,footway,,,rock,West,167
1379295157,,footway,,,paving_stones,West,243
1379295161,,footway,,,rock,West,458
1379295164,,footway,,,rock,West,95
1379295165,,footway,,,paving_stones,West,46
1379295166,,footway,,,rock,West,41
1381609924,,footway,,,,North,9
1381609925,,footway,,,,North,119
1383266116,,footway,,,paving_stones,North,14
1383266118,,footway,,,paving_stones,North,64
1383266120,,footway,,,paving_stones,North,36
1383266122,,footway,,,paving_stones,North,87
1383266127,,footway,,,paving_stones,North,15
1383266130,,footway,,,sand,North,104
1383266132,,footway,,,paving_stones,North,62
1383266135,,footway,,,paving_stones,North,14
1383266139,,footway,,,paving_stones,North,35
1383266141,,footway,,,paving_stones,North,15
1383266143,,footway,,,paving_stones,North,82
1383795423,,footway,,,,North-West,15
1383795424,,footway,,,,North-West,34
1385579917,,footway,crossing,,,Rohini,19
1385579919,,footway,crossing,,,Rohini,19
1385683620,,footway,,,,Rohini,16
1385683621,,footway,,,,Rohini,23
1385683623,,footway,,,,Rohini,11
1385683624,,footway,,,,Rohini,15
1385683625,,footway,,,,Rohini,8
1385683627,,footway,,,,Rohini,72
1385683628,,footway,,,,Rohini,16
1385683631,,footway,,,,Rohini,20
1385683632,,footway,,,,Rohini,4
1385685649,,footway,,,,Rohini,62
1387731689,,footway,,,,Shahdara,20
1387731690,,footway,,,,Shahdara,100
1387731692,,footway,,,,Shahdara,22
1387731694,,footway,,,,Shahdara,33
1387731695,,footway,,,,Shahdara,102
1387731697,,footway,,,,Shahdara,126
1387731698,,footway,,,,Shahdara,275
1387731701,,footway,,,,Shahdara,136
1387731702,,footway,,,,Shahdara,44
1387731705,,footway,,,,Shahdara,24
1387731706,,footway,,,,Shahdara,73
1387731709,,footway,,,,Shahdara,207
1387731710,,footway,,,,Shahdara,19
1387731711,,footway,,,,Shahdara,16
1388740611,,pedestrian,,,,North-East,15
1389870735,,footway,,,,Shahdara,45
1391293646,,footway,,,,North,22
1391293647,,footway,sidewalk,,asphalt,North,190
1391293648,,footway,,,,North,16
1391293649,,footway,sidewalk,,,North,27
1395134780,,footway,,,paved,North-West,45
1395134795,,footway,,,,North-West,161
1395424952,,footway,,,,Shahdara,97
1395424965,,footway,,,,Shahdara,134
1395424979,,footway,,,,Shahdara,140
1396147290,,footway,,,,North,174
1396147319,,footway,,,,North,15
1396147320,,footway,,,,North,36
1396500986,,footway,,,,North,84
1396527890,,footway,,,,North,54
1408286829,,footway,,,,North,90
1408286830,,footway,,,,North,66
1408286831,,footway,,,,North,60
1408292509,,footway,,,,North,31
1408292512,,footway,,,,North,7
1408488309,,footway,sidewalk,,,North,2
1408617805,,footway,,,,North,181
1408617812,,footway,,,,North,190
1408617814,,footway,,,,North,40
1408617823,,footway,,,,North,40
1408617828,,footway,,,,North,92
1408617831,,footway,,,,North,118
1408617835,,footway,,,,North,56
1408704798,,footway,,,,North,40
1409117069,,footway,alley,,unpaved,North,15
1409121633,,footway,,,,North,30
1409181615,,footway,,,,North,8
1409181616,,footway,,,,North,54
1409181617,,footway,,,,North,16
1409181618,,footway,,,,North,98
1409181621,,footway,,,,North,8
1409181622,,footway,,,,North,42
1409181623,,footway,,,,North,67
1409181628,,footway,,,paved,North,26
1409181629,,footway,,,,North,73
1409181631,,footway,,,,North,1
1409399303,,footway,,,,North,43
1409403949,,footway,,,,North,207
1409706062,,footway,crossing,,asphalt,North,19
1409706063,,footway,crossing,,asphalt,North,15
1410109340,University Plaza,pedestrian,,,paving_stones,North,540
1410109344,,footway,,,,North,73
1410109345,,footway,,,,North,131
1410109347,,footway,,,,North,20
1410109351,,footway,,,,North,52
1410109353,,footway,,,,North,14
1410109356,,footway,,,,North,25
1410109358,,footway,,,,North,61
1410109363,,footway,,,,North,19
1410109364,,footway,,,,North,65
1410109368,,footway,,,,North,13
1410109373,,footway,,,,North,13
1410109375,,footway,,,,North,172
1410109377,,footway,,,,North,67
1410109378,,footway,,,,North,223
1410109379,,footway,,,,North,95
1410109380,,footway,crossing,,,North,14
1410109389,,footway,,,,North,70
1410109393,,footway,,,,North,116
1410109395,,footway,,,,North,9
1410109397,,footway,,,,North,10
1410109402,,footway,,,,North,86
1413438928,,footway,,,,North,119
1413438929,,footway,,,,North,188
1413438930,,footway,,,,North,332
1413438932,,footway,,,,North,178
1413438933,,footway,,,,North,160
1413438935,,footway,,,,North,257
1413438936,,footway,,,,North,303
1413438937,,footway,,,,North,32
1413438939,,footway,,,,North,151
1413438941,,footway,,,,North,84
1413438942,,footway,,,,North,277
1413438944,,footway,,,,North,48
1413438946,,footway,,,,North,104
1413438947,,footway,,,,North,94
1413438948,,footway,,,,North,116
1413438949,,footway,,,,North,34
1413480557,,footway,,,,North,22
1413486208,,footway,,,,North,214
1413486211,,footway,,,,North,195
1413486212,,footway,,,,North,176
1418295186,,footway,,,,Outer North,44
1418931654,,footway,,,,West,30
1420127140,,footway,,,,North,79
1420127151,,footway,,,paving_stones,North,38
1420127152,,footway,,,paving_stones,North,55
1426164401,,footway,,,,North,9
1446500672,,footway,,,,North,69
1450939811,,footway,,,,North-East,339
1450939812,,footway,,,,North-East,85
1450939822,,footway,,,,North-East,148
1450939823,,footway,,,,North-East,80
1450939824,,footway,,,,North-East,12
1456429879,,footway,,,,West,116
1456429880,,footway,,,,West,214
1456429881,,footway,,,,West,40
1456429882,,footway,,,,West,399
1456429883,,footway,,,,West,148
1456429884,,footway,,,,West,8
1456429885,,footway,,,,West,64
1456429886,,footway,,,,West,207
1456429887,,footway,,,,West,137
1456429889,,footway,,,,West,205
1456429890,,footway,,,,West,247
1456429891,,footway,,,,West,87
1456429892,,footway,,,,West,262
1456429893,,footway,,,,West,919
1456429894,,footway,,,,West,234
1456429895,,footway,,,,West,34
1456429896,,footway,,,,West,207
1456429897,,footway,,,,West,144
1456429898,,footway,,,,West,30
1456429899,,footway,,,,West,1047
1456429900,,footway,,,,West,132
1456429902,,footway,,,,West,20
1456429903,,footway,,,,West,208
1456429904,,footway,,,,West,31
1456429905,,footway,,,,West,189
1456429907,,footway,,,,West,231
1456429908,,footway,,,,West,60
1456429909,,footway,,,,West,114
1456429910,,footway,,,,West,112
1456429911,,footway,,,,West,142
1456429912,,footway,,,,West,147
1456429913,,footway,,,,West,371
1456429914,,footway,,,,West,141
1456429916,,footway,,,,West,35
1456429917,,footway,,,,West,113
1456429919,,footway,,,,West,29
1456429920,,footway,,,,West,43
1456429921,,footway,,,,West,40
1456429922,,footway,,,,West,143
1456624488,,footway,,,,West,1038
1456624489,,footway,,,,West,21
1456624491,,footway,,,,West,248
1456624492,,footway,,,,West,477
1459216788,,footway,,,,Rohini,69
1460748295,,footway,sidewalk,,,Shahdara,126
1460752586,,footway,crossing,,,Shahdara,19
1460787214,,footway,,,,Shahdara,62
1462071131,,footway,crossing,,,North-West,4
1462071132,,footway,crossing,,,North-West,4
1462071136,,footway,crossing,,,North-West,82
1462071137,,footway,crossing,,,North-West,9
1462071142,,footway,,,,North-West,2
1462071147,,footway,crossing,,,North-West,7
1462071150,,footway,crossing,,,North-West,9
1462071151,Footover Bridge,footway,crossing,,,North-West,57
1462071152,,footway,crossing,,,North-West,5
1462071153,,footway,crossing,,,North-West,3
1462071154,,footway,,,,North-West,3
1462071156,,footway,crossing,,,North-West,3
1464078852,,footway,,,,North,74
1464078853,,footway,,,,North,68
1464086802,,footway,,,,North,438
1464086803,,footway,,,,North,498
1464086804,,footway,,,,North,368
1464086806,,footway,,,,North,19
1464086807,,footway,,,,North,460
1464086810,,footway,,,,North,71
1464086811,,footway,,,,North,270
1464086812,,footway,,,,North,55
1464086813,,footway,,,,North,189
1467526121,,footway,crossing,,,West,24
1474141181,,footway,crossing,,,North-West,7
1474141182,,footway,crossing,,,North-West,4
1474141251,,footway,sidewalk,,paving_stones,Shahdara,106
1474141254,,footway,sidewalk,,paving_stones,Shahdara,43
1476569808,,footway,sidewalk,,paving_stones,North-West,105
1476569810,,footway,sidewalk,,paving_stones,North-West,115
1476569816,,footway,,,,North-West,363
1476569819,,footway,crossing,,,North-West,19
1476569820,,footway,crossing,,fine_gravel,North-West,28
1476569822,,footway,crossing,,fine_gravel,North-West,29
1476720761,,footway,,,,North-West,159
1476720762,,footway,,,,North-West,405
1476720763,,footway,,,,North-West,190
1476720764,,footway,,,,North-West,130
1479099500,,footway,sidewalk,,paving_stones,North,57
1479099501,,footway,sidewalk,,paving_stones,North,160
1479099502,,footway,sidewalk,,paving_stones,North,120
1479099504,,footway,crossing,,,North,26
1479099505,,footway,sidewalk,,,North,128
1479140397,,footway,,,,North,16
1480599143,,footway,,,,North,48
1481294448,,footway,,,,North,11
1481294449,,footway,,,,North,62
1482143942,,footway,,,,North,5
1482143944,,footway,,,,North,5
1482143945,,footway,,,,North,34
1482143947,,footway,,,,North,6
1482143949,,footway,,,,North,3
1482418684,,footway,,,,North,29
1482418685,,footway,,,,North,29
1482418690,,footway,,,,North,8
1482418691,,footway,,,,North,30
1482418692,,footway,,,,North,45
1482443304,,footway,,,,North,28
1482446248,,footway,,,paving_stones,North,12
1482446249,,footway,,,paving_stones,North,55
1482472718,,footway,,,,North,7
1482472719,,footway,,,,North,9
1482496936,,footway,,2,concrete,North-West,124
1482527500,,footway,,,,North,94
1482527504,,footway,,,,North,26
1482527509,,footway,,,,North,8
1482527513,,footway,,,,North,376
1482527518,,footway,,,,North,197
1482528042,,footway,,,,North,610
1482806386,,footway,,,,North,15
1482806388,,footway,,,,North,2
1482806391,,footway,,,,North,3
1482806394,,footway,,,,North,50
1484219729,,footway,,,paving_stones,North,38
1484415991,,footway,alley,,concrete,North-West,114
1485807308,,footway,alley,,concrete,North-West,114
1487074872,,footway,,,,North,7
1487074875,,footway,,,,North,18
1487074878,,footway,,,,North,24
1487074881,,footway,,,dirt,North,58
1487074886,,footway,,,dirt,North,268
1487074887,,footway,,,,North,26
1487580656,,footway,,,,North,2
1487580659,,footway,,,,North,15
1487580661,,footway,,,,North,7
1487580662,,footway,,,,North,6
1487580664,,footway,,,,North,13
1487608276,,footway,sidewalk,,,North,28
1487608277,,footway,,,,North,268
1487608278,,footway,,,,North,278
1487608279,,footway,,,,North,260
1487608280,,footway,,,,North,9
1487608281,,footway,,,,North,272
1487608282,,footway,,,,North,535
1487608283,,footway,,,,North,178
1487608284,,footway,,,,North,272
1487608285,,footway,sidewalk,,,North,2
1487608286,,footway,,,,North,3
1487608287,,footway,,,,North,9
1487608288,,footway,sidewalk,,,North,1
1487608289,,footway,,,,North,449
1487858500,,footway,,,paving_stones,North,8
1487858502,,footway,,,paving_stones,North,2
1487858503,,footway,,,paving_stones,North,9
1489735727,,footway,,,,North,1
1489735729,,footway,,,,North,25
1489735730,,footway,,,,North,3
1490254292,,footway,crossing,,,North,32
1490254294,,footway,,,,North,30
1490254296,,footway,,,,North,33
1490254299,,footway,,,,North,19
1490254300,,footway,crossing,,,North,10
1490254302,,footway,,,,North,69
1490254303,,footway,,,,North,12
1490254304,,footway,,,,North,5
1490254307,,footway,,,,North,11
1490341643,,footway,crossing,,,North,36
1490462988,,footway,,,,North,7
1490462989,,footway,,,,North,12
1490462990,,footway,,,,North,21
1490462991,,footway,,,,North,3
1490462992,,footway,,,,North,8
1490462993,,footway,,,,North,14
1490462995,,footway,,,,North,9
1493241324,,footway,,,,North,27
1493411338,,footway,,,,North,11
1493411340,,footway,,,,North,13
1493411341,,footway,,,,North,19
1493411344,,footway,,,,North,11
1493411345,,footway,,,,North,7
1493583875,,footway,,,,North,498
1493583876,,footway,,,,North,278
1493712879,,footway,alley,,concrete,North-West,26
1494095135,,footway,alley,,concrete,North-West,54
1494202306,,footway,,,,West,326
1494300393,,footway,path,,concrete,North-West,12
1494300394,,footway,path,,paving_stones,North-West,153
1494541549,,footway,crossing,,,North,7
1494541550,,footway,,,,North,518
1494541552,,footway,,,,North,511
1494541553,,footway,,,,North,712
1494541554,,footway,,,,North,267
1494541555,,footway,,,,North,180
1494541558,,footway,,,,North,539
1494541559,,footway,crossing,,,North,13
1494541560,,footway,crossing,,,North,12
1494541561,,footway,,,,North,3
1494541562,,footway,sidewalk,,,North,14
1494610988,,footway,crossing,,paved,North,7
1494610989,,footway,sidewalk,,,North,2
1494610990,,footway,sidewalk,,paved,North,2
1494610991,,footway,sidewalk,,paving_stones,North,26
1494610992,,footway,sidewalk,,,North,3
1494610993,,footway,crossing,,asphalt,North,5
1494610994,,footway,sidewalk,,,North,6
1494610995,,footway,,,,North,217
1494610996,,footway,crossing,,,North,9
1494610997,,footway,sidewalk,,paved,North,1
1494610998,,footway,crossing,,,North,12
1494610999,,footway,crossing,,asphalt,North,8
1494611000,,footway,sidewalk,,,North,2
1494611001,,footway,sidewalk,,,North,2
1494611002,,footway,crossing,,asphalt,North,17
1494611003,,footway,sidewalk,,,North,4
1494611004,,footway,sidewalk,,paved,North,2
1494611005,,footway,crossing,,,North,4
1494611006,,footway,crossing,,,North,4
1494611007,,footway,crossing,,asphalt,North,6
1494611008,,footway,sidewalk,,paved,North,2
1494611009,,footway,crossing,,paved,North,4
1494611010,,footway,sidewalk,,,North,2
1494611011,,footway,sidewalk,,,North,3
1494611012,,footway,sidewalk,,,North,2
1494611013,,footway,crossing,,,North,12
1494611014,,footway,sidewalk,,,North,2
1494611015,,footway,sidewalk,,,North,2
1494611016,,footway,sidewalk,,,North,3
1494611017,,footway,sidewalk,,,North,3
1494611018,,footway,crossing,,,North,10
1494611019,,footway,sidewalk,,,North,1
1494611020,,footway,sidewalk,,,North,1
1494611021,,footway,sidewalk,,,North,2
1495279229,,footway,path,,,North,6
1495466794,,footway,,,,North,11
1495466795,,footway,,,,North,13
1495466796,,footway,,,,North,37
1495466797,,footway,,,,North,14
1495466799,,footway,,,,North,9
1495466801,,footway,,,,North,3
1495466802,,footway,,,,North,32
1495466804,,footway,,,,North,8
1495466805,,footway,,,,North,63
1495466806,,footway,sidewalk,,,North,209
1495466807,,footway,,,,North,2
1495466808,,footway,,,,North,124
1495466809,,footway,,,,North,7
1495466811,,footway,,,,North,34
1495466812,,footway,,,,North,3
1496212978,,footway,path,,concrete,North-West,3
1496212979,,footway,path,,concrete,North-West,2
1496212980,,footway,path,,concrete,North-West,0
1496212981,,footway,path,,concrete,North-West,3
1496212982,,footway,path,,concrete,North-West,3
1496212983,,footway,path,,concrete,North-West,3
1496212984,,footway,path,,concrete,North-West,2
1496323778,,footway,path,,,North,5
1496323779,,footway,path,,,North,8
1496562447,,footway,path,,,North-East,38
1496562448,,footway,path,,,North-East,38
1496805452,,footway,path,,concrete,North-West,14
1496805453,,footway,path,,concrete,North-West,15
1497325779,,footway,,,,North,6
1498275699,Rajiv Agrawal Paidal Par Path,footway,crossing,,,North,24
1498275701,,footway,sidewalk,,,North,94
1498305310,,footway,alley,,concrete,North-West,14
1498305311,,footway,alley,,concrete,North-West,96
1498410820,,footway,,,,North,11
1498410822,,footway,,,,North,3
1498410823,,footway,,,,North,2
1498410824,,footway,,,,North,6
1498410827,,footway,,,paving_stones,North,47
1498410828,,footway,,,,North,4
1498410829,,footway,,,,North,3
1498410830,,footway,,,,North,3
1498410831,,footway,crossing,,,North,7
1498410833,,footway,,,,North,1
1498410834,,footway,,,,North,10
1498410835,,footway,sidewalk,,,North,1
1498410836,,footway,,,,North,7
1498410838,,footway,,,,North,2
1498410841,,footway,,,,North,13
1498410844,,footway,,,,North,2
1498410848,,footway,,,,North,551
1498410849,,footway,,,,North,8
1498410850,,footway,,,,North,14
1498410852,,footway,sidewalk,,,North,3
1498410855,,footway,,,,North,29
1498410860,,footway,,,,North,4
1498410861,,footway,,,,North,26
1498410863,,footway,,,,North,12
1498410864,,footway,,,,North,5
1498410865,,footway,,,,North,6
1498410869,,footway,,,,North,17
1498410870,,footway,,,,North,5
1498410871,,footway,crossing,,,North,4
1498410872,,footway,,,,North,2
1498410875,,footway,,,,North,8
1498410876,,footway,,,,North,41
1498410877,,footway,,,,North,50
1498667730,,footway,alley,,concrete,North-West,115
1498773243,,footway,alley,,concrete,North-West,115
1498949898,,footway,sidewalk,,paving_stones,North,11
1498949899,,footway,,,,North,10
1498949902,,footway,sidewalk,,paving_stones,North,172
1499065329,,footway,sidewalk,,paving_stones,North-West,327
1501493087,,footway,,,,North-West,40
1501493088,,footway,,,,North-West,30
1501493089,,footway,,,,North-West,53
1501493092,,footway,crossing,,asphalt,North-West,12
1503320530,,footway,,,,North-West,13
1503320531,,footway,,,,North-West,13
1503320532,,footway,,,,North-West,116
1504055033,,footway,,,,Rohini,78
1504055034,,footway,,,,Rohini,21
1504055035,,footway,,,,Rohini,2
1504819351,,footway,,,,Outer North,164
1512966618,,footway,,,,North-West,907
1512966619,,footway,,,,North-West,81
1512966620,,footway,,,,North-West,183
1512966621,,footway,,,,North-West,186
1512966622,,footway,,,,North-West,144
1512966623,,footway,,,,North-West,86
1512966624,,footway,,,,North-West,508
1512966625,,footway,,,,North-West,116
1512966626,,footway,,,,North-West,570
1512966627,,footway,,,,North-West,69
1512966628,,footway,,,,North-West,373
1512966629,,footway,,,,North-West,170
1512966630,,footway,,,,North-West,176
1512966631,,footway,,,,North-West,57
1512966632,,footway,,,,North-West,660
1513060903,,footway,,,,West,37
1513060905,,footway,,,,West,68
1513060906,,footway,,,,Outer,6
1513060909,,footway,,,,West,161
1513972752,,footway,,,,North-West,4
1513972753,,footway,,,,North-West,5
1513992931,,footway,,,,North,2
1514724762,,footway,sidewalk,,,North,203
1516046561,,footway,,,,North,2
1516046562,,footway,,,,North,20
1516046563,,footway,,,,North,9
1516046565,,footway,,,,North,45
1516046566,,footway,,,,North,6
1516160617,,footway,,,,North,18
1516160618,,footway,sidewalk,,paving_stones,North,533
1516160619,,footway,sidewalk,,paving_stones,North,19
1516160621,,footway,sidewalk,,paving_stones,North,8
1516160622,,footway,,,,North,16
1516160623,,footway,,,,North,10
1516160624,,footway,,,,North,4
1516160627,,footway,crossing,,,North,19
1516160637,,footway,,,,North,7
1516160639,,footway,,,,North,21
1516160641,,footway,sidewalk,,,North,536
1516160642,,footway,sidewalk,,paving_stones,North,757
1516160644,,footway,,,,North,4
1516160646,,footway,,,,North,5
1516160648,,footway,,,,North,3
1516160651,,footway,,,,North,115
1516160652,,footway,,,,North,15
1516161497,,footway,crossing,,,North,18
1517086677,,footway,,,,North,3
1517086678,,footway,,,,North,30
1517086679,,footway,,,,North,6
1525143228,,footway,,,,North-West,92
1525143230,,footway,,,,North-West,2
1525143231,,footway,,,,North-West,3
1525695205,,footway,,,,North-East,46
1525695206,,footway,,,,North-East,36
1525695207,,footway,,,,North-East,7
1526025748,,footway,,,,North-East,270
1526542924,,footway,,,,Rohini,9
1527915165,,footway,,,paved,North-West,247
1527915166,,footway,,,paved,North-West,6
1527915168,,footway,,,paved,North-West,24
1527971615,,footway,,,paved,North-West,18
1528220905,,footway,,,paving_stones,North-West,289
1528220906,,footway,,,paving_stones,North-West,16
1528220907,,footway,,,paving_stones,North-West,32
1528728820,,footway,,,paved,North-West,2
1528728821,,footway,,,paved,North-West,5
1528728822,,footway,,,paved,North-West,8
1528795624,,footway,,,ground,North-West,14
1528808015,,footway,,,paved,North-West,14
1528808016,,footway,,,paved,North-West,20
1528808017,,footway,,,paved,North-West,15
1528808018,,footway,,,paved,North-West,20
1528808019,,footway,,,paved,North-West,15
1528808020,,footway,,,paved,North-West,160
1528842059,,footway,,,paved,North-West,20
1528842060,,footway,,,paved,North-West,9
1528842061,,footway,,,paved,North-West,7
1528842062,,footway,,,paved,North-West,7
1528842064,,footway,,,paved,North-West,2
1528842065,,footway,,,paved,North-West,1
1528842066,,footway,,,paved,North-West,1
1528842067,,footway,,,paved,North-West,1
1528842068,,footway,,,paved,North-West,1
1528842069,,footway,,,paved,North-West,20
1528842070,,footway,,,paved,North-West,26
1528842071,,footway,,,paved,North-West,16
1528842072,,footway,,,paved,North-West,16
1528842073,,footway,,,paved,North-West,16
1528842074,,footway,,,paved,North-West,16
1528842075,,footway,,,paved,North-West,16
1528842076,,footway,,,paved,North-West,16
1528842077,,footway,,,paved,North-West,21
1528842078,,footway,,,paved,North-West,12
1528842079,,footway,,,paved,North-West,7
1528842080,,footway,,,paved,North-West,22
1528842081,,footway,,,paved,North-West,23
1528842083,,footway,,,paved,North-West,28
1528842086,,footway,,,,North-West,2
1528842087,,footway,,,,North-West,10
1528842088,,footway,,,,North-West,9
1528842090,,footway,,,,North-West,5
1528842092,,footway,,,,North-West,24
1528842093,,footway,,,paving_stones,North-West,193
1528842094,,footway,,,,North-West,248
1530661738,,footway,,,,North-West,6
1531235896,,footway,,,,North-West,2
1536770207,,footway,sidewalk,,,Shahdara,4
1536770208,,footway,sidewalk,,,Shahdara,28
1541278194,,footway,,,,Central,23
1545724655,,footway,,,,North,25
1545724664,,footway,,,,North,22
1545724665,,footway,,,,North,26
1545724666,,footway,,,,North,15
1545724672,,footway,,,,North,8
1545724682,,footway,,,,North,2
1545724686,,footway,,,,North,74
1545724689,,footway,,,,North,10
1545741894,,footway,,,,North,7
1546201472,,footway,,,,North,6
1546201473,,footway,,,,North,15
1546201474,,footway,,,,North,3
1546323593,,footway,,,unpaved,North,137
1546323594,,footway,,,,North,18
1546323595,,footway,,,,North,7
1546323597,,footway,,,,North,14
1546323598,,footway,,,,North,3
1546323599,,footway,,,,North,19
1546323602,,footway,,,,North,2
1546323604,,footway,,,,North,14
1546323605,,footway,,,,North,45
1546896688,,footway,,,,North,17
1546896689,,footway,,,,North,12
1546896690,,footway,,,,North,20
1546896693,,footway,,,,North,2
