osm_way_id,name,highway_class,lanes,width_m,surface,district,length_m
5873630,Mahatma Gandhi Marg,trunk,,,,North,789
7892804,,motorway_link,2,,,South-West,63
22834653,Cariappa Marg,primary,,,,South-West,2268
22897615,,trunk,,,,South-West,169
23089147,Mahatma Gandhi Marg,secondary,2,,asphalt,North-West,277
23133709,Outer Circle,secondary,4,,asphalt,New Delhi,143
23134098,,secondary,,,asphalt,New Delhi,653
23134630,,secondary,,,,New Delhi,569
23134680,Pandara Road,secondary,2,,asphalt,New Delhi,740
23134734,Windsor Place,secondary,,,asphalt,New Delhi,95
23134751,Mother Teresa Crescent,secondary,,,asphalt,New Delhi,892
23138288,Lala Lajpat Rai Path,secondary,,,,South-East,45
23138296,Rd. No. 224,secondary,,,,Dwarka,496
23151254,Subramaniyam Bharti Marg,secondary,,,asphalt,New Delhi,60
23257129,,secondary,,,asphalt,South-West,1377
24537423,Sardar Patel Marg,secondary,2,,asphalt,New Delhi,785
24563333,Sabz Burj Circle,primary,,,asphalt,South-East,73
24563335,Oberoi Flyover,secondary,3,,asphalt,South-East,274
24563336,Lodhi Road,secondary,,,asphalt,South,503
24563338,Lala Lajpat Rai Path,secondary,3,,asphalt,South-East,773
24563340,,secondary_link,,,asphalt,South-East,75
24563348,Lodhi Road,secondary,2,,asphalt,South,1048
24563431,,secondary,2,,asphalt,New Delhi,109
24563432,Ashoka Road,secondary,2,,asphalt,New Delhi,252
24563435,Akbar Road,secondary,2,,asphalt,New Delhi,348
24563446,Sher Shah Road,secondary,,,asphalt,New Delhi,84
24563447,Sher Shah Road,secondary,,,asphalt,New Delhi,85
24563449,rotary no 4,secondary,,,asphalt,New Delhi,200
24576720,Teen Murti Marg,secondary,2,,asphalt,New Delhi,217
24576724,Panchsheel Marg,secondary,2,,asphalt,New Delhi,295
24576740,Shanti Path,secondary,,,asphalt,New Delhi,142
24576748,Vinay Marg,secondary,,,,New Delhi,1154
24576752,Vinay Marg,secondary,,,asphalt,New Delhi,201
24576804,Road 224,secondary,3,,,Dwarka,903
24576807,Road 201,secondary,,,,Dwarka,1257
24576821,Azad Hind Fauj Marg,secondary,,,asphalt,Dwarka,1413
24577095,Ashoka Road,secondary,2,,asphalt,New Delhi,630
24577096,Janpath,secondary,2,,asphalt,New Delhi,656
24577097,Janpath,secondary,2,,asphalt,New Delhi,286
24577101,Rotary Number 45,secondary,,,,New Delhi,42
24577106,Raisina Road,secondary,4,,asphalt,New Delhi,263
24577121,Rotary Number 5,secondary,,,asphalt,New Delhi,216
24577131,Rafi Ahmed Kidwai Marg,secondary,,,asphalt,New Delhi,46
24577364,Humayun Road,secondary_link,,,asphalt,New Delhi,55
24577365,Humayun Road,secondary_link,2,,asphalt,New Delhi,54
24577372,Pandara Road,secondary,2,,asphalt,New Delhi,745
24577379,Rotary 13,secondary,,,asphalt,New Delhi,71
24577383,Janpath,secondary,2,,asphalt,New Delhi,276
24577384,Janpath,secondary,2,,asphalt,New Delhi,273
24577385,Akbar Road,secondary,,,asphalt,New Delhi,602
24577389,Motilal Nehru Marg,secondary,2,,asphalt,New Delhi,594
24577390,Motilal Nehru Marg,secondary,2,,asphalt,New Delhi,595
24577391,Rotary Number 34,secondary,,,asphalt,New Delhi,74
24577393,Motilal Nehru Marg,secondary,2,,asphalt,New Delhi,533
24577395,Motilal Nehru Marg,secondary,1,6,asphalt,New Delhi,296
24577396,Prime Chowk,secondary,,,,New Delhi,35
24577401,Kumaraswami Kamaraj Marg,secondary,2,,,New Delhi,32
24577404,Tu-Tu Marg,secondary,,,asphalt,New Delhi,288
24577478,Sansad Marg,secondary,,,asphalt,New Delhi,204
24583320,Gol Dakkhana Roundabout,secondary,,,asphalt,New Delhi,32
24583321,Ashoka Road,secondary,,,asphalt,New Delhi,221
24583324,Patel Chowk,secondary,,,asphalt,New Delhi,33
24583327,Sansad Marg,secondary,,,asphalt,New Delhi,469
24583330,Baba Kharak Singh Marg,secondary,2,,asphalt,New Delhi,810
24583332,Baba Kharak Singh Marg,secondary,3,,asphalt,New Delhi,1035
24583333,Mandi House Chowk,secondary,,,asphalt,New Delhi,102
24583334,Ashoka Road,secondary,,,,New Delhi,293
24583335,Ashoka Road,secondary,,,,New Delhi,302
24583337,Rotary Number 2,secondary,,,asphalt,New Delhi,60
24583339,Ashoka Road,secondary,2,,asphalt,New Delhi,273
24583771,Rotary Number 49,secondary,,,asphalt,New Delhi,68
24583773,Mother Teresa Crescent,secondary,,,asphalt,New Delhi,43
24584396,North Avenue,secondary,,,,New Delhi,69
24584397,North Avenue,secondary,,,asphalt,New Delhi,67
24617971,,secondary,,,asphalt,New Delhi,91
24617983,Teen Murti Haifa Chowk,secondary,,,asphalt,New Delhi,164
24617994,Teen Murti Marg,secondary,2,,asphalt,New Delhi,636
24618002,,secondary,,,,New Delhi,237
24969795,,trunk_link,1,2,paved,South,26
24969810,,trunk_link,1,,,South,14
24969815,Sant Shri Nagpal Marg,secondary,2,,asphalt,South,3807
24973559,Delhi-Gurugram Expressway,motorway,,,,South-West,1156
25457965,Mahatma Gandhi Marg,primary,2,,,South-East,264
25524672,Mahatma Gandhi Marg,primary,2,,,South-East,483
25524691,Chattarpur Main Road,secondary,2,,asphalt,South,2394
25524692,Sant Shri Nagpal Marg,secondary,2,,asphalt,South,2057
25524703,,trunk,3,,asphalt,South-West,965
25744612,Nelson Mandela Marg,primary,3,,,South-West,709
25878331,Delhi-Gurugram Expressway,motorway,4,,asphalt,South-West,380
26582635,Jawaharlal Nehru Marg,secondary,,,asphalt,Central,495
26664726,Mehrauli Badarpur Road,primary,2,,asphalt,South,330
26664736,,primary_link,,,asphalt,South,29
26664737,,secondary_link,2,,,South,304
27422249,Rajaji Marg,secondary,,,asphalt,New Delhi,546
27422252,,secondary,,,,New Delhi,270
27422253,Rotary Number 32,secondary,,,,New Delhi,157
27422282,Nelson Mandela Marg,primary,3,,,South-West,535
27991173,Vivek Vihar Railway Flyover,secondary,,,asphalt,Shahdara,540
28103660,Bhairon Marg,secondary,,,,New Delhi,704
28103794,Vivekanand Marg,secondary,2,,,Central,763
28103817,Jawaharlal Nehru Marg,secondary,,,asphalt,Central,427
28103829,Lala Ramcharan Aggarwal Chowk,secondary,,,asphalt,Central,16
28103831,Vikas Marg,secondary,,,asphalt,Central,69
28103850,Satyagraha Marg,secondary,,,,Central,579
28103851,Sachivalaya Road,secondary,,,,Central,622
28103852,Asaf Ali Road,secondary,,,,Central,471
28103855,Asaf Ali Road,secondary,,,,Central,229
28104687,,secondary,2,,asphalt,South-East,222
28121207,rotary no 11,secondary,,,asphalt,New Delhi,140
28121215,Doctor A.P.J. Abdul Kalam Marg,secondary,2,,asphalt,New Delhi,27
28121266,,secondary,,,asphalt,New Delhi,81
28121291,Akbar Road,secondary,2,,asphalt,New Delhi,602
28121435,,secondary,,,,New Delhi,235
28121442,,secondary,,,,New Delhi,585
28121481,Rajesh Pilot Marg,secondary,,,asphalt,New Delhi,233
28121535,Moolchand Flyover,secondary,,,asphalt,South,399
28121537,Josip Broz Tito Marg,secondary,3,,asphalt,South,688
28190265,Shankar Road,secondary,,,,Central,1646
28190305,Pusa Road,secondary,,,asphalt,Central,1038
28190334,Choudhary Brahm Prakash Chowk,secondary,,,,Central,31
28190350,Patel Road,secondary,,,,Central,1058
28190395,Dayal chowk,secondary,,,,Central,50
28190501,Vande Mataram Marg,secondary,,,,New Delhi,2047
28211346,Rotary 10,secondary,,,asphalt,South-West,31
28211381,,secondary,,,asphalt,New Delhi,55
28211393,Mustafa Kemal Ataturk Marg,secondary,,,asphalt,New Delhi,843
28211422,Simon Bolivar Road,secondary,,,asphalt,New Delhi,9
28211431,Panchsheel Marg,secondary,2,,asphalt,New Delhi,744
28211928,Africa Avenue,secondary,3,,asphalt,South-West,1105
28412393,Mahatma Gandhi Marg,primary,2,,asphalt,South,983
28412396,Mahatma Gandhi Marg,primary,,,asphalt,South-West,324
28412397,Mahatma Gandhi Marg,primary,4,,asphalt,South-West,946
28412404,Mahatma Gandhi Marg,primary,2,,,South,299
28616597,,motorway_link,,,,South-West,24
28616600,Delhi-Gurugram Expressway,motorway,4,,,South-West,1922
28616601,Delhi-Gurugram Expressway,motorway,4,,,South-West,1534
28616604,Delhi-Gurugram Expressway,motorway,4,,,South-West,913
28616605,Delhi-Gurugram Expressway,motorway,4,,,South-West,623
28616606,Delhi-Gurugram Expressway,motorway,4,,asphalt,South-West,321
28616699,Aurobindo Marg,secondary,,,asphalt,South,153
28616701,,secondary_link,,,,South-West,18
28616702,,secondary_link,2,,,South-West,102
28616703,Vinay Marg Underpass,secondary,,,,South-West,235
28616704,Vinay Marg Underpass,secondary,,,,South-West,41
28616705,Vinay Marg Underpass,secondary,,,,South-West,238
28616706,Vinay Marg,secondary,,,,New Delhi,205
28616709,Africa Avenue,secondary,,,asphalt,South-West,724
28616711,Akbar Road,secondary,2,,asphalt,New Delhi,332
28746242,,trunk,,,,South-West,368
28746244,Mahatma Gandhi Marg,primary,4,,asphalt,South-West,1112
28746245,Mahatma Gandhi Marg,primary,4,,asphalt,South-West,448
28773614,Mahatma Gandhi Marg,primary,3,,,South-West,1221
28773617,Rao Tula Ram Marg,secondary,,,asphalt,South-West,650
28773628,Cariappa Marg,primary,,,,South-West,449
28773634,Delhi Cantonment Railway Junction Flyover,primary,,,,West,756
28773641,Shaheed Bhagat Singh Marg,secondary,2,,asphalt,West,2286
28773642,Lajwanti Flyover,secondary,,,,West,526
28781018,Tilak Nagar Round About,secondary,,,,West,299
29530408,Shaheed Jeet Singh Marg,secondary,1,,asphalt,South-West,920
29530426,Basant Kaur Marg,secondary,,,,South,1294
29534879,Aurobindo Marg,trunk,,,asphalt,South,1364
31058500,Pusa Road,secondary,,,,Central,1324
31058505,Link Road,secondary,,,,New Delhi,580
31058508,Panchkuian Road,secondary,,,,New Delhi,274
31058510,Panchkuian Road,secondary,3,,asphalt,New Delhi,290
31059775,AIIMS Flyover,primary_link,2,,asphalt,South,119
31060395,Panchkuian Road,secondary,3,,asphalt,New Delhi,280
31097477,,motorway_link,,,,South-West,294
31097489,Delhi-Gurugram Expressway,motorway,3,,,South-West,336
31097490,Delhi-Gurugram Expressway,motorway,4,,,South-West,960
31097494,,primary,,,,South-West,425
31097497,Ulan Batar Road,primary,,,asphalt,South-West,692
31097502,,motorway_link,,,,South-West,568
31756483,Aurobindo Marg Flyover,secondary,4,,asphalt,South,439
31756484,Aurobindo Marg,secondary,3,,asphalt,South,679
31756485,Aurobindo Marg,secondary,,,asphalt,South,406
31756488,,secondary,,,asphalt,New Delhi,38
31756489,Kumaraswami Kamaraj Marg,secondary,2,,,New Delhi,28
31756498,Lal Bahadur Shastri Marg,secondary,2,,asphalt,South,1346
31756510,Pandit Trilok Chandra Sharma Marg,secondary,2,,,South,593
31756515,Basant Kaur Marg,secondary,,,,South,596
31756516,Pandit Trilok Chandra Sharma Marg,secondary,3,,asphalt,South,681
31756736,GT Karnal road,secondary,,,,North-West,1404
31806390,Dwarka Expressway,motorway,4,,asphalt,Dwarka,1614
31816417,,secondary,,,,Dwarka,1158
31950680,,secondary,,,,Dwarka,692
31950713,Road 210,secondary,,,,Dwarka,218
32051781,,secondary,3,,asphalt,South-West,1022
32660995,Okhla Estate Marg Flyover,trunk_link,,,,South-East,74
32905262,Tees January Road,secondary,,,asphalt,New Delhi,25
34404739,Shankar Road,secondary,,,,New Delhi,997
34404758,Sardar Patel Marg,secondary,2,,asphalt,New Delhi,1373
34404760,,trunk,6,,,South-West,1348
34404761,Dhaula Kuan Flyover,secondary,,,asphalt,South-West,221
34940736,,secondary,2,,,South-West,115
34940751,,secondary_link,2,,asphalt,South-West,74
34940853,New Delhi Railway Station Flyover,secondary,,,asphalt,Central,201
34941170,Anand Vihar Railway Terminal Flyover,secondary,2,,asphalt,Shahdara,282
35152847,Paschimi Marg,secondary,,,,South-West,1345
35152848,Poorvi Marg,secondary,,,,South-West,131
35152874,Arjan Path,secondary,,,,South-West,232
35152876,Arjan Path,secondary,,,,South-West,1193
35152880,,secondary,,,,South-West,649
35152881,,secondary,,,,South-West,487
35261601,,secondary_link,3,,,South-West,61
35306917,Road 224,secondary,3,,,Dwarka,1268
35306919,,secondary,,,,Dwarka,1285
35306920,,secondary,,,,Dwarka,37
35307401,,trunk,3,,asphalt,South-West,3111
35307537,,trunk,,,,Dwarka,71
35308149,Road 210,secondary,,,,Dwarka,1050
35308150,,secondary,,,,Dwarka,1159
35308151,Rd. No. 224,secondary,3,,,Dwarka,627
35308152,,secondary_link,,,,Dwarka,98
35308153,,secondary_link,,,,Dwarka,88
35308154,,secondary_link,,,,Dwarka,94
35308225,,secondary,,,,Dwarka,1120
35308226,Road 205,secondary,,,,Dwarka,2316
35308227,Road 224,secondary,,,,Dwarka,958
35308228,Road 205,secondary,,,,Dwarka,4058
35308230,Road 221,secondary,,,,Dwarka,1848
35308232,Road 205,secondary,,,,Dwarka,43
35308233,Road 205,secondary,,,,Dwarka,2256
35308234,Road 205,secondary,,,,Dwarka,41
35308284,,secondary,,,,Dwarka,664
35310545,Najafgarh Daurala Road,primary,,,,Dwarka,10254
35310546,,primary,,,,Dwarka,53
35310547,,primary,,,,Dwarka,28
35310548,,primary,,,,Dwarka,75
35310551,,secondary,,,,Dwarka,2518
35310552,अमर शहीद कैप्टन पृथ्वी सिंह डागर मार्ग,secondary,,,,Dwarka,1735
35310940,,primary,,,,Dwarka,285
35310941,Nangloi Road,primary,,,,Dwarka,60
35310943,Najafgarh Nangloi Road,primary,,,,Dwarka,1934
35311044,Najafgarh Nangloi Road,primary,,,,Outer,2551
35311045,Najafgarh Nangloi Road,primary,,,,Dwarka,52
35311164,Najafgarh Nangloi Road,primary,,,,Outer,1198
35311167,Nangloi road,primary,,,,Outer,16
35424133,,secondary,2,,,South,341
35823179,Central Road,secondary,3,,,Dwarka,1351
35823180,Rd. No. 224,secondary,3,,,Dwarka,625
35823181,Rd. No. 224,secondary,,,,Dwarka,515
35823388,Rd. No. 224,primary,,,,Dwarka,15
35823389,Dabri Dwarka Road,primary,2,,,Dwarka,1744
35823390,,secondary,,,,Dwarka,307
36167771,,secondary_link,,,,Dwarka,84
36167772,,secondary_link,,,,Dwarka,92
36167773,Road 221,secondary,3,,asphalt,Dwarka,1353
36326991,,secondary_link,,,asphalt,South-West,100
36326994,Africa Avenue,secondary,3,,asphalt,South-West,1064
36326998,Bikaji Cama Place Flyover,primary,,,asphalt,South-West,514
36326999,Mahatma Gandhi Marg,primary,,,asphalt,South-West,329
36790677,Old Delhi Gurgaon Road,secondary_link,,,,South-West,112
36801841,Palam Najafgarh Road,secondary,,,,Dwarka,2239
36801842,,secondary_link,,,,Dwarka,84
36801843,Palam Najafgarh Road,secondary,,,,Dwarka,2182
36801848,Azad Hind Fauj Marg,secondary,,,asphalt,Dwarka,1492
36801849,Central Road,secondary,,,,Dwarka,1386
36804381,,secondary,,,,Dwarka,2811
36805834,,primary_link,,,,South-West,381
36807193,Shivaji Marg,secondary,,,asphalt,West,1279
36807194,Mahatma Gandhi Road,trunk_link,,,,North,376
36807195,,trunk_link,,,,North,274
36807196,,trunk_link,1,,,North,269
36807197,,trunk_link,,,,North,217
36807198,,trunk_link,,,,North,224
36807199,,trunk_link,,,,North,172
37194987,Babu Ram Solanki Marg,secondary,,,asphalt,Central,501
37222895,Akbar Road,secondary,2,,asphalt,New Delhi,637
37222896,Akbar Road,secondary,2,,asphalt,New Delhi,599
37222897,Tughlaq Road,secondary,,,asphalt,New Delhi,665
37222898,Tughlaq Road,secondary,,,asphalt,New Delhi,642
37222899,Tees January Road,secondary,2,,asphalt,New Delhi,640
37222900,Doctor Avul Pakir Jainulabdeen Abdul Kalam Marg,secondary,2,,asphalt,New Delhi,29
37222901,Tees January Road,secondary,2,,asphalt,New Delhi,609
37222902,Janpath,secondary,2,,asphalt,New Delhi,592
37222903,Doctor A.P.J. Abdul Kalam Marg,secondary,2,,asphalt,New Delhi,622
37222906,Doctor A.P.J. Abdul Kalam Marg,secondary,2,,asphalt,New Delhi,303
37222911,Tughlaq Road,secondary,,,asphalt,New Delhi,22
37222913,Aurobindo Marg,secondary,3,,asphalt,New Delhi,227
37222914,Doctor A.P.J. Abdul Kalam Marg,secondary,2,,asphalt,New Delhi,30
37222915,rotary no 10,secondary,,,asphalt,New Delhi,43
37222917,Rajesh Pilot Marg,secondary,,,asphalt,New Delhi,26
37222918,Doctor A.P.J. Abdul Kalam Marg,secondary,2,,asphalt,New Delhi,609
37222919,Janpath,secondary,2,,asphalt,New Delhi,592
37222923,Krishna Menon Marg,secondary,,,,New Delhi,440
37222924,Akbar Road,secondary,2,,asphalt,New Delhi,637
37683065,,motorway_link,,,asphalt,South-East,547
37703539,C.V. Raman Marg,secondary,2,,asphalt,South-East,1876
37751252,Nelson Mandela Marg,primary,,,asphalt,South-West,1820
37751254,Mahatma Gandhi Marg,primary,,,asphalt,South-East,79
37751255,Mahatma Gandhi Marg,primary,,,asphalt,South-East,164
37755457,Guru Ravidas Marg,secondary,,,,South-East,804
38235141,Qutab Road,secondary,,,,Central,1239
38235166,Qutab Road,secondary,,,asphalt,Central,1233
38699434,Mahatma Gandhi Marg,trunk,,,,North,694
38699583,,secondary_link,6,,asphalt,Central,112
38699590,,secondary_link,,,,Central,61
38699591,Deen Dayal Upadhyay Road,secondary,,,asphalt,Central,2027
38699599,Bahadur Shah Zafar Marg,secondary,,,asphalt,Central,256
39013511,Mathura Road,primary,3,,asphalt,South-East,761
39013514,,primary_link,,,,South-East,61
39013515,,primary_link,,,,South-East,81
39013516,,primary_link,,,asphalt,South-East,51
39013517,,primary_link,,,asphalt,South-East,59
39013518,Ashram Railway Flyover,primary,3,,asphalt,South-East,248
39013520,Ashram Railway Flyover,primary,2,,asphalt,South-East,150
39013521,Ashram Railway Flyover,primary,2,,asphalt,South-East,76
39013522,Ashram Flyover,motorway,3,,asphalt,South-East,747
39013523,Mahatma Gandhi Marg,primary,2,,asphalt,South-East,591
39013524,Ashram Flyover,motorway,2,,asphalt,South-East,422
39013525,Mahatma Gandhi Marg,primary,2,,asphalt,South-East,40
39451583,Najafgarh Kapashera Road,secondary,,,,Dwarka,4449
39451585,Najafgarh Kapashera Road,secondary,,,,Dwarka,902
39451586,,secondary,,,,Dwarka,1327
39451587,Najafgarh Kapashera Road,secondary,,,,Dwarka,1326
39451588,,secondary,,,,Dwarka,37
39451591,,secondary,,,,Dwarka,22
39451592,,secondary,,,,Dwarka,51
39451593,,secondary,,,,Dwarka,33
39451594,,secondary,,,,Dwarka,29
39451595,,secondary,,,,Dwarka,63
39451597,,secondary,,,,South-West,647
39451598,,secondary,,,asphalt,South-West,1822
39451603,Najafgarh Kapashera Road,secondary,,,asphalt,Dwarka,881
39451604,Thana Road,secondary,,,asphalt,Dwarka,745
39451607,,secondary_link,,,,Dwarka,81
39451610,,secondary_link,,,,Dwarka,75
39451615,,secondary_link,,,,Dwarka,98
39451616,,secondary_link,,,,Dwarka,68
39451631,,secondary,,,,Dwarka,34
39451632,,secondary,,,,Dwarka,2831
39451633,,secondary,,,,Dwarka,34
39451634,,secondary,,,asphalt,Dwarka,1715
39451644,,secondary_link,,,,Dwarka,98
39451645,,secondary_link,,,,Dwarka,101
39451646,,secondary_link,,,,Dwarka,100
39451647,,secondary_link,,,,Dwarka,108
39451648,Road 210,secondary,,,,Dwarka,25
39451649,Road 210,secondary,,,,Dwarka,715
39451650,Road 210,secondary,,,,Dwarka,23
39451651,Road 210,secondary,,,,Dwarka,220
39452771,,primary_link,,,,Dwarka,131
39452772,,secondary_link,,,,Dwarka,89
39452773,,secondary_link,,,,Dwarka,133
39452774,,primary_link,,,,Dwarka,192
39452775,Road 201,secondary,,,,Dwarka,41
39452777,Road 201,secondary,,,,Dwarka,39
39452778,,secondary,,,,Dwarka,268
39452779,,secondary_link,,,,Dwarka,98
39452780,,secondary_link,,,,Dwarka,67
40102594,Delhi-Dehradun Expressway,motorway,3,,asphalt,East,651
40138011,Mahipalpur Flyover,motorway,4,,,South-West,1609
40253095,Girdhari Lal Goswami Marg,secondary,,,,West,1047
42944885,Acharya Shri Tulsi Marg,trunk,2,,paved,South,1752
43307246,Amrapali Marg,secondary,,,asphalt,South-East,1030
43307251,Amrapali Marg,secondary,,,asphalt,South-East,83
43316842,Lal Bahadur Shastri Marg,secondary,2,,asphalt,South,1349
43359324,Mahatma Gandhi Marg,primary,2,,asphalt,South,132
43540177,Africa Avenue,secondary,3,,asphalt,South-West,336
43540280,Lala Lajpat Rai Marg,secondary,,,,South-East,996
43540281,Sher Shah Road,secondary,,,,New Delhi,470
44076162,,secondary,,,,South-West,553
44188368,Mother Teresa Crescent,secondary,2,,asphalt,New Delhi,1834
44257669,Doctor Rajendra Prasad Road,secondary,,,asphalt,New Delhi,576
44277696,,secondary,,,,New Delhi,22
44278220,Shri Maa Anandamai Marg,secondary,,,,South-East,428
44315437,Raj Nagar Flyover,primary,3,,asphalt,South-West,457
44315438,Raj Nagar Flyover,primary,3,,asphalt,South-West,474
44315439,AIIMS Flyover,primary_link,2,,asphalt,South,67
44315440,,primary_link,2,,asphalt,South,272
44315442,AIIMS Flyover,primary_link,,,,South,90
44315443,,primary_link,,,asphalt,South,129
44315448,,primary_link,,,asphalt,South-West,36
44315449,AIIMS Flyover,primary_link,,,,South,221
44315450,AIIMS Flyover,primary,,,asphalt,South,207
44315451,Mahatma Gandhi Marg,primary,4,,asphalt,South-West,364
44315452,,primary_link,,,,South,325
44315455,AIIMS Flyover,primary_link,2,,asphalt,South,128
44315456,AIIMS Flyover,primary,,,asphalt,South,135
44315457,,primary_link,,,asphalt,South,59
44316330,Moolchand Flyover,secondary,,,,South-East,401
44316331,,secondary_link,2,,asphalt,South-East,197
44316332,,secondary_link,2,,asphalt,South,282
44316334,Lala Lajpat Rai Marg,secondary,,,asphalt,South,471
44316335,Josip Broz Tito Marg,secondary,,,asphalt,South,250
44316336,Josip Broz Tito Marg,secondary,2,,asphalt,South,553
44316337,Josip Broz Tito Marg,secondary,,,asphalt,South,69
44316338,Moolchand Underpass,primary,3,,,South-East,78
44316339,Moolchand Underpass,primary,3,,,South,78
44316340,,primary_link,,,,South,55
44316341,Mahatma Gandhi Marg,primary_link,,,asphalt,South,164
44316342,Mahatma Gandhi Marg,primary_link,,,,South,64
44316343,Mahatma Gandhi Marg,primary_link,,,,South,262
44316344,Mahatma Gandhi Marg,primary_link,,,asphalt,South,279
44316345,South Extension Flyover,primary,2,,asphalt,South,528
44316346,Mahatma Gandhi Marg,primary,2,,,South,291
44316347,,primary_link,,,,South,88
44316349,Moolchand Flyover,secondary,3,,asphalt,South,99
44316350,Lala Lajpat Rai Path,secondary,3,,asphalt,South-East,490
44316351,,primary_link,,,,South-East,128
44316352,,primary_link,,,,South-East,84
44317038,Captain Gaur Marg,secondary,,,asphalt,South-East,1232
44317039,Ashram Railway Flyover,primary,2,,asphalt,South-East,126
44317045,Mahatma Gandhi Marg,primary_link,,,asphalt,South-East,307
44317048,,motorway_link,,,,South-East,133
44317049,Mahatma Gandhi Marg,motorway_link,2,,asphalt,South-East,139
44317050,,motorway_link,,,,South-East,637
44317051,,motorway_link,,,,South-East,285
44317052,Mahatma Gandhi Marg,motorway_link,,,asphalt,South-East,275
44317158,Moti Bagh Flyover,primary,3,,,South-West,525
44317159,Moti Bagh Flyover,primary,3,,,South-West,518
44351569,Shanti Path,secondary,,,,New Delhi,281
44351574,,secondary,,,asphalt,New Delhi,78
44351575,Panchsheel Marg,secondary,2,,asphalt,New Delhi,298
44351582,Rotary no 37,secondary,,,asphalt,New Delhi,204
44351583,Rotary 39,secondary,,,asphalt,New Delhi,198
44351585,Rotary 29,secondary,,,asphalt,New Delhi,165
44351586,,secondary,,,asphalt,New Delhi,144
44351587,Panchsheel Marg,secondary,2,,asphalt,New Delhi,243
44351589,Rotary 41,secondary,,,asphalt,New Delhi,177
44351933,Chandragupta Marg,secondary,,,asphalt,New Delhi,1147
44352049,Rajaji Marg,secondary,,,,New Delhi,32
44510002,,secondary,,,,South-West,453
44510003,,secondary,,,,South-West,463
44822752,Noida Road,secondary,,,,East,49
44822756,,secondary,,,,East,15
44822764,Noida Road,secondary,,,asphalt,East,34
44822962,,primary_link,2,,asphalt,North-East,60
44823696,Modi Mill Flyover Ramp,trunk_link,,,,South-East,31
44823697,Modi Mill Flyover Ramp,trunk_link,,,,South-East,179
44823698,Modi Mill Flyover Ramp,trunk_link,,,,South-East,126
44823699,Modi Mill Flyover Ramp,trunk_link,,,,South-East,73
44830361,Netaji Subhash Marg,secondary,2,,asphalt,Central,1748
44831985,Doctor Zakir Hussain Marg,secondary,2,,asphalt,New Delhi,661
44923699,Geeta Colony Road Flyover,secondary,,,,North,239
45171195,,secondary,,,,Dwarka,279
45171229,Ring Road,secondary,,,asphalt,West,965
45171486,Bawana-Kanjhawala Road,secondary,2,,asphalt,Rohini,3307
45734464,Mehrauli Badarpur Road,primary,,,,South,1291
45734465,Mehrauli Badarpur Road,primary,,,,South,1153
47290483,Rd. No. 224,primary,,,,Dwarka,955
47290485,Dwarka-Palam Road,primary,,,asphalt,South-West,496
47290486,Dwarka Flyover,primary,,,,South-West,523
47290489,Dwarka Flyover,primary,,,,South-West,1399
47290491,Dwarka-Palam Road,primary,2,,,South-West,1873
47290494,Dwarka-Palam Road,primary,2,,,South-West,1874
47290501,Yakshini Chowk Underpass,primary,,,,South-West,340
48964551,Rotary Number 49,secondary,,,asphalt,New Delhi,20
48964552,Baba Kharak Singh Marg,secondary,2,,asphalt,New Delhi,622
56723584,Shivaji Marg,secondary,,,asphalt,Dwarka,3576
58360997,,secondary_link,,,,Dwarka,68
59035939,Dwarka Flyover,primary,,,,Dwarka,122
59035954,Central Road,secondary,,,,Dwarka,1456
59035955,Road 201,secondary,,,,Dwarka,893
59035956,,secondary,,,,Dwarka,14
60882614,Auchandi Border Road,primary,2,,paved,Outer North,901
60882632,Bawana Road,primary,,,,Outer North,270
61430851,AIIMS Flyover,primary_link,2,,asphalt,South,49
70202614,,trunk_link,,,,North,200
70214070,Nityanand Marg,secondary,2,,asphalt,North,326
70214078,Nityanand Marg,primary,,,asphalt,North,54
70214082,,trunk_link,,,,North,520
70214088,,trunk_link,,,,North,353
70214098,Nityanand Marg,primary,,,asphalt,North,916
70214101,,trunk_link,,,asphalt,North,77
70214104,Mahatma Gandhi Marg,trunk,,,asphalt,North,211
70214108,,trunk_link,4,,,North,550
70220642,Mahatma Gandhi Marg,trunk,,,,Central,1163
70220643,Vikas Marg,primary,,,,East,685
70220645,ITO Flyover,trunk,,,,Central,273
70220647,ITO Flyover,trunk,,,,Central,484
70220649,,secondary_link,,,,Central,267
70220650,Ring Road,trunk,,,,North,362
70220653,,trunk_link,,,,North,200
70220654,ITO Flyover,trunk,,,asphalt,Central,26
70237512,,trunk_link,,,asphalt,Central,627
70237513,ITO Flyover Ramp,trunk_link,,,,Central,173
70237514,ITO Flyover Ramp,trunk_link,,,,Central,282
70237516,,trunk_link,,,,Central,296
70237518,,trunk_link,,,,Central,48
70237519,ITO Flyover Ramp,trunk_link,,,,Central,78
70237520,,trunk_link,3,,asphalt,Central,342
70237521,,trunk_link,2,,,Central,116
70255387,Vikas Marg,primary,,,,East,583
70255388,Vikas Marg,primary,,,asphalt,Central,104
70255389,Vikas Marg,secondary,,,asphalt,East,118
70255391,Vikas Marg,primary,,,,Central,54
70255392,Vikas Marg,secondary,,,asphalt,Central,82
70255393,Vikas Marg,secondary,,,,Central,53
70255395,Vikas Marg,secondary,2,,asphalt,Central,103
70255398,Vikas Marg,primary,2,,asphalt,Central,120
70255399,Vikas Marg,secondary,,,,East,584
70255400,Sachivalaya Road,secondary,,,,Central,625
70255405,Satyagraha Marg,secondary,,,,Central,576
70255406,Vikas Marg,secondary,2,,asphalt,Central,120
70255407,Vikas Marg,primary,4,,asphalt,East,365
70258948,Mahatma Gandhi Marg,trunk,,,,New Delhi,2802
70258954,Mahatma Gandhi Marg,primary,,,,South-East,487
70258955,Mahatma Gandhi Marg,primary,4,,asphalt,South-East,106
70258956,,trunk_link,,,,South-East,587
70258957,Nizamuddin Road Flyover,trunk,,,,South-East,537
70258960,Mahatma Gandhi Marg,trunk,3,,,South-East,283
70258963,Mahatma Gandhi Marg,primary,3,,asphalt,South-East,330
70258964,,motorway_link,,,,South-East,41
70258965,Mahatma Gandhi Marg,primary,2,,asphalt,South-East,484
70258966,Nizamuddin Railway Station Flyover,trunk,2,,,South-East,450
70534947,Dallupura Marg,secondary,,,asphalt,East,658
70711615,,secondary,,,asphalt,East,74
71435185,DND Flyway,motorway,4,,,South-East,704
71605351,Dadri Road,trunk,,,,East,81
71605370,Dadri Road,trunk,,,,East,62
71605465,Dadri Road,trunk,,,,East,64
72002966,Delhi - Meerut Expressway,motorway,3,,asphalt,East,172
72002968,Delhi - Meerut Expressway,motorway,,,asphalt,South-East,136
72002971,Anand Vihar Railway Terminal Flyover,secondary,2,,asphalt,East,126
72002973,Ghazipur Road,secondary,,,asphalt,Shahdara,1307
72002974,Vivek Vihar Railway Flyover,secondary,1,,asphalt,Shahdara,224
72002985,Major Somnath Marg,secondary,2,,asphalt,Shahdara,1013
72002990,Anand Vihar Railway Terminal Flyover,secondary,2,,asphalt,East,346
72002996,Delhi - Meerut Expressway,motorway,,,asphalt,East,675
74851427,Shivaji Flyover,secondary,,,,Central,543
74851428,Tolstoy Marg,secondary,,,asphalt,New Delhi,450
76702389,Swami Dayanand Marg,primary,,,,East,10
76702776,,secondary,,,,East,414
76702787,National Highway 24 Bypass Flyover,trunk,,,,East,249
76727403,Road Number 57,primary,,,,East,320
76727472,Road Number 57,primary,,,asphalt,East,67
76727572,Ghazipur Road,secondary,2,,asphalt,East,306
76727604,Road Number 57,primary,,,,East,67
76733233,Karkari Mor Flyover,primary,2,,asphalt,East,14
76733280,Road Number 57,primary,2,,asphalt,Shahdara,2160
76834865,Akshardham Flyover,trunk,3,,asphalt,East,292
76834866,Delhi - Meerut Expressway,motorway,3,,asphalt,South-East,363
76834869,Noida Link Road,trunk,,,,East,302
76834871,Dadri Road,trunk,4,,asphalt,East,477
76834872,Delhi - Meerut Expressway,motorway,3,,asphalt,East,793
76834874,,primary_link,2,,asphalt,East,161
76834878,Delhi - Meerut Expressway,motorway,2,,asphalt,East,604
76834879,,trunk_link,,,,East,105
76834883,Delhi - Meerut Expressway,motorway,3,,asphalt,East,32
76834884,Delhi - Meerut Expressway,motorway,,,asphalt,East,632
76834885,,trunk_link,,,,East,307
76834886,Delhi - Meerut Expressway,trunk,,,asphalt,East,79
76834888,,trunk_link,,,,East,214
76834891,Delhi - Meerut Expressway,motorway,3,,asphalt,South-East,600
76834893,Delhi - Meerut Expressway,motorway,3,,asphalt,East,29
76834894,NH24 Bypass,trunk,6,,,East,188
76834897,,trunk_link,,,,East,86
76834898,Delhi - Meerut Expressway,motorway,3,,asphalt,East,270
76834899,Flyover,trunk,,,,East,37
76834900,,trunk_link,,,,East,245
76834904,Flyover,trunk,,,,East,160
76834905,Delhi - Meerut Expressway,motorway,,,asphalt,East,36
76834906,Akshardham Flyover,trunk,4,,asphalt,East,442
76834907,Delhi - Meerut Expressway,trunk,,,asphalt,South-East,134
76834908,Delhi - Meerut Expressway,trunk,4,,asphalt,East,599
76834909,Delhi - Meerut Expressway,motorway,,,asphalt,East,832
76842646,Delhi - Meerut Expressway,motorway,3,,asphalt,East,25
76842647,Delhi - Meerut Expressway,motorway,,,asphalt,East,32
76842648,Delhi - Meerut Expressway,motorway,,,asphalt,East,831
76842649,Delhi - Meerut Expressway,motorway,,,asphalt,East,661
76849140,Kotla Road,secondary,1,,asphalt,East,312
76849148,Khichripur Road,secondary,4,,asphalt,East,674
76849153,Mother Dairy Road,secondary,2,,asphalt,East,111
76849155,Noida Road,secondary,,,,East,52
76849171,Kotla Road,secondary,2,,,East,473
76849177,Noida Road,secondary,,,,East,12
76849181,Swami Dayanand Marg,primary,,,asphalt,East,438
76849195,DND Flyway,motorway,4,,asphalt,South-East,593
76849202,Mother Dairy Road,secondary,2,,asphalt,East,108
76849204,,secondary,1,,asphalt,East,74
76849208,,secondary,,,,East,34
76849218,,secondary_link,,,,East,43
76849228,Ghazipur Road,secondary,3,,asphalt,East,2263
76849232,Swami Dayanand Marg,primary,,,,East,47
76849238,Mother Dairy Road,secondary,3,,,East,429
76849268,,secondary_link,,,,East,53
76849269,Swami Dayanand Marg,primary,,,,East,49
76849289,Khichripur Road,secondary,,,,East,15
76849306,DND Flyway,motorway,4,,asphalt,South-East,594
76849332,Swami Dayanand Marg,primary,2,,asphalt,East,33
76849380,Kotla Road,secondary,2,,asphalt,East,370
76849382,Kotla Road,secondary,1,,asphalt,East,343
76849396,,secondary,,,,East,23
76849415,DND Flyway,motorway,4,,,South-East,717
76849417,Mother Dairy Road,secondary,,,,East,359
76849474,Mother Dairy Road,secondary,,,,East,399
76849496,Delhi - Meerut Expressway,motorway,,,asphalt,East,315
76849515,Noida Road,secondary,,,asphalt,East,20
77004692,,trunk,,,,East,137
77004708,,trunk,,,,East,132
77011092,,trunk_link,,,,East,353
77011103,,trunk_link,2,,asphalt,East,537
77011111,,trunk_link,2,,,East,742
77015779,Jangpura Road Flyover,primary,2,,asphalt,South-East,134
77015802,Jangpura Road Flyover,primary,2,,asphalt,South-East,26
77015815,Jangpura Road Flyover,primary,2,,asphalt,South-East,141
77015834,Jangpura Road Flyover,primary,2,,asphalt,South-East,27
77339655,Mathura Road,primary,3,,asphalt,South-East,494
77339656,Mathura Road,primary,3,,asphalt,South-East,765
77339657,Mathura Road,primary,,,asphalt,South-East,79
77339658,Mathura Road,primary,,,asphalt,South-East,78
77349457,Jangpura Road Flyover,primary,2,,asphalt,South-East,72
77349459,,secondary_link,2,,asphalt,New Delhi,445
77349460,Oberoi Flyover,secondary,3,,asphalt,New Delhi,213
77349463,,secondary_link,,,asphalt,South-East,161
77349464,Lala Lajpat Rai Path,secondary,,,,South-East,212
77349465,,secondary_link,,,,New Delhi,372
77349468,Shri Maa Anandamai Marg,secondary,,,,South-East,91
77349469,Mahatma Gandhi Marg,primary,,,,South-East,310
77349473,Modi Mill Flyover,primary,,,,South-East,192
77349475,Jangpura Road Flyover,primary,2,,asphalt,South-East,70
77349478,,secondary_link,,,,South-East,233
77349483,Mahatma Gandhi Marg,primary,,,,South-East,117
77349484,Outer Ring Road,primary,,,,South-East,373
77349485,Doctor Zakir Hussain Marg,secondary,2,,asphalt,New Delhi,660
77349486,,secondary,,,,South-East,74
77349488,Mathura Road,primary,,,,South-East,273
77349489,Mahatma Gandhi Marg,primary,,,asphalt,South-East,558
77349493,,secondary_link,,,asphalt,South,190
77349496,,secondary_link,,,,South-East,421
77349503,Modi Mill Flyover,secondary,,,,South-East,146
77349507,Lala Lajpat Rai Path,secondary,,,asphalt,South-East,569
77349510,Mahatma Gandhi Marg,primary,,,,South-East,118
77349520,,secondary_link,,,,South-East,60
77349521,Oberoi Flyover,secondary,3,,asphalt,South-East,274
77349522,Lala Lajpat Rai Path,secondary,,,asphalt,South-East,431
77349525,Modi Mill Flyover Ramp,trunk_link,,,,South-East,19
77349527,Oberoi Flyover,secondary,,,asphalt,South-East,212
77349529,,secondary_link,,,asphalt,South-East,68
77349531,Jangpura Road Flyover,primary,2,,asphalt,South-East,73
77349533,Lala Lajpat Rai Path,secondary,,,asphalt,South-East,566
77349535,,secondary_link,,,asphalt,South-East,74
77349537,MP Road,secondary,,,,South-East,278
77349538,Modi Mill Flyover Ramp,trunk_link,,,,South-East,127
77349539,,secondary_link,,,,South,167
77349540,Captain Gaur Marg,secondary,2,,asphalt,South-East,2092
77355791,Archbishop Makarios Marg,secondary_link,1,,asphalt,New Delhi,102
77355792,,secondary,,,,South-East,54
77355793,Archbishop Makarios Marg,secondary_link,,,asphalt,New Delhi,76
77355794,,secondary,,,asphalt,South-East,311
77355795,Archbishop Makarios Marg,secondary_link,,,asphalt,New Delhi,69
77355796,,secondary_link,,,,South-East,84
77355797,Outer Ring Road,primary,,,asphalt,South-East,176
77355798,Kalkaji Flyover,primary,,,,South-East,52
77355799,Shanti Path,secondary,,,asphalt,South-West,880
77355801,Shanti Path,secondary,3,,asphalt,New Delhi,134
77355802,Shanti Path,secondary,,,asphalt,South-West,135
77355803,Kalkaji Flyover,primary,,,asphalt,South-East,514
77355804,Shanti Path,secondary,,,asphalt,New Delhi,142
77355807,,secondary_link,,,asphalt,South-West,35
77355809,Palam Marg,secondary,3,,asphalt,South-West,326
77363919,,trunk_link,,,asphalt,South,24
77363921,,primary,,,,South-West,72
77363924,Khelgaon Flyover,primary,2,,asphalt,South,513
77363925,Outer Ring Road,primary,2,,asphalt,South,434
77363928,IIT Flyover,primary,2,,asphalt,South-West,559
77363930,,primary_link,,,,South-West,54
77363931,Ho Chi Minh Marg,primary,,,,South,665
77363934,Chirag Delhi Flyover,primary,,,asphalt,South,645
77363935,Lala Lajpat Rai Marg,secondary,2,,asphalt,South-East,698
77363936,Rao Tula Ram Marg,primary,,,asphalt,South-West,1597
77363937,Nehru Place Flyover,primary,,,asphalt,South-East,129
77363938,Yakshini Chowk Underpass,primary,,,,South-West,101
77363939,Nehru Place Flyover,primary,,,asphalt,South-East,391
77363941,Ho Chi Minh Marg,primary,3,,asphalt,South,249
77363942,Chirag Delhi Flyover,primary,,,asphalt,South,649
77363943,Outer Ring Road,primary_link,,,asphalt,South-East,373
77363945,,trunk_link,,,asphalt,South-West,40
77363948,Ho Chi Minh Marg,primary,,,asphalt,South,258
77363953,,trunk_link,,,asphalt,South,57
77363954,,secondary,,,,South-West,464
77363957,,primary,,,,South-West,855
77363963,Savitri Flyover,primary,,,asphalt,South,439
77363966,,motorway_link,,,,South-West,141
77363968,Ho Chi Minh Marg,primary_link,,,asphalt,South,363
77363969,,motorway_link,3,,,South-West,148
77363973,,trunk_link,,,asphalt,South-West,87
77363974,Ho Chi Minh Marg,primary_link,,,asphalt,South,502
77363977,Maharishi Dayanand Marg,secondary,,,,South,112
77363979,Yakshini Chowk Underpass,primary,,,,South-West,345
77363987,Aurobindo Marg,trunk,,,asphalt,South,13
77363988,,primary,,,,South-West,435
77363989,Nehru Place Flyover,primary,2,,asphalt,South-East,391
77363990,,secondary_link,,,asphalt,South,106
77363991,August Kranti Marg,secondary,3,,,South,560
77363992,Yakshini Chowk Underpass,primary,,,,South-West,106
77363993,,primary_link,,,asphalt,South,27
77363994,IIT Flyover,primary,2,,asphalt,South,557
77363995,,primary_link,,,asphalt,South,121
77363996,Lala Lajpat Rai Marg,secondary,,,,South-East,1674
77363998,,primary,3,,asphalt,South-West,188
77364002,,secondary_link,,,,South,39
77364005,Ho Chi Minh Marg,primary_link,,,asphalt,South,427
77364006,Josip Broz Tito Marg,secondary,3,,asphalt,South,690
77364007,Ulan Batar Road,primary,,,asphalt,South-West,613
77364010,,motorway_link,,,,South-West,365
77364013,Rao Tula Ram Marg,primary,,,asphalt,South-West,2036
77364016,Khelgaon Flyover,primary,2,,asphalt,South,511
77364020,,primary_link,,,,South,85
77364024,Khelgaon Flyover,primary,2,,asphalt,South,41
77364025,,primary,,,,South-West,382
77364026,,secondary_link,,,,South,81
77364029,Khelgaon Flyover,primary,,,asphalt,South,35
77364030,,motorway_link,,,,South-West,32
77617146,Netaji Subhash Marg,secondary,,,,North,462
77617169,Lothiyan Road,secondary,,,,North,318
77617172,Ring Road,trunk,4,,asphalt,North,1152
77617183,,secondary,2,,asphalt,North,87
77617185,,secondary_link,,,,North,76
77617187,,secondary,,,,North,30
77617191,Kela Ghat Marg,secondary_link,,,,North,133
77617192,,primary,,,,North,50
77617199,Netaji Subhash Marg,secondary,,,asphalt,North,408
77617201,,secondary_link,,,,North,89
77617205,Shyama Prasad Mukherji Marg,secondary,,,,North,1048
77617224,,trunk_link,4,,,North,542
77617230,Kela Ghat Marg,secondary_link,,,,North,122
77617232,Mahatma Gandhi Marg,trunk,,,asphalt,North,264
77617234,,secondary,,,,North,51
77617237,,secondary_link,,,,North,68
77617256,,secondary_link,,,,North,103
77619344,Lothiyan Road,secondary,,,,North,313
77619354,Qutab Road,secondary,,,asphalt,North,338
77619363,Azad Market Road,secondary,,,,North,415
77619368,Qutab Road,secondary,,,asphalt,North,337
77629864,Shaheed Captain Vikram Batra Flyover,trunk_link,,,,North-West,45
77629865,Shaheed Captain Vikram Batra Flyover,trunk_link,,,,Outer North,370
77629866,Mahatma Gandhi Road,secondary_link,,,,North-West,44
77629867,,trunk_link,,,,North-West,396
77629868,Azadpur Flyover,primary,,,,North-West,80
77629872,,secondary,,,,Outer North,70
77629874,Azadpur Flyover,primary,,,,North-West,547
77629876,,secondary_link,,,,North-West,55
77629877,Mahatma Gandhi Road,secondary,,,asphalt,North-West,276
77629878,Mahatma Gandhi Marg,primary,,,,North,27
77629879,Shaheed Captain Vikram Batra Flyover,trunk_link,,,,North-West,519
77629881,Mahatma Gandhi Marg,primary,3,,asphalt,North-West,532
77629882,Doctor KB Hedgewar Marg,trunk,,,,North-West,380
77629885,,trunk_link,,,,North-West,102
77629887,Mall Road,primary,,,,North-West,562
77629890,Arihant Marg,primary,,,,North-West,1237
77629891,Shaheed Captain Vikram Batra Flyover,trunk_link,,,,Outer North,200
77629892,Mahatma Gandhi Road,primary,,,asphalt,North-West,21
77629893,,secondary_link,,,,North-West,71
77629895,Mahatma Gandhi Marg,primary,,,,North-West,47
77629896,Shalimar Bagh Flyover,primary,3,,asphalt,North-West,1462
77629899,Mahatma Gandhi Road,primary,,,,North-West,109
77629900,,secondary,,,,North-West,1029
77629901,,trunk_link,,,,Outer North,282
77629902,,secondary_link,2,,asphalt,North-West,53
77629903,Mahatma Gandhi Marg,primary,2,,asphalt,North-West,898
77629904,Grand Trunk Road,trunk,4,,,Outer North,2162
77629908,,trunk_link,,,,North-West,19
77629909,Mall Road Extension,secondary,,,,North-West,1071
77629911,Mahatma Gandhi Road,primary,2,,asphalt,North,60
77629912,Shaheed Captain Vikram Batra Flyover,trunk_link,,,,North-West,396
77629918,,trunk_link,,,,Outer North,145
77629920,Outer Ring Road,trunk,,,,North-West,146
77629923,Outer Ring Road,trunk,,,,North-West,101
77629924,,secondary,,,,North,90
77629925,Mahatma Gandhi Road,primary,,,asphalt,North-West,72
77629926,,trunk_link,,,,Outer North,86
77629927,,trunk,,,,Outer North,88
77629928,Azadpur Flyover,primary,,,,North-West,548
77629931,Shaheed Captain Vikram Batra Flyover,trunk_link,,,,Outer North,20
77629932,Mahatma Gandhi Marg,primary,,,asphalt,North-West,44
77629936,,trunk,,,,Outer North,89
77629937,Mahatma Gandhi Marg,primary,2,,asphalt,North,740
77629940,,trunk_link,,,,North-West,97
77629941,Outer Ring Road,trunk,,,,North-West,103
77629942,,secondary_link,,,,North-West,369
77629943,,trunk_link,,,,Outer North,100
77629944,Mahatma Gandhi Marg,primary,3,,asphalt,North,1060
77629945,Shaheed Captain Vikram Batra Flyover,trunk,,,,Outer North,131
77629946,,trunk_link,,,,North-West,665
77629947,Shaheed Captain Vikram Batra Flyover,trunk,,,,Outer North,243
77629949,,trunk_link,,,,Outer North,328
77629953,Mahatma Gandhi Marg,primary,,,,South-West,429
77629955,Shaheed Captain Vikram Batra Flyover,trunk,,,,North-West,134
77643332,,primary_link,,,,Outer,56
77643337,,primary,,,,Outer,312
77643342,Outer Ring Road,trunk,,,,Outer,316
77643345,Outer Ring Road,primary,,,,Outer,197
77643349,Wazirpur Flyover,secondary,,,,North-West,98
77643353,Bhagwan Mahavir Marg,secondary,,,,Rohini,4494
77643368,,trunk_link,,,,Outer,93
77643370,Outer Ring Road,primary,,,,Outer,22
77643373,Outer Ring Road,primary,3,,asphalt,West,3003
77643380,Outer Ring Road,primary,,,asphalt,West,359
77643383,Outer Ring Road,primary,,,,Outer,377
77643387,,primary_link,,,,Rohini,47
77643390,New Kanjhawala Link Road,secondary,,,asphalt,Outer,411
77643393,Panjabi bagh Underpass,primary,2,,,West,290
77643395,,trunk_link,,,,Outer,53
77643397,Outer Ring Road,trunk,3,,,North-West,2208
77643398,Outer Ring Road,trunk,3,,,North-West,2214
77643404,Mangolpuri Flyover,trunk,,,,Outer,139
77643406,,trunk_link,,,,Outer,65
77643410,Outer Ring Road,primary,,,,Outer,387
77643412,Outer Ring Road,primary,,,,Outer,195
77643416,Outer Ring Road,trunk,,,,Outer,323
77643417,Bhera Enclave Underpass,primary,,,,Outer,100
77643418,,primary_link,,,,Outer,45
77643424,Mangolpuri Flyover,trunk,,,,Outer,140
77643425,Outer Ring Road,trunk,,,,Outer,317
77643427,Outer Ring Road,primary,,,,Outer,254
77643430,,secondary,,,asphalt,Outer,27
77643432,,trunk_link,,,,Outer,88
77643433,Outer Ring Road Underpass,trunk,,,,Outer,61
77643435,Outer Ring Road,primary,,,,Outer,556
77643436,,primary_link,,,,Outer,51
77643440,Outer Ring Road,trunk,,,,Outer,33
77643442,Outer Ring Road,trunk,,,,Outer,377
77643444,Bhera Enclave Underpass,primary,,,,Outer,99
77643445,,trunk_link,,,,Outer,87
77643448,Outer Ring Road,primary,,,,Outer,264
77643452,Outer Ring Road,trunk,,,,Outer,33
77643454,Outer Ring Road,primary,,,,Outer,344
77643459,Outer Ring Road,primary,,,,Outer,378
77643474,,primary,,,,Outer,679
77645932,,secondary,,,asphalt,West,31
77645935,Shivaji Marg Flyover,secondary,,,,West,556
77645937,Shivaji Marg,secondary,,,asphalt,West,876
77645945,Shivaji Marg,primary,,,asphalt,West,790
77645950,Shivaji Marg,secondary,,,asphalt,West,335
77743760,Wazirpur Flyover,secondary,,,asphalt,North-West,624
77743762,,primary_link,,,,North-West,88
77743763,,primary_link,,,asphalt,North-West,182
77743767,Maharaja Nahar Singh Marg Flyover,secondary,,,,North-West,46
77743784,Prembari Underpass,primary,,,asphalt,North-West,73
77743786,,primary_link,,,,North-West,200
77743787,Prembari Underpass,primary,,,asphalt,North-West,20
77743791,,primary_link,,,,North-West,70
77743792,Mahatma Gandhi Road,primary,,,asphalt,North-West,210
77743793,,primary_link,,,asphalt,North-West,44
77743799,Maharaja Nahar Singh Marg Flyover,secondary,,,,North-West,43
77743802,Wazirpur Flyover,secondary,,,,North-West,629
77743808,Bhagwan Mahavir Marg,secondary,,,asphalt,Rohini,1802
77743815,Mahatma Gandhi Road,primary,,,asphalt,North-West,970
77743816,,primary_link,,,asphalt,North-West,330
77743820,Prembari Underpass,primary,,,asphalt,North-West,127
77743821,Maharaja Nahar Singh Marg Flyover,secondary,,,,North-West,259
77743823,Prembari Underpass,primary,,,asphalt,North-West,136
77743827,,primary_link,,,,North-West,35
77743837,,primary_link,,,,North-West,22
77743846,,primary_link,,,asphalt,North-West,24
77743854,Prembari Underpass,primary,,,asphalt,North-West,22
77743856,Maharaja Nahar Singh Marg Flyover,secondary,,,,North-West,237
77743866,,primary_link,,,asphalt,North-West,18
77743867,Prembari Underpass,primary,,,asphalt,North-West,70
77759935,Lala Jagat Narayan marg,primary_link,,,,North-West,214
77759984,,primary_link,,,,North-West,359
77766225,Punjabi Bagh Chowk,primary,3,,,West,122
77766227,Shri Hans Maharaj Flyover,primary,3,,asphalt,West,133
77766229,,secondary_link,,,,North-West,36
77766230,Shri Hans Maharaj Flyover,primary,3,,asphalt,West,512
77766231,Ring Road,primary,,,asphalt,West,158
77766232,Rani Jhansi Road,secondary,,,asphalt,Central,617
77766233,Panjabi bagh Underpass,primary,2,,,West,104
77766235,Mahatma Gandhi Road,primary,3,,asphalt,North-West,1170
77766236,Ch Brahm Prakash Flyover,primary,2,,asphalt,North-West,611
77766237,Ch Brahm Prakash Flyover,primary,2,,asphalt,North-West,612
77766238,Ring Road,primary,,,asphalt,West,531
77766239,Rohtak Road,primary_link,,,,West,315
77766240,Panjabi bagh Underpass,primary,2,,,West,102
77766241,Rohtak Road,primary,,,,West,336
77766243,,secondary_link,,,,North-West,53
77766245,Britannia Road Underpass,secondary,,,,North-West,209
77766246,,primary_link,,,asphalt,West,42
77766247,Shri Hans Maharaj Flyover,primary,3,,asphalt,West,514
77766248,,secondary_link,,,,North-West,83
77766249,Mahatma Gandhi Road,primary,3,,asphalt,North-West,307
77766250,Rohtak Road,primary,,,,West,304
77766251,Shri Hans Maharaj Flyover,primary,3,,asphalt,West,132
77766252,Mahatma Gandhi Road,primary,3,,asphalt,North-West,299
77766255,Rohtak Road,primary,2,,,West,1060
77766256,Shri Hans Maharaj Flyover,primary,3,,asphalt,West,167
77766257,Guru Harkishan Marg,secondary,,,asphalt,Outer,1667
77766258,,secondary_link,,,,North-West,78
77766259,Rohtak Road,primary,,,,West,3933
77766263,Ring Road,primary_link,,,asphalt,West,361
77766264,Mahatma Gandhi Road,primary,,,asphalt,North-West,37
77766265,Rohtak Road,primary_link,,,,West,321
77766266,Ring Road,primary_link,,,asphalt,West,364
77766268,Mahatma Gandhi Road,primary,,,asphalt,West,35
77769941,Rohtak Road,primary,2,,,West,1062
77769955,Zakhira Flyover,primary,,,,West,218
77769976,Rohtak Road Underpass,secondary,,,asphalt,North,46
77769981,Shivaji Marg,secondary,,,asphalt,West,3989
77769982,,secondary,,,asphalt,West,212
77769984,,secondary,,,asphalt,West,230
77769985,Rohtak Road,primary,,,,West,48
77769986,,secondary,,,,North,37
77769991,Rohtak Road,primary,,,,West,233
77769993,Rohtak Road Underpass,secondary,,,asphalt,North,106
77769994,Rohtak Road Underpass,secondary,,,asphalt,North,102
77769996,New Rohtak Road,primary,,,,Central,1005
77770006,Rohtak Road,secondary,,,,West,529
77770014,,secondary,,,,North,206
77770016,Rohtak Road Underpass,secondary,,,asphalt,North,43
77770030,Zakhira Flyover,primary,,,,Central,1252
77770032,Rohtak Road,primary,,,,West,46
77770034,Road Number 40,secondary,,,asphalt,North,486
77770036,Zakhira Flyover,primary,,,,Central,1251
77770037,Shri Ram Chowk,secondary,,,asphalt,West,74
77852881,,secondary_link,,,,West,72
77852887,Karampura Flyover,secondary,,,,West,303
77852889,Shiv Das Puri Marg,secondary,,,,West,59
77852890,Patel Road,secondary,,,,West,175
77852895,Patel Road,secondary,,,,West,172
77852898,Shiv Das Puri Marg,secondary,,,,West,831
77852900,Karampura Flyover,secondary,,,,West,302
77852901,Shadipur Flyover,secondary,3,,,Central,359
77852908,Shadipur Flyover,secondary,,,,West,361
77852909,Patel Road,secondary_link,,,,West,147
77852915,Patel Road,secondary_link,,,,West,59
77852918,Patel Road,secondary,,,,West,315
77852919,Patel Road,secondary,,,,Central,1155
77852920,,secondary_link,,,,West,75
77852921,Patel Road,secondary,,,,West,231
77860383,Shiv Das Puri Marg,secondary,,,,West,801
77860384,,secondary_link,,,,West,73
77860385,Raja Garden Flyover,primary_link,,,asphalt,West,92
77860386,,primary,,,asphalt,West,294
77860387,,primary,,,asphalt,West,179
77860388,Shiv Das Puri Marg,secondary_link,,,,West,67
77860389,Mahatma Gandhi Marg,primary,,,asphalt,West,133
77860394,,primary,,,asphalt,West,229
77860395,Raja Garden Flyover,primary,3,,asphalt,West,1202
77860396,Club Road Flyover,primary,3,,asphalt,West,278
77860397,,secondary_link,,,,West,83
77860398,Raja Garden Flyover,primary,3,,asphalt,West,792
77860399,Club Road Flyover,primary,3,,asphalt,West,171
77860401,Moti Nagar Flyover,primary,3,,asphalt,West,235
77860402,Club Road Flyover,primary,3,,asphalt,West,289
77860403,Ring Road,secondary,,,asphalt,West,227
77860404,,primary_link,,,asphalt,West,70
77860406,Raja Garden Flyover,primary_link,,,asphalt,West,229
77860407,Mahatma Gandhi Marg,primary,,,asphalt,West,754
77860408,Mahatma Gandhi Road,primary,,,asphalt,West,116
77860409,Mahatma Gandhi Marg,primary,,,asphalt,West,322
77860410,Raja Garden Flyover,primary_link,,,asphalt,West,241
77860411,Raja Garden Flyover,primary_link,,,asphalt,West,59
77860412,Club Road Flyover,primary,3,,asphalt,West,458
77860415,Shiv Das Puri Marg,secondary,,,,West,56
77860419,Mahatma Gandhi Road,primary,,,asphalt,West,114
77860420,Shiv Das Puri Marg,secondary,,,,West,163
77860425,Shiv Das Puri Marg,secondary,,,,West,81
77862360,Mahatma Gandhi Marg Bridge,primary,,,asphalt,West,53
77862367,Mahatma Gandhi Marg,secondary,,,asphalt,West,744
77862369,Mayapuri Chowk,secondary,,,asphalt,West,12
77862370,Mahatma Gandhi Marg,secondary,,,asphalt,West,755
77862372,,secondary_link,,,,West,166
77862373,,secondary_link,,,,West,84
77862374,Mahatma Gandhi Marg Bridge,primary,,,asphalt,West,87
77862375,,secondary_link,,,,West,97
77862377,Mahatma Gandhi Marg,primary,,,asphalt,West,829
77862381,Naraina Flyover,primary,2,,asphalt,West,1283
77862390,Mahatma Gandhi Marg,secondary,,,asphalt,West,84
77862391,Naraina flyover,primary,,,asphalt,West,325
77862392,Mahatma Gandhi Marg,primary,,,asphalt,West,670
77862396,Satguru Ram Singh Marg,secondary,,,,West,2422
77862398,Mahatma Gandhi Marg,primary,,,asphalt,West,671
77862399,Naraina Flyover,primary,2,,asphalt,West,1280
77862400,Mahatma Gandhi Marg Bridge,primary,,,,West,56
77862405,Mahatma Gandhi Marg,primary,,,asphalt,West,72
77862406,Satguru Ram Singh Marg,secondary,,,,West,2311
77862407,Mahatma Gandhi Marg,primary_link,,,,West,295
77862408,Satguru Ram Singh Marg,secondary,,,,West,2062
77862409,Mahatma Gandhi Marg Bridge,primary,,,,West,55
77862411,Mahatma Gandhi Marg,primary,,,asphalt,West,803
77862412,,secondary_link,,,,West,78
77868599,Mahatma Gandhi Marg,primary,3,,asphalt,South-West,936
77868627,Flyover,trunk_link,,,,South-West,35
77868630,,trunk_link,2,,,South-West,275
77868632,,trunk_link,,,,South-West,49
77868634,Dhaula Kuan Flyover,secondary,1,,asphalt,South-West,71
77868639,Dhaula Kuan Flyover,secondary,,,asphalt,South-West,56
77868640,Dhaula Kuan Flyover Ramp,trunk_link,,,,South-West,84
77868644,Flyover,trunk_link,,,,South-West,91
77868646,,primary_link,,,,South-West,152
77868648,,trunk,,,,South-West,221
77868679,,secondary_link,,,,South-West,406
77868682,Vande Mataram Marg,secondary,,,asphalt,New Delhi,3296
77868684,Upper Ridge Road,secondary,,,,South-West,34
77868686,,primary_link,,,,South-West,234
77868688,,trunk_link,,,,South-West,56
77868693,,trunk_link,,,,South-West,42
77868696,Dhaula Kuan Flyover,secondary,2,,asphalt,South-West,226
77868699,,trunk_link,,,,South-West,158
77868770,Dhaula Kuan Flyover Ramp,trunk_link,,,,South-West,29
77868773,Vande Mataram Marg,secondary,,,,New Delhi,561
77868776,,trunk_link,,,,South-West,156
77868778,Dhaula Kuan Flyover Ramp,secondary_link,,,,South-West,35
77868789,,trunk_link,,,,South-West,82
77868792,Upper Ridge Road,secondary,,,,South-West,20
77868793,,secondary,2,,asphalt,South-West,22
77868827,,trunk_link,,,,South-West,409
77881950,Mahatma Gandhi Marg,primary,,,,North-West,50
77881957,Swami Narayan Marg,secondary,,,,North,557
77881961,Grand Trunk Karnal Road,secondary,,,,North,841
77881970,,secondary_link,,,,North,28
77881995,,secondary_link,,,,North,35
77882007,Swami Narayan Marg,secondary,,,,Central,49
77882010,GT Karnal road,secondary,,,,North,42
77882012,,secondary_link,,,,North,30
77882022,GT Karnal road,secondary,,,,North,296
77882024,Lala Jagannath Marg,secondary,,,asphalt,North,306
77882027,,secondary_link,,,,North,81
77882028,Swami Narayan Marg,primary_link,,,,North,58
77882033,Swami Narayan Marg,primary_link,,,,North,86
77882037,Ghanta Ghar Chowk,secondary,,,,North,66
77882040,Ashok Vihar Flyover,secondary,,,,North-West,581
77882055,Mahatma Gandhi Marg,primary,4,,asphalt,North-West,1695
77882056,Swami Narayan Marg Flyover,secondary,,,,North,327
77882058,Azad Market Road,secondary,,,,North,709
77882060,Rani Jhansi Road,secondary,,,,Central,542
77882061,Ashok Vihar Flyover,secondary,2,,,North-West,579
77882065,GT Karnal road,secondary,,,,North,41
77882067,,secondary_link,,,,North,39
77882070,Swami Narayan Marg,secondary,,,,Central,77
77882072,Swami Narayan Marg,secondary,,,,North,269
77882073,Grand Trunk Karnal Road,secondary,,,,North,689
77882079,,secondary_link,,,,North,82
77882081,Swami Narayan Marg Flyover,secondary,,,,North,326
77882082,Lala Jagannath Marg,secondary,,,asphalt,North,297
77885886,,secondary,,,,Central,27
77885887,New Rohtak Road,primary,,,,Central,1392
77885889,Link Road,secondary,,,,New Delhi,595
77885890,,secondary_link,,,asphalt,Central,74
77885892,Rani Jhansi Road,secondary,,,asphalt,Central,217
77885893,,secondary_link,,,asphalt,Central,78
77885894,Deshbandhu Gupta Road,secondary,,,asphalt,Central,408
77885897,Maharaja Nahar Singh Marg,secondary,,,,North,288
77885899,Rani Jhansi Road,secondary,,,asphalt,Central,459
77885900,Maharaja Nahar Singh Marg,secondary,2,,,North-West,1078
77885901,Rani Jhansi Road,secondary,,,,Central,309
77885902,Maharaja Nahar Singh Marg,secondary,,,,North,58
77885905,Rani Jhansi Road,secondary,,,,Central,370
77885906,Deshbandhu Gupta Road,secondary,,,,Central,279
77885907,Maharaja Nahar Singh Marg,secondary,,,,North,381
77885908,,secondary_link,,,asphalt,North,134
77885909,Rani Jhansi Road,secondary,,,,Central,329
77885911,,secondary,,,asphalt,Central,50
77885912,,secondary,,,asphalt,Central,35
77885913,,primary_link,,,,Central,53
77888924,Rohtak Road,trunk,,,,Outer,3010
77888936,Rohtak Road,trunk,3,,asphalt,Outer,3193
77891221,Wazirabad Road,secondary,2,,asphalt,North,123
77891223,Wazirabad Road,secondary,2,,asphalt,North,42
77891224,Wazirabad Road,secondary,2,,asphalt,North,72
77891225,Doctor KB Hedgewar Marg,primary,,,,North,39
77891226,Wazirabad Road,secondary,2,,asphalt,North,73
77891228,Wazirabad Road,secondary,2,,asphalt,North,164
77891229,,secondary,,,,Outer North,71
77891231,,primary_link,2,,asphalt,North,52
77891233,Wazirabad Road,secondary,2,,asphalt,North,137
77891246,,primary_link,2,,asphalt,North,60
77891247,Wazirabad Road,secondary,2,,asphalt,North,31
77891251,Arihant Marg,primary,,,,North-West,729
77891252,,secondary,,,,Outer North,71
77891255,Doctor KB Hedgewar Marg,primary,,,,North,51
77891257,Wazirabad Road,secondary,2,,asphalt,North,166
77891271,,secondary,,,,Outer North,69
77891272,Doctor KB Hedgewar Marg,trunk,6,,,North,2958
77891277,Wazirabad Road,secondary,2,,asphalt,North,31
77891281,Wazirabad Road,secondary,2,,asphalt,North,31
77966567,Ashok Vihar Road,secondary,2,,,North-West,1130
77975260,Swami Narayan Marg,secondary,,,,North,50
77975270,Swami Narayan Marg,secondary,,,,North,928
77975281,Chaudhary Mange Ram Marg,secondary,,,,North-West,766
77975317,Swami Narayan Marg,secondary,,,,North-West,1337
77975339,,secondary,,,,North-West,25
77975404,Swami Narayan Marg,secondary,,,,North,54
77975455,Swami Narayan Marg,secondary,,,,North-West,1006
77975487,,secondary_link,,,,North-West,48
78168076,Mahatma Gandhi Road,secondary,,,asphalt,North-West,267
78168079,,secondary_link,,,,North-West,332
78168081,Mahatma Gandhi Road,primary,,,,North-West,25
78168082,Azadpur Flyover,primary,,,,North-West,79
78175835,,secondary_link,,,,North-West,54
78331464,Grand Trunk Road,trunk,3,,,Outer North,44
78331469,Grand Trunk Road,trunk,3,,,Outer North,46
78331471,Grand Trunk Road,trunk,4,,asphalt,Outer North,723
78331472,,secondary,,,,Outer North,808
78331476,Grand Trunk Road,trunk,3,,,Outer North,47
78331478,Grand Trunk Road,trunk,3,,,Outer North,40
78331479,,secondary,,,,Outer North,40
78331481,,secondary,,,,Outer North,676
78331483,,secondary,2,,,Outer North,3224
78331491,Grand Trunk Road,trunk,4,,,Outer North,2159
78331498,Grand Trunk Road,trunk,3,,,Outer North,417
78331501,Grand Trunk Road,trunk,3,,,Outer North,1113
78331518,,secondary,,,,Outer North,1240
78331523,,secondary,,,,Outer North,775
78331528,,secondary,,,,Outer North,22
78484358,Bawana road,secondary,,,,Outer North,946
78484396,,primary,,,,Rohini,79
78484433,Doctor Kailash Nath Katju Marg,primary,,,,Rohini,419
78484467,,primary,,,,Rohini,78
78484477,,secondary_link,,,,Outer North,233
78484721,Bhagwan Mahavir Marg,secondary,,,,Rohini,1126
78484722,Bhagwan Mahavir Marg,secondary,,,,Rohini,3713
78484723,Bhagwan mahavir marg,secondary,,,asphalt,Rohini,65
78484724,Bhagwan mahavir marg,secondary,,,asphalt,Rohini,66
78595506,Samaypur Underpass,secondary,,,,Outer North,283
78595526,Bawana Road,secondary,1,,,Outer North,21
78595527,Bawana Road,secondary,1,,,Outer North,20
78785336,Arihant Marg,primary,,,,North-West,620
78785551,Arihant Marg,primary,,,,North-West,961
78785610,Arihant Marg,primary,,,,North-West,30
78786221,Arihant Marg,primary,,,,North-West,34
78908385,Kanjhawala road,secondary,,,,Outer,61
78908388,Kanjhawala road,secondary,,,,Outer,63
78908401,Kanjhawala road,secondary,,,,Outer,197
78908415,Kanjhawala road,secondary,,,,Outer,954
78908417,Kanjhawala road,secondary,,,,Outer,202
78908418,,secondary,,,,Outer,661
78908425,Kanjhawala road,secondary,,,,Outer,641
78908426,Kanjhawala road,secondary,,,asphalt,Rohini,1697
80414533,Chelmsford Road,secondary,,,asphalt,Central,744
80414543,,secondary_link,,,,Central,270
80414550,New Delhi Railway Station Flyover,secondary,,,asphalt,Central,202
80414551,New Delhi Railway Station Flyover,secondary,,,,Central,200
80414565,New Delhi Railway Station Flyover,secondary,,,,Central,207
80418065,,secondary,,,asphalt,Central,70
80418096,Jawaharlal Nehru Marg,secondary,,,asphalt,Central,367
80418104,Jawaharlal Nehru Marg,secondary,,,,Central,98
80418119,Asaf Ali Road,secondary_link,,,,Central,103
80418124,Asaf Ali Road,secondary,,,asphalt,Central,840
80418127,Chaman Lal Marg,secondary,,,asphalt,Central,201
80418132,,secondary,,,,Central,33
80418139,Maharaja Ranjeet Singh Marg,secondary,,,asphalt,Central,428
80429808,,secondary_link,,,,Central,63
80429816,Raja Ram Kohli Marg,secondary,,,asphalt,North,324
80429836,,secondary_link,,,,Central,167
80429840,,secondary_link,,,,Central,49
80429849,Jawaharlal Nehru Marg,secondary,,,asphalt,Central,1398
80429916,,secondary_link,,,,Central,61
80439667,Yamuna Marg,secondary_link,,,asphalt,North,538
80499263,Bahadur Shah Zafar Marg,secondary,2,,asphalt,Central,1131
80499271,Sikandra Road,secondary,2,,asphalt,New Delhi,507
80499762,Tilak Marg,secondary,2,,asphalt,New Delhi,1308
80499778,Barakhamba Road,secondary,,,asphalt,New Delhi,480
80499781,,secondary_link,1,,asphalt,New Delhi,73
80499782,Tilak Road,secondary,,,,New Delhi,62
80499783,,secondary,,,,New Delhi,20
80499785,,secondary_link,,,,New Delhi,44
80508233,MP Road,secondary,,,,South-East,361
80508234,C.V. Raman Marg,secondary,2,,asphalt,South-East,512
80508235,Modi Mill Flyover,secondary,,,,South-East,115
80511314,,trunk_link,,,,South-East,135
80511822,Modi Mill Flyover,secondary,,,,South-East,147
80511831,Modi Mill Flyover,primary,,,,South-East,341
80515440,Aurobindo Marg,trunk,3,,,South,250
80515444,Aurobindo Marg,trunk,,,,South,869
80515450,,secondary_link,,,,South,36
80515454,,secondary_link,,,,South,36
80678894,Dabri Gurgaon Road,primary,,,,Dwarka,358
80800277,100 Feet Road,secondary,2,,asphalt,North-East,1687
80921410,,secondary,,,,New Delhi,301
80926759,Panchkuian Road,secondary,3,,asphalt,Central,961
80940711,Shyama Prasad Mukherji Marg,secondary,,,,North,1102
80940717,Shyama Prasad Mukherji Marg,secondary,,,asphalt,North,204
80950062,Lok Kalyan Marg,secondary,,,asphalt,New Delhi,586
80958874,Maharishi Raman Marg,secondary,,,,New Delhi,942
80965165,Baba Gopal Das Sahib Talib Marg,secondary,,,,North,923
81061267,Vikas Marg,primary,4,,asphalt,East,191
81061268,Vikas Marg,primary,,,,East,68
81061270,,motorway_link,2,,asphalt,South-East,594
81061273,Ghazipur Road,secondary,3,,,East,2179
81061277,Vikas Marg,primary,,,asphalt,East,93
81061278,,motorway_link,,,,East,306
81061281,,trunk_link,2,,asphalt,East,267
81061286,,motorway_link,,,,East,50
81061288,,trunk_link,2,,asphalt,East,292
81061291,,motorway_link,,,,East,131
81061292,,trunk_link,,,,East,279
81061293,,motorway_link,2,,,East,49
81061295,,motorway_link,,,,East,131
81061296,Vikas Marg,primary,2,,asphalt,East,1152
81061297,Dadri Road,primary_link,,,,East,408
81061299,,motorway_link,,,,South-East,191
81061303,,motorway_link,,,,South-East,116
81387670,Bikaji Cama Place Flyover,primary,,,asphalt,South-West,515
81511961,,secondary,2,,,South-West,181
83588199,Vir Banda Bairagi Marg,secondary,,,,North,1533
83588200,Road Number 40,secondary,,,asphalt,North,418
83588398,Rao Tula Ram Marg,secondary,,,,South-West,732
83588399,Shanti Path,secondary,,,asphalt,South-West,869
85595486,Nala Road,secondary,3,,,Dwarka,836
89803649,EPDP Marg,secondary,,,,South,1518
93591360,,secondary_link,,,,South-East,293
100967319,Shaheed Bhagat Singh Marg,secondary,,,,West,2280
100967323,Shivaji Marg,secondary,,,asphalt,West,2271
100967326,Najafgarh Road,secondary,,,,West,302
103170712,,trunk,2,,,North-East,315
107182431,Om Mandir marg,secondary,,,,North-West,1241
111287133,Bawana road,primary,,,,Outer North,1596
115513904,Kotla Road,secondary,,,,East,1452
116046166,Kasturba Gandhi Marg,secondary,,,asphalt,New Delhi,171
116046167,Kasturba Gandhi Marg,secondary,2,,asphalt,New Delhi,439
116046168,Kasturba Gandhi Marg,secondary,,,asphalt,New Delhi,492
116046169,Kasturba Gandhi Marg,secondary,2,,asphalt,New Delhi,496
116046171,Okhla Estate Marg Flyover,trunk,,,,South-East,236
116046174,Okhla Estate Marg Flyover,trunk,,,,South-East,194
116431919,Inderprastha Marg,secondary,,,asphalt,Central,74
117162841,Mahatma Gandhi Marg,primary_link,,,,South-West,280
121067085,Mayur Vihar Flyover,trunk,,,,East,201
121067086,Dadri Road,trunk,,,,East,68
121067087,Mayur Vihar Flyover,trunk,,,asphalt,East,779
121067090,,primary,,,,East,1288
123543042,,secondary,2,,,South-West,34
125453679,Panchkuian Road,secondary,,,asphalt,New Delhi,1100
125736541,Sachivalaya Road Flyover,trunk,4,,asphalt,Central,173
125736542,Sachivalaya Road Flyover,trunk,4,,,Central,736
125736543,Sachivalaya Road Flyover,trunk,4,,,Central,751
125736544,Sachivalaya Road Flyover,trunk,,,asphalt,Central,50
125736545,Sachivalaya Road Flyover Ramp,trunk_link,,,,Central,478
125736547,Sachivalaya Road Flyover Ramp,trunk_link,,,,Central,119
130987222,Bhairon Marg,secondary,,,,New Delhi,429
132087597,,secondary_link,2,,,South,181
134070572,Nala Road,secondary,,,,Dwarka,591
134492403,Underpass,motorway_link,,,,South-West,346
134492404,Exit 22,motorway_link,1,,,South-West,647
134492405,Underpass,motorway_link,,,,South-West,123
135372279,,primary_link,,,,South-East,52
135372960,,trunk_link,,,,South,126
135373870,,trunk_link,,,asphalt,South,86
135465291,Acharya Shri Tulsi Marg,trunk,2,,asphalt,South,286
135468816,GD Birla Marg,secondary,,,,South-East,1057
135468819,Amrapali Marg,secondary,,,asphalt,South-East,777
135468821,Amrapali Marg,secondary,,,,South-East,89
135468822,Amrapali Marg,secondary,,,,South-East,89
135468826,Amrapali Marg,secondary,,,asphalt,South-East,85
135468828,GD Birla Marg,secondary,,,,South-East,1064
141597589,,primary_link,,,,South-West,62
150401885,Aurobindo Marg,trunk,3,,asphalt,South,511
150409381,,secondary,2,,asphalt,New Delhi,94
150409382,Teen Murti Marg,secondary,2,,asphalt,New Delhi,218
150409383,Teen Murti Marg,secondary,2,,asphalt,New Delhi,318
150409384,Teen Murti Marg,secondary,2,,asphalt,New Delhi,316
151707194,Swami Narayan Marg,secondary,,,,North,754
151710926,Kanjhawala road,secondary,,,,Rohini,1910
152234808,Sant Shri Nagpal Marg,secondary,4,,asphalt,South,3281
154180965,Dabri Palam Road,primary,2,,,Dwarka,1766
154353378,Deen Dayal Upadhyay Road,secondary,,,asphalt,Central,56
154354144,Lala Ramcharan Aggarwal Chowk,secondary,,,asphalt,Central,17
154355886,Bahadur Shah Zafar Marg,secondary,2,,asphalt,Central,128
154355889,Netaji Subhash Marg,secondary,2,,asphalt,Central,1088
154356516,Deen Dayal Upadhyay Road,secondary,,,asphalt,Central,1541
155786310,Shankar Road,secondary,,,,New Delhi,974
163701397,,secondary_link,,,,Central,50
163701405,,secondary_link,,,,Central,129
163701408,Asaf Ali Road,secondary_link,,,asphalt,Central,72
163701414,,secondary_link,,,,Central,159
164040613,Ashok Vihar Road,secondary,,,,North-West,1109
164040698,Maharaja Nahar Singh Marg,secondary,2,,,North-West,1712
164461740,Lajwanti Flyover,secondary,,,,West,23
164461742,Pankha Road Flyover,primary,,,,South-West,581
164461743,Delhi Cantonment Railway Junction Flyover,primary,,,,West,753
164461744,Lajwanti Flyover,secondary,,,,West,523
164702317,Aurangzeb Road,secondary,,8,asphalt,South-East,1062
164702318,Eastern Avenue,secondary_link,,,,South-East,52
164702327,,secondary_link,,,,South-East,77
164702337,Maulana Mohamed Ali Jauhar Marg,secondary,,,asphalt,South-East,613
164702351,Kalindi Kunj Road,secondary,,,,South-East,41
164702882,,primary_link,,,asphalt,South-East,66
164702910,,primary_link,,,,South-East,69
164779419,,secondary_link,,,asphalt,South-East,55
164782719,Jawaharlal Nehru Marg,secondary,,,,Central,60
164782721,,secondary_link,,,asphalt,Central,109
164782722,Maharaja Ranjeet Singh Marg,secondary,,,,Central,253
164782727,,secondary_link,,,asphalt,Central,105
164782730,Maharaja Ranjeet Singh Marg,secondary,,,asphalt,Central,427
164801124,,secondary_link,,,asphalt,South-West,79
164801128,,secondary_link,,,asphalt,South-West,89
164823263,,secondary,,,,Dwarka,492
164823272,Najafgarh Bahadurgarh Road,secondary,,,,Dwarka,868
164923748,Chaudhary Mange Ram Marg,secondary,,,,North-West,220
164926428,,secondary_link,,,,North-West,69
164926429,,secondary,,,,North-West,26
164931218,,secondary,,,,Dwarka,71
164934901,Roundabout n°36,secondary,,,asphalt,New Delhi,63
165075356,Shivaji Marg,secondary,,,,Dwarka,157
168322238,,secondary_link,,,,South-East,63
168347620,Maharaja Agrasen Marg,secondary,2,,asphalt,East,738
168870888,Mahatma Gandhi Marg,secondary_link,,,,Central,63
168923897,Mehrauli Badarpur Road,primary,3,,asphalt,South-East,2422
168923899,Mehrauli Badarpur Road,primary,2,,asphalt,South-East,2752
168954887,Burari road,secondary,,,,North,2562
169033823,,secondary,,,,Dwarka,46
169323877,,secondary,2,,,South-West,215
169324593,Mahipalpur Flyover,motorway,4,,,South-West,206
169413591,August Kranti Marg,secondary,,,,South,927
169413608,,secondary_link,,,,South,31
169413610,,primary_link,,,,South,51
169413620,,secondary_link,,,,South,29
169421698,Lala Lajpat Rai Path,secondary,3,,asphalt,South-East,476
169421715,Lala Lajpat Rai Path,secondary,,,,South-East,120
169421720,,secondary_link,,,asphalt,South-East,144
169421728,Defence Colony Flyover,secondary,,,asphalt,South-East,200
169421732,Lala Lajpat Rai Path,secondary,,,,South-East,109
170455027,Mathura Road,trunk,3,,,South-East,900
170455123,,primary,1,,asphalt,South-East,55
170455124,,trunk_link,2,,asphalt,South-East,88
170455126,,trunk_link,2,,asphalt,South-East,259
170455130,,trunk_link,3,,asphalt,South-East,157
170455136,,trunk_link,2,,asphalt,South-East,243
170455149,,trunk_link,2,,asphalt,South-East,52
170455156,Mathura Road,primary,2,,asphalt,South-East,831
170455169,,trunk_link,2,,asphalt,South-East,92
170455186,,primary,2,,asphalt,South-East,104
170455193,,primary,2,,asphalt,South-East,143
170455201,,trunk_link,2,,asphalt,South-East,62
170455204,Mathura Road,primary,2,,asphalt,South-East,1043
170455218,,primary_link,2,,asphalt,South-East,110
170455224,,primary,2,,asphalt,South-East,178
170455232,,trunk_link,2,,asphalt,South-East,148
170460549,Mehrauli Badarpur Road,primary,,,,South,465
170460550,Badarpur Railway Underpass,primary_link,2,,asphalt,South-East,76
170460551,Badarpur Railway Underpass,primary_link,1,,asphalt,South-East,78
170460552,Mehrauli Badarpur Road,primary,2,,asphalt,South-East,1404
170460553,Mehrauli Badarpur Road,primary,,,,South-East,304
170460554,Badarpur Railway Underpass,primary_link,2,,asphalt,South-East,55
170767281,,trunk_link,3,,asphalt,South-East,130
170767283,Baba Banda Singh Bahadur Setu,trunk,3,,asphalt,South-East,2980
170767284,Baba Banda Singh Bahadur Setu,trunk,3,,asphalt,South-East,3586
170767285,Barapullah Road,trunk,3,,asphalt,South,573
170767286,,trunk_link,3,,asphalt,South-East,269
170767287,Mahatma Gandhi Marg,primary,,,,South-East,230
170938115,Delhi - Meerut Expressway,motorway,,,asphalt,East,314
170938116,Delhi - Meerut Expressway,motorway,,,asphalt,East,675
170938117,Delhi - Meerut Expressway,motorway,,,asphalt,East,453
170938124,Shivaji Marg,secondary,,,asphalt,East,853
170938125,Road Number 57,secondary_link,,,asphalt,East,62
170938149,Ghazipur Underpass,secondary,,,asphalt,East,104
170938159,Ghazipur Underpass,secondary,,,asphalt,East,104
170938173,Pragati Marg,secondary,,,asphalt,East,411
170938174,Pragati Marg,secondary,2,,asphalt,East,918
170938210,Ghazipur Underpass,secondary,,,asphalt,East,274
170938211,Ghazipur Underpass,secondary,,,asphalt,East,274
170938227,Ghazipur Underpass,secondary,,,asphalt,East,177
170938228,Ghazipur Underpass,secondary,,,asphalt,East,176
170938253,Noida Road,secondary,,,asphalt,East,646
171493042,,primary_link,,,asphalt,Rohini,23
171500947,,secondary,,,asphalt,Outer,1898
171500951,,secondary,,,asphalt,Outer,1894
171500952,,secondary,,,asphalt,Outer,47
171500997,Britannia Road Underpass,secondary,,,,North-West,87
171501035,Britannia Road Underpass,secondary,,,,North-West,88
171501103,,secondary_link,,,asphalt,Outer,48
171501114,,secondary_link,,,asphalt,North-West,41
171501157,Britannia Road Underpass,secondary,,,asphalt,North-West,217
171501169,Britannia Road Underpass,secondary,,,,North-West,206
171505921,Rani Jhansi Road,secondary,,,,North,42
171505922,Rani Jhansi Road,secondary,,,,North,42
171505923,Rani Jhansi Road,secondary,,,,Central,505
171505924,Rani Jhansi Road,secondary,,,,North,107
171505928,Rohtak Road,trunk,4,,,Outer,1745
171505929,Rohtak Road,trunk,3,,,Outer,5769
171505930,Rohtak Road,trunk,3,,,Outer,54
171505931,Rohtak Road,trunk,3,,,Outer,42
171505932,Nangloi Flyover,trunk,2,,,Outer,1035
171505933,Nangloi Flyover,trunk,2,,,Outer,1035
171505934,Rohtak Road,trunk,3,,,Outer,455
171505935,Rohtak Road,trunk,3,,,Outer,489
171505944,,secondary,,,,North,23
171505945,Samaypur Underpass,secondary,,,,Outer North,89
171505947,Samaypur Underpass,secondary,,,,Outer North,84
171505954,,secondary,,,,Outer North,629
171508002,,secondary_link,,,,North,55
171518053,Kanjhawala road,secondary,,,,Outer,948
171518074,,secondary,,,,Outer,609
171539220,Mahatma Gandhi Marg,primary,,,,South-West,598
171539228,Mahatma Gandhi Marg,primary,,,asphalt,South-West,1580
171539235,,secondary_link,,,asphalt,West,83
171539236,,secondary_link,,,asphalt,West,63
171539237,,secondary_link,,,asphalt,West,51
171539239,,secondary_link,,,asphalt,West,77
171708712,Bawana road,primary,,,,Outer North,458
171708713,Bawana road,primary,,,,Outer North,513
171719018,,trunk,2,,asphalt,Outer North,1794
171719022,Bawana road,primary,,,asphalt,Outer North,879
171719024,,secondary,,,asphalt,Outer North,1701
171719029,Bawana Road,primary,2,,asphalt,Outer North,1333
171719030,,secondary,,,asphalt,Outer North,1712
171719031,,trunk,2,,asphalt,Outer North,222
171719072,Delhi Road,primary,,,asphalt,Outer North,229
171719098,,trunk,2,,asphalt,Outer North,446
171719144,Bawana Road,primary,2,,asphalt,Outer North,443
171719154,,trunk,2,,asphalt,Outer North,267
171719155,,trunk,2,,asphalt,Outer North,272
171719166,,trunk,2,,asphalt,Outer North,518
171719171,,trunk,2,,asphalt,Outer North,518
172380601,,trunk_link,2,,asphalt,South-East,279
172701715,Mathura Road,trunk,,,,South-East,1963
172701717,,primary,2,,asphalt,South-East,25
173946378,,primary,,,,Dwarka,129
175769881,Delhi-Dehradun Expressway,motorway,3,,asphalt,Shahdara,1183
175769882,Delhi-Dehradun Expressway,motorway,3,,asphalt,Shahdara,1179
175769883,Delhi-Dehradun Expressway,motorway,3,,asphalt,East,591
175769884,Delhi-Dehradun Expressway,motorway,3,,asphalt,East,517
175769885,Delhi-Dehradun Expressway,motorway,2,,asphalt,Shahdara,74
175769886,Delhi-Dehradun Expressway,motorway,2,,asphalt,Shahdara,135
175769887,Delhi-Dehradun Expressway,motorway,2,,asphalt,Shahdara,539
175769888,Delhi-Dehradun Expressway,motorway,3,,asphalt,East,646
175769895,,secondary,2,,asphalt,Shahdara,24
175769896,Swami Dayanand Marg,secondary_link,2,,asphalt,East,59
175769897,Geeta Colony Road Flyover Ramp,trunk_link,2,,asphalt,Central,178
175769900,Geeta Colony Road Flyover Ramp,trunk_link,2,,asphalt,North,222
175769901,Ring Road,trunk,4,,asphalt,Central,1988
175769906,,trunk_link,3,,asphalt,Central,555
175769907,Geeta Colony Road Flyover Ramp,trunk_link,2,,asphalt,North,253
175769909,Geeta Colony Road Flyover Ramp,trunk_link,2,,asphalt,Central,310
175769911,Geeta Colony Road Flyover,secondary,2,,asphalt,North,93
175769912,Geeta Colony Road Flyover,secondary,2,,asphalt,North,90
175769913,Bhartendu Harish Chandra Marg,secondary,2,,asphalt,Shahdara,1273
175769920,Bhartendu Harish Chandra Marg,secondary,2,,asphalt,Shahdara,29
175769921,,secondary_link,2,,asphalt,Shahdara,444
175769922,Patparganj Road,secondary,,,asphalt,East,232
175769924,Geeta Colony Road Flyover Ramp,trunk_link,2,,asphalt,Central,51
175769926,,secondary_link,2,,asphalt,Shahdara,47
175769927,SDM Court Flyover Ramp,secondary_link,2,,asphalt,Shahdara,27
175769928,,secondary_link,2,,asphalt,Shahdara,69
175769929,Geeta Colony Road Flyover Ramp,trunk_link,2,,asphalt,North,54
175769930,,secondary_link,2,,asphalt,Shahdara,223
175769931,Geeta Colony Road Flyover Ramp,trunk_link,2,,asphalt,Central,61
175769932,,secondary_link,2,,asphalt,Shahdara,68
175769934,,secondary,2,,asphalt,East,1090
175769935,Master Plan Road,secondary,2,,asphalt,Shahdara,1552
175769936,,trunk_link,3,,asphalt,Central,86
175769937,,secondary_link,,,,North,39
175769938,,trunk_link,3,,asphalt,Central,182
175769939,,secondary,2,,asphalt,North,535
175769940,,trunk_link,3,,asphalt,Central,123
175769941,,trunk_link,3,,asphalt,North,96
175769943,,secondary,2,,asphalt,North,486
175769945,,trunk_link,3,,asphalt,North,254
175769946,Geeta Colony Road Flyover Ramp,trunk_link,2,,asphalt,North,101
175769947,,trunk_link,3,,asphalt,North,325
175769953,,secondary,2,,asphalt,Shahdara,569
175769954,,trunk_link,3,,asphalt,North,182
175769956,,secondary_link,2,,asphalt,Shahdara,429
175769958,Vikas Marg,primary,4,,asphalt,East,106
175774706,,secondary,2,,,North-East,427
175774708,,trunk,2,,,North-East,382
175774713,,trunk,2,,,North-East,445
175774714,Shahdara Flyover,trunk,2,,,Shahdara,426
175774717,Shahdara Flyover,trunk,2,,,Shahdara,205
175774718,,secondary,2,,asphalt,Shahdara,330
175774721,,trunk_link,1,,asphalt,Central,44
175774722,,trunk_link,1,,asphalt,Central,41
175774730,Keshav Chowk Underpass,secondary,2,,asphalt,North-East,57
175774735,Keshav Chowk Underpass,secondary,2,,asphalt,North-East,57
175774737,Keshav Chowk Underpass,secondary,2,,asphalt,North-East,73
175774742,Swami Dayanand Marg,primary,2,,asphalt,Shahdara,553
175774744,Keshav Chowk Underpass,secondary,2,,asphalt,North-East,72
175774745,Road Number 57,primary,2,,asphalt,Shahdara,267
175774746,Road Number 57,primary,2,,asphalt,Shahdara,266
175774747,,trunk_link,2,,asphalt,North-East,54
175774748,,trunk_link,1,,asphalt,Central,107
175774749,,primary_link,2,,asphalt,Shahdara,88
175774752,,primary_link,2,,asphalt,Shahdara,160
175774754,,primary_link,2,,asphalt,Shahdara,100
175774756,,primary_link,2,,asphalt,North-East,130
175774758,,trunk_link,2,,asphalt,North-East,255
175774760,GT Road,primary,2,,asphalt,Shahdara,289
175774762,,secondary,2,,asphalt,North-East,325
175774763,,primary_link,2,,asphalt,North-East,115
175774765,,primary,2,,asphalt,North-East,333
175800191,Aradhak Marg,secondary,,,asphalt,Shahdara,733
175800196,Aradhak Marg,secondary,,,asphalt,Shahdara,1645
175800210,Mahatma Gandhi Marg,trunk_link,,,,North,285
175800212,Mahatma Gandhi Marg,secondary,,,asphalt,North,765
175800218,Mahatma Gandhi Marg,secondary,3,,asphalt,Central,1255
175800219,Hanuman Mandir Flyover,trunk,,,,North,26
175800220,Mahatma Gandhi Marg,secondary,,,,Central,762
175800226,Hanuman Mandir Flyover,trunk,,,asphalt,North,199
175800227,Hanuman Mandir Flyover,secondary,,,,North,202
175800233,Mahatma Gandhi Marg,secondary,,,,North,202
175800236,Shahdara Flyover,trunk,2,,,Shahdara,2046
175800237,Shahdara Flyover,trunk,2,,,Shahdara,2044
175800244,GT Road,trunk,2,,,Shahdara,506
175800250,,trunk,2,,,North-East,430
175800253,G.T Road,trunk,2,,,Shahdara,570
175800255,G.T Road,trunk,2,,,Shahdara,537
175800258,Shahdara Flyover,trunk,2,,,Shahdara,204
175800261,Shahdara Flyover,trunk,2,,,Shahdara,436
175800263,GT Road,trunk,3,,,Shahdara,614
175800265,GT Road,primary,2,,asphalt,Shahdara,424
175800283,GT Road,primary,3,,asphalt,Shahdara,339
175800298,Ring Road,trunk,4,,asphalt,North,349
175800313,,secondary_link,2,,asphalt,East,55
175800315,,primary_link,2,,asphalt,Shahdara,58
175800327,,primary_link,2,,asphalt,Shahdara,52
175800364,,secondary,2,,asphalt,Shahdara,41
175800401,,secondary,2,,asphalt,Shahdara,56
175803863,Loni Road,trunk,2,,asphalt,North-East,2184
175803866,Loni Road,trunk,2,,asphalt,Shahdara,847
175803867,Delhi-Dehradun Expressway,motorway,3,,asphalt,North-East,284
175803869,Delhi-Dehradun Expressway,motorway,3,,asphalt,North-East,2356
175803876,Ring Road,trunk,4,,asphalt,North,31
175803885,Ring Road,trunk,4,,asphalt,North,37
175803902,,secondary,,,asphalt,Shahdara,69
175803907,Jafrabad Main Road,secondary,2,,asphalt,North-East,3506
175803908,Jafrabad Main Road,secondary,2,,asphalt,North-East,3731
175803909,Delhi-Dehradun Expressway,motorway,3,,asphalt,North-East,1162
175803910,Delhi-Dehradun Expressway,motorway,3,,asphalt,North-East,1992
175803912,,trunk,3,,asphalt,North-East,1161
175803918,Shahdara Flyover,primary,2,,asphalt,Shahdara,63
175803936,,secondary,2,,asphalt,Shahdara,40
175803939,,trunk_link,,,asphalt,Shahdara,28
175803947,,trunk,3,,asphalt,North-East,1328
175803948,,secondary,2,,asphalt,Shahdara,34
175803968,,primary,2,,asphalt,Shahdara,51
175803979,Maharaj Surajmal Marg,secondary,2,,asphalt,Shahdara,1366
175803980,Jhilmil Railway Underpass,secondary,2,,asphalt,Shahdara,186
175803981,,trunk_link,,,asphalt,Shahdara,30
175803983,Maharaja Agrasen Marg,secondary,2,,asphalt,East,747
175803988,,secondary_link,2,,asphalt,North-East,61
175803996,GT Road,secondary,,,asphalt,Shahdara,424
175804014,GT Road,secondary,,,asphalt,Shahdara,422
175804023,,secondary_link,2,,asphalt,North-East,53
175804030,,trunk_link,2,,asphalt,North-East,68
175804031,,trunk_link,2,,asphalt,North-East,82
175804036,,trunk_link,2,,asphalt,North-East,68
175804037,Wazirabad Road,trunk,2,,asphalt,North-East,446
175804038,Wazirabad Road,trunk,2,,asphalt,North-East,443
175804039,,secondary_link,2,,asphalt,Shahdara,48
175804045,,trunk_link,2,,asphalt,North-East,79
175804048,Shastri Park Flyover,trunk_link,,,asphalt,North-East,185
175804059,Shahdara Flyover,primary,2,,asphalt,Shahdara,1007
175804062,Shahdara Flyover,primary,2,,asphalt,Shahdara,1007
175804066,Wazirabad Road,secondary,2,,asphalt,North-East,689
175804067,Wazirabad Road,secondary,2,,asphalt,North-East,619
175804068,Wazirabad Road,trunk,2,,asphalt,North-East,965
175804069,Wazirabad Road,trunk,2,,asphalt,North-East,1892
175804070,Wazirabad Road,secondary,2,,asphalt,North,477
175804072,Wazirabad Road,secondary_link,2,,asphalt,North-East,34
175804073,Wazirabad Road,trunk,2,,asphalt,North-East,357
175804075,Wazirabad Road,secondary_link,2,,asphalt,North-East,36
175804080,Delhi Loni Road Flyover,trunk,2,,asphalt,North-East,473
175804081,Delhi Loni Road Flyover,trunk,2,,asphalt,North-East,448
175804082,GT Road,trunk,2,,,Shahdara,506
175804084,Wazirabad Road,trunk,2,,asphalt,North-East,355
175804085,Wazirabad Road,secondary_link,2,,asphalt,North-East,226
175804086,Wazirabad Road,secondary_link,2,,asphalt,North-East,286
175804087,Wazirabad Road,trunk,2,,asphalt,North-East,201
175804088,Wazirabad Road,trunk,2,,asphalt,North-East,110
175804089,Wazirabad Road,secondary_link,2,,asphalt,North-East,579
175804092,GT Road,trunk,3,,,Shahdara,391
175804093,Wazirabad Road,trunk,2,,asphalt,North-East,323
175804095,Wazirabad Road,secondary,2,,asphalt,North-East,394
175804096,Wazirabad Road,secondary,2,,asphalt,North-East,412
175804097,Wazirabad Road,secondary_link,2,,asphalt,North-East,576
176159962,Kalindi Kunj Road,secondary,1,,concrete,South-East,418
176159963,Maulana Mohamed Ali Jauhar Marg,secondary,,,,South-East,909
176159964,Maulana Mohamed Ali Jauhar Marg,secondary,,,asphalt,South-East,559
176159970,,secondary,,,,South-East,20
176159973,MP Road,secondary,,,,South-East,37
176159974,MP Road,secondary,,,,South-East,16
176162161,Palam Marg,primary,,,,South-West,545
176162168,,secondary_link,,,,South-West,75
176162170,,secondary_link,,,,South-West,91
176162171,,secondary_link,,,,South-West,82
176162172,,secondary_link,,,asphalt,South-West,89
176466566,Vande Mataram Marg,secondary,,,asphalt,New Delhi,1275
176466568,Shanker Road,secondary,,,asphalt,Central,30
176492654,Maharishi Raman Marg,secondary,,,asphalt,New Delhi,1033
176492655,Bhishma Pitamah Marg,secondary,3,,asphalt,South,128
176492656,Bhishma Pitamah Marg,secondary,3,,,South,125
176492657,Bhishma Pitamah Marg,secondary,3,,,South,127
176492658,Tughlaq Road,secondary,,,asphalt,New Delhi,609
176492659,Barapullah Road Flyover,trunk,,,,South,48
176492661,Lala Lajpat Rai Path,secondary,,,,South-East,183
176492663,,secondary,2,,asphalt,East,442
176492664,,motorway_link,,,,South-East,217
176492668,,motorway_link,,,,South-East,39
176492669,,secondary,2,,asphalt,Shahdara,69
176492675,Jhilmil Railway Underpass,secondary,2,,asphalt,Shahdara,68
176492677,Maharaja Agrasen Marg Underpass,secondary,2,,asphalt,East,41
176492681,Maharaja Agrasen Marg Underpass,secondary,2,,asphalt,East,42
176492682,Jhilmil Railway Underpass,secondary,2,,asphalt,Shahdara,69
176492685,,motorway_link,,,,South-East,39
176492686,,secondary,2,,asphalt,Shahdara,70
176492739,Girdhari Lal Goswami Marg Flyover,secondary,,,,West,243
176492768,Bhartendu Harish Chandra Marg,secondary,2,,asphalt,Shahdara,2119
176492776,Maharaj Surajmal Marg,secondary,2,,asphalt,Shahdara,2034
176492778,Girdhari Lal Goswami Marg Flyover,secondary,,,,West,342
176492780,Jhilmil Railway Underpass,secondary,2,,asphalt,Shahdara,217
176492787,,motorway_link,2,,,East,326
176496279,,motorway_link,,,,South-East,221
176496280,,motorway_link,,,,South-East,426
176847215,,secondary,,,,North,7
176941211,,trunk_link,,,,South,16
187980745,Central Road,secondary,,,,Dwarka,68
187980749,Central Road,secondary,,,,Dwarka,40
187980759,Central Road,secondary,,,,Dwarka,39
187980776,Shivaji Marg Flyover,secondary,,,asphalt,West,440
187980781,Shivaji Marg Flyover,secondary,,,asphalt,West,438
187993673,Northern Access Road,secondary,4,,asphalt,South-West,465
187993675,,primary,,,,South-West,26
187993682,,secondary_link,,,asphalt,South-West,238
187993686,,motorway_link,,,,South-West,182
188146359,Old Delhi Gurgaon Road,secondary_link,,,asphalt,South-West,41
188616223,Mathura Road,primary,,,asphalt,South-East,690
189259374,,primary_link,,,asphalt,South,24
189430873,,secondary,,,asphalt,Dwarka,226
189430897,,secondary_link,,,,Dwarka,35
189430909,,secondary_link,,,,Dwarka,103
189430910,,secondary_link,,,,Dwarka,80
189430913,,secondary_link,,,,Dwarka,84
189430914,,secondary_link,,,,Dwarka,86
189430916,,secondary_link,,,,Dwarka,82
189430918,,secondary_link,,,,Dwarka,94
189430920,Road 201,secondary,,,,Dwarka,903
189430928,,secondary_link,,,,Dwarka,88
189430932,,secondary_link,,,,Dwarka,97
189430938,Road 201,secondary,,,,Dwarka,1255
189447691,,secondary,,,,Dwarka,184
189447705,,secondary,,,,Dwarka,1148
189447707,,secondary,,,asphalt,Dwarka,1695
189447736,,secondary,,,asphalt,Dwarka,47
189447751,,secondary,,,,Dwarka,22
189447753,,secondary_link,,,,Dwarka,124
189447771,,secondary,,,,Dwarka,22
189447778,,secondary,,,asphalt,Dwarka,46
189447849,,secondary_link,,,,Dwarka,40
189447863,,secondary_link,,,,Dwarka,79
189447869,,secondary_link,,,,Dwarka,74
189447892,,secondary_link,,,asphalt,Dwarka,40
189447910,,secondary_link,,,,Dwarka,90
189447914,,secondary_link,,,,Dwarka,75
189447935,,secondary_link,,,,Dwarka,54
189447937,,secondary_link,,,,Dwarka,89
189447960,,secondary_link,,,,Dwarka,81
189447967,,secondary_link,,,,Dwarka,87
189447982,,secondary,,,,Dwarka,77
189450647,,secondary,,,,Dwarka,1749
189450655,,secondary_link,,,,Dwarka,86
189586865,,secondary,4,,asphalt,Outer North,2793
189586899,,secondary,4,,asphalt,Outer North,336
189586988,,secondary_link,4,,asphalt,Outer North,98
189591732,Urban Extension Road-II,trunk,3,,asphalt,Outer North,1084
189594699,,secondary,,,asphalt,Outer North,1811
189594701,,secondary,,,asphalt,Outer North,1952
189594702,,secondary,,,asphalt,Outer North,4218
189598821,,trunk,2,,asphalt,Outer North,1804
189610307,Mahatma Gandhi Marg,primary,,,asphalt,North,735
189610310,Mahatma Gandhi Marg,primary,,,asphalt,North,734
189610312,Signature Bridge Ramp,trunk_link,2,,asphalt,North,280
189610313,Signature Bridge Ramp,trunk_link,3,,asphalt,North,411
189610314,,primary_link,,,asphalt,North,68
189610315,,primary_link,,,asphalt,North,45
190261048,Delhi-Gurugram Expressway,motorway,4,,,South-West,277
190261052,Delhi-Gurugram Expressway,motorway,4,,,South-West,278
190261055,Delhi-Gurugram Expressway,motorway,4,,asphalt,South-West,378
190261057,Delhi-Gurugram Expressway,motorway,4,,asphalt,South-West,213
190261065,,secondary,3,,,South-West,138
190261066,,motorway_link,3,,,South-West,40
190261068,,motorway_link,,,,South-West,96
190261069,,secondary,3,,,South-West,443
190261071,,secondary,,,,South-West,387
190261073,,secondary,3,,,South-West,596
190261077,,secondary_link,3,,,South-West,50
190278386,,secondary_link,2,,asphalt,South-West,40
190278387,Masoodpur Flyover,primary,2,,asphalt,South-West,663
190278389,,secondary_link,2,,asphalt,South-West,110
190278390,Nelson Mandela Marg,primary_link,,,asphalt,South-West,36
190278391,Nelson Mandela Marg,primary_link,2,,asphalt,South-West,54
190297425,Nelson Mandela Marg,primary,,,asphalt,South-West,369
190297426,,primary_link,,,asphalt,South-West,264
190307548,Palam Marg,secondary,3,,asphalt,South-West,246
190307552,Munirka Flyover,primary,3,,asphalt,South-West,1209
190307554,Munirka Flyover,primary,3,,asphalt,South-West,230
190307558,Munirka Flyover,primary,3,,asphalt,South-West,984
190307559,,primary_link,,,asphalt,South-West,39
190307560,Palam Marg,primary,3,,asphalt,South-West,457
190307561,,secondary_link,,,,South-West,42
190323373,August Kranti Marg,secondary,3,,asphalt,South,300
190323374,August Kranti Marg,secondary,,,,South,269
190323375,August Kranti Marg,secondary,,,,South,336
190333630,Aruna Asaf Ali Marg,secondary,3,,asphalt,South-West,546
190333631,Aruna Asaf Ali Marg,secondary,2,,asphalt,South-West,887
190333632,Aruna Asaf Ali Marg,secondary,3,,asphalt,South-West,283
190333633,Aruna Asaf Ali Marg,secondary,3,,asphalt,South-West,286
190333634,Vedant Deshika Marg,secondary,2,,asphalt,South-West,566
190333635,Aruna Asaf Ali Marg,secondary,2,,asphalt,South-West,319
190333636,Aruna Asaf Ali Marg,secondary,2,,asphalt,South-West,16
190333637,,secondary_link,,,asphalt,South-West,48
190333638,,secondary_link,2,,asphalt,South-West,50
190333639,Aruna Asaf Ali Marg,secondary,2,,asphalt,South-West,10
190333640,Aruna Asaf Ali Marg,secondary,3,,asphalt,South-West,107
190333641,Aruna Asaf Ali Marg,secondary,3,,asphalt,South-West,1336
190333642,Aruna Asaf Ali Marg,secondary,3,,asphalt,South-West,1336
190358329,Bharthal Railway Underpass,trunk,,,,Dwarka,149
190358330,Bharthal Railway Underpass,trunk,,,,South-West,147
191204882,August Kranti Marg,secondary,3,,,South,582
191204883,Maharishi Dayanand Marg,secondary,,,,South,168
191204884,Pandit Trilok Chandra Sharma Marg,secondary,3,,asphalt,South,373
191204885,Pandit Trilok Chandra Sharma Marg,secondary,3,,asphalt,South,33
191204886,Pandit Trilok Chandra Sharma Marg,secondary,3,,asphalt,South,34
191204887,Pandit Trilok Chandra Sharma Marg,secondary,2,,,South,868
191204888,,secondary_link,2,,asphalt,South,63
191204889,,secondary_link,2,,asphalt,South,60
191204895,,secondary_link,,,asphalt,South,99
191207568,,primary_link,,,asphalt,South,42
191207573,,primary_link,,,asphalt,South,77
191229318,Okhla Estate Marg,secondary,2,,asphalt,South-East,189
191229319,Okhla Estate Marg,secondary,2,,asphalt,South-East,1530
191229320,Sarita Vihar Okhla Underpass,secondary,2,,asphalt,South-East,557
191229321,Sarita Vihar Okhla Underpass,secondary,2,,asphalt,South-East,555
191229322,,secondary,2,,asphalt,South-East,371
191229323,Shri Maa Anandamai Marg,secondary,2,,asphalt,South-East,436
191229324,Sarita Vihar Okhla Underpass,trunk_link,,,,South-East,46
191229328,Okhla Estate Marg Flyover,trunk_link,,,,South-East,19
191229331,Ma Anandmayee Marg,secondary,,,,South-East,2649
191229338,,secondary_link,2,,asphalt,South-East,69
191229340,Okhla Estate Marg Flyover,trunk_link,,,,South-East,61
191229341,,secondary_link,2,,asphalt,South-East,86
191229342,Sarita Vihar Okhla Underpass,trunk_link,,,,South-East,65
191229345,,trunk_link,,,,South-East,67
191229346,,secondary_link,2,,asphalt,South-East,98
191229347,Okhla Estate Marg Flyover,trunk_link,,,,South-East,118
191229348,Sarita Vihar Okhla Underpass,trunk_link,,,,South-East,98
191229350,,trunk_link,,,,South-East,283
193824811,Urban Extension Road-II,trunk,3,,asphalt,Dwarka,736
194271811,Urban Extension Road-II,trunk,3,,asphalt,Dwarka,1936
195207623,Kirby Place Junction,primary,,,asphalt,South-West,10
195207624,Cariappa Marg,primary,,,,South-West,38
195207626,Cariappa Marg,primary,,,,South-West,421
195207629,Pankha Road,primary,,,,South-West,548
195207630,Pankha Road,primary,,,,South-West,516
195207631,Pankha Road,primary,,,,South-West,510
195207633,Pankha Road,primary,,,,West,1570
198065394,Rohtak Road,trunk,4,,,Outer,1756
198065397,Rohtak Road,primary,,,,Outer,112
202645528,Mathura Road,trunk,,,,South-East,2380
202645529,Mathura Road,primary,,,,South-East,250
202664155,Panchkuian Road,secondary,,,,New Delhi,240
202664784,Rohtak Road,primary,3,,asphalt,West,2240
202664785,Zakhira Flyover,primary,,,,West,136
202664787,Panjabi bagh Underpass,primary,2,,,West,311
202671156,,trunk_link,,,,South-West,58
202671157,,trunk_link,3,,,South-West,149
202671158,,trunk_link,,,,South-West,137
202671159,,secondary_link,,,asphalt,South-West,52
202672558,,primary,2,,asphalt,South,14
202672559,Abdul Gaffar Khan Marg,primary,3,,asphalt,South-West,1300
202672560,Anuvrat Marg,trunk,3,,asphalt,South,804
202675176,Mahatma Gandhi Marg,primary,2,,asphalt,South-East,492
202675706,Mahatma Gandhi Marg,primary_link,2,,,South-East,283
202678360,Nizamuddin Railway Station Flyover,trunk,,,,South-East,92
202762524,Doctor KB Hedgewar Marg,trunk,4,,asphalt,North,1854
202762525,Mahatma Gandhi Road,trunk,,,,North,884
202769062,Azadpur Underpass,primary_link,,,,North-West,275
202769063,Mahatma Gandhi Marg,secondary,,,,North-West,256
202769064,GT Road,secondary,,,,North-West,869
202770673,Azadpur Underpass,primary_link,,,,North-West,53
202770674,Azadpur Underpass,primary_link,,,,North-West,284
202770675,Azadpur Underpass,primary_link,,,,North-West,276
202770762,Azadpur Underpass,primary_link,,,asphalt,North-West,52
202770842,Azadpur Underpass,primary_link,2,,asphalt,North-West,23
202797125,Mahatma Gandhi Marg,motorway_link,2,,,South-East,196
202800229,Defence Colony Flyover,secondary,3,,asphalt,South,520
202800230,Lala Lajpat Rai Path,secondary,3,,asphalt,South-East,267
202800231,Defence Colony Flyover,secondary,,,asphalt,South-East,198
202800232,Defence Colony Flyover,secondary,3,,asphalt,South-East,512
202800233,,trunk_link,2,,asphalt,South-East,626
202800235,,trunk_link,2,,asphalt,South-East,83
202800236,,trunk_link,2,,asphalt,South-East,74
202800241,,primary_link,,,,South-East,96
202800242,,trunk_link,2,,asphalt,South-East,320
202801080,Delhi - Meerut Expressway,motorway,,,asphalt,East,721
202801081,Delhi - Meerut Expressway,motorway,3,,asphalt,East,320
202801082,Flyover,trunk,2,,,East,209
202801083,Delhi - Meerut Expressway,motorway,3,,asphalt,East,320
202801084,Flyover,trunk,2,,,East,209
202801085,Flyover,trunk,2,,,East,255
202801086,Flyover,trunk,3,,,East,331
202801087,Delhi - Meerut Expressway,motorway,3,,asphalt,East,421
202802687,,trunk_link,,,,East,97
202830263,Sham Nath Marg,primary,2,,asphalt,North,1223
202830264,Mahatma Gandhi Marg,primary,,,asphalt,North,57
202830265,Sham Nath Marg,secondary,2,,asphalt,North,896
202969533,Shivaji Marg,secondary,,,,Dwarka,3505
202970027,Pankha Road,primary,,,,West,971
202971398,,primary_link,,,asphalt,West,154
202972474,Shivaji Marg,secondary,,,,Dwarka,160
202973001,Shivaji Marg,secondary,,,,Dwarka,2274
202974527,Najafgarh Daurala Road,primary,,,,Dwarka,2266
202979956,Urban Extension Road-II,trunk,3,,asphalt,Dwarka,1248
202980175,Urban Extension Road-II,trunk,3,,asphalt,Dwarka,1269
202981468,Urban Extension Road-II,trunk,3,,asphalt,Outer,819
203589999,Dwarka Expressway,motorway,4,,asphalt,Dwarka,391
203598790,Dwarka Flyover,primary_link,,,,South-West,172
203598791,Dwarka Flyover,primary_link,,,,South-West,174
203598792,Rao Tula Ram Marg,primary,,,,South-West,554
203598793,Road Number 201,primary,,,,Dwarka,605
203598794,Dwarka Flyover,primary_link,,,,South-West,141
203598795,Road No. 201,secondary,3,,,Dwarka,1055
203598796,Dwarka Flyover,primary_link,,,,South-West,98
203599258,,primary,2,,asphalt,Dwarka,245
203599263,,primary_link,2,,asphalt,South-West,41
203599264,,primary_link,2,,asphalt,South-West,79
203599265,,primary_link,2,,asphalt,South-West,62
203599266,,primary_link,2,,asphalt,Dwarka,34
203599270,,primary,2,,asphalt,Dwarka,258
204980192,Bawana road,primary,,,,Outer North,1193
204980200,Palla-Bakhtawar Pur road,secondary,,,,Outer North,2770
204980206,Palla Bakhtawarpur road,secondary,,,,Outer North,539
205771482,,motorway_link,3,,,South-West,394
205771483,Delhi-Gurugram Expressway,motorway,4,,,South-West,1480
205771485,Mahipalpur Flyover,motorway,4,,,South-West,1729
206138925,Bawana - Auchandi Border Road,primary,2,,paved,Outer North,544
211144686,Delhi-Dehradun Expressway,trunk,3,,asphalt,East,659
211144687,Delhi-Dehradun Expressway,trunk,3,,asphalt,East,224
211144688,Delhi-Dehradun Expressway,trunk,3,,asphalt,East,222
211144689,Noida Link Road,trunk,,,asphalt,East,311
211189672,Udhyog Marg Flyover,secondary,,,,East,27
211191570,Mayur Vihar Phase1 Flyover,trunk,,,asphalt,East,414
211191571,Mayur Vihar Phase1 Flyover,trunk,3,,asphalt,East,252
211191572,Mayur Vihar Phase1 Flyover,trunk,3,,asphalt,East,277
211191574,Mayur Vihar Flyover,trunk,,,,East,199
211191575,Mayur Vihar Flyover,trunk,3,,asphalt,East,781
211191576,Mayur Vihar Flyover,trunk,3,,asphalt,East,204
211191577,Dadri Road,trunk,,,asphalt,East,347
211191578,Dadri Road,trunk_link,,,,East,78
211191580,Mayur Vihar Phase1 Flyover,trunk,3,,asphalt,East,308
211191581,,primary,,,,East,1274
211193239,,secondary_link,,,asphalt,East,805
211674430,Shivaji Marg,secondary,,,,Dwarka,2246
213153043,G.T.B Road,secondary,2,,paved,Shahdara,932
217294886,Bawana-Kanjhawala Road,secondary,2,,paved,Outer North,1035
217294887,Bawana-Kanjhawala Road,secondary,2,,asphalt,Outer North,112
217294888,Bawana-Kanjhawala Road,secondary,2,,asphalt,Outer North,9
220711849,Urban Extension Road-II,trunk,3,,asphalt,Dwarka,908
220711851,Urban Extension Road-II,trunk,3,,asphalt,Dwarka,617
228423376,Grand Trunk Road,trunk,3,,,Outer North,961
231992720,,secondary,,,asphalt,South-East,1781
235103563,,secondary,,,,Dwarka,614
235115521,Chaudhary Mange Ram Marg,secondary,,,,North-West,536
235115528,Pandit Lekkhram Sharma Marg,secondary,,,,North-West,10
239364440,Rohtak Road,trunk,3,,asphalt,Outer,3182
243056159,Swami Dayanand Marg,secondary,2,,asphalt,Shahdara,411
243056161,Road Number 57,primary,2,,asphalt,Shahdara,1280
243056163,Karkari Mor Flyover,primary,2,,asphalt,Shahdara,28
243056166,Master Plan Road,secondary,2,,asphalt,Shahdara,1628
243063626,Khichripur Road,secondary,,,,East,11
243063627,Khichripur Road,secondary,,,asphalt,East,139
243063629,,secondary,,,,East,635
243063630,,secondary,2,,asphalt,Shahdara,506
243348153,Satguru Ram Singh Marg,secondary,,,,West,2306
256583522,Anuvrat Marg,trunk,3,,asphalt,South,769
256583524,Acharya Shri Tulsi Marg,trunk,2,,asphalt,South,303
256583538,Carterpuri Road,secondary,,,asphalt,South-West,1066
258236660,Sarita Vihar Okhla Underpass,trunk_link,,,,South-East,86
258237309,Mathura Road,trunk,,,asphalt,South-East,1866
258237311,Okhla Estate Marg Flyover,trunk,,,,South-East,31
258237312,Okhla Estate Marg Flyover,trunk_link,,,,South-East,197
258237313,Mathura Road,trunk,,,,South-East,2873
258237314,Okhla Estate Marg Flyover,trunk_link,,,,South-East,90
258900791,Dabri Mor Flyover,primary,2,,,West,510
258901182,Dabri Mor Flyover,primary,,,,West,802
258902098,Dabri Mor Flyover,primary,,,,West,95
258902099,Dabri Mor Flyover,primary,,,,West,203
258902100,Dabri Mor Flyover,primary_link,,,,West,131
258902101,Dabri Mor Flyover,primary,,,,West,205
258902102,Dabri Mor Flyover,primary,,,,West,71
259022070,Nangloi road,primary,,,,Outer,2093
259022071,Nangloi road,primary,,,,Outer,18
259022074,Nangloi road,primary,,,,Outer,2548
261665826,,secondary,,,,Outer,452
261665828,Mundka Underpass,secondary,,,,Rohini,133
261665831,Mundka (ranikheda) Underpass,secondary,,,,Outer,126
261666397,Mundka Underpass,secondary_link,,,,Rohini,107
263455946,,primary_link,,,,West,83
263455953,,primary_link,,,asphalt,West,56
263456933,Outer Ring Road,primary,3,,asphalt,West,3001
263819666,Shivaji Marg,secondary,,,,Dwarka,443
263819671,Shivaji Marg,secondary,,,asphalt,Dwarka,43
264711057,,trunk,,,,South-West,158
264916239,,trunk_link,2,,asphalt,Central,310
265032208,Aurobindo Marg,secondary,3,,asphalt,South,378
265747902,Barapullah Road Flyover,trunk,,,,South,198
265847404,Underpass,primary_link,2,,asphalt,South,168
265847408,Underpass,primary_link,2,,asphalt,South,163
265847409,Underpass,primary_link,2,,,South,84
265903505,,secondary,,,,South,42
265903506,Bhishma Pitamah Marg,secondary,3,,,South,812
265927771,Shankar Road,secondary,,,,Central,900
265940883,August Kranti Marg,secondary,,,asphalt,South,1251
265940884,,primary_link,,,,South,76
266776805,Acharya Shri Tulsi Marg,trunk,2,,,South,6540
266823652,,secondary,,,,North,24
267446576,Raisina Road,secondary,,,asphalt,New Delhi,300
267505725,Jawaharlal Nehru Marg,secondary_link,,,,Central,62
268013659,,trunk_link,,,,East,52
268013660,,trunk_link,,,,East,85
268481509,,secondary,,,,Outer North,19
268481717,,secondary,,,,Outer North,15
268481765,,secondary,,,,Outer North,609
275449086,Max Mueller Marg,secondary,2,,asphalt,New Delhi,10
277860241,Dilshad Garden Underpass,secondary,,,asphalt,Shahdara,252
277860242,Dilshad Garden Underpass,secondary,,,asphalt,Shahdara,96
277860245,Dilshad Garden Underpass,secondary,,,asphalt,Shahdara,97
277860247,Dilshad Garden Underpass,secondary,,,asphalt,Shahdara,252
277860250,Dilshad Garden Underpass,secondary,,,asphalt,Shahdara,239
277860251,Dilshad Garden Underpass,secondary,,,asphalt,Shahdara,154
277860252,Dilshad Garden Underpass,secondary,,,asphalt,Shahdara,166
277860253,Dilshad Garden Underpass,secondary,,,asphalt,Shahdara,176
277860255,Dilshad Garden Underpass,secondary,,,asphalt,Shahdara,213
277860257,Dilshad Garden Underpass,secondary,,,asphalt,Shahdara,237
277860388,,secondary,2,,paved,Shahdara,192
277860409,Tahirpur Road,secondary,2,,paved,Shahdara,1143
277860439,,secondary,2,,paved,Shahdara,98
277886172,Aradhak Marg,secondary,,,asphalt,Shahdara,475
277886176,Aradhak Marg,secondary,,,asphalt,Shahdara,1612
277886268,Road No 56,secondary,,,asphalt,Shahdara,802
277886272,Vivek Vihar Railway Flyover,secondary,,,asphalt,Shahdara,44
277886279,Anand Vihar Railway Terminal Flyover,secondary,,,asphalt,Shahdara,185
277886282,Anand Vihar Railway Terminal Flyover,secondary,,,asphalt,Shahdara,291
277886292,Anand Vihar Railway Terminal Flyover,secondary,,,asphalt,Shahdara,77
277886298,Ghazipur Road,secondary,,,asphalt,Shahdara,695
277886348,Major Somnath Marg,secondary,2,,asphalt,Shahdara,1532
277886385,New Seemapuri Road,secondary,2,,paved,Shahdara,1095
277886391,,secondary,,,asphalt,Shahdara,27
277886488,,secondary_link,,,paved,Shahdara,10
277886496,,secondary_link,,,paved,Shahdara,23
277886502,,secondary_link,,,paved,Shahdara,30
277886566,,secondary_link,,,paved,Shahdara,22
277886589,,secondary_link,,,paved,Shahdara,10
277886662,,secondary_link,,,asphalt,Shahdara,40
277886746,,secondary_link,,,paved,Shahdara,28
277886838,Major Somnath Marg,secondary,,,paved,Shahdara,8
277886894,,secondary_link,,,asphalt,Shahdara,48
278046577,Maulana Mohamed Ali Jauhar Marg,secondary,,,,South-East,920
278178762,Shri Pardeshwar Dharam Mandir Marg,secondary,,,,North-West,1041
278178764,Pandit Lekkhram Sharma Marg,secondary,,,asphalt,North-West,423
278178765,Guru Harkishan Marg,secondary,,,asphalt,North-West,1509
278178768,Shri Pardeshwar Dharam Mandir Marg,secondary,,,,North-West,302
278178769,Britannia Road Underpass,secondary,,,asphalt,North-West,216
278577241,Rotary Number 51,secondary,,,,New Delhi,36
278577243,Bangabandhu Sheikh Mujib Road,secondary,,,asphalt,New Delhi,537
278577251,Rotary Number 51,secondary,,,,New Delhi,41
278977030,Najafgarh Bahadurgarh Road,secondary,,,,Dwarka,3370
278977032,Najafgarh Bahadurgarh Road,secondary,,,,Dwarka,38
278977033,Najafgarh Bahadurgarh Road,secondary,,,,Dwarka,866
279306795,Dwarka Flyover,primary_link,,,,South-West,191
280421234,,secondary,,,asphalt,South-East,126
280421239,Shri Maa Anandamai Marg,secondary,,,,South-East,699
280421240,,secondary,,,,South-East,30
287653320,Fourth Avenue Road,secondary,,,asphalt,South,87
287658616,Barapullah Road Flyover,trunk,3,,,South,84
287658618,Barapullah Road Flyover,trunk,,,,South,45
287658619,Barapullah Road Flyover,trunk,3,,asphalt,South,521
287870802,Mehrauli Badarpur Road,primary,2,,asphalt,South-East,1781
290039455,,primary_link,,,,North,45
290116490,,trunk_link,2,,,North,123
290116492,Signature Bridge Ramp,trunk_link,2,,asphalt,North,199
290136036,Doctor KB Hedgewar Marg,trunk_link,,,,North,599
290137949,Doctor KB Hedgewar Marg,trunk,4,,asphalt,North,1801
290137950,Wazirabad Flyover,trunk,3,,,North,611
290137952,Wazirabad Flyover,trunk,3,,,North,566
290137953,Wazirabad Flyover,trunk,,,,North,148
290137955,Signature Bridge Ramp,trunk_link,,,,North,363
290137957,Doctor KB Hedgewar Marg,trunk,,,,North,103
290137958,Doctor KB Hedgewar Marg,trunk_link,,,asphalt,North,214
290137959,Signature Bridge Ramp,trunk_link,,,,North,174
290137960,Wazirabad Flyover,trunk_link,,,,North,249
290681550,,secondary_link,,,,Dwarka,130
290681553,,primary,,,,West,113
290763137,Shri Pardeshwar Dharam Mandir Marg,secondary,,,,North-West,738
290763138,Pandit Lekkhram Sharma Marg,secondary,,,,North-West,495
292171517,Shyama Prasad Mukherji Marg,secondary,,,,North,37
292171518,Shyama Prasad Mukherji Marg,secondary,,,,North,39
292171520,Shyama Prasad Mukherji Marg,secondary,,,asphalt,North,221
293091496,Grand Trunk Road,trunk,3,,,Outer North,320
293091497,,trunk,,,,North-West,112
293530130,Bahadur Shah Zafar Marg,secondary,2,,asphalt,Central,1077
293530131,,trunk_link,,,,Central,222
293530132,,secondary,,,asphalt,New Delhi,557
293530134,Lala Ramcharan Aggarwal Chowk,secondary,,,asphalt,Central,17
293531858,Jawaharlal Nehru Marg,secondary,,,,Central,14
293544334,,trunk,,,,Dwarka,83
293544337,,trunk_link,3,,asphalt,Dwarka,362
293544339,,secondary,,,,Dwarka,184
293544341,Road 224,secondary,,,,Dwarka,947
293545391,,secondary_link,,,asphalt,Dwarka,111
296547465,,secondary,2,,paved,North-East,882
296547467,Tahirpur Road,secondary,2,,paved,Shahdara,970
296547474,Road Number 69,secondary,,,,North-East,315
296547475,Road Number 69,secondary,,,,North-East,317
296547476,,secondary,,,,North-East,926
296547477,,secondary,,,,North-East,38
296547479,,secondary,,,,North-East,911
296550686,Swami Dayanand Marg,secondary,2,,asphalt,Shahdara,441
296550687,Swami Dayanand Marg,secondary,2,,asphalt,East,362
296962753,Signature Bridge Ramp,trunk_link,,,,North,65
296963058,Shahjahan Road,secondary,2,,asphalt,New Delhi,866
296963059,Shahjahan Road,secondary,2,,asphalt,New Delhi,784
296963061,,secondary_link,,,,New Delhi,85
297086687,Mahatma Gandhi Marg,trunk,,,,North,540
297412962,Shanti Swaroop tyagi marg,secondary,2,,asphalt,North-West,935
297417148,Pusta Road,secondary,,,,Outer North,1528
297417393,,secondary,,,,Outer North,243
297417578,,secondary,,,,Outer North,282
297418370,,secondary,,,,Outer North,1176
297419342,,secondary_link,,,,Outer North,55
297420675,,secondary,,,,Outer North,327
297420975,,secondary,,,,Outer North,532
297421300,,secondary,,,,Outer North,686
297421330,,secondary,,,,Outer North,31
297517382,Bawana road,secondary,,,,Outer North,949
300032966,Doctor Kailash Nath Katju Marg,primary,,,,Outer North,51
300032969,Doctor Kailash Nath Katju Marg,primary,3,,,Outer North,64
300034120,Doctor Kailash Nath Katju Marg,primary,3,,,Rohini,78
300034123,Doctor Kailash Nath Katju Marg,primary,2,,asphalt,Rohini,1622
309159543,Satya Marg,secondary,,,,New Delhi,275
309159545,Shanti Path,secondary,,,asphalt,New Delhi,1040
309159546,Satya Marg,secondary,,,,New Delhi,285
309159548,Shanti Path,secondary,,,asphalt,New Delhi,1045
309159552,Rotary 38,secondary,,,,New Delhi,80
309159553,Satya Marg,secondary,,,asphalt,New Delhi,277
309159555,Shanti Path,secondary,,,,New Delhi,283
309159558,Satya Marg,secondary,,,asphalt,New Delhi,283
311742565,Rajesh Pilot Marg,secondary,2,,asphalt,New Delhi,265
311784300,Rotary 14,secondary,,,asphalt,New Delhi,30
312031898,Ashram Railway Flyover,primary,2,,asphalt,South-East,27
312031900,Ashram Railway Flyover,primary,2,,asphalt,South-East,24
312031901,Mahatma Gandhi Marg,primary,2,,asphalt,South-East,58
312031904,Mandir Marg,secondary,2,,,South,845
312031907,,secondary,2,,,South,14
312031912,Josip Broz Tito Marg,secondary_link,2,,,South,36
312126316,Nelson Mandela Marg,primary,3,,asphalt,South-West,653
312126317,Nelson Mandela Marg,primary,,,,South-West,262
312126319,Nelson Mandela Marg,primary,,,asphalt,South-West,1779
312126635,,primary,,,,South-West,324
312127509,Nelson Mandela Marg,primary,3,,asphalt,South-West,242
312264428,,secondary,,,,Dwarka,658
312264430,,secondary,,,,Dwarka,151
313488516,Road 205,secondary,,,,Dwarka,2264
313488522,,secondary,,,,Dwarka,1392
313488529,Dwarka Expressway,motorway,4,,asphalt,Dwarka,383
313541230,Abdul Gaffar Khan Marg,primary,3,,asphalt,South-West,280
313547225,,secondary,,,,South-West,1466
313905499,,primary,,,,Dwarka,31
313905500,Dabri Dwarka Road,primary,,,,Dwarka,1654
314638639,Najafgarh Bahadurgarh Road,secondary,,,,Dwarka,3353
314638640,Najafgarh Dhansa Road,secondary,2,,asphalt,Dwarka,13450
314638641,Najafgarh Dhansa Road,secondary,2,,asphalt,Dwarka,13441
314638654,,secondary,2,,asphalt,Dwarka,2745
314638655,,secondary,2,,asphalt,Dwarka,2733
314926685,Najafgarh Nangloi Road,primary,,,,Dwarka,1180
314926687,Najafgarh Nangloi Road,primary,,,,Dwarka,1180
315610530,Girdhari Lal Goswami Marg,secondary,,,,Central,1811
315610531,Girdhari Lal Goswami Marg,secondary,,,,West,561
317513933,Dichaon Road,primary,,,,Dwarka,219
320353510,Nishadraj Marg,secondary,,,,North,570
320353511,,secondary_link,,,,Central,56
320354819,Mahatma Gandhi Marg,secondary,,,,Central,478
320354820,Mahatma Gandhi Marg,secondary,,,asphalt,Central,1284
352292010,Tahirpur Road,secondary,2,,paved,Shahdara,950
358642618,Urban Extension Road-II,trunk,3,,asphalt,Outer North,1534
358642619,,trunk,3,,asphalt,Outer North,883
358642620,,trunk,3,,asphalt,Outer North,882
358642621,Urban Extension Road-II,trunk,3,,asphalt,Outer North,1312
358642622,Urban Extension Road-II,trunk,3,,asphalt,Outer North,1305
359562295,,secondary_link,,,asphalt,New Delhi,44
359562296,,secondary_link,,,,New Delhi,50
359757123,Kartavya Path,secondary,4,,asphalt,New Delhi,612
360264013,,trunk_link,,,,North,167
361729387,Doctor KB Hedgewar Marg,primary,,,,North,184
361828687,,trunk_link,,,,South-East,161
364876214,Shalimar Bagh Flyover,primary,3,,asphalt,North-West,1454
364876217,Mahatma Gandhi Road,primary,,,asphalt,North-West,169
369826799,,trunk_link,,,,North-East,374
370160291,Burari Road,secondary,,,paved,Outer North,2878
370184260,,secondary,,,,Dwarka,644
370533501,Mustafa Kemal Ataturk Marg,secondary,2,,asphalt,New Delhi,10
370533503,Safdarjung Road,secondary,2,,asphalt,New Delhi,429
370533540,,secondary_link,,,asphalt,New Delhi,63
370533546,,secondary_link,,,,New Delhi,79
370533549,,secondary_link,,,,New Delhi,59
370534204,Shanti Path,secondary,,,asphalt,New Delhi,526
370534205,Shanti Path,secondary,,,asphalt,New Delhi,521
370543236,Aurobindo Marg Flyover,secondary,4,,asphalt,South,528
370543237,Indraprastha Marg,secondary,,,asphalt,Central,499
370543238,,secondary,,,asphalt,New Delhi,15
370543239,Tughlaq Road,secondary,,,,New Delhi,662
370543240,Vikas Marg,secondary,,,asphalt,Central,59
370543241,Vikas Marg,secondary,3,,asphalt,Central,144
370545019,Delhi-Dehradun Expressway,trunk,3,,asphalt,East,421
370545701,Ashoka Road,secondary,2,,asphalt,New Delhi,273
370546886,Safdarjung Road,secondary,,,,New Delhi,209
370546887,Safdarjung Road,secondary,2,,asphalt,New Delhi,8
370753102,Tughlaq Road,secondary,,,,New Delhi,50
370947969,Subramaniyam Bharti Marg,secondary,2,,asphalt,New Delhi,37
374689514,Outer Ring Road,primary,,,,Outer,371
374689515,Outer Ring Road,primary,,,,Outer,264
374689518,,primary,,,,Outer,213
377280467,,secondary_link,2,,asphalt,South,81
377280468,,primary_link,,,asphalt,South-West,77
379890428,Okhla Barrage,secondary,,,asphalt,South-East,568
379890429,Okhla Barrage,secondary,,,asphalt,South-East,567
379890447,,secondary,2,,asphalt,South-East,203
380715574,,secondary,,,,Outer North,52
386439543,,primary,,,,South-West,330
392071131,,primary_link,,,asphalt,South-East,55
392071132,,trunk_link,,,,South-East,75
392071133,,secondary_link,,,,South-East,291
392071134,,secondary_link,,,,South-East,41
395885008,Delhi-Noida Direct Flyway,motorway,4,,asphalt,South-East,328
395885010,Delhi-Noida Direct Flyway,motorway,4,,,South-East,478
395885012,Doctor KB Hedgewar Marg,primary,,,,North,483
395885013,Doctor KB Hedgewar Marg,primary,,,,North,485
395885014,Shaheed Captain Vikram Batra Flyover,trunk,,,,Outer North,238
395885020,Nizamuddin Road Flyover,trunk,,,asphalt,South-East,73
395885021,Mahatma Gandhi Marg,primary,,,,North-West,46
395885022,Mahatma Gandhi Marg,primary,,,,North-West,94
395885023,Mahatma Gandhi Marg,trunk,,,,North,144
395885024,Nizamuddin Railway Station Flyover,trunk,,,,South-East,72
395885025,Mahatma Gandhi Road,trunk,3,,asphalt,North,144
395885043,,trunk,4,,,North,546
395885044,,trunk,4,,,North-East,555
395885045,Shaheed Captain Vikram Batra Flyover,trunk,,,,North-West,112
395885053,,trunk_link,,,,North,223
401538832,,primary_link,2,,asphalt,South,91
403224847,,trunk_link,,,,South,329
403224849,,trunk_link,,,,South,23
408087287,,secondary_link,,,,West,14
408087788,,primary_link,,,,South-West,307
408786140,,secondary,,,,Outer North,34
408786149,,secondary,,,,Outer North,48
408786151,,secondary,,,,Outer North,49
408786156,,secondary,,,,Outer North,14
408786159,,secondary,,,,Outer North,42
408787908,,secondary,,,,Outer North,16
412349571,,secondary,,,,Dwarka,1340
413670784,Najafgarh Kapashera Road,secondary,,,,Dwarka,4151
415785283,,primary,,,,South,11
420187467,,primary_link,,,,Dwarka,12
421741162,Sant Shri Nagpal Marg,secondary,2,,asphalt,South,1333
422134561,,secondary,,,,South-West,921
422769845,,secondary,,,,Outer North,1172
423593939,,primary_link,,,asphalt,South,50
423755491,,secondary_link,,,asphalt,South-West,30
423755579,Africa Avenue,secondary,3,,asphalt,South-West,712
425564951,Chattarpur Main Road,secondary,,,asphalt,South,1717
427196478,Dev Prakash Shastri Road,secondary_link,,,,West,57
427196479,Dev Prakash Shastri Road,secondary_link,,,,West,62
428242223,Baba Banda Singh Bahadur Setu,trunk,3,,asphalt,South-East,667
428242224,,trunk_link,,,asphalt,South-East,73
429114462,,secondary,,,,Outer North,10
429114463,,secondary,,,,Outer North,43
435426351,,secondary_link,,,asphalt,New Delhi,56
435426352,,secondary_link,,,,New Delhi,183
442470201,,secondary_link,,,asphalt,Central,256
446686628,Swami Dayanand Marg,primary,,,,East,435
446686630,,secondary,,,asphalt,East,20
446686631,,secondary,,,asphalt,East,418
446686632,Swami Dayanand Marg,primary,,,,East,33
446686636,Ghazipur Road,secondary,2,,asphalt,East,650
446734301,Road Number 57,primary,,,,East,632
446856065,Sikandra Road,secondary,,,asphalt,New Delhi,53
446856066,Tilak Road,secondary,,,,New Delhi,45
446856067,Doctor Dineshnandini Dalmia Chowk,secondary,,,asphalt,New Delhi,19
446856068,Doctor Dineshnandini Dalmia Chowk,secondary,,,asphalt,New Delhi,20
446920669,Mother Dairy Road,secondary,,,asphalt,East,371
446922580,Vikas Marg,primary,,,,East,1104
446922581,Sikandra Road,secondary,,,asphalt,New Delhi,758
446922582,Tilak Marg,secondary,,,asphalt,New Delhi,1307
446922583,Mandi House Chowk,secondary,,,asphalt,New Delhi,38
446922584,Mandi House Chowk,secondary,,,asphalt,New Delhi,16
446922586,Mandi House Chowk,secondary,,,asphalt,New Delhi,37
446922589,Mandi House Chowk,secondary,,,asphalt,New Delhi,25
446922590,Outer Circle,secondary,4,,asphalt,New Delhi,260
446922591,Outer Circle,secondary,4,,asphalt,New Delhi,21
446923135,Vikas Marg,primary,3,,asphalt,East,58
446923136,Patparganj Road,secondary,,,,East,114
446923137,,secondary,,,,East,480
446954820,Ghazipur Road,secondary,2,,asphalt,East,318
446954821,Ghazipur Road Flyover,secondary,2,,,East,427
446954822,Road Number 57,secondary_link,,,,East,99
446954823,Road Number 57,secondary_link,,,asphalt,East,72
446957208,,primary_link,,,,East,14
446957212,Road Number 57,primary,,,,East,79
447130904,Vikas Marg,primary,,,asphalt,Central,83
447130905,Lala Ramcharan Aggarwal Chowk,secondary,,,asphalt,Central,16
447130906,Bahadur Shah Zafar Marg,secondary,,,asphalt,Central,10
447135852,,secondary,,,,Central,123
447135853,,secondary,,,,New Delhi,73
447141131,Mandi House Chowk,secondary,,,asphalt,New Delhi,26
447141132,Windsor Place,secondary,,,asphalt,New Delhi,111
447141133,Windsor Place,secondary,,,asphalt,New Delhi,39
447141141,Rotary Number 49,secondary,,,asphalt,New Delhi,32
447141143,Bangabandhu Sheikh Mujib Road,secondary,,,,New Delhi,210
447141145,Rotary Number 45,secondary,,,asphalt,New Delhi,20
447141146,Rotary Number 45,secondary,,,,New Delhi,27
447141147,Patel Chowk,secondary,,,asphalt,New Delhi,73
447141148,Patel Chowk,secondary,,,asphalt,New Delhi,43
447141149,Gol Dakkhana Roundabout,secondary,,,asphalt,New Delhi,144
447141150,Gol Dakkhana Roundabout,secondary,,,asphalt,New Delhi,42
447141151,Baba Kharak Singh Marg,secondary,2,,asphalt,New Delhi,632
447141152,Gol Dakkhana Roundabout,secondary,,,asphalt,New Delhi,31
447141154,Rotary Number 49,secondary,,,asphalt,New Delhi,12
447141155,Mother Teresa Crescent,secondary,2,,asphalt,New Delhi,126
447143198,,secondary,,,,East,34
447143201,Rotary Number 45,secondary,,,,New Delhi,47
447280912,,secondary,2,,asphalt,Shahdara,19
447280913,Bhartendu Harish Chandra Marg,secondary,2,,asphalt,Shahdara,26
447602095,Sikandra Road,secondary,,,,New Delhi,83
447602096,Sikandra Road,secondary,2,,asphalt,New Delhi,125
447602097,Swami Dayanand Marg,primary,2,,asphalt,East,70
447602098,,secondary_link,1,,asphalt,New Delhi,88
447654041,Delhi - Meerut Expressway,motorway,,,asphalt,South-East,114
447654042,Lal Bahadur Shastri Marg,secondary,2,,asphalt,South,53
447654044,Delhi - Meerut Expressway,motorway,3,,asphalt,East,373
447654046,Flyover,trunk,,,,East,183
447654047,Delhi - Meerut Expressway,motorway,4,,asphalt,East,567
447654049,Ho Chi Minh Marg,primary_link,,,asphalt,South,222
447654050,Chirag Delhi Flyover,primary,,,,South,33
447654053,,secondary,,,,East,48
447654054,Patparganj Road,secondary,,,,East,41
447654056,Patparganj Road,secondary,,,asphalt,East,267
454514557,Modi Mill Flyover Ramp,trunk_link,,,,South-East,274
454514560,Modi Mill Flyover Ramp,trunk_link,,,,South-East,209
458301238,Baba Banda Singh Bahadur Setu Ramp,trunk_link,2,,asphalt,South-East,58
458301240,,trunk_link,2,,asphalt,South,260
458301242,,trunk_link,2,,asphalt,South,133
458301243,,trunk_link,2,,asphalt,South,81
458301244,,trunk_link,2,,asphalt,South,291
458301245,Baba Banda Singh Bahadur Setu Ramp,trunk_link,2,,asphalt,South-East,229
458301871,,primary_link,,,,East,255
463710731,New Delhi Railway Station Flyover,secondary,,,asphalt,Central,351
463710732,New Delhi Railway Station Flyover,secondary,,,asphalt,Central,351
464265868,Rani Jhansi Flyover,primary,,,,North,1324
472576395,,primary,,,,South-West,268
474761802,,secondary_link,2,,asphalt,South,116
474761805,,secondary_link,,,,South,27
474761806,,secondary_link,,,,South,59
475165720,,secondary,2,,asphalt,North-East,42
475165723,Wazirabad Road,secondary,2,,asphalt,North-East,1333
475165728,Wazirabad Road,secondary,2,,asphalt,North-East,1220
475165730,Wazirabad Road,trunk,2,,asphalt,North-East,174
475165731,Wazirabad Road,trunk,2,,asphalt,North-East,350
475165732,,primary_link,2,,asphalt,North-East,687
478814589,,primary_link,,,,South-West,52
488174447,Cariappa Marg,primary,,,,South-West,24
488174449,Pankha Road,secondary,,,,West,498
488174450,Dabri Mor Flyover,primary_link,,,,Dwarka,26
488174451,,secondary,,,,West,349
488174452,Dabri Mor Flyover,primary_link,,,,Dwarka,185
488174453,Bhagwan Mahavir Marg,primary,,,,West,1836
488174454,Bhagwan Mahavir Marg,primary,,,,West,2001
488174462,Shivaji Marg,primary,,,asphalt,West,392
488174463,Shivaji Marg Flyover,secondary,,,asphalt,West,26
488174464,Shivaji Marg,primary,,,asphalt,West,249
488899431,,secondary_link,2,,asphalt,South,59
488899432,,secondary_link,,,,South,60
492215388,GT Karnal road,secondary,,,,North-West,12
492215389,GT Karnal road,secondary,,,,North,67
492439727,Panchkuian Road,secondary,3,,asphalt,New Delhi,35
492441456,Shivaji Marg,primary,,,asphalt,West,11
492441457,Shivaji Marg,primary,,,asphalt,West,116
501786880,Rohtak Road,secondary,,,,North,454
501786881,Rohtak Road,primary,,,,West,150
502428926,,secondary,,,,North,52
502428929,,secondary,,,,North,38
502428931,,secondary,,,,North,83
502428933,,secondary,,,,North,83
502428934,,secondary,,,,North,37
502428936,Doctor KB Hedgewar Marg,trunk,,,,North-West,648
502428942,Doctor KB Hedgewar Marg,trunk,,,,North-West,345
502428945,Doctor KB Hedgewar Marg,trunk,,,,North,2978
502428949,Doctor KB Hedgewar Marg,trunk,,,,North-West,644
502429503,,secondary,,,,Central,40
502562071,,primary_link,,,,Shahdara,84
502562072,,primary_link,,,,Shahdara,75
502579560,,secondary,,,asphalt,New Delhi,38
502579562,Mother Teresa Crescent,secondary,2,,asphalt,New Delhi,45
502598910,,secondary,,,,West,251
502603705,Lajwanti Flyover,secondary,,,,West,33
502603706,,secondary_link,,,,West,55
502603708,,secondary_link,,,,West,45
502604971,,primary_link,,,,South-West,213
502604972,,primary_link,,,,South-West,29
502609128,,secondary,,,,South-West,186
502609129,,secondary_link,,,,South-West,86
502609131,,secondary,2,,,South-West,798
502609132,,secondary_link,,,asphalt,South-West,66
502625884,,secondary,,,,Rohini,4340
502633718,Harewali Main Road,primary_link,2,,asphalt,Outer North,1531
513964090,,secondary_link,,,,West,45
513964091,,secondary,,,,West,364
513964092,,secondary,,,,West,401
514521566,Outer Ring Road,primary,,,,South-West,1038
514521567,Khelgaon Flyover,primary,,,asphalt,South,35
514521568,Ho Chi Minh Marg,primary_link,,,asphalt,South,193
519172099,Wazirabad Flyover,trunk,,,,North,141
519172101,Wazirabad Flyover,trunk,,,,North,150
519172103,Doctor KB Hedgewar Marg,trunk_link,,,,North,66
519440485,Doctor KB Hedgewar Marg,trunk,,,,North-West,787
519440487,Burari Flyover,trunk,,,,North,159
519440488,Bhalswa Flyover,trunk,,,,North-West,160
519440489,Bhalswa Flyover,trunk,,,,North-West,161
519440490,Doctor KB Hedgewar Marg,trunk,,,,North-West,269
519440491,Doctor KB Hedgewar Marg,trunk,,,,North-West,269
519440492,Bhalswa Flyover,trunk,,,,North-West,268
519440559,,secondary,2,,paved,North,756
519440560,,trunk_link,2,,paved,North,344
519440561,,trunk_link,2,,paved,North,168
519440562,,secondary,2,,paved,North,751
519440564,,secondary,2,,paved,North,141
519440567,,secondary,,,,Outer North,30
519440568,,secondary,2,,paved,Outer North,75
519440569,,trunk_link,2,,paved,North,178
519440573,,secondary,2,,paved,North,43
519440574,,secondary,2,,paved,Outer North,64
519440575,,secondary,,,,Outer North,32
519440580,,trunk_link,2,,paved,North,181
519440584,,secondary,2,,paved,North,1927
519440585,,trunk_link,,,,North,739
519440592,,trunk_link,2,,paved,North,277
519440598,,trunk_link,,,,North-West,68
519440599,,trunk_link,2,,paved,North,172
519440604,,trunk_link,2,,paved,North,292
519440606,,trunk_link,,,,Outer North,293
519440607,,secondary,2,,paved,Outer North,752
519440611,,trunk_link,,,,Outer North,142
519440612,,trunk_link,,,,North-West,629
519440614,,secondary,1,,paved,North,41
519440618,,secondary,2,,paved,North,51
519440619,,secondary,2,,paved,Outer North,2431
519440626,,trunk_link,2,,paved,North,253
519440627,,secondary,2,,paved,Outer North,259
519440630,,secondary,2,,paved,Outer North,253
519444400,Outer Ring Road,primary,2,,asphalt,North-West,1546
519444401,Outer Ring Road,primary,4,,asphalt,North-West,817
519444402,Outer Ring Road,trunk,3,,,North-West,423
519444403,Outer Ring Road,trunk,3,,,North-West,276
519444404,Outer Ring Road,trunk,,,,North-West,747
519444407,Outer Ring Road,trunk,,,,North-West,572
519444408,,primary_link,,,,North-West,23
519445877,Mangolpuri Flyover,trunk,,,,Outer,232
519445878,Mangolpuri Flyover,trunk,,,,Outer,298
519445879,Mangolpuri Flyover,trunk,,,,Outer,233
519445880,Outer Ring Road,trunk,,,,Outer,601
519445881,Mangolpuri Flyover,trunk,,,,Outer,2108
519445882,Mangolpuri Flyover,trunk,,,,Outer,2107
519665076,Outer Ring Road,primary,,,asphalt,West,340
519665080,Outer Ring Road,primary,3,,asphalt,Outer,253
519665087,Outer Ring Road,primary,3,,asphalt,Outer,252
523568279,Savitri Flyover,primary,,,asphalt,South,23
523568281,Nizamuddin Road Flyover,trunk,,,,South-East,78
523568284,Barakhamba Road,secondary,2,,asphalt,New Delhi,599
523568286,Swami Dayanand Marg,primary,2,,asphalt,East,99
523568289,Road Number 57,primary,,,,East,109
523568291,,secondary,,,asphalt,East,11
523568293,Vikas Marg,primary,,,asphalt,East,118
523568295,Road Number 57,primary,,,,East,108
529277806,Girdhari Lal Goswami Marg,secondary,,,,Central,1232
529277807,Girdhari Lal Goswami Marg Flyover,secondary,,,,West,245
532686697,Dwarka Flyover,primary,,,,South-West,857
532693131,IIT Flyover,primary,3,,asphalt,South-West,890
532737410,Outer Ring Road,primary,3,,asphalt,South-East,286
532737411,Outer Ring Road,primary,,,asphalt,South-East,308
532737412,Outer Ring Road,primary,,,asphalt,South-East,154
532737415,Bhakti Vedant Swami Marg,secondary,,,asphalt,South-East,63
532737417,Bhakti Vedant Swami Marg,secondary,,,,South-East,155
532737420,Outer Ring Road,primary,,,asphalt,South-East,604
532737422,IIT Flyover,primary,2,,asphalt,South,111
532737425,Outer Ring Road,primary,,,asphalt,South,11
532737427,Outer Ring Road,primary,,,,South-West,1010
532737429,IIT Flyover,primary,,,asphalt,South-West,888
532737432,Palam Marg,primary,3,,asphalt,South-West,210
532737436,Delhi-Gurugram Expressway,motorway,4,,,South-West,446
532739757,,motorway_link,,,,South-West,190
532739760,Dwarka Flyover,primary,,,,South-West,507
532739767,Road Number 201,primary,,,,Dwarka,604
532739771,Azad Hind Fauj Marg,secondary,,,,Dwarka,84
532739775,Shivaji Marg,secondary,,,asphalt,Dwarka,446
532740517,Delhi-Gurugram Expressway,motorway,5,,,South-West,696
533569870,Abdul Gaffar Khan Marg,primary_link,2,,asphalt,South-West,701
533569871,Abdul Gaffar Khan Marg,primary,2,,asphalt,South-West,18
537797266,Janpath,secondary,2,,asphalt,New Delhi,342
537797267,Kartavya Path,secondary,,,paving_stones,New Delhi,899
541882687,Northern Access Road,secondary,4,,asphalt,South-West,562
541882688,Ulan Batar Road,primary,3,,asphalt,South-West,81
541887313,Ho Chi Minh Marg,primary,,,,South,711
541887314,Ho Chi Minh Marg,primary,,,asphalt,South,1317
548713184,,primary_link,,,asphalt,South,29
548713186,Ho Chi Minh Marg,primary_link,,,,South,49
548713187,Ho Chi Minh Marg,primary_link,,,,South,49
548825884,,secondary_link,,,asphalt,New Delhi,79
548825885,,secondary_link,1,,asphalt,New Delhi,80
548825886,,secondary_link,,,asphalt,New Delhi,79
548825887,,secondary_link,,,asphalt,New Delhi,52
551043034,Maharishi Daya Nand Marg (Malviya Nagar),secondary,,,,South,27
551043035,Basant Kaur Marg,secondary,,,,South,29
551043036,Basant Kaur Marg,secondary,,,,South,25
551219508,,trunk_link,1,,,South,37
552890990,Bhairon Marg,secondary,,,asphalt,New Delhi,225
553090001,,secondary_link,,,,New Delhi,47
553090002,Mother Teresa Crescent,secondary,,,,New Delhi,857
553090003,,secondary_link,,,,New Delhi,41
553090004,Mother Teresa Crescent,secondary,2,,asphalt,New Delhi,1815
553321280,,trunk,,,,South-West,200
553321281,,trunk,6,,,South-West,153
553321282,,trunk,6,,,South-West,119
553321283,Dhaula Kuan Flyover,secondary,,,,South-West,46
553596950,Shivaji Flyover,secondary,,,,New Delhi,112
554064158,,secondary_link,,,,South-West,23
554064161,,secondary_link,,,,South-West,34
554064166,,secondary_link,,,,South-West,13
554064168,,secondary_link,,,,South-West,38
554288622,Outer Ring Road,primary,,,asphalt,South,800
554515705,,secondary,,,,New Delhi,115
554515706,,secondary,,,asphalt,New Delhi,73
554515707,Rotary 38,secondary,,,,New Delhi,88
554665389,Outer Circle,secondary,4,,asphalt,New Delhi,161
554665390,Gol Dakkhana Roundabout,secondary,,,asphalt,New Delhi,45
554798484,,trunk,,,,South-West,152
554798486,,trunk,,,,South-West,588
554798487,Mother Teresa Crescent,secondary,2,,asphalt,New Delhi,39
554798488,Sardar Patel Marg,secondary,,,asphalt,New Delhi,40
554798489,Sardar Patel Marg,secondary,,,asphalt,New Delhi,36
554976656,Okhla Estate Marg Flyover,trunk,,,,South-East,233
554976657,Okhla Estate Marg Flyover,trunk,,,,South-East,236
554976658,,trunk_link,,,,South-East,443
555197179,Dwarka-Palam Road,primary,,,,South-West,265
555197181,Chirag Delhi Flyover,primary,,,asphalt,South,61
555197182,Khelgaon Flyover,primary,,,asphalt,South,69
555197184,Dwarka Flyover,primary,,,,Dwarka,122
555197188,Chirag Delhi Flyover,primary,,,,South,64
555197189,Ho Chi Minh Marg,primary_link,2,,asphalt,South,219
555197190,Outer Ring Road,primary,,,,South-East,276
555197191,Outer Ring Road,primary,,,asphalt,South-East,224
555197192,C.V. Raman Marg,secondary,,,,South-East,42
555197194,Modi Mill Flyover,secondary,,,,South-East,117
555197195,Mahatma Gandhi Marg,primary,,,asphalt,South-East,223
555197196,Mahatma Gandhi Marg,primary,,,,South-East,233
555197199,Mahatma Gandhi Marg,primary,2,,,South-East,27
555197202,Nizamuddin Railway Station Flyover,trunk,,,,South-East,66
555197204,,trunk_link,,,,South-East,133
555197207,Delhi - Meerut Expressway,motorway,3,,asphalt,East,150
555197209,Delhi - Meerut Expressway,motorway,,,asphalt,South-East,327
555197211,Mahatma Gandhi Marg,trunk,,,,South-East,464
555197213,Mahatma Gandhi Marg,trunk,,,asphalt,South-East,279
555197216,Patparganj Road,secondary,,,,East,13
555197217,Delhi - Meerut Expressway,motorway,3,,asphalt,East,349
555197219,Delhi - Meerut Expressway,motorway,3,,asphalt,East,714
555197224,Patparganj Road,secondary,,,,East,143
555197225,Delhi - Meerut Expressway,motorway,3,,asphalt,East,170
555197226,,motorway_link,,,,South-East,42
555197227,,primary_link,,,asphalt,South-East,33
555242572,Lala Lajpat Rai Path,secondary,2,,asphalt,South-East,45
555242573,,secondary_link,,,asphalt,South-East,198
555242574,,secondary_link,,,,South-East,49
555242576,,secondary_link,3,,asphalt,South-East,78
555242577,Lala Lajpat Rai Path,secondary,,,asphalt,South-East,53
555279369,Josip Broz Tito Marg,secondary,2,,asphalt,South,728
555438040,,secondary,,,,South-West,34
555438041,,secondary,,,,South-West,33
555438046,,primary_link,,,,South-West,32
555465268,Patparganj Road,secondary,,,,East,64
555517572,Rao Tula Ram Marg,secondary,,,asphalt,South-West,6
555517575,Palam Marg,primary,,,,South-West,66
555517576,Rao Tula Ram Marg,secondary,,,asphalt,South-West,397
556741442,Moolchand Flyover,secondary,2,,asphalt,South-East,61
556741444,,secondary_link,,,,South-East,103
556741446,Moolchand Underpass,primary,3,,,South-East,314
556741452,Mahatma Gandhi Marg,primary_link,,,,South-East,269
557473524,,primary_link,,,,South,45
557575816,,primary_link,,,asphalt,South-East,124
557575818,,primary_link,2,,asphalt,South,70
557610149,,secondary_link,,,,South,27
557610150,,secondary_link,,,asphalt,South-East,12
557610151,,secondary_link,,,asphalt,South-East,13
557707164,Ho Chi Minh Marg,primary,,,asphalt,South,130
557707165,,secondary,,,,South,35
557707166,Ho Chi Minh Marg,primary_link,,,asphalt,South,75
557707167,Josip Broz Tito Marg,secondary,2,,asphalt,South,77
557760402,Josip Broz Tito Marg,secondary,2,,asphalt,South,50
557760404,Josip Broz Tito Marg,secondary_link,2,,asphalt,South,122
557760406,Lala Lajpat Rai Marg,secondary,,,,South-East,290
557760409,Mahatma Gandhi Marg,primary_link,,,,South-East,63
557760411,,secondary_link,,,asphalt,South,34
557760413,Lala Lajpat Rai Marg,secondary,,,asphalt,South,515
557760416,Josip Broz Tito Marg,secondary,2,,asphalt,South,320
557760418,Moolchand Flyover,secondary,2,,asphalt,South,22
557760421,,secondary_link,,,asphalt,South,30
558065079,Palam Marg,secondary,,,,South-West,28
558065081,Palam Marg,secondary,2,,,South-West,304
558065083,Palam Marg,secondary,,,,South-West,16
558065085,Palam Marg,secondary,2,,,South-West,297
558065087,Palam Marg,primary,,,,South-West,322
558065090,Palam Marg,primary,,,,South-West,243
558828924,,secondary_link,,,,Central,52
560463161,Palam Marg,secondary,3,,asphalt,South-West,15
560463169,Palam Marg,secondary,3,,asphalt,South-West,15
560463176,Palam Marg,secondary,3,,asphalt,South-West,255
560463179,Palam Marg,secondary,3,,asphalt,South-West,13
560463182,Nelson Mandela Marg,primary,,,,South-West,31
560463185,Palam Marg,secondary,3,,asphalt,South-West,326
560651109,Lal Bahadur Shastri Marg,secondary,3,,asphalt,South,936
560651110,Anuvrat Marg,trunk,2,,asphalt,South,58
561759715,South Extension Flyover,primary,2,,asphalt,South,97
561759716,Moolchand Underpass,primary,3,,,South,200
561759718,Lodhi Road,secondary,2,,asphalt,South,439
561759719,Lodhi Road,secondary,,,asphalt,South-East,335
561759722,Mahatma Gandhi Marg,primary_link,,,,South-East,347
561759723,,secondary_link,,,asphalt,South,44
561759724,Mahatma Gandhi Marg,primary_link,,,,South,64
561859654,,secondary,,,,South,32
561859656,Ho Chi Minh Marg,primary,,,asphalt,South,86
561859658,Ho Chi Minh Marg,primary_link,,,asphalt,South,281
561859659,Ho Chi Minh Marg,primary_link,,,asphalt,South,174
561859661,Ho Chi Minh Marg,primary_link,,,,South,16
561929985,Bhishma Pitamah Marg,secondary,3,,asphalt,South,182
561929986,Bhishma Pitamah Marg,secondary,3,,,South,351
561929987,,secondary,,,,South,42
561956186,Pandit Trilok Chandra Sharma Marg,secondary,,,asphalt,South,21
562202340,Purana Quila Road,secondary,,,asphalt,New Delhi,414
562340222,,secondary_link,2,,,South,120
562340224,Mahatma Gandhi Marg,primary_link,,,,South,149
562340226,Mahatma Gandhi Marg,primary_link,,,asphalt,South,311
562340233,Rotary 14,secondary,,,asphalt,New Delhi,27
562340234,rotary no 11,secondary,,,asphalt,New Delhi,89
562340239,Windsor Place,secondary,,,asphalt,New Delhi,36
562340241,Outer Circle,secondary,4,,asphalt,New Delhi,132
562340243,Kasturba Gandhi Marg,secondary,,,asphalt,New Delhi,36
562340245,Outer Circle,secondary,4,,asphalt,New Delhi,53
562340247,Outer Circle,secondary,4,,asphalt,New Delhi,116
562340248,Outer Circle,secondary,4,,asphalt,New Delhi,63
562439576,Barakhamba Road,secondary,,,,New Delhi,249
562439578,,secondary_link,,,,New Delhi,106
562479735,,secondary,,,,South-East,20
562479736,,secondary,,,,New Delhi,1087
563679820,Tolstoy Marg,secondary,2,,asphalt,New Delhi,402
563679821,Janpath,secondary,2,,asphalt,New Delhi,368
563679823,Lal Bahadur Shastri Marg,secondary,2,,,South,41
563679824,Moolchand Flyover,secondary,3,,asphalt,South,22
563679825,,secondary_link,,,asphalt,South-East,36
563679826,Mahatma Gandhi Marg,primary_link,,,,South-East,39
563679827,Moolchand Underpass,primary,3,,,South,207
563679828,South Extension Flyover,primary,2,,asphalt,South,74
563679829,Mahatma Gandhi Marg,primary_link,,,asphalt,South,353
563679830,,secondary,,,,South,7
563679832,rotary no 11,secondary,,,asphalt,New Delhi,19
563679833,rotary no 11,secondary,,,asphalt,New Delhi,27
563679834,Motilal Nehru Place,secondary,,,asphalt,New Delhi,190
563679836,Kasturba Gandhi Marg,secondary,,,asphalt,New Delhi,438
563714762,Mehrauli Badarpur Road,primary,,,,South,633
563714763,Mehrauli Badarpur Road,primary,,,,South,172
563714764,,primary,,,,South,40
563714765,Mehrauli Badarpur Road,primary,,,,South,292
563714767,Pandit Trilok Chandra Sharma Marg,secondary,3,,,South,964
563714769,,secondary,1,,,South,16
563714771,Aurobindo Marg,trunk,1,,asphalt,South,40
563714773,Mehrauli Badarpur Road,primary,,,asphalt,South,547
563714774,Aurobindo Marg,trunk,3,,asphalt,South,401
563714776,Aurobindo Marg,trunk,,,,South,942
563714777,Aruna Asaf Ali Marg,secondary,2,,asphalt,South-West,423
563714779,,secondary,,,,South-West,8
563714780,Palam Marg,secondary,,,,South-West,349
563756247,Doctor Dineshnandini Dalmia Chowk,secondary,,,asphalt,New Delhi,21
563756248,Doctor Dineshnandini Dalmia Chowk,secondary,,,asphalt,New Delhi,16
563791811,Tolstoy Marg,secondary,2,,asphalt,New Delhi,407
563791813,,secondary_link,,,,New Delhi,49
563791816,Rajesh Pilot Marg,secondary,,,asphalt,New Delhi,262
563791819,Bhishma Pitamah Marg,secondary,3,,,South,808
563791822,Bhishma Pitamah Marg,secondary,,,,South,22
563791824,Bhishma Pitamah Marg,secondary,,,,South,29
563974730,Tolstoy Marg,secondary,,,asphalt,New Delhi,454
563974731,,secondary_link,,,,New Delhi,52
563974732,,secondary_link,,,,New Delhi,54
563974733,Tolstoy Marg,secondary,,,asphalt,New Delhi,104
563974735,Tolstoy Marg,secondary,2,,asphalt,New Delhi,371
563975284,Tolstoy Marg,secondary,,,,New Delhi,44
563975285,Kasturba Gandhi Marg,secondary,,,asphalt,New Delhi,11
564173144,South Extension Flyover,primary,2,,asphalt,South,506
564173145,AIIMS Flyover,primary,2,,asphalt,South,115
564223494,Outer Circle,secondary,4,,asphalt,New Delhi,146
564223496,Outer Circle,secondary,4,,asphalt,New Delhi,135
565090324,,primary_link,,,,South,37
565090325,,secondary,2,,,South,14
565090326,,secondary,2,,,South,342
565090327,Mandir Marg,secondary,2,,,South,28
565152789,Mandir Marg,secondary,2,,,South,8
565347502,Mahatma Gandhi Marg,primary_link,,,,South,19
565347503,Lala Lajpat Rai Marg,secondary_link,,,asphalt,South,39
565347505,Josip Broz Tito Marg,secondary_link,2,,asphalt,South-East,238
565347508,Josip Broz Tito Marg,secondary,,,asphalt,South,128
565464671,,secondary_link,,,,South,48
565464672,,secondary_link,,,,South,42
565464673,,secondary_link,,,,South,44
565464674,,secondary_link,,,,South,47
565938868,Mahatma Gandhi Marg,primary,2,,,South,466
565938869,Mahatma Gandhi Marg,primary_link,,,,South,23
565938870,South Extension Flyover,primary,2,,asphalt,South,68
565938871,Mahatma Gandhi Marg,primary,2,,asphalt,South,646
565938873,,secondary,,,,South,12
565938874,Lodhi Road,secondary,,,asphalt,South,480
566009657,Aurobindo Marg,trunk,3,,asphalt,South,236
566009658,,secondary,1,,,South,14
566009659,Lal Bahadur Shastri Marg,secondary,3,,asphalt,South,882
566009660,Mahatma Gandhi Marg,primary_link,2,,concrete,South-East,114
566009661,Captain Gaur Marg,secondary,2,,asphalt,South-East,73
566009662,Modi Mill Flyover,primary,,,,South-East,54
566009663,Anuvrat Marg,trunk,2,,asphalt,South,12
566009664,Aurobindo Marg,trunk,,,asphalt,South,13
566009665,Anuvrat Marg,trunk,3,,asphalt,South,1504
566157559,Palam Marg,primary,,,,South-West,281
566157560,Palam Marg,primary,,,,South-West,35
566157561,Palam Marg,primary,,,,South-West,34
566465685,Anuvrat Marg,trunk,2,,asphalt,South,76
566465686,Mehrauli Badarpur Road,primary,,,asphalt,South,78
566465687,Anuvrat Marg,trunk,2,,asphalt,South,309
566680376,Pandit Trilok Chandra Sharma Marg,secondary,3,,,South,963
566680377,Lal Bahadur Shastri Marg,secondary,2,,asphalt,South,56
566680378,Pandit Trilok Chandra Sharma Marg,secondary,,,asphalt,South,20
566680380,Aurobindo Marg,trunk,3,,asphalt,South,243
566680381,Ashram Railway Flyover,primary,2,,asphalt,South-East,19
566680382,Lajpat Nagar Flyover,primary,2,,asphalt,South-East,38
566680385,Lajpat Nagar Flyover,primary,3,,asphalt,South-East,1177
566680388,Mahatma Gandhi Marg,primary_link,,,,South-East,173
566680390,Nehru Place Flyover,primary,,,asphalt,South-East,62
566680393,Modi Mill Flyover,primary,,,,South-East,98
566680395,,secondary,,,,South,13
566680398,Mehrauli Badarpur Road,primary,,,,South,8
566811298,Shaheed Jeet Singh Marg,secondary,,,asphalt,South-West,1043
567831190,Mahatma Gandhi Marg,primary,,,asphalt,South-West,36
567831192,African Avenue,secondary,3,,asphalt,South-West,39
567831194,Africa Avenue,secondary,2,,asphalt,South-West,414
567831208,Mahatma Gandhi Marg,primary,,,,South-West,77
567831209,Moti Bagh Flyover,primary,,,,South-West,36
567831211,Rao Tula Ram Marg,secondary,,,asphalt,South-West,50
569749578,Aruna Asaf Ali Marg,secondary,2,,asphalt,South-West,15
569749579,Shaheed Jeet Singh Marg,secondary,,,,South-West,9
570413590,Rotary Number 45,secondary,,,,New Delhi,43
570413591,Rafi Ahmed Kidwai Marg,secondary,6,,,New Delhi,63
570413594,Rafi Ahmed Kidwai Marg,secondary,,,asphalt,New Delhi,126
570413595,Rotary Number 34,secondary,,,asphalt,New Delhi,60
570413596,Prime Chowk,secondary,,,,New Delhi,96
570413597,Rotary Number 32,secondary,,,,New Delhi,64
570413598,Teen Murti Haifa Chowk,secondary,,,asphalt,New Delhi,20
570413599,,secondary,,,asphalt,New Delhi,10
570413600,,secondary,,,asphalt,New Delhi,35
570413601,,secondary,,,asphalt,New Delhi,30
570413602,,secondary,,,asphalt,New Delhi,32
570413603,Rotary 38,secondary,,,,New Delhi,30
570413604,Rotary 38,secondary,,,,New Delhi,34
570413605,Roundabout n°36,secondary,,,asphalt,New Delhi,40
570413608,Palam Marg,secondary,,,,South-West,312
570413609,Vedant Deshika Marg,secondary,2,,asphalt,South-West,31
570413610,Aruna Asaf Ali Marg,secondary,2,,asphalt,South-West,433
570413611,Aurobindo Marg,trunk,3,,asphalt,South,309
570413612,Aurobindo Marg,trunk,3,,,South,95
570413613,Aurobindo Marg,trunk,1,,asphalt,South,17
570427347,AIIMS Flyover,primary,2,,asphalt,South,43
570427348,Aurobindo Marg,trunk,3,,asphalt,South,174
570427349,rotary no 10,secondary,,,asphalt,New Delhi,38
570427350,,secondary,,,asphalt,New Delhi,122
570427351,Prime Chowk,secondary,,,,New Delhi,37
570427352,Prime Chowk,secondary,,,,New Delhi,34
570427353,Rotary Number 34,secondary,,,,New Delhi,10
570427355,Rotary Number 45,secondary,,,,New Delhi,27
570447483,,secondary_link,,,,South-West,43
570447484,,trunk_link,1,,,South,49
570447485,,primary_link,,,,South,60
570526051,Gol Dakkhana Roundabout,secondary,,,,New Delhi,43
570526052,Gol Dakkhana Roundabout,secondary,,,asphalt,New Delhi,41
570526053,Gol Dakkhana Roundabout,secondary,,,asphalt,New Delhi,36
570526054,Mandir Marg,secondary,2,,,South,287
570526056,Basant Kaur Marg,secondary,,,,South,12
570526057,Maharishi Dayanand Marg,secondary,,,,South,36
570526058,August Kranti Marg,secondary,,,,South,49
570526059,Ho Chi Minh Marg,primary_link,,,asphalt,South,52
570526060,,secondary,,,,South,33
570526061,Ho Chi Minh Marg,primary_link,,,asphalt,South,12
570526062,Pandit Trilok Chandra Sharma Marg,secondary,3,,,South,520
570526063,Aurobindo Marg,trunk,,,,South,34
570526064,Aurobindo Marg,trunk,,,asphalt,South,58
570526065,Outer Ring Road,primary,,,asphalt,South,105
570526066,Basant Kaur Marg,secondary,,,,South,65
570526067,,secondary_link,,,,South,39
570526068,Maharishi Dayanand Marg,secondary,,,asphalt,South,61
570526069,Maharishi Dayanand Marg,secondary,,,,South,73
570526070,Pandit Trilok Chandra Sharma Marg,secondary,2,,,South,453
570526071,Pandit Trilok Chandra Sharma Marg,secondary,2,,,South,94
570526072,Pandit Trilok Chandra Sharma Marg,secondary,2,,,South,256
570526073,Mehrauli Badarpur Road,primary,,,asphalt,South,560
570526074,Mehrauli Badarpur Road,primary,3,,asphalt,South,39
570526075,Mandir Marg,secondary,2,,,South,39
570616026,Kasturba Gandhi Marg,secondary,,,asphalt,New Delhi,434
570616027,Kasturba Gandhi Marg,secondary,,,asphalt,New Delhi,39
570616028,Sansad Marg,secondary,,,asphalt,New Delhi,53
570616029,Sansad Marg,secondary,,,asphalt,New Delhi,53
570758371,Basant Kaur Marg,secondary,,,,South,92
570758372,Basant Kaur Marg,secondary,,,,South,92
570758373,Basant Kaur Marg,secondary,,,,South,76
570758374,Basant Kaur Marg,secondary,,,,South,63
570758375,Basant Kaur Marg,secondary,,,,South,74
570758376,Maharishi Dayanand Marg,secondary,,,,South,64
570758377,Maharishi Dayanand Marg,secondary,,,,South,56
570758378,Maharishi Dayanand Marg,secondary,,,,South,38
570758379,Maharishi Dayanand Marg,secondary,,,,South,52
570758380,Maharishi Dayanand Marg,secondary,,,,South,71
570758381,Maharishi Daya Nand Marg (Malviya Nagar),secondary,,,,South,26
570758382,Maharishi Dayanand Marg,secondary,,,,South,49
570769017,,secondary_link,,,,New Delhi,78
570803636,,secondary_link,,,,South-East,48
570804563,,secondary,,,,West,54
570804564,Ring Road,secondary,,,asphalt,West,489
570813064,Patparganj Road,secondary,,,,East,70
570832005,,secondary_link,,,,South-West,105
570859657,Sardar Patel Marg,secondary,2,,asphalt,New Delhi,548
570859662,Sardar Patel Marg,secondary,2,,asphalt,New Delhi,552
570859666,Mandi House Chowk,secondary,,,asphalt,New Delhi,32
570859671,,secondary,,,asphalt,South-East,17
570859676,Subramaniyam Bharti Marg,secondary,,,asphalt,New Delhi,10
570859682,Doctor Zakir Hussain Marg,secondary,3,,asphalt,New Delhi,561
570859687,Oberoi Flyover,secondary,3,,asphalt,New Delhi,252
570896882,Nityanand Marg,primary,,,asphalt,North,668
571146030,EPDP Marg,secondary,,,,South,1610
571167089,Palam Marg,primary,,,,South-West,419
571167485,Aurobindo Marg,secondary,,,asphalt,South,113
571167486,Aurobindo Marg,secondary,3,,asphalt,South,158
571168751,,secondary_link,,,asphalt,South-West,45
571168753,,secondary_link,,,asphalt,South-West,58
571168754,,secondary_link,,,,South-West,75
571249177,,secondary_link,,,,South-West,67
571249179,,secondary_link,2,,,South-West,84
571450090,Anuvrat Marg,trunk,2,,asphalt,South,95
571450094,Anuvrat Marg,trunk,2,,asphalt,South,271
571450098,,trunk_link,,,,South,65
571450111,Anuvrat Marg,trunk,2,,asphalt,South,50
571904052,,trunk_link,,,,South-West,95
571904055,Dhaula Kuan Flyover,secondary,,,,South-West,35
571904058,Road Number 57,secondary_link,,,asphalt,East,65
571904064,Poorvi Marg,secondary,,,,South-West,16
571904066,Shaheed Jeet Singh Marg,secondary,,,asphalt,South-West,42
571904067,Shaheed Jeet Singh Marg,secondary,,,asphalt,South,19
571904069,,secondary_link,,,asphalt,South-West,71
571904070,Pandit Trilok Chandra Sharma Marg,secondary,2,,,South,7
571904071,Mehrauli Badarpur Road,primary,,,,South,441
571904072,Mehrauli Badarpur Road,primary,,,,South,444
571904073,,secondary,,,,South,14
572511729,Lajpat Nagar Flyover,primary,2,,,South-East,51
572511730,Patel Chowk,secondary,,,asphalt,New Delhi,29
572511731,Patel Chowk,secondary,,,asphalt,New Delhi,35
572511732,Outer Circle,secondary,4,,asphalt,New Delhi,476
577665917,Shri Maa Anandamai Marg,secondary,,,,South-East,75
577665918,Kalkaji Flyover,primary,,,asphalt,South-East,45
577665920,Outer Ring Road,primary,,,asphalt,South-East,78
577665921,Vikas Marg,primary,,,,East,9
577673940,,secondary,,,asphalt,South-East,138
577673941,Mahatma Gandhi Marg,primary_link,2,,,South-East,112
577673942,,secondary,,,,South-East,74
577970322,August Kranti Marg,secondary,,,asphalt,South,439
577970327,August Kranti Marg,secondary,,,asphalt,South,447
578309997,Aurobindo Marg,trunk,3,,asphalt,South,196
578309999,Aurobindo Marg,trunk,3,,,South,340
578310002,Aurobindo Marg,trunk,,,,South,392
578310005,Aurobindo Marg,trunk,3,,,South,641
578310008,Aurobindo Marg,trunk,,,asphalt,South,43
578310016,Aurobindo Marg,trunk,,,asphalt,South,18
578543603,Barakhamba Road,secondary,2,,asphalt,New Delhi,478
578543604,Outer Circle,secondary,4,,asphalt,New Delhi,17
578543605,Outer Circle,secondary,4,,asphalt,New Delhi,28
578543606,Outer Circle,secondary,4,,asphalt,New Delhi,126
579151950,Tolstoy Marg,secondary,,,,New Delhi,8
579272351,Africa Avenue,secondary,2,,asphalt,South-West,444
579272354,Africa Avenue,secondary,3,,asphalt,South-West,69
579350292,Basant Kaur Marg,secondary,,,,South,11
579507808,Mahatma Gandhi Marg,primary_link,,,,South-East,171
579507809,August Kranti Marg,secondary,,,,South,30
579507810,Ho Chi Minh Marg,primary_link,,,,South,26
579530169,Shivaji Marg,secondary,,,,Dwarka,5
579768676,Rao Tula Ram Marg,secondary,2,,asphalt,South-West,357
579781481,Kasturba Gandhi Marg,secondary,2,,asphalt,New Delhi,448
579781482,Kasturba Gandhi Marg,secondary,,,asphalt,New Delhi,356
580856051,Anuvrat Marg,trunk,2,,asphalt,South,206
581219444,,trunk_link,2,,asphalt,South-East,234
581219446,Mehrauli Badarpur Road Underpass,trunk_link,2,,asphalt,South-East,41
581219447,,primary_link,2,,asphalt,South-East,143
581219448,,primary,2,,asphalt,South-East,112
581219451,,primary_link,,,,South-East,54
581239045,,trunk_link,2,,asphalt,South-East,80
581239050,Mahatma Gandhi Marg,primary,,,asphalt,South-East,87
581302071,Rao Tula Ram Marg,secondary,,,asphalt,South-West,356
581371938,Mathura Road,trunk,3,,asphalt,South-East,1040
581371939,Mathura Road,trunk,,,,South-East,605
581371941,Mehrauli Badarpur Road,primary,2,,asphalt,South-East,284
581371943,Sarita Vihar Okhla Underpass,secondary,,,,South-East,250
581371945,Mehrauli Badarpur Road,primary,2,,asphalt,South-East,373
581381441,Okhla Estate Marg Flyover,trunk_link,,,,South-East,26
581381445,,trunk_link,,,,South-East,247
581381446,,trunk_link,,,,South-East,115
581437506,,trunk_link,,,,South-East,181
581437509,Okhla Estate Marg Flyover,trunk_link,,,,South-East,459
581437511,,trunk_link,2,,asphalt,South-East,681
581439206,AIIMS Flyover,primary_link,,,asphalt,South,28
581439207,AIIMS Flyover,primary_link,2,,asphalt,South,31
581439208,AIIMS Flyover,primary_link,2,,asphalt,South,49
581439210,AIIMS Flyover,primary_link,,,asphalt,South,183
581439211,AIIMS Flyover,primary_link,,,,South,39
581439213,AIIMS Flyover,primary_link,,,,South,111
581439216,AIIMS Flyover,primary_link,,,asphalt,South,16
581439217,AIIMS Flyover,primary_link,,,asphalt,South,27
581439219,,primary_link,,,,South,125
581439221,AIIMS Flyover,primary_link,,,asphalt,South,36
581439222,AIIMS Flyover,primary_link,,,,South,76
581439224,AIIMS Flyover,primary_link,2,,asphalt,South,36
581439225,AIIMS Flyover,primary_link,,,asphalt,South,60
581439226,AIIMS Flyover,primary_link,2,,asphalt,South,22
581439227,AIIMS Flyover,primary_link,2,,asphalt,South,28
581439228,,primary_link,,,asphalt,South-West,15
581439229,,primary_link,,,asphalt,South-West,19
581463325,,primary_link,,,asphalt,South,35
581463326,,primary_link,,,asphalt,South,55
581463327,,primary_link,,,asphalt,South,53
581463328,,primary_link,,,asphalt,South,35
581546746,,secondary,,,asphalt,Central,113
581546747,,secondary,,,,New Delhi,54
581989171,Prithviraj Road,secondary,,,,New Delhi,57
581989172,Rotary 13,secondary,,,asphalt,New Delhi,88
581989173,,secondary,4,,asphalt,New Delhi,688
582037570,Dhaula Kuan Flyover Ramp,trunk_link,,,,South-West,71
582037571,Vandematram Marg,secondary,,,,South-West,8
582037572,Dhaula Kuan Flyover Ramp,secondary_link,,,,South-West,52
582037573,Dhaula Kuan Flyover Ramp,trunk_link,,,,South-West,40
582037574,,trunk_link,,,,South-West,41
582037575,,trunk_link,,,,South-West,21
582037576,,secondary_link,,,,South-West,30
582037577,,trunk_link,,,,South-West,29
582037578,,secondary_link,,,,South-West,43
582037579,,trunk_link,,,,South-West,13
582037580,,trunk_link,,,,South-West,33
582037581,,trunk_link,,,,South-West,45
582037582,,trunk_link,,,,South-West,47
582037583,,primary_link,,,,South-West,18
582037584,,primary_link,,,,South-West,49
582037588,,secondary_link,,,,South-West,35
582037589,,secondary_link,,,,South-West,67
582037590,,secondary_link,,,asphalt,South-West,69
582037591,,primary_link,,,,South-West,102
582037592,,primary_link,,,,South-West,61
582037593,,trunk_link,,,,South-West,33
582359470,,primary_link,,,,South,44
582367349,Aurobindo Marg,trunk,3,,,South,249
582367351,Aurobindo Marg,trunk,,,asphalt,South,20
582461171,,secondary,5,,asphalt,New Delhi,84
582461172,,secondary,5,,asphalt,New Delhi,93
582461173,Rotary 13,secondary,,,asphalt,New Delhi,22
582461174,Rotary 13,secondary,,,asphalt,New Delhi,59
582776168,,secondary,,,asphalt,New Delhi,46
582776169,Bahadur Shah Zafar Marg,secondary,,10,asphalt,Central,94
582776170,,secondary,,,,New Delhi,363
583143701,Lajpat Nagar Flyover,primary,2,,,South-East,62
583143702,Aurobindo Marg,trunk,,,,South,163
583143704,AIIMS Flyover,primary,,,asphalt,South,30
583143706,Bikaji Cama Place Flyover,primary,,,asphalt,South-West,73
583143707,Lal Bahadur Shastri Marg,secondary,2,,asphalt,South,566
583143708,Lal Bahadur Shastri Marg,secondary,2,,asphalt,South,621
583555026,Lala Lajpat Rai Path,secondary,,,asphalt,South-East,69
583555027,Vedant Deshika Marg,secondary,2,,asphalt,South-West,529
583910213,Maharishi Raman Marg,secondary,,,,South,380
583917363,Moti Bagh Flyover,primary,,,,South-West,53
584150734,Outer Ring Road,primary_link,,,asphalt,South-East,164
584150737,Lala Lajpat Rai Marg,secondary,,,asphalt,South-East,90
584150739,,secondary,,,,South-East,33
584150741,Outer Ring Road,primary_link,,,asphalt,South-East,173
584150744,Outer Ring Road,primary,3,,asphalt,South-East,14
584150746,Outer Ring Road,primary,,,asphalt,South-East,159
584150748,Nehru Place Flyover,primary,,,asphalt,South-East,130
584241781,Mahatma Gandhi Marg,primary,,,,South-East,87
584241782,Mathura Road,primary,,,,South-East,32
584241783,Jangpura Road Flyover,primary,2,,asphalt,South-East,94
584241787,,primary_link,,,asphalt,South-East,55
584241793,Mathura Road,primary,3,,,South-East,402
584241794,Mathura Road,primary,2,,asphalt,South-East,25
584241795,Mahatma Gandhi Marg,primary,,,asphalt,South-East,42
584369497,,primary_link,,,asphalt,South-East,82
585189784,Road 201,secondary,,,,Dwarka,70
585189785,Mall Road,secondary,,,,Dwarka,411
585189788,Dwarka Flyover,primary,,,,South-West,261
585189789,,primary_link,,,,Dwarka,328
585189791,Shivaji Marg,secondary,,,,Dwarka,1349
585189792,Shivaji Marg,secondary,,,,Dwarka,1229
585446268,Moti Bagh Flyover,primary,,,,South-West,56
585446269,Mahatma Gandhi Marg,primary,3,,asphalt,South-West,83
585446270,Mahatma Gandhi Marg,primary,3,,asphalt,South-West,107
585446271,Raj Nagar Flyover,primary,,,asphalt,South-West,54
585446272,Lodhi Road,secondary,2,,asphalt,South,132
585446273,Shri Maa Anandamai Marg,secondary,2,,asphalt,South-East,71
585446274,Okhla Estate Marg,secondary,2,,asphalt,South-East,52
585446275,Shri Maa Anandamai Marg,secondary,2,,asphalt,South-East,423
585446276,Sarita Vihar Okhla Underpass,secondary,2,,asphalt,South-East,377
585446277,,secondary,,,asphalt,New Delhi,222
585446278,,secondary,,,,South-East,80
585446279,,secondary,,,,New Delhi,385
585446280,,secondary,,,asphalt,South-East,844
585446281,Nityanand Marg,primary,,,asphalt,North,266
585446282,Rani Jhansi Road,secondary,,,,North,139
585446283,Maharishi Raman Marg,secondary,,,asphalt,South,41
585446284,Lodhi Road,secondary,2,,asphalt,South,55
585446285,Lodhi Road,secondary,2,,asphalt,South,368
586156360,Mahatma Gandhi Marg,primary_link,2,,concrete,South-East,258
586156365,Mahatma Gandhi Marg,primary_link,,,,South-East,255
586156366,Mahatma Gandhi Marg,primary_link,,,asphalt,South-East,110
586178087,,secondary_link,1,,asphalt,South,113
586178088,,secondary_link,,,,South,13
586186521,AIIMS Flyover,primary,,,asphalt,South-West,71
586684174,Abdul Gaffar Khan Marg,primary,2,,asphalt,South-West,72
586684175,Abdul Gaffar Khan Marg,primary,2,,asphalt,South-West,1792
586684176,,secondary,2,,,South-West,510
586684177,,secondary,2,,asphalt,South-West,37
586684178,,secondary,,,,South-West,122
586684179,,secondary,2,,,South-West,197
586684180,,motorway_link,2,,,South-West,58
586684181,,motorway_link,,,,South-West,34
586684182,,secondary,,,,South-West,824
586684183,Delhi-Gurugram Expressway,motorway,4,,,South-West,1143
586684185,Old Delhi Gurgaon Road,secondary,,,asphalt,South-West,1043
586684187,Old Delhi Gurgaon Road,secondary,,,asphalt,South-West,876
586684188,Old Delhi Gurgaon Road,secondary,,,asphalt,South-West,31
586684193,,secondary,3,,asphalt,South-West,92
586684194,,secondary,3,,,South-West,84
586684195,,secondary,3,,,South-West,9
586684196,Abdul Gaffar Khan Marg,primary,2,,asphalt,South-West,58
586684197,Anuvrat Marg,trunk,2,,asphalt,South,67
586684198,Mehrauli Badarpur Road,primary,,,asphalt,South,68
586687208,,motorway_link,,,,South-West,382
586687209,,motorway_link,,,,South-West,168
586687211,,secondary_link,,,,South-West,60
586687213,,secondary_link,,,asphalt,South-West,13
586687214,,secondary_link,,,asphalt,South-West,28
586897204,Abdul Gaffar Khan Marg,primary,2,,asphalt,South,11
586897206,Abdul Gaffar Khan Marg,primary,2,,asphalt,South-West,574
586897209,,primary_link,,,asphalt,South-West,29
586897210,Aruna Asaf Ali Marg,secondary,2,,asphalt,South-West,909
586897211,Aruna Asaf Ali Marg,secondary,3,,asphalt,South-West,523
586897217,Nelson Mandela Marg,primary,,,asphalt,South-West,587
586897218,Nelson Mandela Marg,primary,3,,asphalt,South-West,276
586897219,,primary_link,,,asphalt,South-West,20
587123752,Mathura Road,primary,2,,asphalt,South-East,129
590522603,Aurobindo Marg,trunk,,,,South,10
590522604,Pandit Trilok Chandra Sharma Marg,secondary,2,,asphalt,South,30
590522605,Mahatma Gandhi Marg,primary_link,,,,South,53
590522606,August Kranti Marg,secondary,,,,South,71
590609972,Nelson Mandela Marg,primary,,,,South-West,52
590609974,Nelson Mandela Marg,primary,,,,South-West,32
590609976,Nelson Mandela Marg,primary,,,,South-West,39
590609977,Nelson Mandela Marg,primary,,,asphalt,South-West,565
590609981,Aruna Asaf Ali Marg,secondary,3,,asphalt,South-West,85
590609982,Abdul Gaffar Khan Marg,primary,2,,asphalt,South-West,797
590609983,Abdul Gaffar Khan Marg,primary,2,,asphalt,South,16
590609985,Prime Chowk,secondary,,,,New Delhi,40
590609986,Vivekanand Marg,secondary,2,,asphalt,Central,197
590609992,Jawaharlal Nehru Marg,secondary,,,asphalt,Central,270
590609993,Ramrakha Bahl Chowk,secondary,,,asphalt,Central,23
590609994,Patel Chowk,secondary,,,,New Delhi,40
590609999,,secondary,,,,Central,65
590610000,,secondary,,,,Central,54
590610001,Choudhary Brahm Prakash Chowk,secondary,,,,Central,27
590610003,Choudhary Brahm Prakash Chowk,secondary,,,,Central,25
590610006,Choudhary Brahm Prakash Chowk,secondary,,,,Central,56
590610016,Choudhary Brahm Prakash Chowk,secondary,,,,Central,16
590610019,Dayal chowk,secondary,,,,Central,36
590610020,Dayal chowk,secondary,,,,Central,17
590610021,Dayal chowk,secondary,,,,Central,25
590610022,Dayal chowk,secondary,,,,Central,30
590610023,Dayal chowk,secondary,,,,Central,23
590610024,Dayal chowk,secondary,,,,Central,30
590610025,Dayal chowk,secondary,,,,Central,32
590610027,Panchkuian Road,secondary,,,,New Delhi,43
590610028,,secondary_link,,,,New Delhi,17
590610029,,secondary_link,,,,New Delhi,38
590612009,,primary_link,,,,South,35
594082007,,trunk_link,2,,asphalt,South-East,81
594082008,,primary,2,,asphalt,South-East,470
594082009,,secondary,,,,South-East,14
594082010,Ma Anandmayee Marg,secondary,,,,South-East,2644
594082011,Palam Marg,secondary,,,,South-West,29
594082012,Vedant Deshika Marg,secondary,2,,asphalt,South-West,39
594082014,,secondary,2,,asphalt,South-East,365
594082017,Okhla Estate Marg,secondary,2,,asphalt,South-East,11
594082020,Guru Ravidas Marg,secondary,,,,South-East,804
594082022,Okhla Estate Marg,secondary,2,,asphalt,South-East,10
594082024,Mehrauli Badarpur Road,primary,2,,asphalt,South,8
594082031,Shri Maa Anandamai Marg,secondary,,,,South-East,465
594082036,Okhla Estate Marg,secondary,2,,asphalt,South-East,727
594082039,,secondary_link,,,,South-East,71
594082041,Guru Ravidas Marg,secondary,,,,South,14
594082043,Guru Ravidas Marg,secondary,,,,South-East,1709
594082046,Guru Ravidas Marg,secondary,,,,South-East,1668
594082049,,primary,2,,asphalt,South-East,131
594082052,,primary,2,,asphalt,South-East,149
596010573,Jawaharlal Nehru Marg,secondary,,,,Central,46
596346055,Vivekanand Marg,secondary,2,,asphalt,Central,517
596349216,Outer Circle,secondary,4,,asphalt,New Delhi,12
596350935,,secondary,,,asphalt,New Delhi,12
596373329,Windsor Place,secondary,,,asphalt,New Delhi,12
596373332,Janpath,secondary,2,,asphalt,New Delhi,345
596373338,Janpath,secondary,2,,asphalt,New Delhi,623
596373342,Janpath,secondary,,,asphalt,New Delhi,14
596373346,Janpath,secondary,,,asphalt,New Delhi,30
601365248,,primary,2,,asphalt,South-East,300
601402978,Bhagwan Mahavir Marg,primary,,,,West,150
601402979,Pankha Road,primary,,,,West,157
601402980,Shaheed Bhagat Singh Marg,secondary,,,,West,148
601402981,,primary_link,,,,South-West,19
601402982,,primary_link,,,,South-West,189
601402984,,primary_link,,,,South-West,72
601402987,Cariappa Marg,primary,,,asphalt,South-West,1129
601484554,,secondary_link,,,,South,11
602026183,Urban Extension Road-II,trunk,3,,asphalt,Outer,527
602026185,Urban Extension Road-II,trunk,3,,asphalt,Outer,526
602137536,,primary_link,,,,South-West,344
602730370,Old Delhi Gurgaon Road,secondary,,,asphalt,South-West,1016
602730371,Old Delhi Gurgaon Road,secondary,,,asphalt,South-West,820
603648097,Aurobindo Marg,trunk,,,,South,8
603648098,,secondary,,,,South,14
604050023,Lothiyan Road,secondary,,,,North,21
604050024,Shyama Prasad Mukherji Marg,secondary,,,asphalt,North,461
604050026,Shyama Prasad Mukherji Marg,secondary,,,,North,367
604050028,Tulsi Das Chowk,secondary,,,,North,18
604050030,Kela Ghat Marg,secondary,,,,North,344
604050032,Rotary 13,secondary,,,asphalt,New Delhi,30
604129875,Guru Ravidas Marg,secondary,,,,South-East,440
604129876,EPDP Marg,secondary,,,,South-East,176
604129877,,secondary,,,,South,22
604129878,,secondary,,,,South,36
604129879,,secondary,,,,South,43
604129880,Outer Ring Road,primary,,,asphalt,South,55
604129881,Nehru Place Flyover,primary,,,asphalt,South-East,62
604129882,Outer Ring Road,primary_link,,,asphalt,South-East,11
604129885,Mehrauli Badarpur Road,primary,,,,South,208
605255380,,secondary,,,asphalt,South-West,85
605255383,,secondary_link,,,,South-West,56
605255385,Abdul Gaffar Khan Marg,primary,2,,asphalt,South-West,10
605255388,,secondary_link,,,asphalt,South-West,608
605375051,Raj Nagar Flyover,primary,,,asphalt,South-West,25
605375052,Raj Nagar Flyover,primary,,,asphalt,South-West,56
605695076,Aurobindo Marg,secondary_link,,,,South,19
605695079,Aurobindo Marg,secondary_link,,,,South,21
605840543,Nityanand Marg,primary,,,asphalt,North,261
605840544,,trunk,4,,,North-East,1333
605840545,,secondary,2,,asphalt,North-East,7
605840546,,secondary,2,,asphalt,North-East,59
605840547,,secondary,2,,asphalt,North-East,66
605840548,,secondary,2,,asphalt,North-East,38
605840549,Wazirabad Road,trunk,2,,asphalt,North-East,133
605840550,Wazirabad Road,trunk,2,,asphalt,North-East,979
605840551,,secondary,,,,North-East,37
605840552,,primary_link,,,,North-East,33
605840553,,secondary,,,,North-East,18
605840555,,secondary,,,asphalt,Shahdara,24
605840556,,secondary,,,asphalt,Shahdara,51
605840557,,secondary,,,asphalt,Shahdara,46
605840558,Aradhak Marg,secondary,,,asphalt,Shahdara,53
605840559,Aradhak Marg,secondary,,,asphalt,Shahdara,43
605840560,,secondary,,,asphalt,Shahdara,68
605840561,Ghazipur Road,secondary,2,,asphalt,East,435
605840562,Ghazipur Road Flyover,secondary,2,,asphalt,East,418
605840563,,secondary,,,asphalt,East,382
605840564,Ghazipur Road,secondary,,,asphalt,East,318
605840566,Noida Road,secondary,,,,East,30
605840568,Khichripur Road,secondary,,,,East,32
605840574,Vikas Marg,primary,2,,asphalt,East,116
605840575,Delhi-Dehradun Expressway,motorway,3,,asphalt,East,61
605840576,SDM Court Flyover Ramp,secondary_link,2,,asphalt,Shahdara,127
605840577,,secondary,2,,asphalt,Shahdara,28
605840581,Delhi-Dehradun Expressway,motorway,2,,asphalt,Shahdara,33
605840583,,secondary_link,2,,asphalt,Shahdara,632
605840584,,trunk,2,,,North-East,284
605840585,Nityanand Marg,primary,,,asphalt,North,78
605840586,Nityanand Marg,primary,,,asphalt,North,51
605840587,,primary,,,,North,25
605840588,Nityanand Marg,primary,,,asphalt,North,38
605840589,Nityanand Marg,primary,,,asphalt,North,263
605840590,Nityanand Marg,primary,,,asphalt,North,31
605958418,Delhi-Dehradun Expressway,motorway,2,,asphalt,Shahdara,27
605958419,SDM Court Flyover Ramp,secondary_link,2,,asphalt,Shahdara,382
605958421,SDM Court Flyover Ramp,secondary_link,2,,asphalt,Shahdara,385
605958423,SDM Court Flyover Ramp,secondary_link,2,,asphalt,Shahdara,93
605958426,Nishadraj Marg,secondary,,,,North,582
605958427,Nishadraj Marg,secondary,,,asphalt,Central,52
605958428,Netaji Subhash Marg,secondary,,,asphalt,North,472
605958429,Bahadur Shah Zafar Marg,secondary,,,,Central,273
605958430,,secondary,,,,New Delhi,14
605958431,Aurobindo Marg,secondary,,,asphalt,New Delhi,50
605958432,,secondary,,,asphalt,New Delhi,13
608894515,Dwarka Flyover,primary,,,,South-West,268
608970937,Vande Mataram Marg,secondary,,,asphalt,New Delhi,1413
608970938,,secondary,,,,Central,28
608970939,,secondary,,,,Central,19
608970940,Dhaula Kuan Flyover Ramp,secondary_link,,,,South-West,39
608970942,,secondary,,,,South-West,1518
608989223,Abdul Gaffar Khan Marg,primary,2,,asphalt,South-West,1117
608989225,,secondary,2,,,South-West,26
608989228,,secondary,2,,,South-West,528
608989231,,primary,,,,South-West,1085
608989233,Road No. 201,secondary,3,,,Dwarka,770
610043964,Dayal chowk,secondary,,,,Central,23
610043966,,secondary,,,,Central,39
610043967,Grand Trunk Road,secondary,,,,North,102
610043968,Grand Trunk Road,secondary,,,,North,40
610043969,Rani Jhansi Road,secondary,,,,North,131
610043970,Rani Jhansi Road,secondary,,,,North,62
610375780,,primary,,,,West,21
610375781,,primary,,,,West,20
610375784,100 Feet Road,trunk_link,,,asphalt,South,50
610375785,Anuvrat Marg,trunk_link,,,,South,77
611047260,,secondary_link,1,,,South,29
611047264,,secondary_link,,,,South,33
611866590,,secondary_link,,,,South-East,42
611866598,,secondary_link,,,,New Delhi,47
611866599,,secondary_link,,,asphalt,New Delhi,31
611866600,Max Mueller Marg,secondary_link,1,,asphalt,New Delhi,58
611866601,Max Mueller Marg,secondary,2,,asphalt,New Delhi,179
611866603,,secondary_link,,,,New Delhi,46
611866604,,secondary_link,,,,New Delhi,80
611866605,,secondary_link,,,,New Delhi,28
611866606,,secondary_link,,,,New Delhi,40
611866613,Maharishi Raman Marg,secondary,,,asphalt,South,31
611866615,Maharishi Raman Marg,secondary,,,asphalt,South,38
611866617,Bhishma Pitamah Marg,secondary,,,asphalt,South,28
611866622,Bhishma Pitamah Marg,secondary,,,asphalt,South,27
612362044,,secondary_link,,,,North,44
612362045,,secondary_link,,,,North,45
612750030,,secondary_link,,,,New Delhi,66
612750032,,secondary_link,,,asphalt,New Delhi,70
613095667,,primary_link,,,,South,16
614017877,,secondary,,,,East,39
614020389,Delhi-Dehradun Expressway,trunk,3,,asphalt,East,52
614020390,Delhi-Dehradun Expressway,trunk,3,,asphalt,East,48
614020391,Delhi-Dehradun Expressway,trunk,3,,asphalt,East,59
614020392,Delhi-Dehradun Expressway,trunk,3,,asphalt,East,40
614020393,Dadri Road,primary_link,,,asphalt,East,27
614020396,,trunk_link,,,asphalt,East,488
614020400,,trunk_link,,,,East,31
614020401,,trunk_link,2,,asphalt,East,35
614020403,,trunk_link,2,,asphalt,East,27
614071984,,trunk_link,1,,asphalt,Central,40
614071985,,trunk_link,1,,asphalt,Central,102
614071986,,trunk_link,1,,asphalt,Central,214
614071987,,trunk_link,1,,asphalt,Central,111
614071988,,trunk_link,1,,asphalt,Central,121
614071989,,trunk_link,1,,asphalt,Central,238
614071990,Ring Road,trunk,4,,asphalt,Central,1202
614071991,Sachivalaya Road Flyover,trunk,4,,asphalt,Central,464
614071992,Sachivalaya Road Flyover,trunk,4,,asphalt,Central,109
614071993,Mahatma Gandhi Marg,trunk,,,asphalt,Central,225
614071994,Sachivalaya Road Flyover,trunk,4,,asphalt,Central,370
614071995,Janpath,secondary,,,asphalt,New Delhi,33
614071999,Janpath,secondary,,,asphalt,New Delhi,17
614072000,Janpath,secondary,,,asphalt,New Delhi,16
614072001,,secondary_link,,,,New Delhi,35
614072005,,secondary,,,asphalt,New Delhi,15
614072011,Bhishma Pitamah Marg,secondary,,,,South,13
614072012,Bhishma Pitamah Marg,secondary,,,,South,26
614072017,Bhishma Pitamah Marg,secondary,3,,asphalt,South,125
614072018,Mehrauli Badarpur Road,primary,3,,asphalt,South,500
614072019,Mehrauli Badarpur Road,primary,3,,asphalt,South,462
614443753,,secondary,2,,paved,North-East,902
614443757,,secondary,2,,paved,Shahdara,14
614443758,,secondary,,,,North-East,8
614443759,,secondary,,,,North-East,17
614443760,,secondary,,,asphalt,Shahdara,22
614443761,,secondary,,,asphalt,Shahdara,13
614443762,Shri Maa Anandamai Marg,secondary,,,,South-East,472
614443763,Shri Maa Anandamai Marg,secondary,,,,South-East,105
614443768,Delhi - Meerut Expressway,motorway,3,,asphalt,East,795
614443771,Vikas Marg,primary,2,,asphalt,East,42
614443772,Delhi-Dehradun Expressway,trunk,3,,asphalt,East,18
614443773,Vikas Marg,primary,,,asphalt,East,9
615472549,Shivaji Marg,primary,,,asphalt,West,125
615472559,Delhi Loni Road Flyover,trunk,2,,asphalt,North-East,80
615472563,Delhi Loni Road Flyover,primary,2,,asphalt,North-East,23
615472564,Wazirabad Road,trunk,2,,asphalt,North-East,61
615472566,Wazirabad Road,trunk,2,,asphalt,North-East,189
615472569,Doctor KB Hedgewar Marg,primary,,,,North,11
615472572,,trunk_link,2,,paved,North,176
615472578,,secondary,,,,North,11
615472580,,secondary,,,,North,6
615472585,,secondary,,,,North,37
615472588,,secondary,,,,North,57
615472591,Burari Flyover,trunk,,,,North,246
615472595,Doctor KB Hedgewar Marg,trunk,,,,North-West,784
615472611,Wazirabad Road,trunk,2,,asphalt,North-East,129
615472612,,secondary,2,,asphalt,North-East,17
615472613,,secondary,2,,asphalt,North-East,19
615472617,,trunk,4,,,North-East,1325
615472619,Doctor KB Hedgewar Marg,trunk,4,,,North,56
615472620,Mahatma Gandhi Marg,trunk,,,asphalt,North,101
615472621,,primary,2,,,North,191
615472622,Doctor KB Hedgewar Marg,trunk,,,,North,60
615472623,Wazirabad Flyover,trunk_link,,,,North,73
615472624,Burari Flyover,trunk,,,,North,294
615472625,Doctor KB Hedgewar Marg,trunk,,,,North-West,250
615472626,,primary,,,,North-West,99
615472628,,primary,,,,North-West,118
615472629,,trunk_link,,,,Outer North,260
615472630,,trunk_link,,,,North-West,289
615472631,Doctor KB Hedgewar Marg,trunk,,,,North-West,274
615472635,Bhalswa Flyover,trunk,,,,North-West,257
615472636,Outer Ring Road,trunk,3,,,North-West,148
615472637,Outer Ring Road,trunk,,,,North-West,173
615472638,Mangolpuri Flyover,trunk,,,,Outer,301
615472639,,trunk_link,,,,Outer,21
615472640,Mangolpuri Flyover,trunk,,,,Outer,155
615472642,Outer Ring Road,primary,,,,Outer,185
615472643,Outer Ring Road,primary,,,,Outer,249
615472644,Outer Ring Road,primary,,,asphalt,West,279
615472646,Shivaji Marg,primary,,,asphalt,West,52
615556515,Baba Kharak Singh Marg,secondary,2,,asphalt,New Delhi,71
615556517,Lal Bahadur Shastri Marg,secondary,2,,,South,57
615556518,Ho Chi Minh Marg,primary_link,,,,South,52
615625449,Aurobindo Marg,trunk,3,,asphalt,South,76
615625455,Aurobindo Marg,trunk,,,asphalt,South,16
615625460,Aurobindo Marg,trunk,1,,asphalt,South,24
615625462,Aurobindo Marg,trunk,1,,asphalt,South,36
615625468,Pandit Trilok Chandra Sharma Marg,secondary,2,,asphalt,South,30
615625471,Aurobindo Marg,trunk,1,,,South,23
615625473,Aurobindo Marg,trunk,3,,asphalt,South,420
615625474,Aurobindo Marg,trunk,1,,asphalt,South,13
615625475,Aurobindo Marg,trunk,1,,,South,11
616082759,August Kranti Marg,secondary,1,,,South,26
616082760,August Kranti Marg,secondary,1,,,South,19
616082761,August Kranti Marg,secondary,1,,asphalt,South,21
616082762,August Kranti Marg,secondary,1,,,South,29
616082763,August Kranti Marg,secondary,1,,,South,29
616082764,August Kranti Marg,secondary,1,,,South,25
616082765,August Kranti Marg,secondary,3,,,South,269
616082766,August Kranti Marg,secondary,1,,,South,24
616082767,August Kranti Marg,secondary,3,,asphalt,South,306
616082768,August Kranti Marg,secondary,3,,,South,231
616082769,August Kranti Marg,secondary,1,,,South,30
619116045,Raja Garden Flyover,primary,,,asphalt,West,24
619116046,Naraina flyover,primary,,,asphalt,West,61
619116047,Naraina flyover,primary,,,asphalt,West,349
619116048,Mahatma Gandhi Marg Bridge,primary,,,asphalt,West,121
619116050,Mahatma Gandhi Marg,primary,,,asphalt,West,99
619116052,Raja Garden Flyover,primary,,,asphalt,West,24
619116058,Moti Nagar Flyover,primary,3,,asphalt,West,101
619116067,Mahatma Gandhi Marg,secondary,,,asphalt,West,31
619116069,Ring Road,secondary,,,asphalt,West,898
619116072,Raja Garden Flyover,primary,3,,asphalt,West,378
619116073,Raja Garden Flyover,primary,,,asphalt,West,32
619116074,Mahatma Gandhi Marg,primary,,,asphalt,West,69
619116075,Mahatma Gandhi Marg,primary,,,asphalt,West,112
619116076,Mahatma Gandhi Marg Bridge,primary,,,asphalt,West,65
619116077,Naraina flyover,primary,,,asphalt,West,61
619116078,Mehrauli Badarpur Road,primary,,,,South,254
619372060,Doctor KB Hedgewar Marg,trunk,1,,asphalt,North,49
619372062,Doctor KB Hedgewar Marg,trunk,3,,,North,755
619372063,Doctor KB Hedgewar Marg,trunk,3,,,North,699
619372064,Doctor KB Hedgewar Marg,trunk,1,,,North,51
619372065,Doctor KB Hedgewar Marg,trunk,1,,,North,21
619372066,Doctor KB Hedgewar Marg,trunk,1,,,North,20
619372067,,trunk_link,,,,North,63
619372070,Shastri Park Flyover,trunk,1,,,North-East,88
619372072,Shastri Park Flyover,trunk,4,,,North-East,30
619372073,Shastri Park Flyover,trunk,1,,,North-East,86
619372074,Geeta Colony Road Flyover Ramp,trunk_link,2,,asphalt,Central,42
620007024,,secondary,,,,West,17
620007026,Shiv Das Puri Marg,secondary,,,,West,297
620007028,,secondary,,,,West,17
620007030,Shiv Das Puri Marg,secondary,,,,West,288
620007034,,secondary,,,,West,21
620007035,,secondary_link,,,,West,21
625482866,Grand Trunk Road,trunk,4,,asphalt,Outer North,43
625482867,Grand Trunk Road,trunk,4,,asphalt,Outer North,42
625482869,Grand Trunk Road,trunk,4,,asphalt,Outer North,1474
625482870,Grand Trunk Road,trunk,4,,asphalt,Outer North,1584
627698083,National Highway 24 Bypass,trunk,,,,East,151
627698085,,trunk,,,,East,92
631785498,Barapullah Road Flyover,trunk,3,,,South,192
631785499,Barapullah Road Flyover,trunk,3,,,South,1142
631786027,Barapullah Road Flyover,trunk,3,,,South,1032
631788143,Barapullah Road Flyover,trunk,3,,,South,98
631795142,Delhi - Meerut Expressway,trunk,2,,asphalt,South-East,466
632882129,,secondary_link,,,,South-West,22
639035958,Mahatma Gandhi Marg,primary_link,2,,,South-East,7
639035960,Mahatma Gandhi Marg,primary_link,2,,,South-East,154
639334502,,secondary,,,,Outer North,41
639334505,,secondary,,,,Outer North,11
639334507,,secondary,,,,Outer North,31
639334508,,secondary,,,,Outer North,41
639334510,,secondary,,,,Outer North,549
639334513,,secondary,2,,asphalt,Outer North,26
639334515,,secondary,2,,asphalt,Outer North,216
641194623,,primary_link,,,,South,65
642711952,Signature Bridge,trunk,3,,asphalt,North,607
642711954,Signature Bridge,trunk,3,,asphalt,North,600
645024521,Josip Broz Tito Marg,secondary,2,,asphalt,South,14
645024522,,secondary,,,,South,36
646301474,,secondary,3,,,South-West,1111
648000207,Upper Ridge Road,secondary,,,,South-West,48
649207252,,primary_link,,,,North,26
649232110,Shanti Swaroop tyagi marg,secondary,,,,North-West,327
649252177,,secondary_link,,,,South-West,20
649373604,,secondary_link,,,,East,34
649373605,,secondary,,,asphalt,East,375
649392780,,secondary_link,,,,West,46
650392910,,secondary,2,,paved,North,122
650392912,,secondary,2,,paved,North,14
652159353,Modi Mill Flyover Ramp,trunk_link,,,,South-East,37
652159354,Modi Mill Flyover Ramp,trunk_link,,,,South-East,37
652159355,,trunk_link,,,,South-East,31
652159357,Captain Gaur Marg,secondary_link,2,,asphalt,South-East,66
652159358,Captain Gaur Marg,secondary_link,2,,asphalt,South-East,235
652193497,,secondary_link,,,asphalt,Rohini,12
654173088,Aurobindo Marg,trunk,3,,,South,1041
654173095,Pandit Trilok Chandra Sharma Marg,secondary,3,,asphalt,South,40
654173097,Pandit Trilok Chandra Sharma Marg,secondary,,,,South,8
654173100,Pandit Trilok Chandra Sharma Marg,secondary,3,,,South,709
654173103,Anuvrat Marg,trunk,,,asphalt,South,19
654173106,Anuvrat Marg,trunk,3,,asphalt,South,1497
654173110,Abdul Gaffar Khan Marg,primary,3,,asphalt,South-West,22
654173113,Abdul Gaffar Khan Marg,primary,2,,asphalt,South-West,8
654175709,Aurobindo Marg,trunk,3,,asphalt,South,187
654175710,Aurobindo Marg,trunk,3,,,South,270
654877043,,secondary_link,,,,North-East,37
656187260,Mehrauli Badarpur Road,primary,,,,South,224
656187261,Mehrauli Badarpur Road,primary,,,,South,484
656187262,Mehrauli Badarpur Road,primary,,,,South,485
656187263,Mehrauli Badarpur Road,primary,,,asphalt,South,575
656805649,Mehrauli Badarpur Road,primary,,,,South,131
656805651,Mehrauli Badarpur Road,primary,,,,South,63
656805652,Mehrauli Badarpur Road,primary,,,,South,141
656805654,Mehrauli Badarpur Road,primary,,,,South,135
656805656,Mehrauli Badarpur Road,primary_link,,,,South,104
656933872,,secondary,5,,asphalt,New Delhi,103
656933873,,secondary,4,,asphalt,New Delhi,100
657413479,Mahatma Gandhi Marg,primary,,,asphalt,South-East,30
657413487,Mahatma Gandhi Marg,secondary,3,,asphalt,North-West,32
657413488,Mahatma Gandhi Road,secondary,,,asphalt,North-West,34
657413489,,secondary,,,,North-West,37
658035497,,secondary,,,,South-East,33
658035499,Lala Lajpat Rai Marg,secondary,,,asphalt,South-East,52
658041627,,primary,,,asphalt,North-West,59
658041629,,primary_link,,,asphalt,West,31
658041630,,primary_link,,,asphalt,West,39
658041631,,primary_link,,,asphalt,South-East,37
658041632,,primary_link,,,asphalt,South-East,36
658041633,,primary_link,,,asphalt,South,52
658041634,,secondary_link,,,asphalt,South,66
658041635,,primary_link,,,asphalt,South-East,46
658041636,,secondary_link,,,asphalt,South-West,46
658041637,Bhakti Vedant Swami Marg,secondary,,,,South-East,42
658041638,,secondary,,,asphalt,South-East,91
658041639,,secondary_link,,,asphalt,South-East,30
658041640,,primary_link,,,asphalt,South-East,52
658041641,,primary_link,,,asphalt,South-East,52
658051950,Lothiyan Road,secondary,,,,North,224
658051951,Lothiyan Road,secondary,,,,North,33
658051952,Lothiyan Road,secondary,,,,North,34
658051953,Lothiyan Road,secondary,,,asphalt,North,228
659484652,,secondary_link,,,,New Delhi,72
659484653,,secondary,,,asphalt,South-East,18
659833209,Mehrauli Badarpur Road,primary,,,,South,641
660997597,Outer Ring Road,primary,1,,,Outer North,32
660997600,Outer Ring Road,primary,3,,,Outer North,414
660997603,,primary_link,,,,North-West,24
661351480,Jangpura Road Flyover,primary,2,,asphalt,South-East,101
661351482,Jangpura Road Flyover,primary,2,,asphalt,South-East,86
661353923,,primary_link,,,asphalt,South-West,54
661384620,Najafgarh Kapashera Road,secondary,2,,asphalt,Dwarka,831
661394696,Dwarka Expressway,motorway,4,,asphalt,South-West,780
661430631,,secondary_link,,,,North,9
661430632,,secondary_link,,,,North,18
661461731,,secondary_link,2,,asphalt,South-West,153
661467913,,primary_link,,,,South-West,10
661755676,,secondary_link,,,,Dwarka,56
661755677,,secondary_link,,,,Dwarka,48
661790358,,secondary_link,,,,South,10
661811721,,motorway_link,,,,South-East,196
662141606,Mathura Road,trunk,3,,asphalt,South-East,1544
662185762,Dwarka Flyover,primary_link,,,,South-West,104
662315054,,trunk_link,,,,South-East,46
662959660,,primary_link,1,,asphalt,South,60
662959663,,secondary_link,1,,asphalt,South,54
663858577,,secondary_link,,,,New Delhi,63
664985706,Prithviraj Road,secondary,,,asphalt,New Delhi,26
664985708,Prithviraj Road,secondary,2,,asphalt,New Delhi,883
664985709,Prithviraj Road,secondary,2,,asphalt,New Delhi,724
665096145,UER II,primary,,,asphalt,Rohini,1168
665096147,UER II,primary,,,asphalt,Rohini,1099
665096160,,secondary,,,,Outer North,43
665096171,,primary,3,,asphalt,Outer North,576
665096177,,primary,3,,asphalt,Rohini,3505
665104468,Urban Extension Road-II,trunk,3,,asphalt,Dwarka,2413
665104469,Urban Extension Road-II,trunk,3,,asphalt,Dwarka,2409
665106695,Dwarka Expressway,motorway,4,,asphalt,South-West,767
665150665,Rotary Number 49,secondary,,,asphalt,New Delhi,13
665150666,,secondary,,,,New Delhi,24
665150667,,secondary,,,,Central,19
665150668,Choudhary Brahm Prakash Chowk,secondary,,,,Central,10
665150669,Mahatma Gandhi Marg,secondary,,,asphalt,West,509
665150670,,secondary,,,,West,34
665150671,Mahatma Gandhi Marg,secondary,,,asphalt,West,367
665150673,Satguru Ram Singh Marg,secondary,,,,West,1065
665150681,Satguru Ram Singh Marg,secondary,,,,West,977
665150684,Patel Road,secondary,,,,Central,312
665150685,,secondary,,,,Central,19
665150689,Mayapuri Chowk,secondary,,,asphalt,West,32
665150690,Mahatma Gandhi Marg,secondary,,,asphalt,West,69
665150693,,secondary_link,,,,West,107
665150694,Mahatma Gandhi Marg,secondary,,,asphalt,West,507
665150695,,secondary,,,,Central,18
665150696,Patel Road,secondary,,,,Central,275
665150697,Choudhary Brahm Prakash Chowk,secondary,,,,Central,12
665150698,Choudhary Brahm Prakash Chowk,secondary,,,,Central,7
665150699,,secondary,2,,asphalt,New Delhi,202
665150702,Gol Dakkhana Roundabout,secondary,,,asphalt,New Delhi,22
665921717,Shivaji Flyover,secondary,,,,New Delhi,112
665921719,Shivaji Flyover,secondary,,,,New Delhi,543
665921720,Maharaja Ranjeet Singh Marg,secondary,,,,Central,155
665921722,,secondary,,,,New Delhi,8
668313662,Mahatma Gandhi Marg,primary,2,,,South-East,29
668313663,Ring Road,secondary,,,asphalt,West,252
668313665,,primary_link,,,,West,31
668313667,Ring Road,primary,,,asphalt,West,478
668313668,Moti Nagar Flyover,primary,3,,asphalt,West,124
668313670,Shalimar Bagh Flyover,primary,,,asphalt,North-West,31
668313671,Mahatma Gandhi Road,primary,,,asphalt,North-West,79
668313672,Mahatma Gandhi Road,secondary,,,asphalt,North-West,28
668313673,Mahatma Gandhi Marg,secondary,,,,North-West,34
668476955,,secondary_link,,,,North-West,51
668476956,,primary_link,,,,West,43
668476957,,secondary_link,,,,West,49
669205555,Rao Tula Ram Flyover,trunk,,,,South-West,2545
670023005,,primary_link,,,cobblestone,South-East,45
670037894,,secondary,,,asphalt,South-East,40
670037896,Okhla Estate Marg Flyover,trunk,,,,South-East,253
670037898,,secondary,,,asphalt,South-East,650
670037899,Kalindi Kunj Bridge,secondary,6,,asphalt,South-East,202
670037914,Sarita Vihar Okhla Underpass,secondary,,,,South-East,247
671863511,Mehrauli Badarpur Road,primary,,,,South,48
672159744,,trunk_link,,,,South,47
672159749,Barapullah Road,trunk,3,,asphalt,South,431
672159750,Barapullah Road Flyover,trunk,3,,asphalt,South,502
672436866,,primary_link,,,,South,62
673792808,Maharishi Raman Marg,secondary,,,asphalt,South,94
673792809,Maharishi Raman Marg,secondary,,,paving_stones,South,86
673792810,Maharishi Raman Marg,secondary,,,,South,423
673792811,Maharishi Raman Marg,secondary,,,paving_stones,South,87
673840960,,secondary,,,,South-East,549
676708025,,secondary_link,2,,asphalt,South-West,22
676708026,Aurobindo Marg,secondary,,,asphalt,South,202
676708027,AIIMS Flyover,primary,,,asphalt,South,49
676881881,,primary,,,,Dwarka,208
677286189,Shri Maa Anandamai Marg,secondary,,,asphalt,South-East,453
677288503,Shri Maa Anandamai Marg,secondary,,,,South-East,845
677291032,Mahatma Gandhi Marg,primary_link,,,,South-East,93
677369096,Josip Broz Tito Marg,secondary,3,,asphalt,South,32
677369098,Josip Broz Tito Marg,secondary,3,,asphalt,South,626
677369101,Josip Broz Tito Marg,secondary,3,,asphalt,South,699
677369102,Josip Broz Tito Marg,secondary,3,,asphalt,South,35
677369464,,secondary_link,,,,Central,32
677369465,,secondary_link,,,,Central,97
677663227,Sher Shah Road,secondary,,,,New Delhi,479
678109791,,trunk_link,2,,asphalt,South-East,207
678124676,,secondary_link,,,,South,15
678152931,Mahatma Gandhi Marg,primary,,,,South-West,104
678395906,Aerocity Underpass,secondary_link,,,paved,South-West,136
678395907,Aerocity Underpass,secondary_link,,,,South-West,117
678397105,,secondary_link,,,,South-East,59
678397106,,secondary,,,,South-East,8
678397107,Lodhi Road,secondary,,,asphalt,South,91
678397108,Lodhi Road,secondary,,,asphalt,South-East,35
678397109,,secondary,,,,South-East,10
678397110,,secondary_link,,,,South-East,261
678397111,Lodhi Road,secondary,,,asphalt,South-East,322
678397112,Lodhi Road,secondary,,,asphalt,South-East,33
678397582,Mahipalpur Bypass Flyover,primary_link,,,paved,South-West,75
678397583,,primary_link,,,,South-West,67
679221194,,primary_link,,,asphalt,South-West,27
679419699,,primary_link,,,,New Delhi,269
679423515,Nityanand Marg,secondary,,,asphalt,North,331
679423516,,trunk_link,,,asphalt,North,71
679453114,,trunk_link,,,,North,85
679488730,,trunk_link,,,,North,15
679488732,,primary_link,,,,New Delhi,280
679512995,Ghazipur Road Flyover,secondary,,,asphalt,East,247
679512996,Nizamuddin Road Flyover,trunk,,,,South-East,297
679512997,,trunk_link,2,,,South-East,152
679512998,Nizamuddin Road Flyover,trunk_link,,,,South-East,404
679512999,Nizamuddin Road Flyover,trunk,,,,South-East,85
679552300,Mahatma Gandhi Marg,trunk,,,,New Delhi,272
679552303,Mahatma Gandhi Marg,trunk,,,,New Delhi,1302
679552306,Mahatma Gandhi Marg,secondary,,,asphalt,North,27
679552308,Raja Ram Kohli Marg,secondary,,,asphalt,Central,33
679552310,Ring Road,trunk,4,,asphalt,North,938
679552311,Mahatma Gandhi Marg,primary,,,asphalt,North,65
679552312,Sham Nath Marg,primary,2,,asphalt,North,59
679552313,Hanuman Mandir Flyover,secondary,,,,North,26
679552314,Mahatma Gandhi Marg,trunk,,,,North,59
680497917,,primary_link,,,,South-East,34
680551203,Mahatma Gandhi Marg,primary_link,2,,,South-East,276
680551204,Sabz Burj Circle,primary,,,asphalt,South-East,48
680551205,Sabz Burj Circle,primary,,,asphalt,South-East,42
680551206,,secondary,,,,New Delhi,58
680551207,,secondary,4,,asphalt,New Delhi,102
680551209,Rotary Number 34,secondary,,,asphalt,New Delhi,31
680551210,rotary no 15,secondary,,,asphalt,New Delhi,58
680551211,,secondary,5,,asphalt,New Delhi,83
680551212,,secondary,5,,asphalt,New Delhi,300
680551213,Sabz Burj Circle,primary,,,asphalt,South-East,9
680551214,Sabz Burj Circle,primary,,,asphalt,South-East,54
680551215,Sabz Burj Circle,primary,,,asphalt,South-East,9
681333727,,secondary_link,,,,South-East,32
681341413,,primary_link,,,,South,13
681364470,Guru Ravidas Marg,secondary,,,,South-East,378
681364475,Guru Ravidas Marg,secondary,,,,South-East,769
681370777,Mehrauli Badarpur Road,primary,,,,South,191
681370779,,primary,,,,South,17
681862997,,secondary_link,,,,West,51
681929691,Karampura Flyover,secondary,,,,West,171
681929692,Shivaji Marg,secondary,,,asphalt,West,1937
681929693,Shivaji Marg,secondary,,,asphalt,West,125
681929701,,secondary_link,,,,West,96
681929703,Shivaji Marg,secondary,,,asphalt,West,56
681929726,Shivaji Marg,secondary,,,asphalt,West,126
681929727,Shivaji Marg,secondary,,,asphalt,West,901
681929728,Shivaji Marg,secondary,,,asphalt,West,641
681929729,Shivaji Marg,secondary,,,asphalt,West,1927
681929730,Patel Road,secondary,,,,West,96
681929731,Karampura Flyover,secondary,,,,West,168
682848212,Aurobindo Marg,primary_link,,,,South,64
682862052,Pragati Marg,secondary,3,,asphalt,East,1412
682964486,Africa Avenue,secondary,,,asphalt,South-West,689
682964487,Africa Avenue,secondary,3,,asphalt,South-West,269
682964491,Raj Nagar Flyover,primary,,,asphalt,South-West,63
682964499,Pragati Marg,secondary,,,asphalt,East,98
682964500,Pragati Marg,secondary,,,asphalt,East,400
682964501,Dallupura Marg,secondary,,,asphalt,East,650
682964502,,trunk,,,,South-East,158
682964504,Flyover,trunk,2,,,East,322
682964505,NH24 Bypass,trunk,,,,East,226
682964507,Flyover,trunk,3,,,East,580
682964508,Flyover,trunk,2,,,East,320
682964509,,trunk_link,,,,East,18
682964510,,trunk_link,,,,East,30
682964511,,trunk_link,,,,East,84
682964512,NH24 Bypass,trunk,,,,East,184
682964513,,trunk_link,,,,East,314
682964514,Delhi - Meerut Expressway,trunk,3,,asphalt,South-East,571
682964516,Delhi - Meerut Expressway,trunk,,,asphalt,East,601
682964517,,trunk_link,3,,asphalt,South-East,377
682964525,Africa Avenue,secondary,,,asphalt,South-West,651
682964528,,secondary_link,,,asphalt,South-West,70
682971783,NH24 Bypass,trunk,5,,,East,248
682971784,,motorway_link,2,,,East,217
682971785,Delhi - Meerut Expressway,trunk,2,,asphalt,East,150
683656788,100 Feet Road,secondary,,,,North-East,1077
683657353,100 Feet Road,secondary,2,,asphalt,North-East,607
683657355,Flyover,secondary,,,,North-East,824
683658053,Flyover,secondary,,,,Shahdara,823
683658054,100 Feet Road,secondary,,,,North-East,713
683661662,Loni Road,trunk,2,,,Shahdara,9
683661878,Loni Road,trunk,2,,,Shahdara,11
683702988,,secondary_link,,,,New Delhi,30
683766453,Aurobindo Marg,secondary,,,asphalt,South,93
683766454,,secondary_link,,,,South,40
683766455,,secondary_link,,,,South,134
683766456,Aurobindo Marg,secondary,4,,asphalt,South,131
683766457,Prime Chowk,secondary,,,,New Delhi,27
683766458,,secondary,,,asphalt,New Delhi,29
683766459,,secondary,,,asphalt,New Delhi,28
683766460,rotary no 10,secondary,,,asphalt,New Delhi,20
683766461,rotary no 10,secondary,,,asphalt,New Delhi,22
683766462,Aurobindo Marg,secondary,,,asphalt,South,135
683766464,,secondary_link,,,asphalt,South,10
683766465,Aurobindo Marg,trunk,,,,South,34
683766471,Aurobindo Marg,trunk,3,,asphalt,South,82
683766473,,trunk_link,,,asphalt,South,17
683766474,Aurobindo Marg,secondary_link,,,,South,170
683766475,Aurobindo Marg,secondary_link,,,asphalt,South,31
683766476,Aurobindo Marg,secondary_link,,,,South,32
683766477,Aurobindo Marg,secondary_link,,,,South,47
683766478,,trunk_link,,,,South,71
683766479,Aurobindo Marg,primary_link,,,,South,87
683766480,Aurobindo Marg,primary_link,,,,South,244
683881447,Abdul Gaffar Khan Marg,primary,3,,asphalt,South-West,1655
683881448,Abdul Gaffar Khan Marg,primary,3,,asphalt,South-West,299
684354139,Loni Road,trunk,2,,asphalt,North-East,1789
684354140,100 Feet Road,secondary,,,,North-East,963
684436613,Mahatma Gandhi Marg,primary,,,,South-West,51
684436614,Aurobindo Marg,trunk,3,,asphalt,South,39
684436615,Vedant Deshika Marg,secondary,2,,asphalt,South-West,30
684436627,Sant Shri Nagpal Marg,secondary,4,,asphalt,South,3274
684436628,Sant Shri Nagpal Marg,secondary,2,,asphalt,South,17
684436629,Mehrauli Gurgaon Road,trunk,2,,asphalt,South,242
684436630,Shaheed Jeet Singh Marg,secondary,,,,South-West,27
684436631,Aruna Asaf Ali Marg,secondary,2,,asphalt,South-West,31
684436632,Mahatma Gandhi Marg,primary,,,,South-West,33
684469339,Ghazipur Road Flyover,secondary,,,asphalt,East,232
684469340,Ghazipur Road,secondary,2,,asphalt,East,143
684469341,Ghazipur Road,secondary,2,,asphalt,East,43
684469342,Ghazipur Road,secondary,2,,asphalt,East,316
684512045,Delhi - Meerut Expressway,motorway,,,asphalt,East,209
684512051,,secondary,,,asphalt,East,79
684512052,,secondary,,,asphalt,East,49
684712017,Loni Road,trunk,2,,asphalt,Shahdara,1101
684972730,Shahjahan Road,secondary,2,,asphalt,New Delhi,37
686512792,Aruna Asaf Ali Marg,secondary,2,,asphalt,South-West,280
686514841,,primary,,,asphalt,South-West,127
686514843,,primary,,,,South-West,11
686514845,,primary,,,,South-West,54
686515640,Nelson Mandela Marg,primary,,,asphalt,South-West,15
686515641,Nelson Mandela Marg,primary,3,,asphalt,South-West,128
686520256,,secondary_link,,,,South,13
686575741,,primary_link,,,asphalt,South,19
686637228,,secondary_link,,,asphalt,South-West,14
686647022,,primary_link,,,asphalt,South-West,35
686664590,,secondary_link,,,asphalt,New Delhi,43
686681746,,secondary_link,,,,South-West,10
686696028,,secondary,,,asphalt,New Delhi,61
686781072,,secondary_link,,,asphalt,New Delhi,43
686834814,,secondary_link,,,,West,8
686839268,,secondary_link,,,,South-East,229
686844632,,primary_link,,,,South-West,56
686845179,,secondary_link,,,,South-East,239
686876309,,secondary_link,,,,South-West,10
686889814,,secondary_link,,,,New Delhi,17
686892751,,secondary_link,,,,Central,10
686914247,,secondary_link,,,asphalt,Central,59
686914248,,secondary_link,,,asphalt,Central,46
686914250,Bhavbhuti Marg,secondary,,,asphalt,Central,11
687049828,Nand Nagari Flyover,trunk,2,,asphalt,North-East,641
687049830,Nand Nagari Flyover,trunk,2,,asphalt,North-East,678
687049832,Wazirabad Road,trunk,2,,asphalt,North-East,318
687050670,Wazirabad Road,trunk,2,,asphalt,North-East,1007
688280716,Mandir Marg,secondary,2,,,South,8
688280717,Mandir Marg,secondary,2,,,South,39
688307594,Flyover,trunk,,,,East,931
688826999,Mehrauli Badarpur Road,primary,,,,South,12
688827001,Mehrauli Badarpur Road,primary,,,,South,384
688827002,Mehrauli Badarpur Road,primary,,,,South,210
689196356,Mall Road,primary,2,,asphalt,North-West,159
689196357,Mall Road,primary,,,,North-West,173
689336446,Cariappa Marg,primary,,,asphalt,South-West,1349
689336450,Cariappa Marg,primary,,,,South-West,195
689336452,Shaheed Bhagat Singh Marg,secondary,,,,West,20
689336453,Satguru Ram Singh Marg,secondary,,,,West,855
689336454,Pankha Road,primary,,,,West,373
689336455,Satguru Ram Singh Marg,secondary,,,,West,13
689336456,,primary,,,,West,22
689336457,Dabri Mor Flyover,primary_link,,,,Dwarka,29
689336458,Dabri Mor Flyover,primary_link,,,,West,341
689336459,Shivaji Marg,secondary,,,,West,73
689434062,,primary,,,,Dwarka,40
689434063,,primary,,,,Dwarka,26
689434064,,primary,,,,West,68
689440610,Mahatma Gandhi Marg,primary,3,,asphalt,South-West,181
689499494,Outer Ring Road,primary,,,,South,102
689545575,Okhla Estate Marg,secondary,2,,asphalt,South-East,1117
689633979,,primary_link,,,asphalt,South,28
689705963,Outer Ring Road,primary,,,asphalt,South,19
690188267,Aurangzeb Road,secondary,,8,concrete,South-East,1057
690188270,Aurangzeb Road,secondary,,,asphalt,South-East,82
690188272,,secondary_link,,,,South-East,56
690188273,,secondary,,,,South-East,8
690251608,Aurangzeb Road,secondary,,8,asphalt,South-East,384
690251611,Aurangzeb Road,secondary,,,,South-East,202
690251614,Aurangzeb Road,secondary,,,,South-East,202
690251617,Aurangzeb Road,secondary,,8,asphalt,South-East,382
690251618,Aurobindo Marg,trunk,3,,,South,80
690251619,Mahatma Gandhi Marg,primary,2,,,South,83
690251620,C.V. Raman Marg,secondary,,,,South-East,200
690251621,Maulana Mohamed Ali Jauhar Marg,secondary,,,,South-East,421
690251626,,secondary_link,,,,South-East,6
690251629,Kalindi Kunj Road,secondary,,,,South-East,264
690251630,Kalindi Kunj Road,secondary,2,,concrete,South-East,546
690251631,Kalindi Kunj Road,secondary,,,,South-East,156
690251632,Kalindi Kunj Road,secondary,,,,South-East,279
690251633,Kalindi Kunj Road,secondary,,,,South-East,41
690251634,Kalindi Kunj Road,secondary,,,,South-East,86
690251635,Kalindi Kunj Road,secondary,,,,South-East,68
690251636,Aurangzeb Road,secondary,1,8,asphalt,South-East,342
690251637,Aurangzeb Road,secondary,,,,South-East,9
690251640,Aurangzeb Road,secondary,,,,South-East,54
690251641,Aurangzeb Road,secondary,,8,concrete,South-East,242
690251648,Aurangzeb Road,secondary,,,asphalt,South-East,18
690251649,Aurangzeb Road,secondary,,,asphalt,South-East,15
690251650,Maulana Mohamed Ali Jauhar Marg,secondary,,,asphalt,South-East,372
690251651,C.V. Raman Marg,secondary,,,,South-East,281
690251652,,secondary_link,,,asphalt,South-East,59
690251653,C.V. Raman Marg,secondary,,,,South-East,765
690251655,Mathura Road,trunk,3,,asphalt,South-East,1092
691112415,,primary_link,,,,South-West,60
691147545,,secondary_link,,,,New Delhi,41
691473058,,primary_link,,,asphalt,East,61
691650022,,primary_link,,,,Rohini,45
691886473,Vikas Marg,primary,1,,,Central,592
691886474,Vikas Marg,primary,1,,asphalt,Central,124
691886475,Vikas Marg,primary,1,,,Central,44
691886476,Vikas Marg,primary,1,,asphalt,Central,99
691975868,Swami Dayanand Marg,secondary,2,,asphalt,East,294
691975871,Swami Dayanand Marg,secondary_link,2,,asphalt,East,66
691975872,Swami Dayanand Marg,primary,,,,East,43
692801299,Ghazipur Road,secondary,,,asphalt,East,271
693687406,,secondary,,,,Shahdara,17
693691907,New Seemapuri Road,secondary,,,,Shahdara,698
693902528,G.T Road,secondary,,,,Shahdara,345
693902530,G.T Road,secondary,,,,Shahdara,725
693902531,G.T Road,secondary,,,,Shahdara,411
693902533,G.T Road,secondary,,,,Shahdara,662
694332904,Outer Ring Road,primary_link,,,asphalt,South-East,72
694332906,Akshardham Flyover,trunk,4,,asphalt,East,156
694332907,Mayur Vihar Phase1 Flyover,trunk,4,,asphalt,East,280
694332908,Dadri Road,trunk,,,,East,159
694332938,Dadri Road,trunk,3,,asphalt,East,192
694332939,Mayur Vihar Flyover,trunk,3,,asphalt,East,194
694332940,Akshardham Flyover,trunk,,,,East,145
694332941,NH24 Bypass,trunk,,,,East,191
694332942,,trunk_link,,,,East,66
694505284,Urban Extension Road-II,trunk,3,,asphalt,Outer North,56
694505285,Urban Extension Road-II,trunk,3,,asphalt,Outer North,59
694505286,,primary,3,,asphalt,Outer North,2615
694505287,,primary,3,,asphalt,Outer North,2389
694505288,UER II,primary,3,,asphalt,Outer North,737
695546940,,secondary_link,,,,West,25
695548075,,secondary_link,,,,South,55
696178604,Mayur Vihar Phase1 Flyover,trunk,3,,asphalt,East,511
696178605,Dadri Road,trunk_link,4,,asphalt,East,540
696302521,,secondary_link,,,asphalt,New Delhi,48
696302522,,secondary_link,,,asphalt,New Delhi,9
696302523,,secondary_link,,,asphalt,New Delhi,41
696379375,G.T Road,primary,,,,Shahdara,20
696580998,,secondary,,,,North,19
696580999,,secondary_link,,,,North,35
696820020,,secondary_link,,,asphalt,East,7
696820479,,secondary_link,,,asphalt,East,7
697092415,,primary_link,2,,asphalt,North-East,172
697289105,Mathura Road,secondary,,,asphalt,South-East,140
697739811,,secondary_link,,,,New Delhi,69
697944870,Simon Bolivar Road,secondary,,,asphalt,New Delhi,1118
698298777,Okhla Estate Marg Flyover,trunk,,,,South-East,292
698603918,Vande Mataram Marg,secondary,,,,New Delhi,2189
699557288,,secondary_link,,,,New Delhi,12
699562875,,trunk_link,,,,Central,91
699660182,GT Road,primary,2,,asphalt,North-East,253
699826849,,trunk_link,,,,South-East,305
700063431,,primary_link,,,,Shahdara,18
700063432,GT Road,primary,3,,asphalt,Shahdara,315
700063433,GT Road,primary,2,,asphalt,Shahdara,271
700063434,Keshav Chowk,primary_link,2,,asphalt,North-East,39
700063435,Keshav Chowk,primary,2,,asphalt,North-East,63
700070810,Bhartendu Harish Chandra Marg,secondary,2,,asphalt,Shahdara,29
700261790,South Avenue,secondary,,,,New Delhi,646
700310542,Satya Marg,secondary,,,asphalt,New Delhi,207
700310543,Satya Marg,secondary,2,,asphalt,New Delhi,198
700313694,Chandragupta Marg,secondary,,,asphalt,New Delhi,1073
700313695,Simon Bolivar Road,secondary,,,asphalt,New Delhi,9
700313696,Panchsheel Marg,secondary,2,,asphalt,New Delhi,754
700494932,,primary_link,,,,South-East,68
702114799,,trunk,2,,,North-East,283
702114800,,trunk,2,,,North-East,1140
702121786,Mathura Road,trunk,3,,,South-East,1140
702124005,Satya Marg,secondary,,,asphalt,New Delhi,378
702124006,Satya Marg,secondary,,,asphalt,New Delhi,387
702390840,,primary_link,,,asphalt,South-West,78
702419353,,secondary_link,,,,South-West,32
703921726,,secondary_link,,,,South-East,28
704398893,,secondary,2,,asphalt,Shahdara,78
704400276,Raja Ram Kohli Marg,secondary,,,asphalt,North,164
704458793,,primary_link,,,,West,44
704506232,,secondary_link,,,,South-East,8
704527733,Jangpura Road Flyover,primary,2,,asphalt,South-East,14
704527734,Jangpura Road Flyover,primary,2,,asphalt,South-East,12
704534722,,secondary_link,,,,West,40
704739957,,secondary_link,,,,South-East,82
705065521,,trunk_link,,,,North,113
705074908,,primary_link,,,asphalt,North-West,40
705076321,,secondary_link,,,,West,67
705088058,,primary_link,,,asphalt,North-West,43
705098615,,primary,,,,North-West,56
705114517,,secondary_link,,,asphalt,Outer North,12
705393059,,trunk_link,,,,South-East,27
705398510,,secondary_link,,,,North-West,10
705408940,,secondary_link,,,,North-West,43
705408941,,secondary_link,,,,North-West,60
705412175,Rao Tula Ram Flyover,trunk,2,,,South-West,73
705412176,Rao Tula Ram Flyover,trunk,,,,South-West,86
705412177,Rao Tula Ram Flyover,trunk,,,,South-West,800
705663018,,secondary_link,,,,West,57
705667834,,secondary,,,,South,12
706281092,,secondary_link,,,,East,9
706292880,,secondary_link,,,,North,34
706317403,,primary_link,,,asphalt,North,47
706342779,,primary_link,,,,Outer,40
706359358,,secondary_link,,,,North-West,9
706373643,,secondary_link,,,asphalt,New Delhi,43
706579185,,primary_link,,,asphalt,South-West,110
706586122,,secondary_link,,,,Dwarka,93
706609566,,secondary_link,,,,North,8
706609567,Shyama Prasad Mukherji Marg,secondary,,,,North,549
706632188,,secondary_link,,,,East,29
706865248,,secondary_link,,,,North-West,12
706865249,,secondary_link,,,,North-West,11
706875557,,secondary_link,,,,New Delhi,14
706917011,,secondary_link,,,asphalt,New Delhi,15
706970966,Ashoka Road,secondary,2,,asphalt,New Delhi,254
707002818,South Extension Flyover,primary,2,,asphalt,South,66
707163415,Jangpura Road Flyover,primary,,,,South-East,17
707163416,Jangpura Road Flyover,primary,2,,asphalt,South-East,140
707163417,Jangpura Road Flyover,primary,,,,South-East,17
707163418,Jangpura Road Flyover,primary,2,,asphalt,South-East,138
707164957,,secondary_link,,,,West,41
707164958,,secondary_link,,,,West,46
707164959,,secondary_link,,,,West,36
707165651,,secondary_link,,,,North-West,27
707180849,,primary_link,,,,South,12
707245217,,secondary_link,,,asphalt,New Delhi,44
707253328,,secondary_link,,,,South-East,11
707544017,,secondary_link,,,,Central,70
707547794,,secondary_link,,,,North,95
707582164,,trunk_link,,,,South,17
707647494,,secondary_link,2,,asphalt,Central,64
707647797,,secondary_link,,,,North-West,14
708281606,Panchsheeel Marg,secondary,2,,asphalt,New Delhi,299
708281612,Panchsheel Marg,secondary,2,,asphalt,New Delhi,291
708281614,Panchsheel Marg,secondary,2,,asphalt,New Delhi,427
708394973,,primary_link,,,asphalt,North,61
708433698,Vinay Marg,secondary,,,asphalt,New Delhi,1199
708462102,,secondary_link,,,,South-West,39
708467368,,secondary_link,,,,Dwarka,46
708474897,South Avenue,secondary,,,,New Delhi,646
708474898,Teen Murti Marg,secondary,2,,asphalt,New Delhi,633
708474899,Lok Kalyan Marg,secondary,,,asphalt,New Delhi,584
708474900,,secondary_link,,,,New Delhi,60
708474901,,secondary_link,,,,New Delhi,51
708474903,Rajaji Marg,secondary,,,asphalt,New Delhi,547
708474904,Rajaji Marg,secondary,,,,New Delhi,251
708474905,Tu-Tu Marg,secondary,,,asphalt,New Delhi,292
708488753,Akbar Road,secondary,2,,asphalt,New Delhi,603
708488754,Dara Shikoh Road,secondary,,,,New Delhi,396
708753476,,secondary_link,,,,Central,47
708753477,,secondary_link,,,,North,50
708753478,,secondary_link,,,,North,61
708790367,,secondary_link,,,,South,152
708802907,,secondary_link,1,,asphalt,New Delhi,94
708804793,Rani Jhansi Flyover,primary_link,,,,North,209
708804794,Rani Jhansi Flyover,primary_link,,,,North,30
708804796,Rani Jhansi Flyover,primary_link,,,,North,124
708804797,Rani Jhansi Flyover,primary_link,,,,North,126
708804798,Rani Jhansi Flyover,primary,,,,North,1314
708825533,,secondary,,,,South-West,324
709107304,,secondary_link,,,,South-East,12
709276133,Janpath,secondary,2,,asphalt,New Delhi,289
709276134,,secondary,,,asphalt,New Delhi,23
709276135,Janpath,secondary,2,,asphalt,New Delhi,347
709276136,,secondary,,,asphalt,New Delhi,17
709276137,,secondary,,,asphalt,New Delhi,17
709276138,Janpath,secondary,2,,asphalt,New Delhi,192
709281061,Janpath,secondary,2,,asphalt,New Delhi,223
709528408,,secondary_link,,,asphalt,New Delhi,40
709528409,,secondary_link,,,asphalt,New Delhi,41
709528410,,secondary_link,,,asphalt,New Delhi,44
709528411,,secondary_link,1,,asphalt,New Delhi,237
709606265,,secondary_link,,,,North-West,37
710522944,Rajesh Pilot Marg,secondary,2,,asphalt,New Delhi,155
710522945,Rajesh Pilot Marg,secondary,,,,New Delhi,155
710585113,,secondary_link,,,asphalt,New Delhi,31
710594427,Anuvrat Marg,trunk,2,,asphalt,South,19
710621825,Prithviraj Road,secondary,2,,asphalt,New Delhi,911
710645763,Roundabout n°36,secondary,,,asphalt,New Delhi,25
710645764,Rotary Number 32,secondary,,,,New Delhi,26
710645765,Roundabout n°36,secondary,,,asphalt,New Delhi,65
710645766,Teen Murti Haifa Chowk,secondary,,,asphalt,New Delhi,22
710645768,South Avenue,secondary,,,,New Delhi,35
710645769,,secondary,,,asphalt,New Delhi,14
710645770,Windsor Place,secondary,,,asphalt,New Delhi,24
710645772,Abdul Gaffar Khan Marg,primary,3,,asphalt,South,53
710645773,Abdul Gaffar Khan Marg,primary,3,,asphalt,South,72
710645774,,primary,2,,asphalt,South,13
711421326,Maulana Azad Road,secondary,,,asphalt,New Delhi,579
711421327,Maulana Azad Road,secondary,,,asphalt,New Delhi,580
711421329,rotary no 15,secondary,,,asphalt,New Delhi,45
711421330,rotary no 15,secondary,,,asphalt,New Delhi,22
711421331,rotary no 15,secondary,,,asphalt,New Delhi,16
711421332,rotary no 15,secondary,,,asphalt,New Delhi,21
712992070,Janpath,secondary,,,asphalt,New Delhi,14
712992071,Ashoka Road,secondary,2,,asphalt,New Delhi,641
712992074,Doctor Rajendra Prasad Road,secondary,,,asphalt,New Delhi,577
712992079,Firoz Shah Road,secondary,2,,asphalt,New Delhi,75
712992080,Bhagwan Das Road,secondary,4,,asphalt,New Delhi,582
714492366,Max Mueller Marg,secondary_link,,,asphalt,New Delhi,33
714492367,Max Mueller Marg,secondary,,,asphalt,New Delhi,10
714492368,Fourth Avenue Road,secondary,2,,asphalt,South,90
714986188,Chelmsford Road,secondary,,,asphalt,Central,742
714986189,Babu Ram Solanki Marg,secondary,,,asphalt,Central,749
714992549,Rafi Ahmed Kidwai Marg,secondary,6,,asphalt,New Delhi,102
715074746,Dadri Road,trunk,4,,asphalt,East,425
715377036,Jangpura Road Flyover,primary,2,,asphalt,South-East,50
715377037,Jangpura Road Flyover,primary,2,,asphalt,South-East,19
715377038,Jangpura Road Flyover,primary,2,,asphalt,South-East,29
715377039,Jangpura Road Flyover,primary,2,,asphalt,South-East,135
716995727,,secondary_link,,,asphalt,South,11
716995730,,secondary_link,,,asphalt,South,14
716995731,,secondary_link,,,,South,12
717044065,,primary_link,,,,Outer,352
717907807,Ashoka Road,secondary,,,asphalt,New Delhi,613
717907815,Raisina Road,secondary,,,asphalt,New Delhi,39
718034946,Pusa Road,secondary,,,,Central,105
718034947,Pusa Road,secondary,,,,Central,854
718264152,,motorway_link,,,,South-West,25
719124789,,secondary_link,,,,West,32
719286617,G.T.B Road,secondary,,,,Shahdara,630
719345444,,secondary_link,,,,Shahdara,14
719561159,,secondary_link,,,asphalt,North,9
719632260,,primary_link,,,asphalt,South-East,39
720112425,,secondary_link,,,asphalt,New Delhi,61
720139182,,secondary_link,,,,South-East,38
720175797,,primary_link,,,,West,33
721554895,Mother Dairy Road,secondary,2,,asphalt,East,272
721554896,Mother Dairy Road,secondary,2,,asphalt,East,271
721575797,,secondary,,,,Outer North,259
722082927,Rajesh Pilot Marg,secondary,,,asphalt,New Delhi,31
722082928,Max Mueller Marg,secondary,,,asphalt,New Delhi,32
722082929,,secondary,,,asphalt,New Delhi,4
722082930,,secondary,,,asphalt,New Delhi,5
722082931,,secondary,,,asphalt,New Delhi,9
722082932,,secondary,,,asphalt,New Delhi,3
722082933,Rotary Number 45,secondary,,,asphalt,New Delhi,13
722082934,Aurobindo Marg,trunk,3,,asphalt,South,99
722082935,Rotary Number 32,secondary,,,,New Delhi,29
722082937,South Avenue,secondary,,,,New Delhi,34
722082938,Guru Ravidas Marg,secondary,,,,South-East,156
722082939,Guru Ravidas Marg,secondary,,,,South-East,149
722082941,Vikas Marg,primary,,,,East,39
722082942,Mandi House Chowk,secondary,,,asphalt,New Delhi,28
722082943,Windsor Place,secondary,,,asphalt,New Delhi,31
722082944,Windsor Place,secondary,,,asphalt,New Delhi,31
722082945,Rotary Number 34,secondary,,,asphalt,New Delhi,32
722082946,Rafi Ahmed Kidwai Marg,secondary,4,,asphalt,New Delhi,115
722082947,Rafi Ahmed Kidwai Marg,secondary,6,,asphalt,New Delhi,87
722082948,Rotary Number 45,secondary,,,asphalt,New Delhi,32
722082952,Subramaniyam Bharti Marg,secondary,2,,asphalt,New Delhi,11
722082953,Rotary 14,secondary,,,asphalt,New Delhi,13
722082954,Rotary 14,secondary,,,asphalt,New Delhi,16
722082956,Mahatma Gandhi Marg,primary_link,,,asphalt,South-East,12
722082959,Fourth Avenue Road,secondary,2,,asphalt,South,283
722082960,Fourth Avenue Road,secondary,,,asphalt,South,88
722402430,Outer Ring Road,primary_link,,,asphalt,South-East,8
722402431,Outer Ring Road,primary_link,,,asphalt,South-East,62
727360271,Entry to NH8,motorway_link,1,,,South-West,38
728034704,Exit for Dwarka,secondary,2,,,South-West,27
729691537,NH24 Bypass,trunk,,,,East,219
729701139,Mathura Road,primary,,,asphalt,South-East,7
729897421,NH24 Bypass,trunk,,,,East,26
729959834,rotary no 15,secondary,,,asphalt,New Delhi,21
729959836,Akbar Road,secondary,,,asphalt,New Delhi,3
729959837,Flyover,trunk,,,,East,37
729959838,Flyover,trunk,3,,,East,173
729959840,,trunk_link,,,,East,50
729959841,,motorway_link,2,,,East,157
729959842,,motorway_link,2,,,East,166
729959849,Delhi - Meerut Expressway,motorway,,,asphalt,East,235
729959850,Delhi - Meerut Expressway,motorway,,,asphalt,East,37
729959851,,trunk_link,,,,East,10
730111071,Mahatma Gandhi Marg,primary_link,2,,,South-East,13
730111073,Outer Circle,secondary,4,,asphalt,New Delhi,92
730237457,Mathura Road,primary,,,asphalt,South-East,98
730237458,,secondary_link,1,,asphalt,South,26
730290860,Maharishi Raman Marg,secondary,3,,asphalt,South,188
730290861,Lodhi Road,secondary,,,,South,25
730290862,,secondary_link,,,asphalt,New Delhi,57
730290863,,secondary_link,,,asphalt,South,49
730290864,IV Avenue Road,secondary,,,asphalt,South,514
730290865,Shri Maa Anandamai Marg,secondary,,,,South-East,19
732001894,Shahjahan Road,secondary,,,asphalt,New Delhi,64
732001896,Subramaniyam Bharti Marg,secondary,,,asphalt,New Delhi,5
732001897,Subramaniyam Bharti Marg,secondary,2,,asphalt,New Delhi,349
732001898,,secondary,,,,New Delhi,6
732001899,Mahatma Gandhi Marg,primary_link,,,,South,41
732001900,Poorvi Marg,secondary,,,,South-West,36
732001903,Palam Marg,secondary,,,,South-West,43
732001905,Subramaniyam Bharti Marg,secondary,,,asphalt,New Delhi,7
732001906,Maharishi Raman Marg,secondary,,,,New Delhi,6
732001907,,secondary_link,,,,New Delhi,63
732001908,Subramaniyam Bharti Marg,secondary,2,,asphalt,New Delhi,37
732015758,Rao Tula Ram Flyover,trunk,,,,South-West,90
732888986,,primary,,,,South-West,16
732888987,,secondary,,,,South-West,10
732888988,,secondary,,,,South-West,10
733267953,,secondary,,,,Rohini,676
733572426,,secondary_link,,,,East,25
733576742,,primary_link,,,,South-East,43
733740787,,trunk,3,,,East,94
733740790,,secondary,,,,East,23
733740793,Ghazipur Road,secondary,2,,asphalt,East,74
733740794,Flyover,trunk,,,,East,479
733740796,National Highway 24 Bypass,trunk_link,,,,East,11
733740798,Flyover,trunk,3,,,East,712
733740804,National Highway 24 Bypass,trunk,3,,,East,294
733740805,National Highway 24 Bypass,trunk,,,,East,314
733740806,National Highway 24 Bypass,trunk,,,,East,262
733740807,Flyover,trunk,,,,East,224
733740808,Flyover,trunk,,,,East,350
733740810,Flyover,trunk,3,,,East,267
733740811,Flyover,trunk,,,,East,33
733740813,National Highway 24 Bypass,trunk,,,,East,313
733740814,,trunk,,,,East,248
733803583,Vikas Marg,secondary,3,,asphalt,Central,129
733803584,Vikas Marg,primary,3,,asphalt,East,610
733803585,Vikas Marg,secondary,2,,asphalt,Central,42
733803586,Mahatma Gandhi Marg,trunk,,,asphalt,Central,138
733803587,,trunk_link,,,,Central,14
733803588,Indra Prasth Marg,secondary,,,,Central,38
733803589,Okhla Estate Marg,secondary,2,,asphalt,South-East,104
733803590,Shri Maa Anandamai Marg,secondary,2,,asphalt,South-East,57
733803591,Vikas Marg,primary,,,,East,104
733803592,Vikas Marg,primary,,,asphalt,East,977
733803593,Vikas Marg,primary,,,asphalt,East,971
733804241,Mahatma Gandhi Marg,trunk,4,,asphalt,Central,218
734729405,,secondary,,,,Outer North,2152
734741168,,secondary,,,,Outer North,1062
735095128,Asaf Ali Road,secondary,,,,Central,640
736423518,,primary_link,,,,South-West,82
738199215,,trunk_link,,,,South,22
739709584,National Highway 24 Bypass Flyover,trunk,3,,,East,177
739709585,National Highway 24 Bypass Flyover,trunk,,,,East,178
739709587,Delhi - Meerut Expressway,motorway,3,,asphalt,East,230
739709590,National Highway 24 Bypass Flyover,trunk,2,,asphalt,East,276
739709591,Delhi - Meerut Expressway,motorway,3,,asphalt,East,173
739709592,Delhi - Meerut Expressway,motorway,3,,asphalt,East,229
739709593,DME Service Road,secondary,,,,East,327
739709594,National Highway 24 Bypass Flyover,trunk,,,,East,244
739709596,National Highway 24 Bypass Flyover,trunk,3,,,East,248
742199520,,trunk,,,,South,14
742199521,,primary,,,,South,14
742199522,,primary,,,,South,15
744097506,,secondary_link,,,,South-West,50
744248527,Shraddhanand Road,secondary,,,,Central,9
744248528,,secondary,,,,Central,11
744248530,,secondary_link,,,,Central,50
744248531,Jawaharlal Nehru Marg,secondary_link,,,,Central,36
746580216,,trunk,,,,South,50
747485439,,secondary,,,asphalt,New Delhi,336
747943913,Akshardham Flyover,trunk,4,,asphalt,East,170
747966453,,motorway_link,,,,East,122
747966454,,motorway_link,,,,East,201
747966455,,motorway_link,,,,East,231
747966456,National Highway 24 Bypass,trunk,,,,East,324
747966465,National Highway 24 Bypass,trunk,,,asphalt,East,26
747974877,,trunk,,,,East,113
748610934,,primary_link,,,,Rohini,12
749606289,,secondary,,,asphalt,New Delhi,36
749606290,,secondary,,,asphalt,New Delhi,36
749606291,Rotary 10,secondary,,,asphalt,South-West,26
749606292,Rotary 10,secondary,,,asphalt,South-West,31
749606295,Rotary 10,secondary,,,asphalt,South-West,22
749606296,,secondary,,,asphalt,New Delhi,60
749606297,Panchsheel Marg,secondary,2,,asphalt,New Delhi,157
749606298,,secondary_link,,,asphalt,New Delhi,46
749606299,Vinay Marg,secondary,,,asphalt,New Delhi,41
749606300,,secondary,,,asphalt,New Delhi,75
749606301,rotary no 10,secondary,,,asphalt,New Delhi,6
749606302,Rotary Number 51,secondary,,,,New Delhi,52
749606303,Bangabandhu Sheikh Mujib Road,secondary,,,,New Delhi,299
749606304,Rotary Number 51,secondary,,,,New Delhi,49
749606305,,secondary,,,,Central,22
749606306,,secondary,,,asphalt,Central,31
749606311,New Rohtak Road,primary,,,,Central,1338
749606312,New Rohtak Road,primary,,,,Central,739
749606313,Swami Narayan Marg Flyover,secondary,,,,North,18
749606314,Swami Narayan Marg,secondary,,,,North,243
749606315,Vir Banda Bairagi Marg,secondary,,,,North,1312
749606316,Road Number 40,secondary,,,,North,100
749606317,,secondary,,,,North,97
749606318,Maharaja Nahar Singh Marg Flyover,secondary,2,,,North-West,295
749606319,Pandit Lekkhram Sharma Marg,secondary,,,asphalt,North-West,12
749606321,Pandit Lekkhram Sharma Marg,secondary,,,,North-West,59
749606322,Pandit Lekkhram Sharma Marg,secondary,,,,North-West,427
749606323,Pandit Lekkhram Sharma Marg,secondary,,,asphalt,North-West,567
749606324,,secondary_link,,,,North-West,6
749606325,Pandit Lekkhram Sharma Marg,secondary,,,asphalt,North-West,451
749606326,Pandit Lekkhram Sharma Marg,secondary,,,asphalt,North-West,463
749606327,Pandit Lekkhram Sharma Marg,secondary,,,asphalt,North-West,32
749606328,,secondary_link,,,,North-West,7
749606329,Pandit Lekkhram Sharma Marg,secondary,,,,North-West,61
749606330,Britannia Road,secondary,,,,North-West,7
749606331,Britannia Road,secondary,,,asphalt,North-West,30
749606334,Mahatma Gandhi Road,primary,3,,asphalt,North-West,215
749654825,,trunk_link,2,,asphalt,South-East,119
749654826,,trunk_link,2,,asphalt,South-East,426
749961530,,trunk_link,2,,asphalt,South-East,56
750226391,,primary,,,,South-West,15
750226392,Anuvrat Marg,trunk,2,,asphalt,South,40
750226393,Anuvrat Marg,trunk,2,,asphalt,South,11
750226396,Anuvrat Marg,trunk,2,,asphalt,South,77
750787861,DME Service Road,secondary,,,asphalt,East,422
750787862,DME Service Road,secondary,2,,asphalt,East,286
753091493,Nelson Mandela Marg,primary,,,,South-West,13
753091496,Palam Marg,secondary,,,,South-West,193
753091497,Rotary 10,secondary,,,asphalt,South-West,11
753091498,Rotary 10,secondary,,,asphalt,South-West,7
753091499,Africa Avenue,secondary,,,,South-West,74
753091500,Palam Marg,secondary,,,,South-West,166
753485768,,secondary_link,,,,South,11
753485769,,secondary_link,,,,South,17
753611505,Aerocity Underpass,secondary_link,,,paved,South-West,344
753611506,Aerocity Underpass,secondary_link,,,,South-West,362
753775281,Mahipalpur Bypass Flyover,primary_link,,,paved,South-West,165
753775282,Mahipalpur Bypass Flyover,primary_link,,,paved,South-West,297
754138615,,trunk,,,,North-West,114
754138616,,primary_link,,,,North-West,37
754138617,,trunk_link,2,,paved,North,115
754138618,,trunk_link,2,,paved,North,41
754141395,Flyover,trunk_link,,,,South-West,29
754148107,Mathura Road,trunk,,,asphalt,South-East,516
754148108,,trunk_link,,,,South-East,184
754148109,,trunk_link,,,,South-East,200
754148110,,secondary_link,,,,South-East,36
754159802,Barapullah Road Flyover,trunk,3,,,South,15
754159803,Barapullah Road Flyover Ramp,trunk_link,,,,South,465
754159804,,trunk_link,2,,,South,275
754159805,,trunk_link,3,,asphalt,South-East,339
754159806,Baba Banda Singh Bahadur Setu Ramp,trunk_link,2,,asphalt,South-East,55
754159807,,trunk_link,2,,asphalt,South-East,717
754372054,Flyover,trunk,,,,South-West,55
754372056,Flyover,trunk,3,,,South-West,344
754372057,Flyover,trunk,,,,South-West,107
754391958,Cariappa Marg,primary,,,asphalt,South-West,179
754391959,,trunk_link,,,,South-West,107
754391960,Cariappa Marg,primary,,,,South-West,199
754391963,Flyover,trunk,,,,South-West,110
754391964,Cariappa Marg,primary,,,asphalt,South-West,41
754391966,,trunk_link,,,,South-West,394
754398376,Rani Jhansi Flyover,primary,,,,Central,140
754398377,Rani Jhansi Flyover,primary,,,,Central,117
754398381,Rani Jhansi Road,secondary,,,,North,313
754398382,Rani Jhansi Flyover,primary_link,,,,North,236
754398383,Rani Jhansi Flyover,primary_link,,,,North,68
754398384,Rani Jhansi Road,secondary,,,,North,156
754398386,Rani Jhansi Flyover,primary_link,,,,North,65
754398387,Rani Jhansi Flyover,primary_link,,,,North,64
754398388,Rani Jhansi Road,secondary,,,,North,32
754398389,Rani Jhansi Flyover,primary,,,,North,263
754398390,Rani Jhansi Flyover,primary,,,,North,261
754406423,Underpass,motorway_link,,,,South-West,85
754474338,,secondary_link,,,asphalt,Central,70
755924313,Abdul Gaffar Khan Marg,primary,2,,asphalt,South-West,37
755924314,,secondary,3,,,South-West,11
755924315,Abdul Gaffar Khan Marg,primary,2,,asphalt,South-West,18
755924316,,secondary,3,,asphalt,South-West,72
758488034,,secondary,,,asphalt,New Delhi,9
758488035,,secondary,,,,New Delhi,24
758488036,rotary no 15,secondary,,,asphalt,New Delhi,10
758488037,,secondary,,,asphalt,New Delhi,7
758488038,Rotary Number 34,secondary,,,asphalt,New Delhi,22
758753871,Aurobindo Marg,secondary,,,asphalt,South,8
758753872,,secondary,,,asphalt,New Delhi,2
758753873,Rotary Number 34,secondary,,,asphalt,New Delhi,19
758753874,Motilal Nehru Place,secondary,,,asphalt,New Delhi,39
758753875,Motilal Nehru Place,secondary,,,asphalt,New Delhi,24
758753876,Rajesh Pilot Marg,secondary,,,,New Delhi,230
758753877,Prithviraj Road,secondary,,,,New Delhi,29
758753878,Prithviraj Road,secondary,,,asphalt,New Delhi,732
758753879,Rajesh Pilot Marg,secondary,,,asphalt,New Delhi,11
758753885,Motilal Nehru Place,secondary,,,asphalt,New Delhi,22
758753889,Motilal Nehru Place,secondary,,,asphalt,New Delhi,41
758753890,Motilal Nehru Place,secondary,,,asphalt,New Delhi,85
758753891,Motilal Nehru Place,secondary,,,asphalt,New Delhi,19
758753892,Motilal Nehru Place,secondary,,,asphalt,New Delhi,31
758753893,Motilal Nehru Marg,secondary,2,,asphalt,New Delhi,579
758753894,Motilal Nehru Marg,secondary,,,asphalt,New Delhi,35
758753895,Motilal Nehru Marg,secondary,,,asphalt,New Delhi,25
758753896,Motilal Nehru Marg,secondary,2,,asphalt,New Delhi,24
758753899,Vivekanand Marg,secondary,2,,asphalt,Central,443
758890825,,trunk,,,,South,14
758890826,Anuvrat Marg,trunk,3,,asphalt,South,46
758890827,Abdul Gaffar Khan Marg,primary,3,,asphalt,South,20
759020451,Mahatma Gandhi Marg,primary_link,,,,South,43
759020452,Moolchand Underpass,primary,3,,,South-East,323
759106008,,primary_link,,,,South,90
759114175,,primary_link,,,,South,63
759180593,,secondary_link,,,,South-East,515
759180594,,secondary_link,,,,South-East,34
759180595,Guru Ravidas Marg,secondary,,,,South,38
759180596,Mehrauli Badarpur Road,primary,,,,South,78
759781320,,secondary_link,,,,Dwarka,18
760021817,,primary_link,,,,South-East,70
760099308,,primary_link,2,,,West,37
760125403,,secondary_link,,,,North-East,12
760129853,Mathura Road,primary,2,,asphalt,South-East,213
760136435,Shivaji Marg,primary,,,asphalt,West,825
760141064,,secondary,,,,Dwarka,13
760141065,,secondary,,,,Dwarka,283
760444564,Acharya Shri Tulsi Marg,trunk,2,,paved,South,4807
760459705,,primary,,,,South-East,2
760459706,Mathura Road,primary,,,asphalt,South-East,41
760480736,Outer Circle,secondary,4,,asphalt,New Delhi,32
760480737,,secondary,,,,New Delhi,26
760525674,Lodhi Road,secondary,,,asphalt,New Delhi,14
760525676,Lodhi Road,secondary,,,asphalt,South,661
760525677,Lodhi Road,secondary,,,asphalt,South,386
760525679,Rotary 14,secondary,,,asphalt,New Delhi,18
760525680,Mahatma Gandhi Marg,primary,3,,,South-East,134
760525681,Mathura Road,trunk,3,,,South-East,95
760525682,Mathura Road,primary,,,asphalt,South-East,127
760536610,Rafi Ahmed Kidwai Marg,secondary,6,,asphalt,New Delhi,117
760536611,Rafi Ahmed Kidwai Marg,secondary,,,asphalt,New Delhi,166
760536612,Rafi Ahmed Kidwai Marg,secondary,,,asphalt,New Delhi,25
760817625,Motilal Nehru Place,secondary,,,asphalt,New Delhi,39
760817626,Motilal Nehru Place,secondary,,,asphalt,New Delhi,43
760817627,,secondary,,,asphalt,New Delhi,11
760817628,,secondary,,,asphalt,New Delhi,7
760817629,,secondary,,,asphalt,New Delhi,7
760817631,Maulana Azad Road,secondary,2,,asphalt,New Delhi,573
760817632,Maulana Azad Road,secondary,2,,asphalt,New Delhi,568
761403374,Outer Ring Road,primary,,,asphalt,South-East,153
761403375,Shri Maa Anandamai Marg,secondary,,,,South-East,126
761403376,Outer Ring Road,primary,,,asphalt,South-East,34
763514489,,primary,3,,asphalt,Rohini,3476
764036782,Wazirabad Road,secondary,,,,North-East,73
764071324,,secondary,,,asphalt,Dwarka,36
764071326,,secondary,,,asphalt,Dwarka,46
764071332,Road 221,secondary,,,,Dwarka,291
764071333,Road 221,secondary,,,,Dwarka,293
764071334,,secondary,,,asphalt,Dwarka,87
766036524,Fourth Avenue Road,secondary,2,,asphalt,South,97
766036529,Fourth Avenue Road,secondary,,,asphalt,South,90
768080142,Mahatma Gandhi Marg,primary,,,,South-East,362
768116849,,secondary,2,,asphalt,East,324
768585942,,secondary_link,,,,East,10
768994502,Bikaji Cama Place Flyover,primary,3,,asphalt,South-West,89
772392151,Poorvi Marg,secondary,,,,South-West,94
772392152,Poorvi Marg,secondary,,,,South-West,104
772392153,Poorvi Marg,secondary,,,,South-West,86
772392154,Poorvi Marg,secondary,,,,South-West,423
774620762,,secondary,,,asphalt,North,203
774999418,Aurobindo Marg,secondary,,,asphalt,South,59
774999421,Aurobindo Marg,secondary,,,asphalt,South,59
775032235,Palam Marg,secondary,,,,South-West,336
775032236,Palam Marg,secondary,,,,South-West,358
776255129,,primary_link,,,,East,46
776492420,,secondary_link,,,asphalt,Dwarka,57
776492421,,secondary_link,,,,Dwarka,66
776526657,,secondary,,,,South-West,341
776542400,,secondary,,,,Central,9
776652303,,primary_link,,,,South,30
776652304,SDM Court Flyover Ramp,secondary_link,2,,asphalt,Shahdara,168
776652305,Delhi-Dehradun Expressway,motorway,4,,asphalt,Shahdara,184
776652307,,secondary_link,,,,Central,417
776652308,,trunk_link,,,,Central,490
776652310,,secondary_link,,,asphalt,South-East,79
776892932,,primary,,,,Outer,445
776892933,Shaheed Captain Vikram Batra Flyover,trunk,,,,North-West,238
776892934,Wazirabad Flyover,trunk,3,,,North,259
776892935,,primary_link,,,asphalt,West,48
777203118,Urban Extension Road-II,trunk,3,,asphalt,Dwarka,1323
777211329,Urban Extension Road-II,trunk,3,,asphalt,Dwarka,899
777211331,Urban Extension Road-II,trunk,3,,,Outer,809
777216013,Urban Extension Road-II,trunk,3,,asphalt,Dwarka,327
777216014,Urban Extension Road-II,trunk,3,,asphalt,Dwarka,410
778522540,,secondary_link,,,,Central,11
778522544,,secondary_link,,,,Central,13
778522549,,secondary_link,,,,Central,20
778522555,,secondary_link,,,,Central,10
778522557,,secondary_link,,,,Central,13
778547435,,secondary_link,,,asphalt,New Delhi,26
778549698,Indraprastha Marg,secondary,,,asphalt,Central,555
779338227,Rao Tula Ram Marg,secondary,,,,South-West,84
779338228,Sachivalaya Road,secondary,,,,Central,103
779338229,,secondary,2,,,South-West,10
779964316,Lal Bahadur Shastri Marg,secondary,2,,,South,11
779964317,Narwana Road,secondary,,,,East,434
779964324,Narwana Road,secondary,,,,East,449
782400648,Central Road,secondary,3,,,Dwarka,1353
782404743,Road Number 221,secondary,,,,Dwarka,483
782404745,Rd. No. 221,secondary,,,,Dwarka,12
782774061,Vijay Chowk,secondary,,,,New Delhi,648
788462808,,primary,,,,Dwarka,89
788474479,,primary,,,,Dwarka,624
788474480,,primary,,,,Dwarka,90
807904082,Mayur Vihar Phase1 Flyover,trunk_link,2,,,East,253
807904083,Mayur Vihar Phase1 Flyover,trunk_link,2,,,East,252
812684509,Delhi - Meerut Expressway,trunk,,,asphalt,South-East,88
812684510,,trunk_link,,,,South-East,356
812690413,Barapullah Road Flyover Ramp,trunk_link,,,,South,29
812690414,,primary_link,,,,South,129
812690415,,primary_link,,,,South,132
812994644,NH24 Bypass,trunk,3,,,East,525
812994645,NH24 Bypass,trunk,,,,East,321
813025759,Khichripur Road,secondary,,,,East,77
813025762,Khichripur Road,secondary,,,,East,96
813263817,Ghazipur Road Flyover,secondary,2,,asphalt,East,86
813263818,Ghazipur Road Flyover,secondary,2,,asphalt,East,43
813399163,Rao Tula Ram Marg,primary_link,,,asphalt,South-West,82
813416480,,primary_link,2,,asphalt,Shahdara,57
813416481,GT Road,primary,2,,asphalt,Shahdara,50
813994559,,secondary,2,,,North-East,356
813994560,,secondary,2,,,North-East,48
813994561,,secondary,,,,North-East,42
813994562,,secondary,,,,North-East,333
815016778,,secondary,,,,South-West,32
815016779,,secondary,,,,South-West,32
815016781,Poorvi Marg,secondary,,,,South-West,130
815016782,Poorvi Marg,secondary,,,,South-West,345
815016783,Poorvi Marg,secondary,,,asphalt,South-West,91
815127175,Mall Road,secondary,,,,Dwarka,327
815127176,Mall Road,secondary,,,,Dwarka,70
816798923,Tahirpur Road,secondary,,,paved,Shahdara,6
817213150,,primary,,,,South-West,55
817217664,Aruna Asaf Ali Marg,secondary,2,,asphalt,South-West,23
819021875,Palam Marg,secondary,,,,South-West,30
819656179,,primary_link,,,,South-West,75
839654784,GT Road,primary,2,,asphalt,Shahdara,326
843178841,Grand Trunk Road,trunk,3,,,Outer North,61
843178842,Grand Trunk Road,trunk,3,,,Outer North,58
843210525,Delhi - Meerut Expressway,trunk,4,,asphalt,East,223
848907335,,trunk,2,,asphalt,Outer,8
852601468,Dadri Road,trunk_link,2,,asphalt,East,493
852601469,Dadri Road,trunk_link,,,,East,376
864967299,Major Somnath Marg,secondary,,,,Shahdara,9
864967300,Major Somnath Marg,secondary,,,,Shahdara,33
864967301,Major Somnath Marg,secondary,,,,Shahdara,34
870450047,Mahatma Gandhi Marg,secondary,,,asphalt,North,1021
870450048,Nishadraj Marg,secondary,,,asphalt,North,26
870450049,Sachivalaya Road,secondary,,,,Central,298
870450051,,secondary,,,,Central,40
870450052,Delhi Secretariat Road,secondary,,,,Central,13
871032378,Barapullah Road Flyover,trunk,3,,,South,46
871032379,,trunk_link,,,,South,48
871032380,Barapullah Road Flyover,trunk,,,,South,86
871032381,Barapullah Road Flyover,trunk,,,,South,47
871619547,,secondary,2,,asphalt,North-East,207
871619548,,secondary_link,2,,asphalt,North-East,109
871619549,,secondary_link,2,,asphalt,North-East,101
879145484,Doctor Kailash Nath Katju Marg,primary,,,,Rohini,774
879145485,Doctor Kailash Nath Katju Marg,primary,,,,Rohini,12
879145487,Doctor Kailash Nath Katju Marg,primary,,,,Rohini,474
879145488,Doctor Kailash Nath Katju Marg,primary,,,,Rohini,11
879145489,,primary_link,,,,Rohini,14
879145490,,primary_link,,,asphalt,Rohini,13
879145491,Doctor Kailash Nath Katju Marg,primary,,,,Rohini,316
915541726,Bhartendu Harish Chandra Marg,secondary,2,,asphalt,Shahdara,27
922814886,,secondary_link,,,asphalt,South-East,148
922814887,,secondary_link,,,asphalt,South-East,56
922814888,,secondary_link,,,asphalt,South-East,246
944914557,Bajghera Road,secondary,,,,South-West,563
945005036,Old Delhi Gurgaon Road,secondary,,,asphalt,South-West,415
945005037,Old Delhi Gurgaon Road,secondary,,,asphalt,South-West,361
945005038,Old Delhi Gurgaon Road,secondary,,,asphalt,South-West,235
945005039,Old Delhi Gurgaon Road,secondary,,,asphalt,South-West,8
945005040,Old Delhi Gurgaon Road,secondary,,,asphalt,South-West,132
945005041,Old Delhi Gurgaon Road,secondary,,,asphalt,South-West,9
945172873,,secondary_link,,,,New Delhi,41
948328990,Bijwasan Railway Flyover,secondary,,,,South-West,27
948328991,Bijwasan Railway Flyover,secondary,,,,South-West,26
948328992,Bijwasan Railway Flyover,secondary,,,,South-West,808
948328993,Bijwasan Railway Flyover,secondary,,,,South-West,802
953616600,Mayur Vihar Phase1 Flyover,trunk_link,,,,East,52
953616604,Mayur Vihar Phase1 Flyover,trunk_link,,,,East,51
965578588,Subramaniyam Bharti Marg,secondary,2,,asphalt,New Delhi,113
973071346,Underpass,primary_link,,,,New Delhi,179
973071347,Underpass,primary_link,,,,New Delhi,55
973071348,Underpass,primary_link,,,,New Delhi,109
973071349,Underpass,primary_link,,,,New Delhi,136
973071350,Underpass,primary_link,,,,New Delhi,215
973071351,Underpass,primary_link,,,,New Delhi,273
973071352,,primary_link,,,,New Delhi,134
973071365,,secondary,,,,New Delhi,121
973071366,Pragati Maidan Tunnel,secondary_link,,,,New Delhi,269
973071373,Pragati Maidan Tunnel,secondary_link,,,,New Delhi,212
973071375,Pragati Maidan Tunnel,secondary_link,,,,New Delhi,64
973071381,Pragati Maidan Tunnel,secondary,,,,New Delhi,110
973071382,Pragati Maidan Tunnel,secondary_link,,,,New Delhi,136
973071383,Pragati Maidan Tunnel,secondary_link,,,,New Delhi,140
973071384,Pragati Maidan Tunnel,secondary_link,,,,New Delhi,120
973071385,Pragati Maidan Tunnel,primary_link,,,,New Delhi,24
973071386,Pragati Maidan Tunnel,primary_link,,,,New Delhi,26
973071387,Pragati Maidan Tunnel,primary_link,,,asphalt,New Delhi,175
973071388,Pragati Maidan Tunnel,primary_link,,,asphalt,New Delhi,174
973071389,Pragati Maidan Tunnel,secondary,,,asphalt,New Delhi,217
973071390,Pragati Maidan Tunnel,secondary,,,asphalt,New Delhi,220
973071391,Pragati Maidan Tunnel,primary_link,,,asphalt,New Delhi,230
973071392,Pragati Maidan Tunnel,primary_link,,,asphalt,New Delhi,265
973071393,Pragati Maidan Tunnel,primary_link,,,,New Delhi,92
973071394,Pragati Maidan Tunnel,primary_link,,,,New Delhi,159
973071395,Pragati Maidan Tunnel,secondary,,,asphalt,New Delhi,800
973071396,Pragati Maidan Tunnel,secondary,,,asphalt,New Delhi,19
973071397,Pragati Maidan Tunnel,secondary,,,asphalt,New Delhi,812
973071398,,secondary,,,,New Delhi,250
973071399,,secondary,,,,New Delhi,261
975137119,,secondary_link,,,,New Delhi,170
977161607,Kotla Road,secondary,,,,East,374
977161613,Kotla Road,secondary,,,,East,372
977466318,,secondary_link,,,,Dwarka,14
978263397,Ramrakha Bahl Chowk,secondary,,,asphalt,Central,13
978263398,Jawaharlal Nehru Marg,secondary,,,,Central,57
978263399,Asaf Ali Road,secondary,,,,Central,24
978263400,Asaf Ali Road,secondary,,,,Central,14
978263401,Chaman Lal Marg,secondary,1,,asphalt,Central,163
978263402,Ramrakha Bahl Chowk,secondary,,,asphalt,Central,23
978263403,,secondary,,,asphalt,Central,15
978263404,,secondary,,,,Central,20
978263405,Ramrakha Bahl Chowk,secondary,,,asphalt,Central,26
978263406,Ramrakha Bahl Chowk,secondary,,,asphalt,Central,31
978263407,Asaf Ali Road,secondary_link,,,,Central,38
978263408,Jawaharlal Nehru Marg,secondary,,,,Central,43
978263409,Asaf Ali Road,secondary,,,,Central,25
978263410,Desh Bandhu Gupta Road,secondary,,,asphalt,Central,12
978263411,Ramrakha Bahl Chowk,secondary,,,asphalt,Central,20
978263412,Vikas Marg,secondary,3,,asphalt,Central,63
978708356,Jawaharlal Nehru Marg,secondary,,,,Central,24
978708357,Mahatma Gandhi Marg,secondary,,,,Central,41
978708358,Ramrakha Bahl Chowk,secondary,,,asphalt,Central,9
978708359,Ramrakha Bahl Chowk,secondary,,,asphalt,Central,24
980796467,DND Flyway,motorway,4,,asphalt,South-East,1547
980796468,DND Flyway,motorway,4,,asphalt,South-East,1922
980985892,Badarpur Railway Underpass,primary,2,,asphalt,South-East,88
980985893,Badarpur Railway Underpass,primary,2,,asphalt,South-East,82
980985894,Badarpur Railway Underpass,primary,2,,asphalt,South-East,50
980985895,Badarpur Railway Underpass,primary,2,,asphalt,South-East,78
980985896,Badarpur Railway Underpass,primary,2,,asphalt,South-East,111
980985897,Badarpur Railway Underpass,primary,2,,asphalt,South-East,48
981546998,Grand Trunk Road,trunk,3,,,Outer North,361
981546999,Grand Trunk Road,trunk,3,,,Outer North,48
981547000,Grand Trunk Road,trunk,3,,,Outer North,47
981547999,,trunk,3,,asphalt,Outer North,200
981548001,,trunk,3,,asphalt,Outer North,200
981820413,Jawaharlal Nehru Marg,secondary,,,asphalt,Central,96
981820414,Netaji Subhash Marg,secondary,,,asphalt,Central,108
982296042,Rani Jhansi Road,secondary,,,,North,187
982296043,Nityanand Marg,primary,,,asphalt,North,40
982296044,Netaji Subhash Marg,secondary,,,asphalt,North,65
982296045,Nityanand Marg,primary,,,asphalt,North,36
982296046,Nityanand Marg,primary,,,asphalt,North,21
982296047,Rani Jhansi Road,secondary,,,,North,400
982712808,Lothiyan Road,secondary,,,,North,11
982712809,,secondary,,,,Central,21
982712810,Jawaharlal Nehru Marg,secondary,,,asphalt,Central,546
982712811,Jawaharlal Nehru Marg,secondary,,,,Central,41
982712812,NH24 Bypass,trunk,,,,East,112
982712813,Akshardham Flyover,trunk,,,,East,53
982712814,Delhi-Dehradun Expressway,trunk,3,,asphalt,East,201
982712815,Delhi-Dehradun Expressway,trunk,3,,asphalt,East,202
982712833,,primary_link,2,,asphalt,East,123
982712834,NH24 Bypass,trunk,,,,East,243
983528874,Vikas Marg,primary,,,,East,325
983528875,Vikas Marg,primary,,,,East,189
983528876,Vikas Marg,primary,,,,East,311
983528877,Vikas Marg,primary,,,,East,187
984685371,Swami Dayanand Marg,secondary,2,,asphalt,Shahdara,18
984685372,Vikas Marg,primary,,,asphalt,Central,86
984806477,Mahatma Gandhi Marg,primary_link,3,,asphalt,South-East,768
985063952,Mahatma Gandhi Marg,primary,2,,,South-East,695
985489598,Khichripur Road,secondary,,,,East,31
985489600,Dallupura Marg,secondary,,,,East,292
985489602,Dallupura Marg,secondary,2,,asphalt,East,122
985489603,Pragati Marg,secondary,,,asphalt,East,350
985489616,Pragati Marg,secondary,,,asphalt,East,364
985489617,Dallupura Marg,secondary,2,,asphalt,East,109
985489619,Dallupura Marg,secondary,,,,East,302
985796729,Mahatma Gandhi Marg,primary,4,,asphalt,South-East,429
985796730,Mahatma Gandhi Marg,primary,,,asphalt,South-East,95
990896507,,secondary_link,,,,East,17
991702387,,primary_link,,,,North,14
991702389,,primary_link,,,,North,11
991702390,,primary_link,,,,North,11
991702391,Shyama Prasad Mukherji Marg,secondary,,,asphalt,North,246
991702392,Tulsi Das Chowk,secondary,,,,North,12
993368934,Josip Broz Tito Marg,secondary,2,,asphalt,South,80
993368935,Josip Broz Tito Marg,secondary,2,,asphalt,South,86
993368936,Josip Broz Tito Marg,secondary,2,,asphalt,South,13
994825988,,secondary,,,asphalt,New Delhi,15
994825989,,secondary_link,,,,New Delhi,88
994825990,Ashoka Road,secondary,,,asphalt,New Delhi,212
995113415,Mandi House Chowk,secondary,,,asphalt,New Delhi,7
995113416,Bhagwan Das Road,secondary,2,,,New Delhi,425
995113417,Bhagwan Das Road,secondary,2,,asphalt,New Delhi,411
995113418,Bhagwan Das Road,secondary,,,,New Delhi,31
995113419,Bhagwan Das Road,secondary,,,asphalt,New Delhi,29
995575898,Pragati Marg,secondary,,,asphalt,East,68
995793691,,secondary_link,2,,asphalt,New Delhi,124
995793692,Tolstoy Marg,secondary,3,,asphalt,New Delhi,263
996679779,Sansad Marg,secondary,,,asphalt,New Delhi,430
996679780,Tolstoy Marg,secondary,,,,New Delhi,45
996679781,Barakhamba Road,secondary,,,,New Delhi,42
997761540,,secondary,,,asphalt,New Delhi,8
997761544,Sansad Marg,secondary,,,asphalt,New Delhi,59
997761545,Sansad Marg,secondary,,,asphalt,New Delhi,146
997761546,Sansad Marg,secondary,,,asphalt,New Delhi,168
997761552,Ashoka Road,secondary,2,,asphalt,New Delhi,95
997761553,Ashoka Road,secondary,,,asphalt,New Delhi,85
998197439,,secondary,3,,asphalt,New Delhi,345
998197440,Rotary Number 49,secondary,,,asphalt,New Delhi,15
998197441,Rotary Number 49,secondary,,,asphalt,New Delhi,22
998790345,Khichripur Road,secondary,4,,,East,29
998790351,Firoz Shah Road,secondary,2,,asphalt,New Delhi,141
998790352,Firoz Shah Road,secondary,2,,asphalt,New Delhi,85
998790353,Firoz Shah Road,secondary,2,,asphalt,New Delhi,75
998790354,Firoz Shah Road,secondary,4,,asphalt,New Delhi,264
998790355,Firoz Shah Road,secondary,2,,asphalt,New Delhi,58
998790356,Firoz Shah Road,secondary,4,,asphalt,New Delhi,215
998790357,Firoz Shah Road,secondary,2,,asphalt,New Delhi,59
998790358,Firoz Shah Road,secondary,4,,asphalt,New Delhi,451
998790359,Firoz Shah Road,secondary,,,asphalt,New Delhi,42
998790360,Firoz Shah Road,secondary,,,asphalt,New Delhi,41
998790361,Raisina Road,secondary,,,asphalt,New Delhi,38
998790362,Raisina Road,secondary,,,asphalt,New Delhi,60
999345676,Khichripur Road,secondary,4,,,East,204
1000904237,,secondary,,,asphalt,East,20
1000904239,Kotla Road,secondary,,,,East,6
1000904241,Khichripur Road,secondary,,,,East,10
1000904242,,secondary_link,,,,East,34
1000907592,,secondary_link,,,,East,53
1000913924,Kotla Road,secondary,1,,asphalt,East,181
1000913925,Kotla Road,secondary,1,,asphalt,East,181
1003646945,Narela Bawana Flyover,secondary,,,,Outer North,1237
1003646946,Narela Bawana Flyover,secondary,,,,Outer North,1232
1005501931,Krishna Menon Marg,secondary,,,asphalt,New Delhi,54
1005501932,Krishna Menon Marg,secondary,,,,New Delhi,52
1005501933,Krishna Menon Marg,secondary,,,,New Delhi,51
1005501934,Krishna Menon Marg,secondary,,,asphalt,New Delhi,54
1013996161,Outer Ring Road,trunk_link,,,,Outer,326
1013996162,Rohtak Road,primary,,,,Outer,57
1013996163,Outer Ring Road,trunk,,,,Outer,27
1013996164,Rohtak Road,primary,,,,Outer,59
1013996165,Outer Ring Road,trunk_link,,,,Outer,398
1013996166,Wazirabad Flyover,trunk,3,,,North,166
1013996167,Wazirabad Flyover,trunk,3,,,North,208
1014000623,Wazirabad Road,trunk,2,,asphalt,North-East,816
1014000624,Wazirabad Road,trunk,2,,asphalt,North-East,860
1022338691,Abdul Gaffar Khan Marg,primary,2,,asphalt,South-West,1346
1022338692,Abdul Gaffar Khan Marg,primary,2,,asphalt,South-West,1612
1035575145,,secondary,,,,East,366
1035575146,Mother Dairy Road,secondary,,,,East,22
1035575147,Mother Dairy Road,secondary,,,asphalt,East,68
1035575148,,secondary,,,,East,110
1035575149,,secondary,,,asphalt,East,278
1035763355,Patel Road,secondary,,,,Central,794
1035763358,Karampura Flyover,secondary,,,,West,154
1035763359,Shiv Das Puri Marg,secondary,,,,West,91
1035763360,Ring Road,primary,,,asphalt,West,143
1035763365,,secondary,,,asphalt,North-West,34
1035763366,,secondary,,,asphalt,North-West,33
1035763369,,secondary_link,,,,Outer,14
1035763372,,secondary,,,asphalt,Outer,11
1035763373,Road Number 42,secondary,,,asphalt,Outer,328
1035988349,Outer Ring Road,primary,,,,Outer,318
1035988350,New Rohtak Road,primary,,,,Central,634
1035988351,,secondary,,,asphalt,Central,25
1035988352,,secondary,,,asphalt,Central,8
1035988353,Deshbandhu Gupta Road,secondary,,,,Central,409
1035988354,Ramakrishna Ashram Marg,secondary,,,asphalt,New Delhi,48
1038676446,Mandir Marg,secondary,2,,,South,564
1038676447,,primary_link,,,,South,14
1038969493,,primary_link,,,,West,42
1039029101,Mathura Road,trunk,,,,South-East,494
1039029102,Modi Mill Flyover,primary,,,,South-East,145
1039246097,,trunk,,,,Outer,19
1040095489,,primary_link,,,,West,49
1040095493,Rohtak Road,primary,,,,Outer,937
1040422761,,secondary,,,,Dwarka,18
1040422762,,secondary,,,,Dwarka,18
1040424822,Ring Road,secondary,,,asphalt,West,2
1040476938,,secondary_link,,,,West,46
1040698195,,primary,,,,North-West,59
1042816600,,secondary,,,asphalt,New Delhi,16
1042974965,,secondary_link,,,,Dwarka,21
1042974966,,secondary_link,,,,Dwarka,11
1042974967,Nala Road,secondary,,,,Dwarka,234
1043313915,,primary_link,,,,Dwarka,10
1043320387,,secondary_link,,,,West,35
1043340345,Rohtak Road,primary,,,,Outer,892
1046875073,,secondary,,,asphalt,South-East,121
1046875074,Maharaja Ajmeedh Marg,secondary,2,,asphalt,East,914
1046875075,Patparganj Road,secondary,2,,asphalt,East,801
1047133989,,primary_link,,,,Shahdara,43
1049476142,GT Road,primary,3,,asphalt,Shahdara,89
1049616327,Swami Dayanand Marg,primary,2,,asphalt,Shahdara,719
1049616328,Swami Dayanand Marg,primary,2,,asphalt,Shahdara,731
1050440626,,secondary,,,,Outer,33
1050449338,,primary_link,,,,Shahdara,10
1050449339,Karkari Mor Flyover,primary,2,,asphalt,Shahdara,29
1053270197,,primary_link,,,,Dwarka,26
1053838925,Asaf Ali Road,secondary,,,asphalt,Central,26
1053851211,Doctor Rajendra Prasad Road,secondary,4,,asphalt,New Delhi,387
1053851214,Doctor Rajendra Prasad Road,secondary,2,,asphalt,New Delhi,38
1053851215,Doctor Rajendra Prasad Road,secondary,2,,asphalt,New Delhi,39
1053851216,Kumaraswami Kamaraj Marg,secondary,2,,,New Delhi,22
1053851217,Kumaraswami Kamaraj Marg,secondary,2,,,New Delhi,24
1053851218,Kumaraswami Kamaraj Marg,secondary,4,,,New Delhi,229
1055024656,GT Road,primary,2,,asphalt,Shahdara,479
1055024657,GT Road,primary,2,,asphalt,Shahdara,20
1055044999,,primary_link,,,,Dwarka,10
1055134025,Rajaji Marg,secondary,,,,New Delhi,33
1055134027,,primary_link,,,,North-West,28
1055677007,Captain Gaur Marg,secondary,3,,asphalt,South-East,766
1056820212,,trunk,,,,South-West,275
1056847236,Palam Marg,primary,3,,asphalt,South-West,140
1056847237,Palam Marg,primary,3,,asphalt,South-West,110
1057236579,Flyover,trunk_link,2,,,South-West,38
1057236580,Delhi-Gurugram Expressway,motorway,4,,,South-West,295
1057236586,,secondary,3,,,South-West,15
1058047510,Doctor Kailash Nath Katju Marg,primary,,,,Rohini,946
1058442776,Poorvi Marg,secondary,,,,South-West,4
1058442777,Poorvi Marg,secondary,,,,South-West,50
1058442780,,secondary,,,,South-West,7
1058918567,Vande Mataram Marg,secondary,,,asphalt,Central,150
1058918568,,secondary,,,,New Delhi,25
1058918569,,secondary,,,,Central,15
1058918570,Vandematram Marg,secondary,,,asphalt,South-West,141
1058918571,Vande Mataram Marg,secondary,2,,asphalt,New Delhi,1331
1060429945,Nangloi road,primary,,,,Outer,546
1060429946,Najafgarh Nangloi Road,primary,,,,Outer,248
1060429947,,primary,,,,Outer,242
1060455282,Mahatma Gandhi Marg,primary,,,asphalt,West,92
1060455283,,secondary,,,,West,53
1064233715,Arihant Marg,primary,,,,North-West,28
1064233716,Arihant Marg,primary,,,,North-West,33
1064518281,Mother Teresa Crescent,secondary,,,,New Delhi,34
1064518282,Teen Murti Haifa Chowk,secondary,,,asphalt,New Delhi,27
1064518283,,secondary,,,asphalt,New Delhi,12
1064518285,Teen Murti Haifa Chowk,secondary,,,asphalt,New Delhi,21
1064794348,,trunk_link,,,,North,177
1064794349,,trunk_link,,,,North,189
1066005434,Shastri Park Flyover,trunk_link,,,asphalt,North-East,14
1066005435,Shastri Park Flyover,trunk_link,,,asphalt,North-East,29
1066005436,Flyover,trunk_link,,,,North-East,296
1066005437,,trunk_link,,,,North-East,235
1066006302,,primary_link,,,,North-West,13
1066010058,Shastri Park Flyover,trunk,4,,,North-East,242
1066010059,Shastri Park Flyover,trunk,4,,,North-East,272
1066010060,Shastri Park Flyover,trunk,2,,,North-East,398
1066010061,Shastri Park Flyover,trunk,2,,,North-East,396
1066011078,Flyover,trunk_link,,,,North-East,36
1066320308,Chattarpur Main Road,secondary,,,asphalt,South,1736
1066397416,,motorway_link,,,,South-West,862
1066619123,Tolstoy Marg,secondary,,,,New Delhi,8
1066621585,Archbishop Makarios Marg,secondary_link,,,asphalt,New Delhi,117
1067482153,Grand Trunk Road,trunk,4,,,Outer North,1959
1067482154,Grand Trunk Road,trunk,4,,,Outer North,30
1067482155,Grand Trunk Road,trunk,4,,,Outer North,1635
1067482156,Grand Trunk Road,trunk,4,,,Outer North,32
1068095701,,primary_link,,,,Outer,26
1068135030,,secondary,,,,North,1063
1069840805,,secondary,,,,Outer North,26
1069840806,,secondary,,,,Outer North,40
1069840807,,secondary,,,,Outer North,840
1069871003,,secondary_link,,,,West,24
1069902645,,primary_link,,,,North-West,130
1070103891,,secondary,,,,Shahdara,12
1070110893,,primary,,,,Outer North,597
1070110894,,primary,2,,asphalt,Outer North,640
1070110895,,primary,,,,Outer North,34
1070111299,,trunk_link,3,,asphalt,Outer North,481
1070111300,,trunk_link,3,,asphalt,Outer North,44
1070111301,,trunk_link,4,,asphalt,Outer North,429
1070111302,,trunk_link,4,,asphalt,Outer North,52
1070484075,Urban Extension Road-II,trunk,3,,asphalt,Outer North,649
1070484076,Urban Extension Road-II,trunk,3,,asphalt,Outer North,34
1070484077,Urban Extension Road-II,trunk,3,,asphalt,Outer North,35
1070484078,Urban Extension Road-II,trunk,3,,asphalt,Outer North,643
1070588893,,trunk_link,3,,asphalt,North,111
1070588894,,trunk_link,3,,asphalt,North,26
1070839796,Ring Road,trunk,4,,asphalt,North,23
1070839797,Ring Road,trunk,4,,asphalt,North,127
1070847331,,secondary_link,,,,North-East,60
1070847332,,secondary_link,,,,North-East,65
1070990482,,secondary,,,,Outer North,4238
1070990483,Burari road,secondary,,,,North,556
1070990484,Burari road,secondary,,,,North,518
1071432474,,secondary_link,,,,South,11
1071432811,Burari Road,secondary,,,,North,847
1071432812,Burari Road,secondary,,,,North,7
1071543057,,trunk_link,,,,Outer,19
1071554026,,secondary_link,,,,North-West,40
1071588071,,secondary_link,,,,South,11
1071800006,Burari Road,secondary,,,,North,629
1071800007,Burari Road,secondary,,,,Outer North,9
1071866715,Outer Ring Road,primary,2,,,North-West,432
1071866716,,primary_link,,,,North-West,29
1071897224,,secondary_link,,,,Outer North,79
1072184818,Chattarpur Main Road,secondary,2,,asphalt,South,358
1072184819,,secondary,,,,South,344
1072544459,,secondary_link,,,,North,9
1072647990,Grand Trunk Road,trunk,3,,,Outer North,47
1072647991,Grand Trunk Road,trunk,3,,,Outer North,379
1073002884,,secondary_link,,,,Shahdara,12
1073012007,,secondary_link,,,,Shahdara,15
1073739040,,secondary_link,,,,Outer North,169
1073739041,,secondary_link,,,,Outer North,154
1073743057,,secondary_link,,,,Shahdara,11
1073743451,,secondary,,,,Outer North,49
1073743452,,secondary,,,,Outer North,28
1073743453,,secondary,,,,Outer North,15
1073853734,,secondary,,,asphalt,South-East,158
1073853735,,secondary,,,,South-East,23
1073853736,,secondary,,,asphalt,South-East,67
1073853737,,secondary,,,,South-East,16
1074062438,,secondary,2,,paved,North,1931
1074119686,Abdul Gaffar Khan Marg,primary,3,,asphalt,South-West,409
1074123299,,secondary_link,,,,New Delhi,82
1074453653,,trunk_link,,,,North-East,21
1074514779,Poorvi Marg,secondary,,,,South-West,5
1074704928,Paschimi Marg,secondary,,,,South-West,4
1074717975,Aurobindo Marg,trunk,3,,asphalt,South,12
1074778996,,primary_link,,,,South-West,26
1074778997,,primary_link,,,,South-West,41
1074789477,,primary_link,,,,South-East,10
1075015830,,secondary,,,,West,80
1075015831,,secondary,,,,West,36
1075038936,Shivaji Marg,secondary,,,,East,20
1075038937,Shivaji Marg,secondary,,,,East,14
1075079710,Najafgarh Kapashera Road,secondary,,,,Dwarka,7
1075085876,,primary,,,,North-East,62
1075088436,,primary,,,,Dwarka,198
1075088438,,secondary,,,,Outer,18
1075318911,Road Number 57,secondary_link,,,,East,73
1075318912,Road Number 57,secondary_link,,,,East,13
1075318913,Road Number 57,secondary_link,,,,East,104
1075318914,Road Number 57,secondary_link,,,,East,10
1075643234,Shastri Park Flyover,trunk_link,,,,North-East,229
1075643235,Shastri Park Flyover,trunk_link,,,,North-East,82
1075652200,,secondary_link,,,,Rohini,17
1075678985,Abdul Gaffar Khan Marg,primary,2,,asphalt,South-West,487
1075678988,Abdul Gaffar Khan Marg,primary,2,,asphalt,South-West,8
1075739137,,secondary_link,,,,New Delhi,317
1075739139,,secondary_link,,,,New Delhi,38
1075773903,Bawana road,secondary,,,,Outer North,747
1075773904,Bawana road,primary,,,,Outer North,1601
1075930422,,primary_link,,,,Outer North,13
1075950781,,trunk_link,,,,North-East,21
1075959210,Noida Road,secondary,,,,East,16
1075959211,Noida Road,secondary,,,,East,14
1075959212,Noida Road,secondary,,,asphalt,East,21
1075959213,Noida Road,secondary,,,,East,9
1076015397,,primary_link,,,asphalt,South-East,57
1076039027,,secondary,,,,South-West,8
1076039030,Arjan Path,secondary,,,,South-West,31
1076039031,Arjan Path,secondary,,,,South-West,14
1076039032,Arjan Path,secondary,,,,South-West,16
1076039033,Arjan Path,secondary,,,,South-West,31
1076039034,,secondary,,,,South-West,21
1076039036,Arjan Path,secondary,,,,South-West,278
1076039037,,secondary,,,,South-West,62
1076039038,Arjan Path,secondary,,,,South-West,276
1076039039,Arjan Path,secondary,,,,South-West,1179
1076039041,Arjan Path,secondary,,,,South-West,232
1076039042,,secondary,,,,South-West,92
1076039043,,secondary,,,,South-West,549
1076039044,,secondary,,,,South-West,1145
1076039046,,secondary,,,,South-West,62
1076241418,,secondary,,,,Outer,451
1076241419,,secondary,,,,Rohini,134
1076241420,Mundka Underpass,secondary,,,,Rohini,258
1076241421,Mundka (ranikheda) Underpass,secondary,,,,Rohini,135
1076255356,,secondary,,,,South-West,4
1076255357,,secondary,,,,South-West,20
1076255358,,secondary,,,,South-West,4
1076255359,,secondary,,,,South-West,27
1076255360,,secondary,,,,South-West,5
1076255361,,secondary,,,,South-West,6
1076301480,Shri Maa Anandamai Marg,secondary,,,,South-East,6
1076311571,,secondary_link,,,asphalt,South-West,94
1076321335,,primary_link,,,,Shahdara,36
1076467244,,trunk_link,,,,North-East,19
1076482352,,secondary_link,,,,North-East,11
1076491090,100 Feet Road,secondary,,,,North-East,10
1076491091,100 Feet Road,secondary,2,,asphalt,North-East,9
1076497393,EPDP Marg,secondary,,,,South-East,186
1076498455,,secondary_link,,,,Rohini,16
1076513620,,secondary_link,,,,North,45
1076627689,Barakhamba Road,secondary,2,,asphalt,New Delhi,195
1076627690,Barakhamba Road,secondary,,,,New Delhi,111
1076642504,,trunk_link,2,,asphalt,South,47
1076754968,,trunk_link,,,,North,14
1076762617,,secondary,,,,Central,10
1076768721,Swami Narayan Marg,secondary,,,,North,376
1076768722,Swami Narayan Marg,secondary,,,,North,14
1076768723,Swami Narayan Marg,secondary,,,,North,190
1076768724,Swami Narayan Marg,secondary,,,,North,14
1076788852,,secondary_link,,,,South-East,41
1076792645,,secondary,,,,South,11
1076797459,Najafgarh Kapashera Road,secondary,,,,Dwarka,9
1076797460,Najafgarh Dhansa Road,primary,2,,asphalt,Dwarka,223
1076797981,,secondary,,,asphalt,Central,73
1076797982,Asaf Ali Road,secondary,,,,Central,164
1076797983,Asaf Ali Road,secondary,,,,Central,165
1076797985,Asaf Ali Road,secondary,,,,Central,487
1076827193,,secondary_link,,,,Shahdara,10
1076827645,,secondary_link,,,,Central,10
1076881419,Benito Juarez Marg Underpass,primary_link,2,,asphalt,South-West,574
1076881420,Benito Juarez Marg Underpass,primary_link,2,,asphalt,South-West,569
1076881421,Benito Juarez Marg Underpass,primary_link,2,,asphalt,South-West,225
1076881422,Benito Juarez Marg Underpass,primary_link,2,,asphalt,South-West,37
1076881423,Benito Juarez Marg Underpass,primary_link,2,,asphalt,South-West,226
1076881424,Benito Juarez Marg Underpass,primary_link,2,,asphalt,South-West,348
1076894150,,secondary,,,,South,8
1076894151,,secondary,,,,South,8
1077640738,,secondary_link,,,,North,10
1077646868,,trunk_link,,,,North,30
1077722098,,secondary_link,,,,North-East,13
1077877995,Maharaj Surajmal Marg,secondary_link,,,concrete,Shahdara,14
1077879108,Najafgarh Daurala Road,primary,,,,Dwarka,1065
1077880494,,secondary_link,,,,Dwarka,18
1077908310,,secondary_link,,,,Dwarka,14
1077953381,Najafgarh Daurala Road,primary,,,,Dwarka,68
1077953382,Najafgarh Daurala Road,primary,,,,Dwarka,53
1077953383,Najafgarh Daurala Road,primary,,,,Dwarka,48
1077953384,Najafgarh Daurala Road,primary,,,,Dwarka,52
1077953385,Najafgarh Daurala Road,primary,,,,Dwarka,28
1077953386,Najafgarh Daurala Road,primary,,,,Dwarka,42
1077953387,Najafgarh Daurala Road,primary,,,,Dwarka,48
1078174898,,secondary_link,,,,Dwarka,10
1078203273,,secondary_link,,,,Dwarka,10
1078203274,,secondary_link,,,,Dwarka,10
1078203275,,secondary_link,,,,Dwarka,11
1078203276,,secondary_link,,,,Dwarka,10
1078203277,,secondary_link,,,,Dwarka,9
1078203278,,secondary_link,,,,Dwarka,8
1078206789,,secondary_link,,,,Dwarka,12
1078377755,,secondary,,,,Outer North,699
1078377756,,secondary,,,,Outer North,7
1078707437,Mathura Road,trunk,,,asphalt,South-East,585
1078707438,Mathura Road,trunk,,,asphalt,South-East,15
1078741443,,secondary_link,,,,South-East,6
1078814126,Baba Gopal Das Sahib Talib Marg,secondary,,,,North,922
1078952543,,secondary,,,,Rohini,20
1078952544,,secondary,,,,Rohini,4779
1078952741,,primary_link,,,,Outer North,8
1078952742,,primary,,,,Outer North,1306
1078952743,Bawana Road,primary,2,,,Outer North,440
1078952744,Auchandi Border Road,primary,2,,asphalt,Outer North,435
1078952745,,primary,,,,Outer North,1308
1078971490,,primary,,,,Outer North,375
1078971491,,primary,,,,Outer North,13
1078971492,,primary,,,,Outer North,944
1078971493,,primary,,,,Outer North,10
1079000941,,secondary_link,,,,Dwarka,11
1079354771,Bawana road,primary,,,,Outer North,780
1079358849,,secondary,,,,Rohini,1123
1079358850,,secondary,,,,Outer,630
1079361781,,secondary,,,,Rohini,1683
1079361782,,secondary,,,,Rohini,21
1079376991,,secondary,,,,Dwarka,10
1079376992,,secondary,,,,Dwarka,11
1079376993,,secondary,,,,Dwarka,9
1079378865,,secondary,,,,Dwarka,9
1079378866,,secondary,,,,Dwarka,10
1079378867,,secondary,,,,Dwarka,11
1079378868,,secondary,,,,Dwarka,12
1079378869,,secondary,,,,Dwarka,12
1079378870,,secondary,,,,Dwarka,10
1079674934,,secondary_link,,,,Dwarka,9
1079688056,,primary_link,,,,Outer,8
1079914113,,secondary_link,,,,Dwarka,10
1080012665,Bawana road,primary,,,,Outer North,161
1080012666,Bawana road,primary,,,,Outer North,159
1080064955,Najafgarh Daurala Road,primary,,,,Dwarka,137
1080064956,Najafgarh Daurala Road,primary,,,,Dwarka,614
1080064957,Najafgarh Daurala Road,primary,,,,Dwarka,10262
1080170223,Bawana Road,primary,,,asphalt,Outer North,107
1080170224,Auchandi Road,primary,,,asphalt,Outer North,13
1080262686,Bawana-Kanjhawala Road,secondary,2,,asphalt,Rohini,3667
1080262687,,secondary,,,,Outer North,2143
1080262688,,secondary,,,,Outer North,6
1080262689,,secondary,,,,Outer North,708
1080262690,Bawana-Kanjhawala Road,secondary,2,,asphalt,Outer North,12
1080262691,Bawana-Kanjhawala Road,secondary,2,,asphalt,Outer North,109
1080262692,Kanjhawala Road,secondary,2,,paved,Outer North,1028
1080262693,Bawana-Kanjhawala Road,secondary,2,,asphalt,Rohini,3662
1080262694,,secondary_link,,,,Rohini,5
1080262695,,secondary,,,,Rohini,185
1080262697,,secondary,,,,Rohini,691
1080262698,,secondary,,,,Rohini,21
1080262699,,secondary,,,,Rohini,776
1080262700,,secondary,,,,Rohini,1471
1080262701,,secondary,,,,Rohini,186
1080286215,,secondary,,,,Outer North,19
1080286216,,secondary,,,,Outer North,607
1080286217,,secondary,,,,Outer North,16
1080286218,,secondary,,,,Rohini,4507
1080286219,,secondary,,,,Rohini,4504
1080436249,,primary_link,,,,South,14
1080436608,,secondary_link,,,,South-East,14
1080470069,,trunk_link,,,,North-East,20
1080501681,Bawana road,primary,,,,Outer North,1645
1080501682,Bawana road,primary,,,,Outer North,429
1080501683,Bawana road,primary,,,,Outer North,2073
1080501684,Bawana road,primary,,,,Outer North,1187
1080501685,Bawana road,primary,,,,Outer North,764
1080883186,,secondary_link,,,,Rohini,8
1080883187,,secondary,,,,Rohini,20
1080883188,,secondary,,,,Rohini,354
1080883189,,secondary,,,,Rohini,18
1080883190,,secondary,,,,Rohini,366
1080883191,,secondary,,,,Rohini,4763
1080883192,,secondary,,,,Rohini,398
1080883193,,secondary,,,,Rohini,653
1080885125,Kanjhawala road,secondary,,,,Rohini,1466
1080885126,,secondary,,,,Rohini,639
1080892014,,secondary_link,,,,Outer North,25
1080892015,,secondary,,,asphalt,Outer North,13
1080892016,,secondary,,,asphalt,Outer North,4
1080892017,,secondary,,,asphalt,Outer North,13
1080892018,,secondary,,,asphalt,Outer North,8
1080892019,,secondary,,,asphalt,Outer North,22
1080892020,,secondary,,,asphalt,Outer North,54
1080892021,,secondary,,,asphalt,Outer North,23
1080892022,,secondary,,,asphalt,Outer North,47
1080896032,,secondary_link,,,asphalt,Outer North,82
1081068105,Bawana Road,primary,2,,paved,Outer North,906
1081069798,Delhi Road,primary,,,asphalt,Outer North,438
1081069799,Auchandi Road,primary,,,asphalt,Outer North,13
1081069800,Delhi Road,primary,,,asphalt,Outer North,108
1081069801,Delhi Road,primary,,,,Outer North,275
1081080403,,primary,,,,Outer North,370
1081080404,,primary,,,,Outer North,13
1081080405,,primary,,,,Outer North,493
1081080406,,primary,,,,Outer North,487
1081080407,,primary,,,,Outer North,201
1081080408,,primary,,,,Outer North,195
1081097269,Auchandi Border Road,primary,2,,concrete,Outer North,927
1081097270,,primary,,,,Outer North,11
1081097271,,primary,,,,Outer North,41
1081097272,,primary,,,,Outer North,41
1081097273,Bawana Road,primary,2,,concrete,Outer North,927
1081113853,Bajghera Road,secondary,,,,South-West,59
1081118693,,secondary_link,,,asphalt,South-West,23
1081297327,,secondary_link,,,,Dwarka,8
1081352292,,trunk_link,,,,Outer,15
1081372795,Carterpuri Road,secondary,,,asphalt,South-West,299
1081372796,Carterpuri Road,secondary,,,asphalt,South-West,12
1081661835,,primary_link,,,,Outer,14
1081662086,,secondary_link,,,,Outer North,95
1081665576,,primary,,,,Outer North,13
1081671634,,secondary,,,,Rohini,328
1081671635,,secondary,,,,Outer,45
1081988385,,primary_link,,,,West,96
1082008381,,primary_link,,,,Dwarka,72
1082022156,,secondary_link,,,,Dwarka,88
1082074661,,secondary_link,,,,Dwarka,71
1082074662,,secondary_link,,,,Dwarka,55
1082075072,,secondary,,,asphalt,Dwarka,16
1082075073,,secondary,,,asphalt,Dwarka,17
1082235849,,secondary,,,,Dwarka,512
1082235850,,secondary,,,,Dwarka,497
1082237319,,secondary,,,,South-West,290
1085586825,,secondary_link,,,,Dwarka,23
1088110482,Aurobindo Marg,trunk,,,,South,107
1089014070,Maharaja Ajmeedh Marg,secondary,2,,asphalt,East,117
1089361797,Outer Ring Road Underpass,trunk,,,,Outer,313
1089361798,Outer Ring Road,primary,,,,Outer,464
1089361801,Outer Ring Road,primary,,,,Outer,11
1089361802,Outer Ring Road,primary,,,,Outer,486
1089361803,Outer Ring Road,primary,,,,Outer,12
1089361804,,primary_link,,,,Outer,33
1090402162,Mathura Road,primary,2,,asphalt,South-East,135
1090411639,,secondary_link,,,,South-East,8
1090411640,Guru Ravidas Marg,secondary,,,,South-East,377
1092008564,,secondary_link,,,,North,12
1092256806,,trunk_link,2,,,North-East,133
1092780822,Rohtak Road,primary,2,,,West,309
1096694776,Pusa Road,secondary,,,,Central,857
1098181690,Okhla Estate Marg,secondary,2,,asphalt,South-East,181
1098502454,Pusa Road,secondary,,,asphalt,Central,144
1098520258,Mahatma Gandhi Marg,primary,,,,North-West,840
1099971573,,secondary,,,,South-East,50
1101392939,G.T.B Road,secondary,,,,Shahdara,300
1101477847,Bhagwan mahavir marg,secondary,,,asphalt,Rohini,1085
1102492740,Vikas Marg,primary,,,,East,423
1102507027,Deshbandhu Gupta Road,secondary,,,,Central,279
1102507028,Deshbandhu Gupta Road,secondary,,,,Central,135
1102507029,Netaji Subhash Marg,secondary,,,asphalt,North,297
1102536810,GT Road,secondary,,,,North-West,616
1102536813,GT Karnal road,secondary,,,,North-West,11
1102536815,GT Karnal road,secondary,,,,North-West,664
1103055061,Abdul Gaffar Khan Marg,primary,2,,asphalt,South-West,812
1103055062,Abdul Gaffar Khan Marg,primary,2,,asphalt,South-West,9
1103164483,Outer Ring Road,primary,2,,,North-West,703
1105682740,,primary_link,,,,South-East,27
1105682741,,primary_link,,,,South-East,28
1105780786,Ghazipur Road,secondary,3,,,East,1512
1105780787,Ghazipur Road,secondary,3,,,East,12
1106784652,,secondary_link,,,asphalt,South,28
1106784653,Josip Broz Tito Marg,secondary_link,2,,,South,32
1107023884,Delhi-Dehradun Expressway,motorway,3,,asphalt,North-East,2356
1108463529,,primary,,,,West,37
1108463530,,primary,,,,West,43
1108471045,Outer Ring Road,primary,,,,Outer,496
1108471047,Outer Ring Road,primary,,,,Outer,580
1108471050,Outer Ring Road,primary,,,,Outer,12
1108471051,,primary,,,,Outer,22
1108471053,Outer Ring Road,primary,,,,Outer,196
1108471055,Outer Ring Road,primary,,,,Outer,13
1108471056,,primary_link,,,,Outer,21
1108471057,,primary,,,,Outer,23
1108471058,Maharishi Raman Marg,secondary,,,asphalt,South,43
1109186873,Aurobindo Marg,trunk,,,asphalt,South,923
1109187905,,primary,,,,South,27
1110274813,,secondary,,,,North,12
1110274814,,secondary,2,,paved,North,689
1110274815,,secondary,2,,paved,North,681
1110274817,,secondary,,,,North,12
1110962661,Amrapali Marg,secondary,,,asphalt,South-East,273
1112240483,Pandit Trilok Chandra Sharma Marg,secondary,2,,,South,84
1115514311,Ashok Vihar Road,secondary,2,,,North-West,622
1115514314,Mall Road Extension,secondary,,,,North-West,669
1115846441,,secondary_link,,,,Shahdara,9
1115912306,,trunk,,,,East,38
1115912307,Dadri Road,trunk_link,4,,asphalt,East,544
1115912308,,trunk,,,,East,38
1115923369,Mehrauli Badarpur Road,primary,3,,asphalt,South,306
1116027339,Ashok Vihar Road,secondary,2,,,North-West,344
1116237267,Bhagwan mahavir marg,secondary,,,asphalt,Rohini,597
1116237268,Bhagwan mahavir marg,secondary,,,asphalt,Rohini,597
1116237269,,secondary,,,,Rohini,7
1116264340,August Kranti Marg,secondary,,,asphalt,South,201
1116285354,Urban Extension Road-II,trunk,3,,asphalt,Dwarka,889
1116285355,Urban Extension Road-II,trunk,3,,asphalt,Dwarka,797
1116296122,Urban Extension Road-II,trunk,3,,asphalt,Dwarka,1618
1116296123,Urban Extension Road-II,trunk,3,,asphalt,Dwarka,102
1116296124,Urban Extension Road-II,trunk,3,,asphalt,Dwarka,1622
1116296125,Urban Extension Road-II,trunk,3,,asphalt,Dwarka,95
1116296127,Urban Extension Road-II,trunk,3,,asphalt,Dwarka,719
1116296128,Urban Extension Road-II,trunk,3,,asphalt,Dwarka,715
1116296129,Urban Extension Road-II,trunk,3,,asphalt,Dwarka,572
1116296130,Urban Extension Road-II,trunk,3,,asphalt,Dwarka,576
1116314392,Urban Extension Road-II,trunk,3,,asphalt,Dwarka,452
1116314393,Urban Extension Road-II,trunk,3,,asphalt,Dwarka,447
1116321333,,trunk_link,,,,Dwarka,461
1116321334,,trunk,,,,Dwarka,1169
1116323022,Dwarka Expressway,motorway,4,,asphalt,Dwarka,1462
1116323023,,trunk,,,,Dwarka,276
1116323230,,secondary,,,,Dwarka,1394
1116331827,Urban Extension Road-II,trunk,3,,asphalt,Rohini,473
1116331828,Urban Extension Road-II,trunk,3,,asphalt,Rohini,423
1116331829,Urban Extension Road-II,trunk,3,,asphalt,Rohini,1020
1116331830,Urban Extension Road-II,trunk,3,,,Rohini,1112
1116331831,Urban Extension Road-II,trunk,3,,,Outer,1492
1116331832,Urban Extension Road-II,trunk,3,,,Rohini,613
1116754752,,secondary_link,,,,Shahdara,17
1117816641,Basant Kaur Marg,secondary,,,,South,442
1118476439,Urban Extension Road-II,trunk,3,,asphalt,Dwarka,934
1118476441,,trunk_link,2,,asphalt,Dwarka,541
1118476442,,trunk_link,2,,asphalt,Dwarka,25
1118476443,Urban Extension Road-II,trunk,3,,asphalt,Dwarka,137
1118496120,60 m Najafgarh Bypass Road,secondary,2,,,Dwarka,12
1118496121,60 m Najafgarh Bypass Road,secondary,2,,asphalt,Dwarka,12
1118501378,,trunk_link,2,,asphalt,Dwarka,260
1118607541,,trunk,3,,asphalt,Outer North,1050
1118607542,,trunk,3,,asphalt,Outer North,933
1118617272,,trunk_link,2,,asphalt,Outer North,617
1118629647,,primary,3,,asphalt,Outer North,31
1118629648,,primary,3,,asphalt,Outer North,515
1118629649,,primary,3,,asphalt,Outer North,510
1118635865,,primary,4,,asphalt,Outer North,402
1118635866,,primary,4,,asphalt,Outer North,264
1118652920,,secondary,,,,Dwarka,1916
1118652921,,secondary,,,,Outer,62
1118652922,,secondary,,,,Dwarka,1912
1118652923,,secondary,,,,Outer,64
1118652924,,secondary,,,,Dwarka,1465
1118659679,,primary,2,,asphalt,Rohini,749
1118666936,,trunk_link,,,,Dwarka,307
1118668517,,trunk_link,,,,Dwarka,218
1118668518,,trunk_link,,,,Dwarka,664
1118669546,,trunk_link,,,,Dwarka,527
1118684653,Urban Extension Road-II,trunk,3,,asphalt,Outer,76
1118684654,Urban Extension Road-II,trunk,3,,asphalt,Outer,75
1118691949,,trunk_link,2,,asphalt,Dwarka,407
1118691951,Dwarka Expressway,motorway,4,,asphalt,Dwarka,834
1118696675,Urban Extension Road-II,trunk,3,,asphalt,Outer,560
1118696959,Urban Extension Road-II,trunk,3,,asphalt,Outer,1483
1118711478,,primary,,,,Outer North,63
1118711479,,primary,3,,asphalt,Outer North,2933
1118711480,,primary,3,,asphalt,Outer North,2969
1118711485,,primary,3,,asphalt,Outer North,67
1118711486,,primary,3,,asphalt,Outer North,62
1118729613,Urban Extension Road-II,trunk,3,,asphalt,Rohini,146
1118729614,Urban Extension Road-II,trunk,3,,,Rohini,1000
1118729615,Urban Extension Road-II,trunk,3,,,Rohini,20
1118729616,Urban Extension Road-II,trunk,3,,asphalt,Rohini,21
1118729617,Urban Extension Road-II,trunk,3,,asphalt,Rohini,674
1118729618,Urban Extension Road-II,trunk,3,,asphalt,Rohini,34
1118729620,Urban Extension Road-II,trunk,3,,,Rohini,32
1118729622,Urban Extension Road-II,trunk,3,,asphalt,Outer,459
1118729623,Urban Extension Road-II,trunk,3,,asphalt,Outer,465
1118729627,Urban Extension Road-II,trunk,3,,asphalt,Outer,70
1118736284,Urban Extension Road-II,trunk,3,,asphalt,Rohini,750
1118736285,Urban Extension Road-II,trunk,3,,asphalt,Rohini,750
1118736287,Urban Extension Road-II,trunk,3,,asphalt,Rohini,2175
1118736288,Urban Extension Road-II,trunk,3,,asphalt,Rohini,2169
1118738462,Urban Extension Road-II,trunk,3,,asphalt,Outer North,841
1118738463,Urban Extension Road-II,trunk,3,,asphalt,Outer North,839
1118752681,,secondary,,,,Dwarka,23
1118752682,,secondary,,,asphalt,Dwarka,766
1118752683,,secondary,,,asphalt,Dwarka,250
1118752685,,secondary,,,asphalt,Dwarka,1380
1118752686,,secondary,,,,Outer,763
1118752687,,secondary,,,,Outer,31
1118752688,,secondary,,,,Outer,766
1118752689,,secondary,,,,Outer,29
1118752690,,secondary,,,,Dwarka,1466
1118752691,,secondary,,,asphalt,Dwarka,766
1118834164,,secondary,,,,Dwarka,251
1118834165,,secondary,,,,Dwarka,26
1118834166,Dwarka Expressway,motorway,4,,asphalt,Dwarka,1012
1118834168,Bharthal Railway Underpass,trunk,2,,asphalt,South-West,163
1118834169,Bharthal Railway Underpass,trunk,2,,asphalt,Dwarka,148
1118909931,Urban Extension Road-II,trunk,3,,asphalt,Outer,52
1118909932,Urban Extension Road-II,trunk,3,,asphalt,Outer,53
1118936174,,trunk_link,3,,,Dwarka,834
1118959397,,trunk_link,2,,asphalt,Dwarka,70
1118959398,,trunk_link,2,,asphalt,Dwarka,96
1118959399,,trunk_link,2,,asphalt,Dwarka,189
1118959400,Urban Extension Road-II,trunk,3,,asphalt,Dwarka,595
1118959401,Urban Extension Road-II,trunk,3,,asphalt,Dwarka,603
1118959402,Urban Extension Road-II,trunk,3,,asphalt,Dwarka,383
1118959403,Urban Extension Road-II,trunk,3,,asphalt,Dwarka,416
1118959404,,trunk_link,2,,asphalt,Dwarka,284
1118959405,,trunk_link,2,,asphalt,Dwarka,341
1118959406,Dwarka Expressway,motorway,3,,asphalt,Dwarka,241
1118978386,,trunk_link,2,,asphalt,Dwarka,418
1118978387,Dwarka Sector 21 Underpass,secondary,,,,Dwarka,119
1118978388,Dwarka Sector 21 Underpass,secondary,,,,Dwarka,171
1118978389,,trunk_link,3,,asphalt,Dwarka,139
1118978390,Dwarka Expressway,motorway,3,,asphalt,Dwarka,255
1118978391,,trunk_link,,,,Dwarka,525
1118978392,,trunk,4,,asphalt,Dwarka,664
1118978393,,trunk_link,3,,,Dwarka,111
1118978394,,trunk_link,,,,Dwarka,243
1118978395,,trunk_link,,,,Dwarka,121
1118978396,,motorway_link,3,,,Dwarka,184
1118978400,Najafgarh Kapashera Road Underpass,secondary,,,,Dwarka,2140
1118986178,,trunk_link,2,,asphalt,South-West,302
1118986179,,trunk_link,2,,asphalt,Dwarka,289
1118986180,,trunk,4,,asphalt,Dwarka,664
1118986182,,trunk,,,,Dwarka,372
1118986183,,trunk_link,,,,Dwarka,280
1118986185,,trunk_link,,,,Dwarka,53
1119010170,,secondary_link,,,,Dwarka,250
1119010171,,secondary_link,,,,Dwarka,527
1119010172,,secondary_link,,,,South-West,492
1119010173,,secondary_link,,,,South-West,496
1119036659,,trunk_link,2,,asphalt,Dwarka,202
1119036660,,trunk_link,2,,asphalt,Dwarka,38
1119296371,Bharthal Railway Underpass,trunk,2,,asphalt,South-West,51
1119296372,Bharthal Railway Underpass,trunk,2,,asphalt,South-West,108
1119296373,Bharthal Railway Underpass,trunk,2,,asphalt,Dwarka,91
1119296374,Bharthal Railway Underpass,trunk,2,,asphalt,Dwarka,77
1119545230,Ring Road,secondary,,,asphalt,West,271
1119807874,,secondary_link,,,concrete,Dwarka,16
1119859126,,secondary,,,,North-West,224
1119893211,,trunk_link,,,,Dwarka,52
1120471071,Bhagwan mahavir marg,secondary,,,asphalt,Rohini,11
1120516110,,secondary_link,,,,Shahdara,37
1120516111,,secondary_link,,,,Shahdara,29
1120576436,Shivaji Marg,secondary,,,,Dwarka,49
1121147962,,primary_link,,,,North-West,31
1121695415,Patel Road,secondary,,,,Central,167
1121972541,,secondary,,,,Shahdara,1294
1122009240,,primary_link,,,asphalt,South-West,60
1122226240,,secondary,,,,New Delhi,57
1122245007,,secondary_link,,,,Dwarka,16
1122256284,,secondary_link,,,,North-West,25
1122279351,,secondary_link,,,,North-West,37
1122279352,,secondary_link,,,,North-West,30
1122293220,GD Birla Marg,secondary,,,,South-East,66
1122293221,GD Birla Marg,secondary,,,,South-East,57
1123519432,,secondary_link,,,,Central,20
1123526748,,secondary_link,,,,Central,45
1123529895,,primary_link,,,,West,18
1123529897,,primary_link,,,,West,18
1123531345,,primary,,,,South-East,102
1123532428,,secondary_link,,,asphalt,Central,27
1123568102,,trunk_link,,,,North-East,201
1123800903,,secondary_link,,,,North,22
1123800904,,secondary_link,,,,North,22
1123800905,Shyama Prasad Mukherji Marg,secondary,,,,North,38
1123800906,Shyama Prasad Mukherji Marg,secondary,,,,North,35
1123800907,,secondary_link,,,,Central,62
1123806086,,secondary_link,,,,Outer,9
1123806092,Road 205,secondary,,,,Dwarka,1759
1124107771,,primary_link,,,,South-West,20
1125106162,,secondary_link,,,asphalt,East,17
1125106163,,secondary_link,,,,East,261
1125106164,,secondary_link,,,,East,136
1125110885,,secondary_link,,,,West,55
1125124679,,secondary_link,,,,South-East,90
1125129024,,primary_link,,,,North,28
1125129025,,secondary_link,,,,North,49
1125129026,,secondary_link,,,,North,44
1125146032,,primary_link,,,,West,37
1125152471,Lothiyan Road,secondary,,,,North,389
1125156527,,primary_link,,,,West,25
1125156528,,primary_link,,,,West,39
1125157210,,secondary_link,,,,North,39
1125162033,,trunk_link,,,,North-East,26
1125316254,,primary_link,,,,West,59
1125316255,,primary_link,,,,West,44
1125537383,,secondary,,,,South-West,489
1125537384,,secondary,,,,South-West,7
1125537385,,secondary,,,asphalt,South-West,28
1125537386,,secondary,,,,South-West,186
1125537387,,secondary,,,,South-West,10
1125537388,,secondary,,,,South-West,30
1125537389,,secondary,,,asphalt,South-West,1270
1125537390,,secondary,,,,South-West,74
1125537391,,secondary,,,,South-West,345
1125537392,,secondary,,,,South-West,121
1125550297,Grand Trunk Road,trunk,3,,,Outer North,962
1125550298,Grand Trunk Road,trunk,3,,,Outer North,11
1125550299,Grand Trunk Road,trunk,4,,asphalt,Outer North,1577
1125550300,Grand Trunk Road,trunk,3,,,Outer North,11
1125578860,,trunk,3,,asphalt,Outer North,103
1125578861,,trunk,3,,asphalt,Outer North,105
1125578867,,secondary,,,,Outer North,407
1125578868,,secondary,,,,Outer North,41
1125578873,,primary_link,,,,Outer North,39
1125604942,,secondary,,,,Outer North,21
1125820030,,trunk,,,,South,22
1125820041,Mathura Road,primary,2,,asphalt,South-East,172
1125820042,Mathura Road,primary,2,,asphalt,South-East,6
1126619031,,secondary_link,,,,South-West,57
1126628830,,primary_link,,,asphalt,South-West,53
1126658426,,primary_link,,,,South-West,113
1126670666,,primary_link,,,,South-West,45
1126670667,,primary_link,,,,South-West,44
1126670671,,secondary_link,,,asphalt,New Delhi,38
1126670672,,secondary_link,,,asphalt,New Delhi,41
1126838107,,secondary_link,,,asphalt,New Delhi,30
1126910939,,primary_link,,,,Outer,53
1126910940,,primary_link,,,,Outer,46
1126918286,,primary_link,,,asphalt,North,59
1126929458,,primary,,,,North,42
1126929459,,primary,,,,North,42
1127413711,Road 224,secondary,3,,,Dwarka,353
1127423677,Outer Ring Road,primary,4,,asphalt,North-West,781
1127702172,New Rohtak Road,primary,,,,Central,665
1130786624,Lala Lajpat Rai Marg,secondary,,,,South-East,305
1130871949,Wazirabad Road,trunk,2,,asphalt,North-East,872
1131995935,,trunk,,,,South,20
1131995937,,trunk,,,,South,14
1131995938,,secondary,,,,South,14
1132276354,Satguru Ram Singh Marg,secondary,,,,West,848
1132394876,Arihant Marg,primary,,,,North-West,277
1132394877,Arihant Marg,primary,,,,North-West,9
1132456597,,secondary_link,,,asphalt,Rohini,13
1133042912,Bhartendu Harish Chandra Marg,secondary,2,,asphalt,Shahdara,851
1133124387,Shyama Prasad Mukherji Marg,secondary,,,,North,38
1133124388,Shyama Prasad Mukherji Marg,secondary,,,,North,13
1133124389,Shyama Prasad Mukherji Marg,secondary,,,,North,29
1133124390,Shyama Prasad Mukherji Marg,secondary,,,,North,13
1133124391,,secondary,,,,North,8
1133865083,,secondary,,,,North-East,49
1134215441,Bahadur Shah Zafar Marg,secondary,,,,New Delhi,109
1134409401,Noida Road,secondary,,,,East,4
1134767454,MP Road,secondary,,,,South-East,232
1135128660,,secondary_link,,,asphalt,South-East,66
1136369667,Outer Ring Road,primary,4,,,Outer North,388
1136391402,,secondary,,,,Central,30
1136391403,,secondary,,,,North,31
1136391404,,secondary,,,,Central,15
1140759763,Kanjhawala road,secondary,,,asphalt,Rohini,843
1144033693,Underpass,secondary_link,2,,asphalt,South-East,216
1144033694,Underpass,secondary_link,2,,asphalt,New Delhi,215
1144033695,Underpass,secondary_link,2,,asphalt,South-East,37
1145115855,Sardar Patel Marg,secondary,,,asphalt,New Delhi,9
1145115856,Sardar Patel Marg,secondary,2,,asphalt,New Delhi,474
1145115857,Sardar Patel Marg,secondary,,,asphalt,New Delhi,10
1145115858,Simon Bolivar Road,secondary,,,asphalt,New Delhi,1117
1145115859,Sardar Patel Marg,secondary,2,,asphalt,New Delhi,10
1145573501,Rao Tula Ram Marg,secondary,,,asphalt,South-West,7
1145573502,Rao Tula Ram Marg,secondary,,,asphalt,South-West,8
1145573503,Rao Tula Ram Marg,secondary,,,asphalt,South-West,392
1145638821,Pandit Trilok Chandra Sharma Marg,secondary,2,,,South,254
1145638822,Pandit Trilok Chandra Sharma Marg,secondary,2,,,South,6
1145640008,Mandir Marg,secondary,2,,,South,11
1145640010,Mandir Marg,secondary,2,,,South,40
1145640011,Pandit Trilok Chandra Sharma Marg,secondary,2,,,South,19
1145640012,Pandit Trilok Chandra Sharma Marg,secondary,3,,,South,7
1145640013,Mandir Marg,secondary,2,,,South,12
1145640014,Pandit Trilok Chandra Sharma Marg,secondary,2,,,South,7
1149879781,Basant Kaur Marg,secondary,,,,South,122
1150625240,Najafgarh Kapashera Road,secondary,,,,South-West,1747
1150899151,,secondary,,,,South-West,49
1150899152,,secondary,,,,South-West,1851
1152830611,Rani Jhansi Road,secondary,4,,asphalt,Central,192
1153197687,,primary,,,,South-East,37
1154556339,Deshbandhu Gupta Road,secondary,,,,Central,157
1154556340,Deshbandhu Gupta Road,secondary,,,,Central,159
1155810080,Rani Jhansi Road,secondary,,,,North,14
1155810081,Rani Jhansi Road,secondary,,,,North,216
1155810082,Rani Jhansi Road,secondary,,,,North,10
1155810083,Rani Jhansi Road,secondary,,,,North,22
1155810084,,secondary,,,,North,36
1155810085,Rani Jhansi Road,secondary,,,,North,9
1155810086,Rani Jhansi Road,secondary,,,,North,161
1155810087,Rani Jhansi Road,secondary,,,,North,14
1155810088,Road Number 40,secondary,,,,North,1312
1155810089,Rani Jhansi Road,secondary,,,,North,12
1156673326,Ghazipur Road,secondary,2,,asphalt,East,30
1156936619,Chirag Delhi Flyover,primary,,,asphalt,South,101
1156936620,Ho Chi Minh Marg,primary,,,asphalt,South,79
1156936621,Ho Chi Minh Marg,primary,,,asphalt,South,97
1156936622,Ho Chi Minh Marg,primary,,,asphalt,South,22
1157888900,,secondary_link,,,,North-West,19
1158388605,,primary_link,,,,East,28
1158483435,,trunk_link,,,,North-East,39
1158669669,,secondary,3,,paved,Outer North,2392
1159133941,Road Number 42,secondary,,,asphalt,Outer,326
1159133942,,secondary,,,asphalt,Outer,18
1159133943,,secondary,,,asphalt,Outer,14
1159133947,,secondary_link,,,asphalt,Outer,9
1159133948,,secondary_link,,,asphalt,Outer,9
1159133949,Guru Harkishan Marg,secondary,,,asphalt,North-West,55
1159133952,Shri Hans Maharaj Flyover,primary,3,,asphalt,West,149
1159133956,Karampura Flyover,secondary,,,,West,157
1159223654,,secondary_link,,,asphalt,North-West,34
1159223655,,secondary,,,,North-West,42
1159223656,,secondary,,,,North-West,245
1159291804,Mother Teresa Crescent,secondary,,,asphalt,New Delhi,45
1159306356,,secondary,,,,Dwarka,1410
1159306357,,secondary,,,,Dwarka,16
1159306358,,secondary,,,,Dwarka,1689
1159306359,,secondary,,,,Dwarka,6
1161173738,Azadpur Underpass,primary_link,3,,asphalt,North-West,247
1161756185,Rani Jhansi Road,secondary,,,,North,92
1161756191,Ghanta Ghar Chowk,secondary,,,,North,42
1161756192,GT Karnal road,secondary,,,,North-West,632
1161756195,Mahatma Gandhi Marg,primary,,,asphalt,North-West,546
1162392787,,trunk_link,,,asphalt,South,166
1162407762,,secondary_link,,,,North-West,37
1162538026,Shivaji Marg,secondary,,,asphalt,East,372
1162572216,,motorway_link,3,,asphalt,South-West,585
1162584518,,secondary,,,,North-West,200
1162609076,Bawana road,primary,,,asphalt,Outer North,123
1162625775,Bawana Road,secondary,,,,Outer North,342
1162625776,Bawana Road,secondary,,,,Outer North,347
1162625777,Bawana road,secondary,,,,Outer North,413
1162625779,Bawana road,secondary,,,,Outer North,413
1162639290,,secondary,,,asphalt,Outer North,1671
1162639294,,secondary,,,,Outer North,442
1162641618,,primary,,,,Dwarka,23
1162641619,Najafgarh Dhansa Road,primary,2,,asphalt,Dwarka,350
1162641620,Najafgarh Dhansa Road,primary,2,,asphalt,Dwarka,345
1162978514,Mahatma Gandhi Marg,primary,2,,asphalt,North,106
1163972711,,primary,2,,asphalt,South-West,32
1164727874,Mathura Road,primary,2,,asphalt,South-East,665
1165045276,,secondary,,,,Outer,212
1167305825,,secondary,,,,North-West,52
1167305829,,secondary,,,,North-West,357
1167305831,,secondary,,,,North-West,42
1171106076,Najafgarh Nangloi Road,primary,,,,Outer,891
1171502138,,secondary_link,,,,Dwarka,18
1171970590,Major Somnath Marg,secondary,,,,Shahdara,18
1174506905,,primary_link,,,,North,35
1174693135,Mahatma Gandhi Marg,primary,2,,asphalt,North,341
1174709241,Narela Bawana Flyover,secondary,4,,asphalt,Outer North,251
1174709243,,secondary,4,,asphalt,Outer North,2476
1181021083,,primary,,,,North-West,3
1181021084,,primary_link,,,,North-West,37
1181021086,,primary,,,,North-West,31
1181388029,Wazirabad Flyover,trunk_link,2,,asphalt,North,213
1181388030,Signature Bridge,trunk_link,3,,asphalt,North,163
1181388031,Outer Ring Road,trunk,,,,Outer,17
1181388032,Outer Ring Road,trunk,,,,Outer,17
1181517034,,trunk_link,,,,North-East,245
1181517035,,trunk_link,,,,North-East,249
1181942240,Janpath,secondary,2,,asphalt,New Delhi,154
1182000275,,secondary,2,,,South-West,48
1182424430,Janpath,secondary,2,,asphalt,New Delhi,120
1183328474,,secondary_link,,,,South-West,712
1183491325,,motorway_link,4,,,South-West,254
1183491326,Delhi-Gurugram Expressway,motorway,,,,South-West,92
1183619480,Pragati Maidan Tunnel,secondary_link,3,,,New Delhi,168
1183640183,Shankar Road,secondary,,,,Central,275
1183845660,,trunk_link,,,,Outer North,17
1183845662,,trunk_link,,,,Outer North,27
1183847099,,primary,,,,Outer North,595
1183847106,Grand Trunk Road,trunk,3,,,Outer North,145
1183847107,Grand Trunk Road,trunk,3,,,Outer North,164
1183847108,Grand Trunk Road,trunk,3,,,Outer North,480
1183847109,,trunk_link,,,,Outer North,14
1183847110,Grand Trunk Road,trunk,3,,,Outer North,422
1183847112,,secondary,,,,Outer North,27
1184429169,,trunk_link,,,,North,130
1184429170,,trunk_link,,,,North,100
1184429171,,trunk_link,,,,North,77
1184651603,,primary,2,,asphalt,South-East,73
1184652570,,trunk_link,2,,asphalt,South-East,68
1184652571,Mehrauli Badarpur Road Underpass,trunk_link,2,,asphalt,South-East,45
1184652572,,trunk_link,2,,asphalt,South-East,27
1184652573,Mathura Road,trunk,3,,asphalt,South-East,1009
1184652574,Mathura Road,trunk,3,,asphalt,South-East,122
1184652575,,primary,2,,asphalt,South-East,45
1184652576,,primary,2,,asphalt,South-East,31
1184652577,,primary_link,1,,,South-East,36
1184652578,,primary_link,1,,,South-East,53
1184652579,,primary_link,1,,,South-East,38
1184653243,Badarpur Railway Underpass,primary_link,1,,asphalt,South-East,88
1184653688,,trunk_link,2,,asphalt,South-East,63
1184653689,,trunk_link,2,,asphalt,South-East,58
1184653690,Mathura Road,trunk,3,,,South-East,357
1184653691,Mathura Road,trunk,3,,,South-East,128
1184655602,Mathura Road,trunk,3,,,South-East,103
1184655603,Mathura Road,trunk,3,,,South-East,6
1184655604,,trunk_link,2,,asphalt,South-East,72
1184655605,Mathura Road,trunk,3,,asphalt,South-East,310
1184655606,Mathura Road,trunk,3,,asphalt,South-East,79
1184656816,Mehrauli Badarpur Road,primary,2,,asphalt,South-East,48
1185485849,Nelson Mandela Marg,primary,3,,,South-West,295
1186104929,Mahatma Gandhi Marg,primary,,,,North-West,16
1186104936,Mall Road Extension,secondary,,,,North-West,997
1186495513,,secondary,3,,paved,Outer North,200
1186495518,,secondary,2,,paved,Outer North,6
1186495519,,secondary,2,,paved,Outer North,10
1186495520,,secondary,2,,paved,Outer North,203
1186495521,,secondary,2,,paved,Outer North,781
1187268467,Subramaniyam Bharti Marg,secondary,2,,asphalt,New Delhi,75
1187268468,Subramaniyam Bharti Marg,secondary,,,asphalt,New Delhi,425
1187268469,Subramaniyam Bharti Marg,secondary,,,asphalt,New Delhi,6
1187268470,Doctor Zakir Hussain Marg,secondary,3,,asphalt,New Delhi,502
1187268471,Subramaniyam Bharti Marg,secondary,,,asphalt,New Delhi,10
1187268472,Dr. Zakir Hussain Marg,secondary,,,asphalt,New Delhi,9
1187268473,Subramaniyam Bharti Marg,secondary,2,,asphalt,New Delhi,430
1187268474,Dr. Zakir Hussain Marg,secondary,,,asphalt,New Delhi,8
1187268475,Subramaniyam Bharti Marg,secondary,2,,asphalt,New Delhi,424
1187268476,Subramaniyam Bharti Marg,secondary,2,,asphalt,New Delhi,431
1187268477,Subramaniyam Bharti Marg,secondary,2,,asphalt,New Delhi,6
1187268478,Subramaniyam Bharti Marg,secondary,2,,asphalt,New Delhi,5
1187268480,Subramaniyam Bharti Marg,secondary,2,,asphalt,New Delhi,186
1187268482,Subramaniyam Bharti Marg,secondary,,,asphalt,New Delhi,10
1187268483,Subramaniyam Bharti Marg,secondary,2,,asphalt,New Delhi,190
1187268485,Subramaniyam Bharti Marg,secondary,,,asphalt,New Delhi,6
1187268486,Subramaniyam Bharti Marg,secondary,,,asphalt,New Delhi,80
1187268487,Subramaniyam Bharti Marg,secondary,2,,asphalt,New Delhi,7
1187268489,Subramaniyam Bharti Marg,secondary,,,asphalt,New Delhi,108
1187268490,Subramaniyam Bharti Marg,secondary,,,asphalt,New Delhi,45
1187268491,Subramaniyam Bharti Marg,secondary,,,asphalt,New Delhi,145
1187268492,Maharishi Raman Marg,secondary,,,,New Delhi,40
1187268493,Subramaniyam Bharti Marg,secondary,2,,asphalt,New Delhi,5
1187268494,Subramaniyam Bharti Marg,secondary,2,,asphalt,New Delhi,114
1187268495,Subramaniyam Bharti Marg,secondary,2,,asphalt,New Delhi,131
1187268496,Subramaniyam Bharti Marg,secondary,2,,asphalt,New Delhi,350
1187268498,Subramaniyam Bharti Marg,secondary,2,,asphalt,New Delhi,131
1187268499,Max Mueller Marg,secondary,2,,asphalt,New Delhi,570
1187268500,Subramaniyam Bharti Marg,secondary,2,,asphalt,New Delhi,10
1187268501,Max Mueller Marg,secondary,2,,asphalt,New Delhi,179
1187268502,Max Mueller Marg,secondary,2,,asphalt,New Delhi,533
1187268503,Lodhi Road,secondary,,,asphalt,South,14
1187268504,Fourth Avenue Road,secondary,2,,asphalt,South,13
1187268505,Lodhi Road,secondary,,,asphalt,South,387
1187268506,Lodhi Road,secondary,,,asphalt,South,13
1187268507,Fourth Avenue Road,secondary,,,asphalt,South,4
1187268508,Fourth Avenue Road,secondary,2,,asphalt,South,86
1187268509,Fourth Avenue Road,secondary,2,,asphalt,South,4
1187268510,Fourth Avenue Road,secondary,2,,asphalt,South,172
1187268511,Fourth Avenue Road,secondary,2,,asphalt,South,206
1187268513,Fourth Avenue Road,secondary,2,,asphalt,South,172
1187268515,Fourth Avenue Road,secondary,2,,asphalt,South,206
1187268517,Fourth Avenue Road,secondary,2,,asphalt,South,97
1187268518,Fourth Avenue Road,secondary,2,,asphalt,South,178
1187268520,Fourth Avenue Road,secondary,,,asphalt,South,88
1187268521,Fourth Avenue Road,secondary,2,,asphalt,South,287
1187268523,Fourth Avenue Road,secondary,2,,asphalt,South,178
1189140248,Pankha Road,secondary,,,,West,154
1189141834,Pusa Road,secondary,,,asphalt,Central,139
1190517876,,secondary,,,,North,35
1190796904,,secondary_link,,,,West,30
1190947981,Mall Road Extension,secondary,,,,North-West,587
1190970208,New Rohtak Road,primary,,,,Central,301
1191342262,Vikas Marg,primary,,,,Shahdara,18
1191412485,Mall Road Extension,secondary,,,,North-West,361
1191759159,Ashok Vihar Road,secondary,,,,North-West,319
1192125603,Kotla Road,secondary,2,,asphalt,East,350
1193899612,Outer Ring Road,primary,4,,,Outer North,226
1193899613,Outer Ring Road,primary,4,,,Outer North,6
1194649197,,secondary_link,,,,North-West,14
1194649198,,secondary,,,,North-West,21
1194649199,,secondary,,,,North-West,315
1194649202,,primary,,,,North-West,47
1194649204,,primary,,,,North-West,48
1194649205,Arihant Marg,primary,,,,North-West,31
1195173463,Faridabad-Gurgaon Road,primary,2,,asphalt,South,2818
1196035506,Kalindi Kunj Road,secondary,,,,South-East,20
1198418680,GT Road,primary,3,,asphalt,Shahdara,493
1199333276,Doctor Zakir Hussain Marg,secondary,,,asphalt,New Delhi,62
1199333278,Oberoi Flyover,secondary,3,,asphalt,New Delhi,253
1199392723,Grand Trunk Road,trunk,3,,,Outer North,732
1199392724,,secondary,,,,Outer North,18
1199392727,,secondary,,,,Outer North,32
1199392728,,secondary,,,,Outer North,71
1199392729,,secondary,,,,Outer North,5
1199392730,,secondary,,,,Outer North,269
1201240778,,secondary,,,,East,419
1201242332,Narwana Road,secondary,,,asphalt,East,399
1201242334,Narwana Road,secondary,,,,East,390
1201364394,ITO Flyover Ramp,trunk_link,,,,Central,31
1201412916,Mahipalpur Flyover,motorway,4,,,South-West,118
1201645868,Shivaji Marg,secondary,,,,Dwarka,16
1201645869,Shivaji Marg,secondary,,,,Dwarka,5
1201759947,Mother Dairy Road,secondary,,,,East,4
1201759948,Narwana Road,secondary,,,asphalt,East,140
1201759949,Narwana Road,secondary,,,asphalt,East,119
1201759950,Mother Dairy Road,secondary,2,,asphalt,East,41
1201883424,EPDP Marg,secondary,,,,South-East,92
1202691839,Firoz Shah Road,secondary,2,,asphalt,New Delhi,65
1202698839,Om Mandir marg,secondary,2,,asphalt,North-West,1583
1202732353,GT Karnal road,secondary,,,,North-West,348
1203064335,,secondary,,,,East,31
1203436505,,secondary,,,,East,37
1203516200,Delhi-Gurugram Expressway,motorway,4,,,South-West,1007
1203516201,Delhi-Gurugram Expressway,motorway,4,,,South-West,570
1203516202,Delhi-Gurugram Expressway,motorway,4,,,South-West,630
1203516203,Delhi-Gurugram Expressway,motorway,4,,,South-West,192
1203630503,Doctor Kailash Nath Katju Marg,primary,2,,asphalt,Rohini,1521
1204655323,,secondary,,,,North,37
1204655324,,secondary,,,,North,45
1204821067,Shaheed Jeet Singh Marg,secondary,1,10,asphalt,South-West,941
1204821069,Shaheed Jeet Singh Marg,secondary,,,,South-West,56
1204821070,Shaheed Jeet Singh Marg,secondary,,,,South-West,7
1204848620,,primary,3,,asphalt,Outer North,43
1204848622,,primary,3,,asphalt,Outer North,53
1205186454,Satguru Ram Singh Marg,secondary,,,,West,478
1205430081,Loni Road,trunk,2,,asphalt,Shahdara,86
1205855895,Rd. No. 224,secondary,3,,,Dwarka,11
1207126230,Najafgarh Kapashera Road,secondary,,,,South-West,733
1207126231,Najafgarh Kapashera Road,secondary,,,,South-West,280
1207722252,Azad Market Road,secondary,,,,North,35
1207732883,Swami Narayan Marg,secondary,,,,North-West,339
1209657727,Shaheed Jeet Singh Marg,secondary,,,asphalt,South-West,768
1209657729,Shaheed Jeet Singh Marg,secondary,1,,asphalt,South-West,358
1209657730,Shaheed Jeet Singh Marg,secondary,,,,South-West,7
1210022806,,secondary,,,asphalt,East,238
1210584406,Sher Shah Road,secondary,,,,New Delhi,56
1210584407,Sher Shah Road,secondary,,,,New Delhi,49
1210672133,Guru Harkishan Marg,secondary,,,asphalt,North-West,517
1210905825,,primary,4,,asphalt,South-West,67
1211177685,,secondary_link,,,,Shahdara,14
1211179363,,trunk_link,,,,Outer,33
1214752980,Lala Jagannath Marg,secondary,,,asphalt,North,10
1214752982,Lala Jagannath Marg,secondary,,,asphalt,North,10
1214752983,,secondary,,,,North,8
1218184601,,primary,,,asphalt,West,218
1218184602,Club Road Flyover,primary,3,,asphalt,West,824
1218420942,DND KMP Expressway,trunk,3,,asphalt,South-East,1091
1218559168,,secondary,,,asphalt,South-East,1327
1219699878,Baba Kharak Singh Marg,secondary,2,,asphalt,New Delhi,156
1219699880,Baba Kharak Singh Marg,secondary,,,,New Delhi,9
1220436218,GT Karnal road,secondary,,,,North-West,588
1220436220,GT Karnal road,secondary,,,,North-West,79
1221707145,Master Plan Road Flyover,secondary,,,,East,332
1221707146,Master Plan Road Flyover,secondary,,,,East,28
1222564356,Khichripur Road,secondary,,,,East,51
1222564357,Khichripur Road,secondary,,,,East,48
1222564358,Khichripur Road,secondary,,,,East,8
1222564359,Khichripur Road,secondary,,,,East,16
1224002859,Mathura Road,primary,2,,asphalt,South-East,512
1224002860,Mathura Road,primary,2,,asphalt,South-East,6
1224003481,August Kranti Marg,secondary,3,,,South,39
1224760274,,primary,,,,Dwarka,33
1224760275,Najafgarh Dhansa Road,primary,2,,asphalt,Dwarka,50
1224760276,,secondary,,,,Dwarka,7
1225342285,,secondary,,,,New Delhi,23
1226422100,Burari road,secondary,,,,North,768
1228214673,,secondary_link,,,paving_stones,East,10
1229280332,,secondary_link,,,,Outer North,48
1229280333,,secondary_link,,,,Outer North,51
1229662385,Shivaji Marg,secondary,,,asphalt,West,109
1230838188,,trunk_link,,,,North-East,197
1230838189,,trunk_link,,,,North-East,15
1230838190,,trunk_link,,,,North-East,183
1230838191,,trunk_link,,,,North-East,9
1233743468,Vikas Marg,primary,4,,asphalt,East,55
1236250283,Rohtak Road,trunk,3,,,Outer,2766
1236567814,Sant Shri Nagpal Marg,secondary,2,,asphalt,South,1734
1236839288,Ho Chi Minh Marg,primary_link,2,,asphalt,South,93
1237973342,Pandit Trilok Chandra Sharma Marg,secondary,2,,,South,191
1237973343,Basant Kaur Marg,secondary,,,,South,173
1238026854,,primary_link,,,,South,78
1238026855,,trunk_link,,,,South,13
1240986364,Kanjhawala road,secondary,,,,Rohini,447
1241658969,,secondary,,,,Outer North,32
1241658971,,secondary,,,,Outer North,1935
1241658973,,secondary,2,,,Outer North,1316
1241658974,,secondary,2,,,Outer North,90
1241658975,,secondary,,,,Outer North,46
1241658978,,secondary,,,,Outer North,483
1241992399,,secondary,,,,New Delhi,9
1241992401,,secondary,,,,New Delhi,8
1241992402,,secondary,,,,New Delhi,8
1241992403,,secondary,,,,New Delhi,9
1241992404,,secondary,,,,New Delhi,7
1242128092,Kasturba Gandhi Marg,secondary,2,,asphalt,New Delhi,10
1242128093,Kasturba Gandhi Marg,secondary,2,,asphalt,New Delhi,91
1243662600,Doctor KB Hedgewar Marg,trunk,1,,,North,11
1244086262,Doctor Kailash Nath Katju Marg,primary,3,,asphalt,Rohini,432
1244282924,,primary_link,,,,West,70
1244870093,,secondary,,,,Dwarka,11
1244884282,Grand Trunk Road,trunk,3,,,Outer North,247
1244884283,Grand Trunk Road,trunk,3,,,Outer North,186
1245163818,,secondary,,,,New Delhi,14
1245163819,,secondary,,,,New Delhi,14
1247513634,Urban Extension Road-II,trunk,3,,asphalt,Dwarka,153
1247513635,Urban Extension Road-II,trunk,3,,asphalt,Dwarka,640
1248027209,Pragati Maidan Tunnel,secondary,,,asphalt,New Delhi,138
1248027210,Pragati Maidan Tunnel,secondary,,,asphalt,New Delhi,132
1248027212,Pragati Maidan Tunnel,secondary_link,,,,New Delhi,37
1248027213,Pragati Maidan Tunnel,secondary_link,,,,New Delhi,35
1248027214,Pragati Maidan Tunnel,secondary_link,,,,New Delhi,167
1248027215,,secondary_link,,,asphalt,New Delhi,103
1248027216,Pragati Maidan Tunnel,secondary,,,asphalt,New Delhi,179
1248027217,Pragati Maidan Tunnel,secondary,,,,New Delhi,40
1248027218,Pragati Maidan Tunnel,secondary,,,asphalt,New Delhi,60
1248027219,Pragati Maidan Tunnel,primary_link,,,asphalt,New Delhi,55
1248027220,Pragati Maidan Tunnel,primary_link,,,,Central,62
1248027221,,primary_link,,,asphalt,New Delhi,36
1248027222,Pragati Maidan Tunnel,primary_link,,,asphalt,New Delhi,85
1248027223,Purana Quila Road,secondary,,,asphalt,New Delhi,384
1248027224,Pragati Maidan Tunnel,secondary_link,3,,asphalt,New Delhi,72
1248027225,Pragati Maidan Tunnel,secondary_link,,,,New Delhi,50
1248027226,,secondary_link,,,,New Delhi,19
1248027227,,secondary_link,,,,New Delhi,12
1248027228,,secondary,,,,New Delhi,37
1248027233,,secondary_link,,,,New Delhi,101
1248031153,,secondary_link,,,,New Delhi,21
1248031159,,secondary_link,,,,New Delhi,22
1248031161,Bhairon Marg,secondary,,,,New Delhi,111
1248031168,,secondary,,,,New Delhi,59
1248031169,Underpass,primary_link,,,,New Delhi,81
1248031170,Underpass,primary_link,,,,New Delhi,162
1248031171,Underpass,primary_link,,,,New Delhi,52
1248031172,Underpass,primary_link,,,,New Delhi,25
1248031173,Underpass,primary_link,,,,New Delhi,109
1248031174,Bhairon Marg,secondary,,,,New Delhi,294
1248031175,,secondary,,,,New Delhi,39
1248031176,,secondary_link,,,,New Delhi,46
1248079227,,secondary_link,,,,New Delhi,68
1250655849,Aurangzeb Road,secondary,,8,concrete,South-East,87
1252762958,Ashram Underpass,primary,,,asphalt,South-East,42
1252762959,Ashram Underpass,primary,,,asphalt,South-East,43
1252762960,Ashram Underpass,primary,2,,asphalt,South-East,38
1252762961,Ashram Underpass,primary,2,,asphalt,South-East,39
1252762962,Ashram Underpass,primary,2,,asphalt,South-East,176
1252762963,Ashram Underpass,primary,2,,asphalt,South-East,176
1252762964,Ashram Underpass,primary,,,asphalt,South-East,28
1252762965,Ashram Underpass,primary,,,asphalt,South-East,43
1252762966,Ashram Underpass,primary,2,,asphalt,South-East,194
1252762967,Ashram Underpass,primary,2,,asphalt,South-East,194
1252826818,Deen Dayal Upadhyay Road,secondary,,,asphalt,Central,496
1252913581,Ashram Flyover,motorway,3,,asphalt,South-East,734
1252913582,Ashram Flyover,motorway,2,,asphalt,South-East,420
1253124559,,motorway_link,,,,South-East,367
1253124560,,motorway_link,,,,South-East,377
1253124561,Delhi-Noida Direct Flyway,motorway,4,,,South-East,104
1253124562,Delhi-Noida Direct Flyway,motorway,4,,asphalt,South-East,315
1253176512,Safdarjung Road,secondary,2,,asphalt,New Delhi,407
1253188528,Safdarjung Road,secondary,,,,New Delhi,135
1253188529,Safdarjung Road,secondary,,,,New Delhi,97
1253189587,,secondary,2,,asphalt,South-East,634
1253189588,,secondary,2,,asphalt,South-East,172
1253189589,,secondary,2,,,South-East,165
1253189590,,secondary,2,,asphalt,South-East,52
1253189591,Jangpura Road Flyover,primary,2,,asphalt,South-East,42
1253189592,Jangpura Road Flyover,primary,2,,asphalt,South-East,41
1253189593,Jangpura Road Flyover,primary,2,,asphalt,South-East,23
1253189594,Jangpura Road Flyover,primary,2,,asphalt,South-East,24
1253556402,C.V. Raman Marg,secondary,2,,asphalt,South-East,56
1253908162,,trunk,2,,,North-East,235
1253908163,Delhi–Dehradun Expressway,trunk,2,,asphalt,North-East,4165
1253908164,Delhi-Dehradun Expressway,motorway,3,,asphalt,North-East,282
1254316671,,primary_link,,,,East,49
1254316677,,secondary_link,,,,South-East,11
1254780533,,secondary,,,,South-West,19
1255149664,Pragati Marg,secondary,3,,asphalt,East,337
1255155771,Najafgarh Nangloi Road,primary,,,,Outer,2216
1255155772,Najafgarh Nangloi Road,primary,,,,Outer,24
1255155773,Nangloi road,primary,,,,Outer,2234
1255155774,Nangloi road,primary,,,,Outer,18
1255454438,C.V. Raman Marg,secondary,2,,asphalt,South-East,505
1256572733,Panchsheel Marg,secondary,,,asphalt,New Delhi,28
1263709144,,secondary,,,,Rohini,28
1264057947,,secondary,,,,South-West,111
1264057948,,secondary,,,,South-West,619
1264073687,,secondary_link,,,asphalt,New Delhi,22
1264379539,Burari road,secondary,,,,North,551
1264448404,Najafgarh Bahadurgarh Road,secondary,,,,Dwarka,26
1264448405,Najafgarh Bahadurgarh Road,secondary,,,,Dwarka,44
1265049693,Delhi-Dehradun Expressway,motorway,3,,asphalt,North-East,47
1265520912,Maharaja Agrasen Marg Underpass,secondary,2,,paving_stones,East,46
1265520914,,secondary_link,,,,East,7
1266371016,Burari road,secondary,,,,North,177
1266675381,Najafgarh Dhansa Road,primary,2,,asphalt,Dwarka,2687
1266675382,,primary_link,,,,Dwarka,11
1266675383,,primary_link,,,,Dwarka,8
1266675384,,primary_link,,,,Dwarka,11
1266675386,,primary_link,,,,Dwarka,9
1266675387,,primary_link,,,,Dwarka,10
1266675388,,primary_link,,,,Dwarka,10
1267324551,,primary_link,,,,North-East,13
1268836497,Dwarka Expressway,motorway,4,,asphalt,Dwarka,243
1268836498,Dwarka Expressway,motorway,4,,asphalt,Dwarka,259
1268930377,Grand Trunk Road,trunk,4,,,Outer North,151
1268930378,Grand Trunk Road,trunk,4,,,Outer North,11
1268930379,Grand Trunk Road,trunk,4,,,Outer North,151
1268930380,Grand Trunk Road,trunk,4,,,Outer North,11
1268938225,,secondary,,,asphalt,New Delhi,111
1270799039,Pusta Road,secondary,,,,Outer North,454
1270799040,Pusta Road,secondary,,,,Outer North,6
1271156420,North Avenue,secondary,2,,asphalt,New Delhi,78
1271156421,North Avenue,secondary,4,,asphalt,New Delhi,523
1271156422,North Avenue,secondary,2,,asphalt,New Delhi,77
1271396045,Najafgarh Bahadurgarh Road,secondary,,,,Dwarka,159
1271396046,Najafgarh Bahadurgarh Road,secondary,,,,Dwarka,160
1271396047,Najafgarh Bahadurgarh Road,secondary,,,,Dwarka,46
1271396849,Najafgarh Bahadurgarh Road,secondary,,,,Dwarka,785
1271396850,Najafgarh Bahadurgarh Road,secondary,,,,Dwarka,785
1271396851,Najafgarh Bahadurgarh Road,secondary,,,,Dwarka,303
1271411347,Grand Trunk Road,trunk,3,,,Outer North,385
1271411348,Grand Trunk Road,trunk,3,,,Outer North,388
1271411349,Grand Trunk Road,trunk,3,,,Outer North,409
1271411350,Grand Trunk Road,trunk,3,,,Outer North,415
1271411351,,trunk_link,,,,Outer North,33
1271411352,,trunk_link,,,,Outer North,31
1271411353,,secondary,,,,Outer North,415
1271411354,,secondary,,,,Outer North,448
1271414296,,trunk_link,,,,Outer,13
1271885130,Doctor A.P.J. Abdul Kalam Marg,secondary,,,asphalt,New Delhi,24
1271885869,Rao Tula Ram Marg,secondary,,,asphalt,South-West,51
1271924079,,secondary_link,,,,Outer,9
1271957902,,secondary,,,,Outer North,552
1271957903,Grand Trunk Road,trunk,3,,,Outer North,409
1271957904,Grand Trunk Road,trunk,3,,,Outer North,234
1271957905,Grand Trunk Road,trunk,3,,,Outer North,324
1271957906,Grand Trunk Road,trunk,3,,,Outer North,263
1271970954,Azadpur Flyover,primary,,,,North-West,30
1272663265,Grand Trunk Road,trunk,3,,,Outer North,353
1272663266,Grand Trunk Road,trunk,3,,,Outer North,336
1272663267,Grand Trunk Road,trunk,3,,,Outer North,198
1272663268,Grand Trunk Road,trunk,3,,,Outer North,247
1272664353,Grand Trunk Road,trunk,3,,,Outer North,39
1272664354,Grand Trunk Road,trunk,3,,,Outer North,40
1272668460,Burari road,secondary,,,,North,513
1272668830,Burari road,secondary,,,,North,109
1272695735,Rani Jhansi Flyover,primary,,,asphalt,North,21
1272695736,Rani Jhansi Flyover,primary,,,,North,21
1272695737,Rani Jhansi Flyover,primary_link,,,,North,15
1272699860,Shaheed Captain Vikram Batra Flyover,trunk,,,,North-West,95
1272699861,Shaheed Captain Vikram Batra Flyover,trunk,,,,North-West,101
1272699862,Shaheed Captain Vikram Batra Flyover,trunk_link,,,,Outer North,32
1272699863,Outer Ring Road,trunk,,,,North-West,199
1272699864,Shaheed Captain Vikram Batra Flyover,trunk,,,,North-West,129
1272699865,,trunk_link,,,,Outer North,88
1272726054,Dwarka Flyover,primary,,,,Dwarka,27
1272726055,Dwarka Flyover,primary,,,,Dwarka,26
1272735116,Burari Flyover,trunk,6,,,North,294
1272735117,Burari Flyover,trunk,,,,North,71
1272735118,Burari Flyover,trunk,,,,North,62
1272736539,,trunk_link,2,,paved,North,85
1272736540,,trunk_link,2,,paved,North,129
1272738154,Wazirabad Flyover,trunk,,,,North,28
1272738155,Wazirabad Flyover,trunk,,,,North,32
1272950577,,trunk_link,1,,,North,249
1272950578,,trunk_link,2,,,North,45
1272951937,,secondary_link,,,,Dwarka,10
1272961295,,secondary_link,,,,Dwarka,8
1272962647,Wazirabad Road,secondary,2,,asphalt,North,41
1272962648,Wazirabad Road,secondary,2,,asphalt,North,38
1272962649,,secondary,,,,North,56
1272964920,,trunk_link,,,,Outer North,36
1272998246,Flyover,trunk,3,,,East,239
1272998247,Delhi - Meerut Expressway,motorway,3,,asphalt,East,237
1272998248,Delhi - Meerut Expressway,motorway,3,,asphalt,East,237
1272998249,Flyover,trunk,,,,East,81
1272998250,Flyover,trunk,3,,,East,48
1272998251,Delhi - Meerut Expressway,motorway,,,asphalt,East,166
1272998252,Flyover,trunk,,,,East,41
1273003606,Delhi-Dehradun Expressway,trunk,,,asphalt,East,41
1273003607,Delhi-Dehradun Expressway,trunk,,,asphalt,East,39
1273003608,Delhi-Dehradun Expressway,trunk,3,,asphalt,East,186
1273003609,Delhi-Dehradun Expressway,trunk,3,,asphalt,East,184
1273069227,,secondary,,,,East,9
1273069228,,secondary,,,,East,11
1273069229,,secondary,,,,East,18
1273092524,,trunk_link,,,,North-East,18
1273092525,,trunk_link,,,,North-East,18
1273092527,,trunk_link,,,,North-East,18
1273092528,,trunk_link,,,,North-East,13
1273093448,,primary_link,,,,East,12
1273102377,New Seemapuri Road,secondary,,,,Shahdara,401
1273102378,,secondary_link,,,,Shahdara,38
1273251979,,secondary,,,,New Delhi,46
1273251980,,secondary,,,,New Delhi,6
1273378547,,secondary_link,,,,South-East,14
1274032653,Grand Trunk Road,trunk,3,,,Outer North,225
1274032654,Grand Trunk Road,trunk,3,,,Outer North,40
1274032655,Grand Trunk Road,trunk,3,,,Outer North,224
1274032656,Grand Trunk Road,trunk,3,,,Outer North,37
1274034374,Wazirabad Road,trunk,2,,asphalt,North-East,210
1274034375,Wazirabad Road,trunk,2,,asphalt,North-East,210
1274035951,Wazirabad Road,trunk,2,,asphalt,North-East,83
1274035952,Wazirabad Road,trunk,2,,asphalt,North-East,72
1274043084,Grand Trunk Road,trunk,4,,,Outer North,1008
1274043085,Grand Trunk Road,trunk,4,,,Outer North,25
1274043086,Grand Trunk Road,trunk,4,,,Outer North,1009
1274043087,Grand Trunk Road,trunk,4,,,Outer North,23
1274043802,,trunk_link,,,,Outer North,123
1274046280,,secondary,,,,Outer North,280
1274055800,,trunk,2,,,North-East,85
1274056143,,trunk,2,,,North-East,107
1274056144,,trunk,2,,,North-East,141
1274613355,Doctor Kailash Nath Katju Marg,primary,,,,Rohini,109
1274613356,Doctor Kailash Nath Katju Marg,primary,,,,Rohini,79
1274759315,,primary_link,,,,North-West,34
1274765904,Mall Road Extension,secondary,,,,North-West,329
1274772411,Mahatma Gandhi Marg,primary,,,,North-West,64
1274773374,,secondary,,,,Outer North,8
1274775418,,secondary_link,,,,North,7
1274776406,,secondary_link,,,,North,8
1274776407,Burari road,secondary,,,,North,590
1274776409,Burari road,secondary,,,,North,1727
1274777305,,trunk_link,,,,North-East,20
1274778109,Wazirabad Road,trunk,2,,asphalt,North-East,66
1274778110,Wazirabad Road,trunk,2,,asphalt,North-East,191
1274778111,Wazirabad Road,trunk,2,,asphalt,North-East,201
1274778112,Wazirabad Road,trunk,2,,asphalt,North-East,88
1274779605,Burari road,secondary,,,,North,75
1274779606,Burari road,secondary,,,,North,28
1274779607,Burari road,secondary,,,,North,25
1274779608,Burari road,secondary,,,,North,139
1274779609,,secondary_link,,,,North,11
1274781014,Shanti Swaroop tyagi marg,secondary,,,,North-West,5
1274781015,Shanti Swaroop tyagi marg,secondary,,,,North-West,23
1274781017,Shanti Swaroop tyagi marg,secondary,2,,asphalt,North-West,26
1274781018,Shanti Swaroop tyagi marg,secondary,,,,North-West,950
1274781019,Om Mandir marg,secondary,2,,asphalt,North-West,257
1274781020,Shanti Swaroop tyagi marg,secondary,2,,asphalt,North-West,220
1274783279,,secondary_link,,,,North-West,10
1274788117,,trunk_link,,,,North,20
1274789152,Loni Road,trunk,2,,asphalt,North-East,400
1274790488,,primary,,,,Dwarka,8
1274790489,Najafgarh Daurala Road,primary,,,,Dwarka,659
1274790491,Najafgarh Daurala Road,primary,,,,Dwarka,576
1274790495,,primary_link,,,,Dwarka,7
1274791157,Shahdara Flyover,trunk,2,,,Shahdara,128
1274791158,Shahdara Flyover,trunk,2,,,Shahdara,126
1274791159,Shahdara Flyover,trunk,2,,,Shahdara,41
1274791160,Shahdara Flyover,trunk,2,,,Shahdara,42
1274792787,Tahirpur Road,secondary,2,,paved,Shahdara,794
1274813660,Guru Harkishan Marg,secondary,,,asphalt,Outer,713
1274821018,100 Feet Road,secondary,,,,North-East,253
1274821019,,secondary_link,,,,North-East,11
1274821493,Arihant Marg,primary,,,,North-West,238
1274821494,Arihant Marg,primary,,,,North-West,241
1274821495,,primary_link,,,,North-West,12
1274823144,Delhi Loni Road Flyover,trunk,2,,asphalt,North-East,46
1274823145,Delhi Loni Road Flyover,trunk,2,,asphalt,North-East,79
1274832216,Loni Road,trunk,2,,asphalt,Shahdara,343
1274849280,Sardar Patel Marg,secondary,2,,asphalt,New Delhi,317
1274872173,,trunk_link,,,,North-East,8
1274873965,Maharaj Surajmal Marg,secondary,2,,asphalt,Shahdara,127
1274873967,Maharaj Surajmal Marg,secondary,2,,asphalt,Shahdara,184
1274873969,Maharaj Surajmal Marg,secondary,2,,asphalt,Shahdara,303
1274873971,Maharaj Surajmal Marg,secondary,2,,asphalt,Shahdara,123
1274873973,Maharaj Surajmal Marg,secondary,2,,asphalt,Shahdara,122
1274873975,Maharaj Surajmal Marg,secondary,2,,asphalt,Shahdara,11
1274873977,,secondary_link,,,,Shahdara,14
1274873978,,secondary_link,,,,Shahdara,16
1274873979,,secondary_link,,,,Shahdara,11
1274874597,Major Somnath Marg,secondary,,,asphalt,Shahdara,513
1274874598,,secondary_link,,,,Shahdara,13
1274874599,Major Somnath Marg,secondary,,,,Shahdara,16
1274874600,Vivek Vihar Road,secondary_link,,,,Shahdara,13
1274875340,Road Number 57,primary,,,,East,221
1274875342,Road Number 57,primary,,,,East,12
1274878166,,secondary,2,,asphalt,Shahdara,14
1274878167,Swami Dayanand Marg,primary,2,,asphalt,Shahdara,12
1274878168,,secondary,2,,asphalt,Shahdara,14
1274907703,,secondary_link,,,,Shahdara,31
1274907704,,secondary_link,,,,Shahdara,27
1275171031,Ring Road,secondary,,,asphalt,West,4
1275171033,Shivaji Marg,secondary,,,asphalt,West,1160
1275172294,Swami Dayanand Marg,primary,2,,asphalt,Shahdara,330
1275175341,Delhi–Dehradun Expressway,trunk,2,,asphalt,Shahdara,344
1275175467,,secondary,,,,West,62
1275175470,,secondary,,,,West,83
1275175471,,secondary,,,,West,93
1275175472,,secondary,,,,West,18
1275175608,Delhi-Dehradun Expressway,motorway,3,,asphalt,East,60
1275187235,Mahatma Gandhi Marg,primary_link,,,,North,64
1275187236,,primary_link,,,,North,41
1275187237,,trunk_link,,,,North,22
1275206402,,secondary_link,,,,North,17
1275221211,Mahipalpur Bypass,secondary_link,,,asphalt,South-West,45
1275223135,,primary,,,,South-East,86
1275223136,,primary,,,,South-East,121
1275227948,,primary_link,,,,Outer,8
1275227949,,primary_link,,,,Outer,7
1275251684,,secondary_link,,,,North,13
1275260516,,secondary,,,asphalt,Central,17
1275260517,,secondary_link,,,,New Delhi,11
1275468134,,secondary,,,,Dwarka,19
1275468135,Shivaji Marg,secondary,,,,Dwarka,396
1275468136,Shivaji Marg,secondary,,,asphalt,Dwarka,383
1275468137,,secondary,,,,Dwarka,27
1275468138,Shivaji Marg,secondary,,,asphalt,Dwarka,22
1275468139,,secondary,,,,Dwarka,20
1275468530,,primary_link,,,,West,29
1275474488,,primary,,,,South-West,44
1275475580,,primary_link,,,,South-West,8
1275480219,,primary_link,,,,Dwarka,9
1275486094,,secondary,,,,North,155
1275489320,,motorway_link,,,,South-West,27
1275498144,,trunk_link,,,,Outer,18
1275520483,,trunk_link,,,,Dwarka,146
1275520486,Urban Extension Road-II,trunk,3,,asphalt,Dwarka,157
1275520488,,trunk_link,,,,Dwarka,157
1275520489,,trunk_link,,,,Dwarka,129
1275541074,,trunk_link,3,,asphalt,Dwarka,710
1275541084,,trunk,3,,asphalt,Dwarka,387
1275541112,,trunk_link,2,,asphalt,Dwarka,105
1275541851,,secondary_link,,,,South,71
1275571088,,trunk_link,,,,South,16
1275575676,,trunk_link,,,,Outer,46
1275575677,,trunk_link,,,,Outer,37
1275577679,,trunk_link,,,,Outer,15
1275581607,,trunk_link,,,,Outer,15
1275584680,,trunk_link,,,,Dwarka,171
1275584683,Shivaji Marg,secondary,,,,Dwarka,89
1275650144,,primary_link,,,asphalt,Rohini,13
1275944971,Urban Extension Road-II,trunk,3,,asphalt,Dwarka,33
1275944972,Urban Extension Road-II,trunk,3,,asphalt,Dwarka,12
1275944973,Urban Extension Road-II,trunk,3,,asphalt,Dwarka,37
1275944974,Urban Extension Road-II,trunk,3,,asphalt,Dwarka,12
1275944976,Urban Extension Road-II,trunk,3,,asphalt,Dwarka,99
1275944977,Urban Extension Road-II,trunk,3,,asphalt,Dwarka,11
1275944978,Urban Extension Road-II,trunk,3,,asphalt,Dwarka,91
1275944979,Urban Extension Road-II,trunk,3,,asphalt,Dwarka,11
1275944980,,motorway_link,,,,Dwarka,131
1275944981,,motorway_link,,,,Dwarka,141
1275944985,,trunk_link,,,,Dwarka,170
1275944986,Urban Extension Road-II,trunk,3,,asphalt,Dwarka,498
1275944987,Urban Extension Road-II,trunk,3,,asphalt,Dwarka,502
1275944988,,trunk_link,,,,Dwarka,155
1275955303,,trunk_link,,,,Dwarka,134
1275955304,,trunk,,,,Dwarka,21
1275955306,,trunk,,,,Dwarka,69
1276018672,Dwarka Expressway,motorway,,,asphalt,Dwarka,193
1276018673,,trunk,,,,Dwarka,669
1276018674,,trunk_link,,,,Dwarka,204
1276018675,,trunk,,,,Dwarka,125
1276018676,,trunk,,,,Dwarka,310
1276018678,,trunk,,,,Dwarka,11
1276018679,,trunk,,,,Dwarka,207
1276018680,Najafgarh Kapashera Road Underpass,secondary,,,,Dwarka,566
1276018681,Najafgarh Kapashera Road Underpass,secondary,,,,Dwarka,512
1276018684,,motorway_link,,,,South-West,154
1276046946,,trunk_link,,,,Dwarka,150
1276046947,,trunk_link,,,,Dwarka,129
1276349286,,secondary_link,,,,Dwarka,9
1276415128,,secondary_link,,,asphalt,Shahdara,8
1278775918,Rotary Number 49,secondary,,,asphalt,New Delhi,29
1278775919,Rotary Number 49,secondary,,,asphalt,New Delhi,11
1278775920,Sansad Marg,secondary,,,asphalt,New Delhi,64
1278775921,Sansad Marg,secondary,,,asphalt,New Delhi,148
1279062158,Shivaji Marg,primary,,,asphalt,West,190
1279062160,Shivaji Marg,primary,,,asphalt,West,6
1281357705,,secondary,2,,asphalt,Shahdara,58
1281357706,,secondary,2,,asphalt,Shahdara,10
1281357709,,secondary_link,,,,East,8
1281359902,,secondary_link,,,,Outer North,7
1281359903,,secondary_link,,,,Outer North,7
1281361533,,secondary_link,,,,Rohini,7
1281361948,,secondary_link,,,,Rohini,7
1281362178,,secondary_link,,,,Rohini,7
1281363365,,secondary_link,,,,Rohini,9
1281364244,,secondary_link,,,,Rohini,9
1281382510,,secondary_link,,,,Rohini,6
1281383167,,secondary_link,,,,Rohini,5
1281386398,,secondary_link,,,,Rohini,6
1281386399,,secondary_link,,,,Rohini,6
1281386400,,secondary_link,,,,Rohini,5
1281386401,,secondary_link,,,,Rohini,6
1281386402,,secondary_link,,,,Rohini,6
1281400247,Maharaj Surajmal Marg,secondary,2,,asphalt,Shahdara,319
1281400248,Maharaj Surajmal Marg,secondary,2,,asphalt,Shahdara,10
1281413430,,trunk_link,,,,East,40
1281425324,Narela Bawana Flyover,secondary,,,asphalt,Outer North,270
1281425325,Narela Bawana Flyover,secondary,,,asphalt,Outer North,274
1281425326,Narela Bawana Flyover,secondary,4,,asphalt,Outer North,189
1281425327,Narela Bawana Flyover,secondary,4,,asphalt,Outer North,177
1282721541,,primary_link,,,,South-East,8
1282728434,,primary_link,,,,South-East,188
1282828961,,secondary,,,,Dwarka,21
1282833868,Bajghera Road,secondary,,,,South-West,59
1282833869,Bajghera Road,secondary,,,,South-West,59
1283094580,,secondary_link,,,,Dwarka,5
1283094581,,secondary_link,,,,Dwarka,5
1283095001,,secondary_link,,,,Dwarka,7
1283095118,,secondary_link,,,,Dwarka,11
1283095391,,secondary_link,,,,Dwarka,13
1283095475,Najafgarh Kapashera Road,secondary,,,,Dwarka,204
1283096845,,secondary_link,,,,Dwarka,9
1283100265,,secondary_link,,,,Dwarka,11
1283100627,,secondary_link,,,,Dwarka,9
1283100628,,secondary_link,,,,Dwarka,10
1283100629,,secondary_link,,,,Dwarka,11
1283102783,,secondary_link,,,,Dwarka,11
1283105579,,secondary_link,,,,Dwarka,11
1283168645,,secondary_link,,,,Dwarka,15
1283185444,,primary_link,,,,Outer North,8
1283202191,,primary_link,,,,Outer North,7
1283203817,,primary_link,,,,Outer North,8
1283203819,,primary_link,,,,Outer North,5
1283206433,,primary_link,,,,West,36
1283207095,,primary_link,,,,West,40
1283208106,,secondary_link,,,,Outer North,6
1283209650,,secondary_link,,,,Outer North,6
1283213086,,secondary_link,,,,Outer North,6
1283213087,,secondary_link,,,,Outer North,6
1283213088,,secondary_link,,,,Outer North,6
1283213089,,secondary_link,,,,Outer North,6
1283219432,,primary_link,,,,South-West,51
1283227674,,primary_link,,,,South,13
1283250160,,primary_link,,,,Outer North,10
1283252081,,primary_link,,,,Dwarka,8
1283496575,Delhi - Meerut Expressway,motorway,,,asphalt,East,29
1283496576,Delhi - Meerut Expressway,motorway,,,asphalt,East,8
1283496577,Delhi - Meerut Expressway,motorway,,,asphalt,East,27
1283496578,Delhi - Meerut Expressway,motorway,,,asphalt,East,8
1283496583,Delhi - Meerut Expressway,motorway,,,asphalt,East,45
1283496584,Delhi - Meerut Expressway,motorway,,,asphalt,East,8
1283496585,Delhi - Meerut Expressway,motorway,,,asphalt,East,40
1283496586,Delhi - Meerut Expressway,motorway,,,asphalt,East,8
1283497405,,primary_link,,,,Outer North,6
1283497406,,primary_link,,,,Outer North,6
1283505519,,primary_link,,,,Outer North,7
1283505520,,primary_link,,,,Outer North,7
1283505521,,primary_link,,,,Outer North,7
1283505522,,primary_link,,,,Outer North,7
1283505523,,primary_link,,,,Outer North,7
1283505798,,primary_link,,,,Outer North,8
1283506363,,primary_link,,,,Outer North,7
1283506364,,primary_link,,,,Outer North,7
1283506365,,primary_link,,,,Outer North,6
1283512980,,primary_link,,,,Outer North,6
1283512981,,primary_link,,,,Outer North,6
1283521604,Flyover,trunk,3,,,East,262
1283521605,Flyover,trunk,3,,,East,19
1283521606,Delhi - Meerut Expressway,motorway,,,asphalt,East,263
1283521607,Delhi - Meerut Expressway,motorway,,,asphalt,East,20
1283521608,Delhi - Meerut Expressway,motorway,,,asphalt,East,264
1283521609,Delhi - Meerut Expressway,motorway,,,asphalt,East,20
1283524751,Delhi - Meerut Expressway,motorway,2,,asphalt,East,604
1283524752,Delhi - Meerut Expressway,motorway,2,,asphalt,East,11
1283524753,Delhi - Meerut Expressway,motorway,2,,asphalt,South-East,8
1283524754,Delhi - Meerut Expressway,motorway,2,,asphalt,South-East,9
1283524755,Delhi - Meerut Expressway,motorway,2,,asphalt,East,11
1283532115,,primary_link,,,asphalt,South-West,52
1283537730,,secondary_link,,,,West,32
1283595518,,primary_link,,,,Outer North,9
1283595519,,primary_link,,,,Outer North,11
1283608538,,primary_link,,,,Outer North,7
1283639343,,trunk,,,,South-West,1922
1283639344,,trunk,,,,South-West,14
1283639345,,trunk,3,,asphalt,South-West,510
1283639347,Dwarka Expressway,motorway_link,3,,asphalt,South-West,974
1283639348,,secondary,3,,asphalt,South-West,1765
1283817849,,motorway_link,,,,South-West,31
1283837806,Dwarka Expressway,motorway_link,,,,South-West,150
1283838436,,motorway_link,,,,South-West,21
1283840363,,motorway_link,,,,South-West,33
1284358070,,secondary_link,,,asphalt,South-East,31
1284359201,,secondary_link,,,asphalt,South-East,81
1284788382,,secondary_link,,,,Dwarka,12
1284812749,,secondary_link,,,,South,10
1285512509,,secondary,2,,,Outer North,158
1285850967,,primary_link,,,,West,17
1285853439,Naraina flyover,primary,,,asphalt,West,37
1285853440,Naraina flyover,primary,,,asphalt,West,44
1285857334,Mahatma Gandhi Marg,secondary,,,asphalt,West,66
1285857335,Mahatma Gandhi Marg,primary,,,asphalt,West,72
1285857336,Mahatma Gandhi Marg,secondary,,,asphalt,West,357
1285857337,Mahatma Gandhi Marg,primary,,,asphalt,West,48
1285857338,Mahatma Gandhi Marg,primary,,,asphalt,West,24
1285857339,Mahatma Gandhi Marg,primary,,,asphalt,West,21
1285893147,,trunk_link,,,,Outer,14
1285893148,,trunk_link,,,,Outer,14
1285911406,,primary_link,,,,Outer North,9
1286176441,Bhagwan mahavir marg,secondary,,,asphalt,Rohini,579
1286326480,Urban Extension Road-II,trunk,3,,asphalt,Dwarka,246
1287020545,,primary_link,,,,South-West,13
1287274481,Keshav Chowk Underpass,secondary,2,,asphalt,North-East,108
1287274482,Keshav Chowk Underpass,secondary,2,,asphalt,North-East,107
1287274483,Keshav Chowk Underpass,secondary,2,,asphalt,Shahdara,34
1287333067,Dadri Road,trunk,,,,East,184
1288042210,Shivaji Marg,primary,,,asphalt,West,329
1288469171,Dwarka Expressway,motorway,2,,asphalt,Dwarka,404
1288469172,Dwarka Expressway,motorway,2,,asphalt,Dwarka,472
1288469174,Dwarka Expressway,motorway,3,,asphalt,Dwarka,227
1288469175,Dwarka Expressway,motorway,3,,asphalt,Dwarka,161
1288469176,,motorway_link,2,,asphalt,Dwarka,302
1288469178,,motorway_link,,,,Dwarka,353
1288469179,,trunk_link,,,,Dwarka,310
1288469180,,secondary,,,,Dwarka,529
1288469182,Urban Extension Road-II,trunk,3,,asphalt,Dwarka,203
1288469183,Dwarka Sector 21 Underpass,secondary,,,,Dwarka,217
1289789107,,trunk_link,,,,Central,16
1289831854,Outer Ring Road,primary_link,,,,Outer,17
1289836431,Road 210,secondary,,,,Dwarka,330
1289836432,,secondary,,,,Dwarka,12
1289836433,Road 210,secondary,,,,Dwarka,15
1289836434,,secondary,,,,Dwarka,13
1289933378,,trunk_link,,,,Shahdara,12
1289933379,,trunk_link,,,,Shahdara,11
1290016977,,trunk_link,,,,Outer North,21
1290210668,,primary_link,,,,South-East,37
1290210669,,primary_link,,,,South-East,37
1290223204,,trunk_link,,,,Dwarka,157
1290223205,,trunk_link,,,,Dwarka,409
1290223206,,secondary,,,,Dwarka,20
1290223208,,secondary,,,,Dwarka,23
1290450966,Doctor A.P.J. Abdul Kalam Marg,secondary,2,,asphalt,New Delhi,600
1290450967,Doctor A.P.J. Abdul Kalam Marg,secondary,2,,asphalt,New Delhi,600
1290450968,Doctor A.P.J. Abdul Kalam Marg,secondary,2,,asphalt,New Delhi,26
1290450969,Doctor Avul Pakir Jainulabdeen Abdul Kalam Marg,secondary,2,,asphalt,New Delhi,30
1290882967,,secondary_link,,,,Outer North,22
1290883464,,secondary,,,asphalt,Outer North,446
1290884746,,secondary_link,,,,Outer North,24
1291662887,,secondary,,,,Rohini,1469
1291662888,Bawana-Kanjhawala Road,secondary,2,,asphalt,Rohini,367
1291662890,,secondary_link,,,,Rohini,11
1291662891,,secondary_link,,,,Rohini,11
1291688016,,secondary_link,,,,Rohini,9
1291688017,,secondary_link,,,,Rohini,10
1291690161,,secondary,,,,Rohini,2130
1291690810,,secondary,,,,Rohini,964
1291690811,Bawana-Kanjhawala Road,secondary,2,,asphalt,Rohini,799
1291692015,,secondary_link,,,,Rohini,10
1291692016,,secondary_link,,,,Rohini,10
1291694181,,secondary_link,,,,Rohini,12
1291694183,,secondary_link,,,,Rohini,12
1291694185,,secondary_link,,,,Rohini,13
1291694186,,secondary_link,,,,Rohini,12
1291694187,,secondary_link,,,,Rohini,12
1292100548,,secondary_link,,,,Outer,9
1292111950,,secondary_link,,,asphalt,Dwarka,18
1292565135,,secondary,,,gravel,East,556
1293040157,Mahatma Gandhi Marg,secondary,,,,Central,62
1294719345,,primary_link,,,,South-West,94
1296316291,,secondary_link,,,,New Delhi,25
1296316292,,secondary_link,,,,New Delhi,12
1296316293,,secondary,,,,New Delhi,149
1296341842,Grand Trunk Road,trunk,4,,asphalt,Outer North,220
1297654553,Nizamuddin Railway Station Flyover,trunk,,,,South-East,449
1297654554,Nizamuddin Railway Station Flyover,trunk,,,,South-East,57
1297654555,Nizamuddin Railway Station Flyover,trunk,,,,South-East,28
1298054174,,trunk,2,,concrete,Outer North,2363
1298054175,Dariyapur Flyover Bridge,trunk,2,,concrete,Outer North,76
1298054176,,trunk,2,,concrete,Outer North,2370
1298054177,Dariyapur Flyover Bridge,trunk,2,,,Outer North,75
1298054178,,trunk,2,,,Outer North,779
1298054179,Harewali Flyover Bridge,trunk,2,,concrete,Outer North,36
1298054180,,trunk,2,,,Outer North,774
1298054181,Harewali Flyover Bridge,trunk,2,,,Outer North,36
1298054182,,trunk,2,,,Outer North,913
1298054184,,trunk,2,,,Outer North,917
1298054187,,trunk,2,,,Outer North,448
1298054188,,trunk,2,,,Outer North,19
1298054189,,trunk,2,,,Outer North,21
1298056350,,trunk,2,,,Outer North,440
1298056351,,trunk,2,,,Outer North,35
1298056352,,trunk,2,,,Outer North,437
1298056353,,trunk,2,,,Outer North,34
1298056354,,trunk_link,2,,concrete,Outer North,297
1298974605,,secondary_link,,,,Dwarka,157
1298974606,,motorway_link,,,,South-West,111
1299177168,,secondary,,,,Outer North,67
1299177169,Palla Bakhtawarpur road,secondary,,,,Outer North,311
1299177170,Palla Bakhtawarpur road,secondary,,,,Outer North,310
1299177172,Palla Bakhtawarpur road,secondary,,,,Outer North,859
1299180517,Palla Bakhtawarpur road,secondary,,,,Outer North,862
1299180519,Palla Bakhtawarpur road,secondary,,,,Outer North,332
1299181297,Palla Bakhtawarpur road,secondary,,,,Outer North,630
1299181298,Palla Bakhtawarpur road,secondary,,,,Outer North,334
1299185102,Palla Bakhtawarpur road,secondary,,,,Outer North,624
1299185104,Palla Bakhtawarpur road,secondary,,,,Outer North,421
1299185105,,secondary_link,,,,Outer North,7
1299185106,Palla Bakhtawarpur road,secondary,,,,Outer North,426
1299185107,Palla Bakhtawarpur road,secondary,,,,Outer North,539
1299195179,Palla Bakhtawarpur road,secondary,,,,Outer North,162
1299195181,Palla Bakhtawarpur road,secondary,,,,Outer North,239
1299195182,Palla Bakhtawarpur road,secondary,,,,Outer North,159
1300522672,,secondary_link,,,asphalt,South,19
1301503038,,primary_link,,,,Outer,56
1301918371,Bhagwan mahavir marg,secondary,,,,Rohini,214
1301918373,,secondary,,,,Rohini,11
1304911906,Bhairon Marg,secondary,,,,New Delhi,75
1304911907,Bhairon Marg,secondary,,,,New Delhi,186
1305869060,,primary_link,,,,South-East,26
1305882318,,trunk_link,,,,Shahdara,23
1305928098,Shankar Road,secondary,,,,Central,475
1306073294,Master Plan Road,secondary,2,,asphalt,Shahdara,50
1306073745,,primary_link,,,,Outer,13
1306073746,,primary_link,,,,Outer,14
1306079032,,primary,3,,asphalt,Outer North,555
1306079033,,primary,4,,asphalt,Outer North,11
1306079034,,primary,4,,asphalt,Outer North,433
1306294893,Najafgarh Bahadurgarh Road,secondary,,,,Dwarka,20
1306294894,Najafgarh Bahadurgarh Road,secondary,,,,Dwarka,19
1306294895,Najafgarh Bahadurgarh Road,secondary,,,,Dwarka,1321
1306299585,,secondary,,,,Rohini,26
1306299586,,secondary,,,,Rohini,22
1306303858,,secondary_link,,,,South-East,12
1306304179,,secondary_link,,,,South-East,14
1306324566,,secondary,,,asphalt,Outer North,3
1306337529,Bhishma Pitamah Marg,secondary,3,,asphalt,South,152
1306337530,Bhishma Pitamah Marg,secondary,3,,,South,17
1306565369,Najafgarh Bahadurgarh Road,secondary,,,,Dwarka,54
1306565371,Najafgarh Bahadurgarh Road,secondary,,,,Dwarka,53
1307222666,Kartavya Path,secondary,4,,asphalt,New Delhi,326
1307222667,Rafi Ahmed Kidwai Marg,secondary,6,,asphalt,New Delhi,99
1307222668,Rafi Ahmed Kidwai Marg,secondary,2,,asphalt,New Delhi,100
1307222669,Kartavya Path,secondary,4,,asphalt,New Delhi,10
1307227399,,secondary_link,,,asphalt,East,9
1308136060,,secondary,,,,New Delhi,13
1308944423,,primary_link,,,,South-East,29
1309202323,Najafgarh Kapashera Road,secondary,2,,asphalt,Dwarka,510
1309546294,Dwarka Expressway,motorway,2,,asphalt,Dwarka,99
1310466272,GT Road,trunk,3,,,Shahdara,255
1311975450,Narela Bawana Flyover,secondary,,,asphalt,Outer North,276
1311975451,Narela Bawana Flyover,secondary,,,asphalt,Outer North,269
1311975452,Narela Bawana Flyover,secondary,4,,asphalt,Outer North,284
1311977376,Grand Trunk Road,trunk,3,,,Outer North,19
1311981577,,secondary,2,,asphalt,East,27
1311981579,Mother Dairy Road,secondary,,,,East,229
1311981580,Mother Dairy Road,secondary,,,,East,242
1311984903,Mayur Vihar Flyover,trunk,,,,East,38
1311984904,Mayur Vihar Flyover,trunk,,,,East,36
1311986233,Dadri Road,trunk,4,,asphalt,East,278
1311987470,Akshardham Flyover,trunk,,,,East,61
1311987471,Akshardham Flyover,trunk,4,,asphalt,East,28
1311987472,Akshardham Flyover,trunk,4,,asphalt,East,55
1311994917,Delhi Loni Road Flyover,trunk,2,,asphalt,North-East,36
1311994918,Delhi Loni Road Flyover,trunk,2,,asphalt,North-East,45
1311996406,Nand Nagari Flyover,trunk,2,,asphalt,North-East,26
1311996407,Nand Nagari Flyover,trunk,2,,asphalt,North-East,26
1311996408,Nand Nagari Flyover,trunk,2,,asphalt,North-East,14
1311999549,Burari Flyover,trunk,6,,,North,67
1311999550,Burari Flyover,trunk,,,,North-West,63
1312001709,Shahdara Flyover,trunk,2,,,North-East,91
1312001710,Shahdara Flyover,trunk,2,,,North-East,101
1312001711,Shahdara Flyover,trunk,2,,,Shahdara,82
1312001712,Shahdara Flyover,trunk,2,,,Shahdara,82
1312001713,Shahdara Flyover,primary,2,,asphalt,Shahdara,32
1312001714,Shahdara Flyover,primary,3,,asphalt,Shahdara,25
1312001715,Shahdara Flyover,primary,2,,asphalt,Shahdara,38
1312001716,Shahdara Flyover,trunk,2,,,Shahdara,28
1312001717,Shahdara Flyover,trunk,2,,,Shahdara,29
1312002835,Shivaji Marg Flyover,secondary,,,asphalt,West,33
1312003261,Doctor KB Hedgewar Marg,trunk,,,,North-West,277
1312003262,Doctor KB Hedgewar Marg,trunk,,,,North-West,53
1312003263,Doctor KB Hedgewar Marg,trunk,,,,North-West,49
1312003264,Doctor KB Hedgewar Marg,trunk,,,,North-West,80
1312003265,Doctor KB Hedgewar Marg,trunk,,,,North-West,250
1312003266,Doctor KB Hedgewar Marg,trunk,,,,North-West,78
1312003568,Shivaji Marg Flyover,secondary,,,asphalt,West,30
1312003569,Shivaji Marg Flyover,secondary,,,asphalt,West,19
1312003570,Shivaji Marg Flyover,secondary,,,asphalt,West,198
1312003571,Shivaji Marg Flyover,secondary,,,asphalt,West,151
1312003572,Shivaji Marg Flyover,secondary,,,asphalt,West,18
1312003573,Shivaji Marg Flyover,secondary,,,asphalt,West,16
1312009498,Mahatma Gandhi Marg,primary,,,asphalt,West,30
1312009499,Raja Garden Flyover,primary,,,asphalt,West,41
1312010662,Bhalswa Flyover,trunk,,,,North-West,78
1312010663,Bhalswa Flyover,trunk,,,,North-West,269
1312010664,Bhalswa Flyover,trunk,,,,North-West,62
1312010665,Bhalswa Flyover,trunk,,,,North-West,269
1312010666,Bhalswa Flyover,trunk,,,,North-West,59
1312010667,Bhalswa Flyover,trunk,,,,North-West,81
1312019468,Shaheed Captain Vikram Batra Flyover,trunk_link,,,,Outer North,23
1312019469,Shaheed Captain Vikram Batra Flyover,trunk_link,,,,North-West,84
1312019470,Shaheed Captain Vikram Batra Flyover,trunk,,,,North-West,55
1312019471,Shaheed Captain Vikram Batra Flyover,trunk,,,,North-West,108
1312159374,Rao Tula Ram Flyover,trunk,,,,South-West,60
1312159375,Rao Tula Ram Flyover,trunk,,,,South-West,30
1312159376,Rao Tula Ram Flyover,trunk,2,,,South-West,49
1312162611,Munirka Flyover,primary,3,,asphalt,South-West,41
1312162612,Munirka Flyover,primary,3,,asphalt,South-West,52
1312162613,Munirka Flyover,primary,3,,asphalt,South-West,40
1312162614,Munirka Flyover,primary,3,,asphalt,South-West,40
1312165813,IIT Flyover,primary,3,,asphalt,South-West,58
1312165814,IIT Flyover,primary,3,,asphalt,South-West,61
1312165815,IIT Flyover,primary,2,,asphalt,South-West,46
1312165816,IIT Flyover,primary,,,asphalt,South-West,13
1312168631,IIT Flyover,primary,2,,asphalt,South-West,87
1312168632,IIT Flyover,primary,2,,asphalt,South-West,87
1312168633,IIT Flyover,primary,2,,asphalt,South,99
1312193813,Savitri Flyover,primary,2,,asphalt,South,31
1312196604,Nehru Place Flyover,primary,,,asphalt,South-East,32
1312196605,Nehru Place Flyover,primary,,,asphalt,South-East,33
1312217828,Grand Trunk Road,trunk,3,,,Outer North,143
1312217829,Grand Trunk Road,trunk,3,,,Outer North,59
1312224221,Moti Bagh Flyover,primary,,,asphalt,South-West,42
1312228805,Bikaji Cama Place Flyover,primary,,,asphalt,South-West,32
1312228806,Bikaji Cama Place Flyover,primary,3,,asphalt,South-West,89
1312751833,Signature Bridge Ramp,trunk_link,2,,,North,47
1312751834,Doctor KB Hedgewar Marg,primary,,,,North,98
1312752556,Bijwasan Railway Flyover,secondary,,,,Dwarka,67
1312752557,Bijwasan Railway Flyover,secondary,,,,South-West,14
1312753969,Maharaja Ranjeet Singh Marg,secondary,,,,Central,102
1312753970,Maharaja Ranjeet Singh Marg,secondary,,,,New Delhi,67
1312753971,Maharaja Ranjeet Singh Marg,secondary,,,,New Delhi,67
1312775224,New Delhi Railway Station Flyover,secondary,,,,Central,32
1312775225,New Delhi Railway Station Flyover,secondary,,,,Central,34
1312775226,Desh Bandhu Gupta Road,secondary,,,asphalt,Central,26
1312775227,Desh Bandhu Gupta Road,secondary,,,asphalt,Central,35
1312775637,Moolchand Flyover,secondary,2,,asphalt,South,48
1312775638,Moolchand Flyover,secondary,,,asphalt,South,46
1312775639,Moolchand Flyover,secondary,,,asphalt,South-East,45
1312778057,Rani Jhansi Road,secondary,,,,Central,351
1312778058,Rani Jhansi Flyover,primary,,,,Central,8
1312784808,Defence Colony Flyover,secondary,3,,asphalt,South-East,246
1312784809,Defence Colony Flyover,secondary,3,,asphalt,South-East,94
1312784810,Defence Colony Flyover,secondary,3,,asphalt,South-East,203
1312784811,Defence Colony Flyover,secondary,,,asphalt,South-East,12
1312784812,Lala Lajpat Rai Path,secondary,,,,South-East,152
1312784813,Defence Colony Flyover,secondary,,,,South-East,114
1312784814,Defence Colony Flyover,secondary,,,asphalt,South-East,22
1312784815,Lala Lajpat Rai Path,secondary,,,,South-East,81
1312788800,Swami Narayan Marg Flyover,secondary,,,,North,187
1312788801,Swami Narayan Marg Flyover,secondary,,,,North,125
1312788802,Swami Narayan Marg Flyover,secondary,,,,North,48
1312789634,Zakhira Flyover,primary,,,,Central,73
1312789635,Zakhira Flyover,primary,,,,Central,106
1312793837,Shadipur Flyover,secondary,,,,West,113
1312793838,Shadipur Flyover,secondary,,,,West,112
1312793839,Shadipur Flyover,secondary,,,,Central,102
1312793840,Shadipur Flyover,secondary,,,,Central,143
1312795290,Girdhari Lal Goswami Marg Flyover,secondary,,,,West,345
1312795291,Girdhari Lal Goswami Marg,secondary,,,,West,77
1312795292,Girdhari Lal Goswami Marg Flyover,secondary,,,,West,236
1312795293,Girdhari Lal Goswami Marg Flyover,secondary,,,,West,223
1312797281,Dabri Dwarka Road,primary,2,,,Dwarka,262
1312798277,Pankha Road,primary,,,,West,158
1312798278,Pankha Road,primary,,,,West,66
1312798279,Pankha Road,primary,,,,South-West,148
1312798280,Pankha Road,primary,,,,South-West,157
1312801228,Shaheed Bhagat Singh Marg,secondary,,,,West,146
1312801229,Cariappa Marg,primary,,,,South-West,326
1312801230,Cariappa Marg,primary,,,,South-West,177
1312805089,Lajwanti Flyover,secondary,2,,asphalt,West,20
1312805090,Lajwanti Flyover,secondary,,,,West,27
1312805091,,secondary_link,,,,West,33
1312805092,,secondary_link,,,,West,40
1312805093,Shaheed Bhagat Singh Marg,secondary,,,,West,86
1312805094,Shaheed Bhagat Singh Marg,secondary,,,,West,84
1312806545,Jangpura Road Flyover,primary,,,,South-East,207
1312806546,Jangpura Road Flyover,primary,,,,South-East,208
1312806547,Jangpura Road Flyover,primary,2,,asphalt,South-East,23
1312806548,Jangpura Road Flyover,primary,,,,South-East,9
1312807952,Jangpura Road Flyover,primary,,,,South-East,10
1312820310,Ghazipur Road Flyover,secondary,,,asphalt,East,17
1312820311,Ghazipur Road Flyover,secondary,,,asphalt,East,18
1312820312,Ghazipur Road Flyover,secondary,2,,asphalt,East,49
1312820313,Ghazipur Road Flyover,secondary,2,,asphalt,East,29
1312820314,Ghazipur Road Flyover,secondary,2,,asphalt,East,71
1312960083,Nangloi Flyover,trunk,,,,Outer,45
1312960084,Nangloi Flyover,trunk,,,,Outer,53
1312960085,Nangloi Flyover,trunk,2,,,Outer,31
1312960086,Nangloi Flyover,trunk,2,,,Outer,64
1312961865,Mangolpuri Flyover,trunk,,,,Outer,195
1312961866,Mangolpuri Flyover,trunk,,,,Outer,196
1312961867,Outer Ring Road,trunk,,,,Outer,307
1312961868,Mangolpuri Flyover,trunk,,,,Outer,64
1312961870,Mangolpuri Flyover,trunk,,,,Outer,40
1312961871,Mangolpuri Flyover,trunk,,,,Outer,56
1312962759,Mangolpuri Flyover,trunk,,,,Outer,29
1312962760,Mangolpuri Flyover,trunk,,,,Outer,153
1312962761,Mangolpuri Flyover,trunk,,,,Outer,36
1312963613,Mahatma Gandhi Marg,primary,,,asphalt,West,117
1312963615,Club Road Flyover,primary,3,,asphalt,West,180
1312963616,Club Road Flyover,primary,,,asphalt,West,38
1312963617,,primary,,,asphalt,West,21
1312965347,Mahatma Gandhi Marg,primary,,,asphalt,West,41
1312965348,Shri Hans Maharaj Flyover,primary,,,asphalt,West,22
1312965349,Shri Hans Maharaj Flyover,primary,,,asphalt,West,21
1312965350,Mahatma Gandhi Road,primary,,,asphalt,West,175
1312965351,Mahatma Gandhi Road,primary,,,asphalt,West,175
1312965352,Shri Hans Maharaj Flyover,primary,,,asphalt,West,54
1312965353,Shri Hans Maharaj Flyover,primary,,,asphalt,West,55
1312965354,Moti Nagar Flyover,primary,,,asphalt,West,21
1312965355,Moti Nagar Flyover,primary,,,asphalt,West,24
1312967329,Mahipalpur Flyover,motorway,4,,,South-West,118
1312967331,Mahipalpur Flyover,motorway,4,,,South-West,123
1312967332,Mahipalpur Flyover,motorway,4,,,South-West,87
1312967333,Mahipalpur Flyover,motorway,4,,,South-West,38
1312967344,Ch Brahm Prakash Flyover,primary,,,asphalt,North-West,24
1312967345,Ch Brahm Prakash Flyover,primary,,,asphalt,North-West,24
1312967346,Ch Brahm Prakash Flyover,primary,,,asphalt,North-West,31
1312967347,Ch Brahm Prakash Flyover,primary,,,asphalt,North-West,28
1312976990,Lala Jagat Narayan marg,secondary,,,,North-West,127
1312976991,Wazirpur Flyover,secondary,2,,asphalt,North-West,20
1312976992,Wazirpur Flyover,secondary,2,,asphalt,North-West,21
1312976993,Prembari Underpass,primary,,,asphalt,North-West,137
1312976994,Mahatma Gandhi Road,primary,,,asphalt,North-West,212
1312976995,Wazirpur Flyover,secondary,,,,North-West,23
1312979606,Mahatma Gandhi Road,primary,,,asphalt,North-West,46
1312979607,Mahatma Gandhi Road,primary,,,asphalt,North-West,51
1312979608,Mahatma Gandhi Road,primary,,,asphalt,North-West,79
1312979609,Shalimar Bagh Flyover,primary,,,asphalt,North-West,34
1312979610,Azadpur Flyover,primary,,,,North-West,28
1312981023,Ashok Vihar Flyover,secondary,,,,North-West,29
1312981024,,secondary,,,,North-West,23
1312985841,Dwarka Flyover,primary,2,,,South-West,148
1312985842,Dwarka Flyover,primary,2,,,South-West,147
1312985843,Dwarka Flyover,primary,2,,,South-West,34
1312985844,Dwarka Flyover,primary,2,,,South-West,32
1312986296,Aurobindo Marg Flyover,secondary,,,asphalt,South,11
1312986297,Aurobindo Marg Flyover,secondary,4,,asphalt,South,17
1312986298,Aurobindo Marg Flyover,secondary,,,asphalt,South,12
1312986299,Aurobindo Marg Flyover,secondary,4,,asphalt,South,13
1312986718,Pankha Road Flyover,primary,,,,South-West,26
1312986719,Pankha Road Flyover,primary,,,,West,91
1312987915,Flyover,trunk,,,,South-West,17
1312994301,Vivek Vihar Railway Flyover,secondary,,,asphalt,Shahdara,49
1312994302,Vivek Vihar Railway Flyover,secondary,,,asphalt,Shahdara,46
1312994303,Vivek Vihar Railway Flyover,secondary,,,asphalt,Shahdara,279
1312994304,Vivek Vihar Railway Flyover,secondary,,,asphalt,Shahdara,22
1312994305,Vivek Vihar Railway Flyover,secondary,,,asphalt,Shahdara,18
1312995349,Anand Vihar Railway Terminal Flyover,secondary,2,,asphalt,East,29
1312995350,Anand Vihar Railway Terminal Flyover,secondary,,,asphalt,Shahdara,31
1312995351,Anand Vihar Railway Terminal Flyover,secondary,,,asphalt,Shahdara,32
1312995763,Flyover,trunk,,,,East,52
1312995764,Flyover,trunk,3,,,East,77
1312995765,Flyover,trunk,,,,East,61
1312995766,Flyover,trunk,,,,East,38
1312995767,Flyover,trunk,3,,,East,89
1312995768,Flyover,trunk,3,,,East,123
1312995769,National Highway 24 Bypass,trunk,3,,,East,157
1312995770,Flyover,trunk,3,,,East,69
1312995771,Flyover,trunk,,,,East,106
1312995772,Flyover,trunk,,,,East,57
1313002298,Master Plan Road,secondary,2,,asphalt,East,281
1313002299,Karkari Mor Flyover,primary,2,,asphalt,East,14
1313004537,Swami Dayanand Marg,primary,,,,East,121
1313004538,Swami Dayanand Marg,primary,,,asphalt,East,106
1313008743,Shastri Park Flyover,trunk,4,,,North-East,72
1313008744,Shastri Park Flyover,trunk,4,,,North-East,56
1313008745,Shastri Park Flyover,trunk,2,,,North-East,31
1313008746,Shastri Park Flyover,trunk,2,,,North-East,46
1313008747,,trunk_link,,,,North-East,155
1313011684,Okhla Estate Marg Flyover,trunk,,,,South-East,30
1313011685,Okhla Estate Marg Flyover,trunk,,,,South-East,23
1313011686,Okhla Estate Marg Flyover,trunk,,,asphalt,South-East,24
1313016353,Mathura Road,trunk,3,,asphalt,South-East,41
1313016354,Mathura Road,trunk,3,,,South-East,45
1313027075,Lajpat Nagar Flyover,primary,3,,asphalt,South-East,1188
1313027076,Lajpat Nagar Flyover,primary,2,,,South-East,27
1313030094,Ashram Railway Flyover,primary,3,,asphalt,South-East,103
1313030095,Mahatma Gandhi Marg,primary,2,,asphalt,South-East,24
1313031179,,motorway_link,3,,asphalt,South-East,374
1313031180,Mahatma Gandhi Marg,motorway_link,3,,,South-East,209
1313032825,Mahatma Gandhi Marg,motorway_link,,,asphalt,South-East,122
1313152302,Girdhari Lal Goswami Marg,secondary,,,,West,543
1313158397,Oberoi Flyover,secondary,3,,asphalt,South-East,15
1313158398,Oberoi Flyover,secondary,3,,asphalt,South-East,148
1313158399,Oberoi Flyover,secondary,3,,asphalt,New Delhi,31
1313161443,Oberoi Flyover,secondary,,,asphalt,New Delhi,29
1313200453,Hanuman Mandir Flyover,secondary,,,,North,110
1313200454,Hanuman Mandir Flyover,trunk,,,,North,71
1313200455,Hanuman Mandir Flyover,trunk,,,,North,81
1313200456,Hanuman Mandir Flyover,secondary,,,,North,80
1313200457,Ring Road,trunk,,,,North,28
1313200458,,trunk_link,,,,North,15
1313200459,,secondary_link,,,,North,17
1313200460,Hanuman Mandir Flyover,secondary,,,,North,76
1313200461,Hanuman Mandir Flyover,trunk,,,,North,22
1313204945,Geeta Colony Road Flyover,secondary,,,asphalt,North,268
1313204946,Geeta Colony Road Flyover Ramp,trunk_link,2,,asphalt,North,60
1313204947,Geeta Colony Road Flyover,secondary,2,,asphalt,North,181
1313204948,Geeta Colony Road Flyover,secondary,2,,asphalt,North,144
1313204949,Raja Ram Kohli Marg,secondary,,,,North,146
1313204950,Geeta Colony Road Flyover,secondary,,,asphalt,North,38
1313204951,Geeta Colony Road Flyover,secondary,,,,North,34
1313204952,Geeta Colony Road Flyover,secondary,2,,asphalt,North,50
1313220166,Outer Ring Road,primary,,,,South-East,45
1313220167,Modi Mill Flyover,primary,,,,South-East,96
1313220168,Captain Gaur Marg,secondary_link,2,,asphalt,South-East,202
1313220169,Modi Mill Flyover,primary,,,,South-East,43
1313220170,Modi Mill Flyover,secondary,,,,South-East,45
1313220171,,secondary,,,,South-East,71
1313220172,Modi Mill Flyover,secondary,,,,South-East,40
1313220173,Modi Mill Flyover Ramp,trunk_link,,,,South-East,19
1313220174,Modi Mill Flyover Ramp,trunk_link,,,,South-East,112
1313220175,Modi Mill Flyover Ramp,trunk_link,,,,South-East,90
1313227962,SDM Court Flyover Ramp,secondary_link,2,,asphalt,Shahdara,14
1313239604,Barapullah Road Flyover,trunk,3,,,South,26
1313244704,Delhi-Dehradun Expressway,trunk,3,,asphalt,East,26
1313244705,Delhi-Dehradun Expressway,trunk,3,,asphalt,East,22
1313444176,Flyover,trunk,2,,,East,93
1313444177,Flyover,trunk,2,,,East,107
1313444178,Flyover,trunk,2,,,East,136
1313444179,Flyover,trunk,3,,,East,75
1313447924,ITO Flyover,trunk,,,,Central,75
1313447925,ITO Flyover,trunk,,,,Central,69
1313447926,,trunk_link,,,,Central,41
1313447927,ITO Flyover,trunk,,,asphalt,Central,8
1313447928,ITO Flyover Ramp,trunk_link,,,,Central,37
1313447929,ITO Flyover,trunk,,,,Central,74
1313447930,ITO Flyover,trunk,,,,Central,58
1313450495,Sachivalaya Road Flyover,trunk,4,,asphalt,Central,101
1313450496,Sachivalaya Road Flyover Ramp,trunk_link,,,,Central,61
1313450497,Sachivalaya Road Flyover,trunk,,,asphalt,Central,20
1313450498,Ring Road,trunk,4,,asphalt,Central,233
1313450499,Sachivalaya Road Flyover,trunk,4,,asphalt,Central,555
1313455080,Nizamuddin Railway Station Flyover,trunk,,,,South-East,52
1313455081,Nizamuddin Railway Station Flyover,trunk,,,,South-East,54
1313465445,Nizamuddin Road Flyover,trunk_link,2,,,South-East,35
1313465446,Nizamuddin Road Flyover,trunk,,,asphalt,South-East,57
1313471994,Mahipalpur Bypass Flyover,primary_link,,,paved,South-West,62
1313471995,Mahipalpur Bypass Flyover,primary_link,,,paved,South-West,22
1313471996,Mahipalpur Bypass Flyover,primary_link,,,paved,South-West,37
1313474873,AIIMS Flyover,primary_link,,,,South,56
1313474874,AIIMS Flyover,primary,,,asphalt,South-West,110
1313479667,Baba Banda Singh Bahadur Setu Ramp,trunk_link,2,,asphalt,South-East,29
1313488315,,secondary,2,,asphalt,South-West,24
1313488316,Dhaula Kuan Flyover,secondary,2,,asphalt,New Delhi,12
1313488318,,secondary,,,asphalt,South-West,39
1313488319,Dhaula Kuan Flyover Ramp,trunk_link,,,,South-West,46
1313639011,,primary_link,,,,South-West,19
1313658705,,secondary,,,,North-West,150
1313658706,,secondary,,,,North-West,174
1313658707,Maharaja Nahar Singh Marg Flyover,secondary,,,,North-West,25
1313658708,Maharaja Nahar Singh Marg Flyover,secondary,,,,North-West,18
1313658709,Maharaja Nahar Singh Marg Flyover,secondary,2,,,North-West,295
1313658710,Maharaja Nahar Singh Marg Flyover,secondary,2,,,North-West,217
1313658711,Maharaja Nahar Singh Marg Flyover,secondary,2,,,North-West,183
1313658712,Maharaja Nahar Singh Marg Flyover,secondary,2,,,North-West,11
1313661485,Flyover,secondary,,,,North-East,85
1313661486,Flyover,secondary,,,,North-East,84
1313661487,Flyover,secondary,,,,North-East,39
1313661488,Flyover,secondary,,,,North-East,38
1313661489,Flyover,secondary,2,,asphalt,Shahdara,69
1313661490,Flyover,secondary,2,,asphalt,Shahdara,47
1313661491,Flyover,secondary,2,,asphalt,Shahdara,22
1313661492,Flyover,secondary,2,,asphalt,Shahdara,36
1313664396,Azadpur Flyover,primary,,,,North-West,43
1313664397,Azadpur Flyover,primary,,,,North-West,47
1313664398,Mahatma Gandhi Road,primary,,,,North-West,40
1314351466,National Highway 24 Bypass,trunk,3,,,East,94
1314351467,National Highway 24 Bypass Flyover,trunk,3,,,East,64
1314555664,National Highway 24 Bypass,trunk,,,asphalt,East,45
1314555665,National Highway 24 Bypass Flyover,trunk,,,asphalt,East,108
1316853479,GT Karnal road,secondary,,,,North-West,46
1319530559,,trunk_link,,,,Central,16
1320128440,DND KMP Expressway,trunk,3,,asphalt,South-East,1091
1320609933,,secondary_link,,,,Shahdara,27
1320609934,,secondary_link,,,,Shahdara,27
1321775710,Old Delhi Gurgaon Road,secondary,,,asphalt,South-West,103
1321789351,,primary,,,,South-West,80
1321797299,,trunk_link,,,asphalt,Dwarka,62
1321798283,Dwarka Expressway,motorway,5,,asphalt,Dwarka,161
1322142589,,trunk_link,,,,Outer North,18
1322443868,,secondary,2,,asphalt,Outer North,793
1322443869,,secondary,2,,asphalt,Outer North,39
1322467992,Underpass,secondary_link,,,,New Delhi,226
1322467993,Underpass,secondary_link,,,,South-East,226
1322467994,Underpass,secondary_link,,,,New Delhi,31
1322586170,,trunk_link,,,,Outer North,17
1322818625,Girdhari Lal Goswami Marg,secondary,,,,West,110
1322818632,Sarita Vihar Okhla Underpass,secondary,2,,asphalt,South-East,377
1322818634,Okhla Estate Marg,secondary,2,,asphalt,South-East,724
1322818635,Okhla Estate Marg,secondary,2,,asphalt,South-East,9
1322818639,Okhla Estate Marg,secondary,2,,asphalt,South-East,14
1322818641,Okhla Estate Marg,secondary,2,,asphalt,South-East,8
1323820674,Dwarka Sector 21 Underpass,secondary,,,,Dwarka,231
1323821132,Bharthal Railway Underpass,trunk,,,,Dwarka,88
1323821133,Bharthal Railway Underpass,trunk,,,,Dwarka,88
1323821134,Bharthal Railway Underpass,trunk,,,,South-West,157
1323821135,Bharthal Railway Underpass,trunk,,,,South-West,156
1323822681,Northern Access Road,secondary,4,,asphalt,South-West,373
1323822682,Northern Access Road,secondary,4,,asphalt,South-West,370
1323824517,Yakshini Chowk Underpass,primary,,,,South-West,107
1323825051,Yakshini Chowk Underpass,primary,2,,asphalt,South-West,796
1323825053,Dwarka-Palam Road,primary,2,,,South-West,446
1323825055,Yakshini Chowk Underpass,primary,2,,,South-West,354
1323825545,Badarpur Railway Underpass,primary_link,2,,asphalt,South-East,111
1323825546,Badarpur Railway Underpass,primary,1,,asphalt,South-East,50
1323825547,Mehrauli Badarpur Road,primary,1,,asphalt,South-East,29
1323826551,Okhla Estate Marg,secondary,2,,asphalt,South-East,11
1323826803,,trunk_link,2,,asphalt,South-East,118
1323826804,Sarita Vihar Okhla Underpass,trunk_link,,,,South-East,63
1323826805,,trunk_link,,,,South-East,103
1323836471,Ghazipur Road,secondary,2,,asphalt,East,274
1323836472,Ghazipur Underpass,secondary,,,asphalt,East,26
1323836473,Ghazipur Underpass,secondary,,,asphalt,East,26
1323836474,,secondary,,,asphalt,East,21
1323836475,,secondary,,,asphalt,East,21
1323836476,Ghazipur Underpass,secondary,,,asphalt,East,11
1323836477,Ghazipur Underpass,secondary,,,asphalt,East,11
1323837328,Maharaja Agrasen Marg Underpass,secondary,2,,asphalt,East,165
1323837329,Maharaja Agrasen Marg Underpass,secondary,2,,asphalt,East,122
1323837330,Maharaja Agrasen Marg Underpass,secondary,2,,asphalt,East,231
1323837332,Maharaja Agrasen Marg Underpass,secondary,2,,asphalt,East,218
1323840282,Vinay Marg Underpass,secondary,,,,New Delhi,191
1323841211,,secondary,,,,South-East,67
1323844117,Pragati Maidan Tunnel,secondary,,,asphalt,New Delhi,20
1323845620,Shyama Prasad Mukherji Marg,secondary,,,,North,13
1323845621,Shyama Prasad Mukherji Marg,secondary,,,asphalt,North,11
1323845622,Shyama Prasad Mukherji Marg,secondary,,,asphalt,North,12
1323845623,Shyama Prasad Mukherji Marg,secondary,,,,North,38
1323845624,Shyama Prasad Mukherji Marg,secondary,,,,North,39
1323846940,Keshav Chowk Underpass,secondary,2,,asphalt,North-East,49
1323846941,Keshav Chowk Underpass,secondary,2,,asphalt,North-East,50
1323847981,Jhilmil Railway Underpass,secondary,2,,asphalt,Shahdara,180
1323847983,Jhilmil Railway Underpass,secondary,2,,asphalt,Shahdara,182
1323847984,Maharaj Surajmal Marg,secondary,2,,asphalt,Shahdara,71
1323848855,Aradhak Marg,secondary,,,asphalt,Shahdara,69
1323848856,Aradhak Marg,secondary,,,asphalt,Shahdara,252
1323848857,Dilshad Garden Underpass,secondary,,,asphalt,Shahdara,29
1324029695,,secondary,,,,Rohini,147
1324029696,,secondary,,,,Rohini,77
1324029698,Mundka Underpass,secondary,,,,Outer,242
1324029699,Mundka Underpass,secondary,,,,Outer,250
1324030078,Bhera Enclave Underpass,primary,,,,Outer,309
1324030079,Bhera Enclave Underpass,primary,,,,Outer,355
1324030080,Bhera Enclave Underpass,primary,,,,Outer,244
1324030081,Bhera Enclave Underpass,primary,,,,Outer,243
1324031031,Panjabi Bagh Underpass,primary,2,,,West,296
1324031032,Panjabi Bagh Underpass,primary,2,,,West,293
1324031393,Britannia Road,secondary,,,asphalt,North-West,217
1324031394,Britannia Road,secondary,,,asphalt,North-West,187
1324031395,Britannia Road,secondary,,,,North-West,129
1324031396,Britannia Road,secondary,,,,North-West,134
1324031397,Britannia Road,secondary,,,,North-West,7
1324032742,Mahatma Gandhi Road,primary,,,asphalt,North-West,85
1324032743,Prembari Underpass,primary,,,asphalt,North-West,134
1324032744,Prembari Underpass,primary,,,asphalt,North-West,43
1324033142,Outer Ring Road Underpass,trunk,,,,North-West,297
1324033143,Outer Ring Road Underpass,trunk,,,,Outer,291
1324033144,Outer Ring Road,trunk,,,,Outer,261
1324034075,Samaypur Underpass,secondary,,,,Outer North,298
1324034076,,secondary,,,,Outer North,164
1324034077,Samaypur Underpass,secondary,,,,Outer North,189
1324034078,Samaypur Underpass,secondary,,,,Outer North,188
1324035136,Rohtak Road Underpass,secondary,,,asphalt,North,28
1324035137,Rohtak Road Underpass,secondary,,,asphalt,North,69
1324343885,Mahatma Gandhi Marg,trunk,,,,North,255
1324343886,Mahatma Gandhi Marg,trunk,,,,North,309
1324615022,,trunk,3,,asphalt,South-West,237
1324660244,,secondary,,,,South-West,23
1325003015,,trunk_link,,,,South-East,28
1327208476,,secondary,,,,New Delhi,120
1327208477,Raisina Road,secondary,4,,asphalt,New Delhi,64
1327208478,,secondary,,,,New Delhi,26
1327218828,Basant Kaur Marg,secondary,,,,South,552
1327481698,,secondary_link,,,,New Delhi,12
1327593576,,secondary,,,,North-East,35
1327597543,,trunk_link,,,,Outer North,365
1327597544,,primary,3,,asphalt,Outer North,976
1327817390,,primary_link,,,,South-East,17
1327817391,Captain Gaur Marg,secondary_link,2,,asphalt,South-East,41
1328781364,Underpass,secondary_link,,,,South-East,28
1328781365,Underpass,secondary_link,,,,South-East,209
1328781366,Underpass,secondary_link,,,,New Delhi,210
1328781367,Underpass,secondary_link,2,,asphalt,South-East,27
1328781368,Underpass,secondary_link,2,,asphalt,New Delhi,32
1328781369,Underpass,secondary_link,,,,New Delhi,31
1329173706,Pandara Road,secondary,2,,asphalt,New Delhi,105
1329173707,Pandara Road,secondary,2,,asphalt,New Delhi,105
1329173708,,secondary,,,,New Delhi,49
1331547442,,trunk_link,,,,South,15
1331547443,,trunk_link,,,,South,14
1334964175,,primary,3,,asphalt,Outer North,1017
1334964176,,primary,,,,Outer North,742
1334964177,,primary,3,,asphalt,Outer North,739
1334964178,,primary,3,,asphalt,Outer North,68
1334964179,,primary,3,,asphalt,Outer North,453
1334964180,,primary,3,,asphalt,Outer North,61
1334968318,,trunk_link,2,,asphalt,Outer North,497
1334968319,,trunk_link,1,,,Outer North,79
1334968320,,trunk_link,1,,,Outer North,81
1334968321,,trunk_link,2,,asphalt,Outer North,413
1334968322,,trunk_link,1,,asphalt,Outer North,80
1334968323,,trunk_link,1,,asphalt,Outer North,69
1334968327,,trunk_link,1,,asphalt,Outer North,121
1334968328,,trunk_link,1,,asphalt,Outer North,120
1334968329,,trunk_link,1,,asphalt,Outer North,125
1334968330,,trunk_link,2,,asphalt,Outer North,210
1334968331,,trunk_link,2,,asphalt,Outer North,317
1334969632,,primary,3,,asphalt,Outer North,18
1334969633,,primary,4,,asphalt,Outer North,6
1339101397,Outer Ring Road,primary,,,,Outer,1249
1339484015,GT Karnal road,secondary,,,,North-West,41
1341418196,,trunk,,,,South-West,529
1341418197,,trunk_link,,,,South-West,240
1341419321,Bharthal Railway Underpass,secondary,,,,Dwarka,148
1341419322,Dwarka Sector 21 Underpass,secondary,,,,Dwarka,430
1341789496,Grand Trunk Road,trunk,3,,,Outer North,688
1342071915,,secondary_link,,,,New Delhi,15
1342093258,,primary,4,,asphalt,Outer North,484
1342093263,,primary,4,,asphalt,Outer North,126
1342093264,,primary,4,,asphalt,Outer North,148
1342093265,,primary,4,,asphalt,Outer North,76
1342093266,,primary,4,,asphalt,Outer North,123
1342093267,,primary,4,,asphalt,Outer North,622
1342093268,,primary,4,,asphalt,Outer North,141
1342093269,,primary,4,,asphalt,Outer North,135
1342093270,,trunk_link,2,,asphalt,Outer North,99
1342093271,,trunk_link,1,,asphalt,Outer North,51
1342093272,,primary,3,,asphalt,Outer North,30
1342093275,,trunk_link,2,,asphalt,Outer North,311
1342093277,,trunk_link,,,asphalt,Outer North,218
1342093278,,trunk_link,2,,asphalt,Outer North,108
1342093279,,trunk_link,2,,asphalt,Outer North,98
1342093280,,trunk_link,2,,asphalt,Outer North,92
1342384147,,secondary,,,,South-East,21
1342384148,DND-KMP Expressway,motorway,,,,South-East,1780
1342384149,DND KMP Expressway,trunk,3,,asphalt,South-East,86
1342384151,DND KMP Expressway,trunk,3,,asphalt,South-East,82
1342384152,DND KMP Expressway,trunk,3,,asphalt,South-East,1185
1342384153,DND KMP Expressway,trunk,3,,asphalt,South-East,1186
1342384154,DND KMP Expressway,trunk,3,,asphalt,South-East,302
1342384155,DND KMP Expressway,trunk,3,,asphalt,South-East,303
1342384156,DND KMP Expressway,trunk,3,,asphalt,South-East,320
1342384157,DND KMP Expressway,trunk,3,,asphalt,South-East,320
1345107584,Master Plan Road,secondary,2,,asphalt,East,39
1347685128,,secondary,,,,Rohini,11
1353561170,Outer Ring Road,primary,,,,Outer,250
1353593171,Urban Extension Road-II,trunk,3,,asphalt,Dwarka,131
1353593172,Urban Extension Road-II,trunk,3,,asphalt,Dwarka,144
1353593173,Urban Extension Road-II,trunk,3,,asphalt,Dwarka,150
1353593174,Urban Extension Road-II,trunk,3,,asphalt,Dwarka,145
1353593175,Urban Extension Road-II,trunk,3,,asphalt,Dwarka,171
1353604995,Urban Extension Road-II,trunk,3,,asphalt,Outer North,75
1353604996,Urban Extension Road-II,trunk,3,,asphalt,Outer North,19
1353604997,Urban Extension Road-II,trunk,3,,asphalt,Outer North,68
1353604998,Urban Extension Road-II,trunk,3,,asphalt,Outer North,22
1353605000,Urban Extension Road-II,trunk,3,,asphalt,Outer North,2367
1353605002,Urban Extension Road-II,trunk,3,,asphalt,Outer North,2366
1353607104,Urban Extension Road-II,trunk,3,,asphalt,Rohini,521
1353607105,Urban Extension Road-II,trunk,3,,asphalt,Rohini,15
1353607107,Urban Extension Road-II,trunk,3,,asphalt,Rohini,13
1353607108,Urban Extension Road-II,trunk,3,,asphalt,Rohini,79
1353607109,Urban Extension Road-II,trunk,3,,asphalt,Rohini,12
1353607110,Urban Extension Road-II,trunk,3,,asphalt,Rohini,80
1353607111,Urban Extension Road-II,trunk,3,,asphalt,Rohini,12
1353607114,Urban Extension Road-II,trunk,3,,asphalt,Rohini,525
1362479091,Dwarka Expressway,motorway,2,,asphalt,Dwarka,103
1362479505,,trunk_link,2,,asphalt,Dwarka,27
1362479506,,trunk_link,2,,asphalt,Dwarka,11
1364302447,,secondary,,,,North-West,257
1364302448,GT Karnal road,secondary,,,,North-West,145
1364932968,,secondary_link,,,,Central,53
1368621350,,motorway_link,,,,South-East,13
1368621351,,motorway_link,,,,South-East,21
1368621352,DND-KMP Expressway,motorway,,,,South-East,680
1368958808,Shivaji Marg,primary,,,asphalt,West,33
1368958811,Outer Ring Road,primary,,,asphalt,West,257
1370266035,Mahatma Gandhi Marg,primary,,,asphalt,West,849
1370266053,Mahatma Gandhi Marg,primary,,,asphalt,West,148
1370266056,Mahatma Gandhi Marg,primary,,,asphalt,West,148
1370266059,Mahatma Gandhi Marg,primary,,,asphalt,South-West,1567
1373644526,Sardar Patel Marg,secondary,2,,asphalt,New Delhi,5
1373644527,Sardar Patel Marg,secondary,2,,asphalt,New Delhi,7
1373644528,Panchsheel Marg,secondary,2,,asphalt,New Delhi,14
1373644529,Panchsheel Marg,secondary,2,,asphalt,New Delhi,7
1373644530,Simon Bolivar Road,secondary,,,asphalt,New Delhi,10
1373644531,Sardar Patel Marg,secondary,2,,asphalt,New Delhi,7
1373644532,Sardar Patel Marg,secondary,2,,asphalt,New Delhi,1347
1373647339,Patel Road,secondary,,,,Central,22
1373647340,Patel Road,secondary,,,,Central,808
1375662075,GT Karnal road,secondary,,,,North-West,76
1376098445,Najafgarh Kapashera Road,secondary,,,,South-West,515
1376114331,Rd. No. 224,primary,,,,Dwarka,15
1376114332,Road Number 201,primary,,,,Dwarka,14
1376114333,Rd. No. 224,primary,,,,Dwarka,944
1376114334,Road Number 201,primary,,,,Dwarka,14
1376441631,Bahadur Shah Zafar Marg,secondary,,,asphalt,Central,124
1376463914,GT Karnal road,secondary,,,,North-West,10
1376638641,Pragati Marg,secondary,2,,asphalt,East,407
1376640058,,secondary,2,,asphalt,East,80
1377959350,,trunk_link,,,,Central,99
1377959351,Velodrome Road,secondary,,,,Central,9
1377960801,Delhi-Dehradun Expressway,motorway,3,,asphalt,North-East,79
1377960802,Delhi-Dehradun Expressway,motorway,3,,asphalt,North-East,54
1378595438,,secondary,,,,South-East,18
1378595439,,secondary,,,asphalt,South-East,65
1378598830,,secondary_link,,,,South-West,8
1378612817,,secondary_link,,,,New Delhi,30
1378639955,,trunk_link,,,,Outer North,33
1380592285,,primary,,,,South-West,13
1380592286,Northern Access Rd,primary,4,,asphalt,South-West,13
1380592287,,primary,,,asphalt,South-West,14
1380592288,Dwarka-Palam Road,primary_link,,,asphalt,South-West,124
1381043616,,primary_link,,,,North,30
1381043617,Rajpur Road,primary_link,,,,North,37
1381102002,,secondary_link,,,,North-West,17
1381127157,,secondary_link,,,,North,9
1381607120,Kotla Road,secondary,2,,asphalt,East,370
1381607123,Khichripur Road,secondary,4,,,East,7
1381880777,,secondary_link,,,,South-West,46
1381884077,,primary_link,,,,West,17
1382622734,,secondary_link,,,,East,51
1383985659,,trunk_link,,,,Dwarka,42
1384226015,,secondary_link,,,asphalt,New Delhi,10
1385045742,Pandit Trilok Chandra Sharma Marg,secondary,3,,asphalt,South,351
1387169686,Deshbandhu Gupta Road,secondary,,,asphalt,Central,135
1387169687,Shri Mata Maharani Chowk,secondary,,,asphalt,Central,11
1387169689,Shri Mata Maharani Chowk,secondary,,,,Central,12
1388864231,Aurangzeb Road,secondary,,8,asphalt,South-East,214
1388864233,Aurangzeb Road,secondary,,8,concrete,South-East,217
1388864234,Aurangzeb Road,secondary,,8,asphalt,South-East,67
1388864235,Aurangzeb Road,secondary,,8,concrete,South-East,69
1388971161,,primary,,,,Outer,15
1388973367,,primary,,,,Outer,19
1389976153,,secondary,,,,Central,11
1389976154,,secondary,,,,Central,11
1390014176,Mahatma Gandhi Marg,primary,,,asphalt,West,84
1390014177,Vashisht Kumar Gulla Marg,secondary,,,,West,9
1390014178,Mahatma Gandhi Marg,primary,,,asphalt,West,19
1390014179,,secondary,,,,West,9
1390014180,,secondary_link,,,,West,23
1390017335,,primary_link,,,,North-West,26
1391746433,Cariappa Marg,primary,,,,South-West,141
1391746434,Pankha Road,primary,,,,South-West,850
1391750586,Aurangzeb Road,secondary,,8,asphalt,South-East,13
1391750587,Aurangzeb Road,secondary,,8,concrete,South-East,12
1391756605,Road No. 201,secondary,3,,,Dwarka,8
1391756606,Rd. No. 224,secondary,,,,Dwarka,11
1391759204,Deen Dayal Upadhyay Road,secondary,,,asphalt,Central,10
1391873333,Mehrauli Badarpur Road,primary,,,,South,150
1391873334,Mehrauli Badarpur Road,primary,,,,South,122
1392275500,,primary_link,,,,Outer,23
1392323359,Vikas Marg,primary,,,,East,10
1392410394,,secondary,,,,West,22
1392411911,GT Road,primary,2,,asphalt,North-East,67
1392412084,,primary_link,2,,asphalt,North-East,71
1394097510,,primary,,,,South-West,37
1394097511,,primary,,,,South-West,15
1394097512,,primary,,,,South-West,34
1394097513,,secondary,,,,South-West,376
1394134937,Najafgarh Nangloi Road,primary,3,,asphalt,Dwarka,168
1394511347,,secondary_link,,,,New Delhi,15
1409149345,Om Mandir marg,secondary,2,,asphalt,North-West,593
1409651787,,secondary_link,,,asphalt,New Delhi,31
1409670638,,trunk_link,,,,Dwarka,27
1409675796,,secondary_link,,,,West,18
1413413914,,primary,2,,asphalt,North,11
1413413915,Sham Nath Marg,primary,2,,asphalt,North,1162
1413413916,,primary,2,,asphalt,North,11
1413413917,Mahatma Gandhi Road,primary,2,,asphalt,North,73
1413413918,Sham Nath Marg,secondary,2,,asphalt,North,1374
1413413919,,secondary,2,,asphalt,North,88
1413416196,,secondary_link,,,,North-East,13
1413449425,Mahatma Gandhi Marg,trunk_link,,,asphalt,North,78
1413464707,,trunk,2,,asphalt,Outer,192
1413464708,,trunk,2,,asphalt,Outer,216
1413464709,,trunk,3,,asphalt,Outer,577
1413464710,,trunk,3,,asphalt,Outer,563
1414014905,,secondary,2,,,South-West,83
1414014906,,secondary,2,,,South-West,5
1414014907,,secondary,2,,,South-West,57
1414014908,,secondary,2,,,South-West,3
1414014909,,secondary,2,,,South-West,20
1414574407,,secondary_link,,,asphalt,East,12
1416043192,Mayapuri Road,secondary,,,,West,1
1416043193,,secondary,,,,New Delhi,14
1416043194,Ghazipur Road,secondary,2,,asphalt,East,131
1416953189,,secondary_link,,,,Central,9
1417138629,Bawana Road,primary,2,,asphalt,Outer North,229
1417138632,Delhi Road,primary,2,,asphalt,Outer North,1327
1420874849,Mahatma Gandhi Marg,primary,,,asphalt,West,292
1420874850,Club Road Flyover,primary,,,asphalt,West,38
1420874851,Mahatma Gandhi Marg,primary,,,asphalt,West,86
1420874852,Mahatma Gandhi Marg,primary,,,asphalt,West,140
1420874853,,secondary,,,,West,80
1420874854,Mahatma Gandhi Marg,primary,,,asphalt,West,81
1420874855,Mahatma Gandhi Marg,primary,,,asphalt,West,51
1420874856,Mahatma Gandhi Marg,primary,,,asphalt,West,21
1421988795,Abdul Gaffar Khan Marg,primary,2,,asphalt,South-West,18
1421988796,,secondary,,,,South-West,11
1421988797,Abdul Gaffar Khan Marg,primary,2,,asphalt,South-West,16
1421988798,,secondary,,,,South-West,12
1421988799,Abdul Gaffar Khan Marg,primary,2,,asphalt,South-West,11
1421988800,,secondary,,,,South-West,106
1422010692,,primary_link,,,,South,12
1424529893,Rotary Number 49,secondary,,,asphalt,New Delhi,10
1424774408,,secondary,2,,,South-West,16
1425310870,,secondary,,,,Dwarka,306
1425310872,Ganpati Chowk,secondary,,,,Dwarka,14
1425310878,Ganpati Chowk,secondary,,,,Dwarka,14
1425310879,,secondary,,,,Dwarka,692
1425536278,Ring Road,primary,,,asphalt,West,30
1425536279,Choudhary Brahm Prakash Chowk,secondary,,,,Central,10
1425536280,Bahadur Shah Zafar Marg,secondary,,,asphalt,Central,23
1425536281,Patel Road,secondary,,,,Central,71
1425773037,Dwarka Expressway,motorway,4,,asphalt,Dwarka,171
1425773038,Dwarka Expressway,motorway,4,,asphalt,Dwarka,175
1425799692,Shri Maa Anandamai Marg,secondary,,,asphalt,South-East,124
1425985948,Abdul Gaffar Khan Marg,primary_link,,,,South-West,11
1425985949,Nelson Mandela Marg,primary,,,asphalt,South-West,21
1425985950,Abdul Gaffar Khan Marg,primary,2,,asphalt,South-West,292
1426172446,Grand Trunk Karnal Road,secondary,,,,North,689
1426172447,Shakti Nagar Chowk,secondary,,,,North,4
1426337055,Palla Bakhtawarpur road,secondary,,,,Outer North,33
1426347079,Bawana road,secondary,,,,Outer North,329
1426353043,,secondary,,,,Rohini,696
1426562180,Parking Entry,secondary,,,asphalt,New Delhi,34
1426775306,Burari road,secondary,,,,Outer North,625
1426775308,Burari road,secondary,,,,North,235
1426775309,Burari road,secondary,,,,North,1071
1426775311,Burari road,secondary,,,,North,376
1426778130,Shanti Swaroop tyagi marg,secondary,2,,asphalt,North-West,135
1426778131,Shanti Swaroop tyagi marg,secondary,,,asphalt,North-West,132
1426814344,Lala Jagat Narayan marg,secondary,,,,North-West,1544
1426814345,,primary,,,,North-West,317
1426814346,Lala Jagat Narayan marg,secondary,,,asphalt,North-West,2288
1426829501,Kanjhawala road,secondary,,,asphalt,Outer,342
1426829502,Kanjhawala road,secondary,,,asphalt,Outer,341
1426829503,,secondary,,,,Outer,11
1427481382,Pragati Marg,secondary,2,,asphalt,East,439
1427481384,Pragati Marg,secondary,2,,asphalt,East,10
1427661070,,secondary,,,,East,25
1427661071,,secondary,,,,East,22
1427682133,,trunk_link,2,,asphalt,Outer North,29
1427682134,,trunk_link,2,,asphalt,Outer North,97
1427682135,,trunk_link,2,,asphalt,Outer North,236
1427682136,,trunk_link,2,,asphalt,Outer North,64
1427682140,,trunk_link,1,,,Outer North,114
1427682142,,trunk_link,1,,,Outer North,141
1427682143,,trunk_link,2,,asphalt,Outer North,220
1427682144,,trunk_link,2,,asphalt,Outer North,47
1427682145,,trunk_link,2,,asphalt,Outer North,226
1427682146,,trunk_link,2,,asphalt,Outer North,202
1427682147,,trunk_link,2,,asphalt,Outer North,153
1427682153,,trunk_link,2,,asphalt,Outer North,164
1427682154,,trunk_link,1,,asphalt,Outer North,125
1427682155,,trunk_link,2,,asphalt,Outer North,31
1427682156,,trunk_link,2,,asphalt,Outer North,153
1427682157,,trunk_link,1,,asphalt,Outer North,68
1427682158,,trunk_link,,,asphalt,Outer North,359
1427682163,,trunk_link,1,,asphalt,Outer North,138
1427682164,,trunk_link,2,,asphalt,Outer North,183
1427682165,,trunk_link,1,,asphalt,Outer North,119
1427682166,,trunk_link,2,,asphalt,Outer North,119
1427682167,,trunk_link,4,,asphalt,Outer North,136
1427682168,,trunk_link,2,,asphalt,Outer North,182
1427682169,,trunk_link,2,,asphalt,Outer North,185
1427682170,,trunk_link,2,,asphalt,Outer North,43
1427682171,,trunk,4,,asphalt,Outer North,121
1427682172,,trunk,3,,asphalt,Outer North,466
1427682173,,trunk,3,,asphalt,Outer North,461
1427682174,,trunk_link,2,,asphalt,Outer North,52
1427682180,Urban Extension Road-II,trunk,4,,asphalt,Outer North,125
1427682181,Urban Extension Road-II,trunk,3,,asphalt,Outer North,322
1427682182,,trunk_link,2,,asphalt,Outer North,98
1427682183,,trunk_link,2,,asphalt,Outer North,46
1427682184,,trunk_link,1,,asphalt,Outer North,92
1427682185,,trunk_link,2,,asphalt,Outer North,352
1427682186,,trunk_link,1,,,Outer North,134
1427682187,,trunk_link,1,,,Outer North,88
1427682188,,trunk_link,1,,asphalt,Outer North,46
1427682189,,trunk_link,2,,asphalt,Outer North,69
1427682190,,trunk_link,1,,,Outer North,87
1427682191,,trunk_link,2,,asphalt,Outer North,83
1427682192,,trunk_link,2,,asphalt,Outer North,159
1427682193,,trunk_link,2,,asphalt,Outer North,107
1427682197,Urban Extension Road-II,trunk,4,,asphalt,Outer North,165
1427682198,Urban Extension Road-II,trunk,4,,asphalt,Outer North,170
1427682199,,trunk_link,4,,asphalt,Outer North,72
1427682200,,trunk_link,4,,asphalt,Outer North,134
1427682201,,trunk_link,2,,asphalt,Outer North,113
1427682202,,trunk_link,2,,asphalt,Outer North,191
1427682203,,primary,2,,asphalt,Outer North,249
1427682204,,primary,2,,asphalt,Outer North,173
1427682205,,trunk_link,4,,asphalt,Outer North,55
1427682206,,trunk_link,2,,asphalt,Outer North,160
1427682207,,trunk_link,2,,asphalt,Outer North,47
1427682208,,trunk_link,3,,asphalt,Outer North,117
1427682209,,trunk_link,2,,asphalt,Outer North,66
1427682210,,trunk_link,2,,asphalt,Outer North,41
1427682211,,trunk_link,2,,asphalt,Outer North,50
1427682212,,trunk_link,2,,asphalt,Outer North,107
1427682213,,trunk_link,2,,asphalt,Outer North,476
1427682214,,trunk_link,3,,asphalt,Outer North,42
1427682215,,trunk_link,3,,asphalt,Outer North,151
1427682216,,trunk_link,3,,asphalt,Outer North,118
1427682217,,trunk_link,2,,asphalt,Outer North,135
1427682218,,trunk_link,3,,asphalt,Outer North,75
1427682219,,trunk_link,3,,asphalt,Outer North,59
1427682220,,trunk_link,3,,asphalt,Outer North,44
1427682221,,trunk_link,3,,asphalt,Outer North,162
1427682222,Grand Trunk Road,trunk,6,,asphalt,Outer North,158
1427682223,,trunk_link,3,,asphalt,Outer North,359
1427682224,,trunk_link,3,,asphalt,Outer North,254
1427682225,,trunk_link,3,,asphalt,Outer North,340
1427893251,,secondary,3,,asphalt,South-West,752
1427893254,Rangpuri,secondary,3,,asphalt,South-West,219
1427894414,Urban Extension Road-II,trunk,3,,asphalt,Rohini,52
1427894415,Urban Extension Road-II,trunk,3,,,Rohini,52
1427894416,Urban Extension Road-II,trunk,3,,,Rohini,108
1427894417,Urban Extension Road-II,trunk,3,,,Rohini,111
1427894418,,trunk_link,1,,asphalt,Rohini,170
1427894419,,trunk_link,1,,asphalt,Rohini,178
1427894420,Urban Extension Road-II,trunk,3,,,Rohini,50
1427894421,Urban Extension Road-II,trunk,3,,,Rohini,45
1427894423,,primary_link,2,,asphalt,Rohini,305
1427894427,,primary_link,,,asphalt,Rohini,308
1427894428,Urban Extension Road-II,trunk,3,,asphalt,Rohini,157
1427894429,Urban Extension Road-II,trunk,3,,asphalt,Rohini,159
1427894431,,trunk_link,1,,asphalt,Rohini,143
1427894432,,trunk_link,1,,asphalt,Rohini,101
1427894433,,secondary_link,2,,asphalt,Rohini,151
1427894434,,secondary_link,2,,asphalt,Rohini,89
1427894435,,secondary_link,2,,asphalt,Outer North,129
1427894436,,secondary_link,2,,asphalt,Outer North,48
1427894437,,trunk_link,1,,asphalt,Outer North,139
1427894438,,secondary_link,1,,asphalt,Outer North,90
1427894439,,secondary_link,2,,asphalt,Rohini,281
1427894440,,secondary_link,2,,asphalt,Outer North,98
1427894441,,secondary_link,2,,asphalt,Rohini,92
1427894442,,secondary_link,2,,asphalt,Rohini,264
1427894443,,secondary_link,2,,asphalt,Rohini,143
1427894444,,trunk_link,1,,asphalt,Rohini,118
1427894445,,secondary_link,1,,asphalt,Rohini,67
1427894446,,trunk_link,,,,Rohini,144
1427894447,,primary_link,,,,Rohini,44
1427894448,,trunk_link,1,,asphalt,Rohini,130
1427894449,,secondary_link,2,,asphalt,Rohini,237
1427894450,Urban Extension Road-II,trunk,3,,asphalt,Outer North,197
1427894451,Urban Extension Road-II,trunk,3,,asphalt,Outer North,199
1427894452,Urban Extension Road-II,trunk,3,,asphalt,Outer North,188
1427894453,Urban Extension Road-II,trunk,3,,asphalt,Outer North,187
1427895883,,trunk_link,1,,asphalt,Outer North,134
1427895884,,trunk_link,1,,asphalt,Outer North,120
1428215563,Guru Ravidas Marg,secondary,,,,South-East,325
1428438863,Girdhari Lal Goswami Marg,secondary,,,,West,428
1428515506,Mall Road,secondary,,,,Dwarka,342
1428919899,Dabri Palam Road,primary,2,,,Dwarka,191
1428945371,,secondary,,,,Dwarka,13
1428945372,Dhoolsiras Road,secondary,,,asphalt,Dwarka,14
1428945373,Dhoolsiras Road,secondary,,,asphalt,Dwarka,11
1429160661,Shivaji Marg,secondary,,,asphalt,West,246
1429564104,New Rohtak Road,primary,,,,Central,203
1429564105,Rani Jhansi Road,secondary,,,asphalt,Central,12
1429564106,,secondary,,,,North,15
1429564107,Rani Jhansi Road,secondary,,,,North,175
1429564108,Rani Jhansi Road,secondary,,,,North,34
1429564110,Rani Jhansi Road,secondary,,,,North,135
1429639987,,trunk,3,,asphalt,South-West,2038
1429934259,Shivaji Marg,secondary,,,asphalt,West,598
1430144222,,trunk,2,,asphalt,Outer North,380
1430144223,,trunk,2,,asphalt,Outer North,376
1430144224,,trunk,2,,,Outer North,133
1430144226,,trunk,2,,,Outer North,133
1430144227,,trunk,2,,concrete,Outer North,206
1430144228,,trunk,2,,concrete,Outer North,204
1430144229,,trunk_link,2,,concrete,Outer North,296
1430218908,,secondary_link,,,,Dwarka,14
1430348110,,trunk_link,,,,Dwarka,413
1430348113,Urban Extension Road-II,trunk,3,,asphalt,Rohini,544
1430348114,Urban Extension Road-II,trunk,3,,asphalt,Rohini,19
1430348115,Urban Extension Road-II,trunk,3,,,Rohini,16
1430348116,Urban Extension Road-II,trunk,3,,,Rohini,536
1430348118,Urban Extension Road-II,trunk,3,,asphalt,Dwarka,248
1430348119,Urban Extension Road-II,trunk,3,,asphalt,Dwarka,156
1430348131,Urban Extension Road-II,trunk,3,,asphalt,Outer,382
1430348132,Urban Extension Road-II,trunk,3,,,Outer,461
1430348133,Urban Extension Road-II,trunk,3,,asphalt,Outer,805
1430348134,Urban Extension Road-II,trunk,3,,asphalt,Outer,1443
1430348140,Urban Extension Road-II,trunk,3,,asphalt,Rohini,33
1430348141,Urban Extension Road-II,trunk,3,,asphalt,Rohini,640
1430348142,Urban Extension Road-II,trunk,3,,,Rohini,630
1430348143,Urban Extension Road-II,trunk,3,,,Rohini,32
1430348144,Urban Extension Road-II,trunk,3,,asphalt,Rohini,320
1430348145,Urban Extension Road-II,trunk,3,,,Rohini,319
1430348146,Urban Extension Road-II,trunk,3,,asphalt,Rohini,329
1430348147,Urban Extension Road-II,trunk,3,,,Rohini,331
1430348151,,trunk_link,,,,Rohini,145
1430348152,,trunk_link,,,,Rohini,134
1430348153,,primary_link,,,,Rohini,58
1430348155,,primary,3,,asphalt,Rohini,5406
1430348157,Urban Extension Road-II,trunk,3,,,Rohini,695
1430348158,Urban Extension Road-II,trunk,3,,,Rohini,31
1430348159,Urban Extension Road-II,trunk,3,,asphalt,Rohini,33
1430348160,Urban Extension Road-II,trunk,3,,asphalt,Rohini,683
1430348162,,primary,3,,asphalt,Rohini,5299
1430444822,,motorway_link,,,,Dwarka,191
1430444823,,motorway_link,2,,asphalt,Dwarka,253
1430444826,,secondary,,,,Dwarka,158
1430444827,,secondary_link,2,,asphalt,South-West,52
1430444828,,secondary_link,2,,asphalt,Dwarka,162
1430444829,,secondary_link,2,,asphalt,Dwarka,33
1430444830,,trunk,3,,asphalt,South-West,105
1430444831,Urban Extension Road-II,trunk,5,,asphalt,Dwarka,58
1430444832,Urban Extension Road-II,trunk,5,,asphalt,Dwarka,57
1430444833,Urban Extension Road-II,trunk,3,,asphalt,Dwarka,481
1430444835,,trunk_link,1,,asphalt,Dwarka,142
1430444836,,trunk_link,2,,asphalt,Dwarka,100
1430449909,,trunk_link,2,,asphalt,Dwarka,115
1430449910,,trunk_link,2,,asphalt,Dwarka,327
1430449914,Dwarka Expressway,motorway,5,,asphalt,Dwarka,169
1430449915,,trunk_link,3,,asphalt,Dwarka,214
1430449916,,trunk_link,,,,Dwarka,179
1430449917,,trunk_link,,,,Dwarka,197
1430539718,Maharaja Nahar Singh Marg,secondary,2,,,North-West,658
1430797303,Ram Bagh Road,secondary,,,,North,631
1430797305,Ram Bagh Road,secondary,,,,North,621
1430805361,Swami Narayan Marg,secondary,,,,North,5
1430838970,Bhagwan mahavir marg,secondary,,,asphalt,Rohini,708
1430841099,Kanjhawala road,secondary,,,,Outer,352
1430841538,Kanjhawala road,secondary,,,,Outer,187
1430842942,Kanjhawala road,secondary,,,,Outer,97
1430858193,Outer Ring Road,primary,,,,Outer,468
1430858194,Road Number 42,secondary,,,asphalt,Outer,136
1430858195,Outer Ring Road,primary,,,,Outer,11
1430858196,Road Number 42,secondary,,,asphalt,Outer,138
1431093139,Dwarka Expressway,motorway_link,4,,asphalt,South-West,147
1431093140,Dwarka Expressway,motorway_link,3,,asphalt,South-West,422
1431093143,,secondary,,,,South-West,490
1431093144,,trunk_link,,,,South-West,371
1431093145,,trunk_link,,,,South-West,71
1431107073,Jafrabad Main Road,secondary,2,,asphalt,North-East,231
1431236195,,trunk,4,,asphalt,South-West,116
1431236196,,trunk,4,,asphalt,South-West,184
1431236197,,trunk,4,,,South-West,3602
1431236198,,secondary,,,,South-West,53
1431236199,,trunk_link,,,,Dwarka,15
1431236200,Bharthal Railway Underpass,secondary,2,,asphalt,South-West,112
1431236201,,trunk,4,,asphalt,South-West,440
1431236202,,trunk,4,,,South-West,191
1431236203,,trunk,4,,,South-West,3388
1431886025,Kotla Road,secondary,,,asphalt,East,10
1431889784,Khichripur Road,secondary,,,asphalt,East,13
1431889785,Khichripur Road,secondary,,,asphalt,East,7
1431889786,Khichripur Road,secondary,,,,East,14
1431889787,Ghazipur Road,secondary,3,,asphalt,East,11
1431889788,,secondary,,,,East,14
1432199781,Mother Dairy Road,secondary,,,asphalt,East,113
1432199782,Mother Dairy Road,secondary,,,asphalt,East,98
1432199783,,secondary,,,,East,8
1432199784,Mother Dairy Road,secondary,,,,East,20
1432204458,Master Plan Road,secondary,2,,asphalt,East,893
1432236333,Maharaj Surajmal Marg,secondary,2,,asphalt,Shahdara,175
1432475963,,trunk_link,3,,asphalt,Dwarka,23
1432516476,,secondary,,,,North-East,39
1438583470,Lok Kalyan Marg,secondary,,,asphalt,New Delhi,11
1438583471,Lok Kalyan Marg,secondary,,,asphalt,New Delhi,41
1438583472,Teen Murti Haifa Chowk,secondary,,,asphalt,New Delhi,23
1438583475,Vijay Chowk,secondary,,,,New Delhi,194
1442768144,Urban Extension Road-II,trunk,3,,asphalt,Rohini,279
1442768145,Urban Extension Road-II,trunk,3,,asphalt,Rohini,14
1442768146,Urban Extension Road-II,trunk,3,,,Rohini,283
1442768147,Urban Extension Road-II,trunk,3,,,Rohini,15
1443047840,,secondary,,,asphalt,South-West,398
1443672813,,trunk_link,,,,Rohini,342
1443672814,,trunk_link,,,,Rohini,344
1443692793,,trunk_link,,,,Rohini,196
1443692794,,trunk_link,,,,Rohini,275
1444455539,,secondary_link,,,,South,13
1445357825,,secondary_link,,,,West,77
1445398718,,motorway_link,,,,South-East,15
1445973959,New Kanjhawala Link Road,secondary,,,asphalt,Outer,410
1445973960,,secondary,,,asphalt,Outer,26
1446201284,,primary_link,,,,Outer,14
1446201285,,primary_link,,,,Outer,110
1446379669,Outer Ring Road,trunk,,,,Outer,62
1447615548,,primary_link,,,,East,16
1447872487,,secondary_link,,,,North-West,17
1448200085,,trunk,,,,South-West,337
1448200086,,trunk,,,,South-West,205
1448200087,,trunk,4,,,South-West,197
1448202982,,trunk_link,,,,South-West,53
1448202983,,trunk_link,,,,South-West,304
1448202985,,trunk_link,,,,South-West,191
1448202986,,trunk_link,,,,South-West,190
1449346331,,trunk_link,,,,Dwarka,178
1449346332,,trunk_link,,,,Dwarka,224
1449595802,Mehrauli Badarpur Road,primary,,,,South,164
1449612025,,trunk_link,2,,asphalt,Outer,11
1450857029,Panchkuian Road,secondary,3,,asphalt,New Delhi,7
1450857031,,secondary,,,asphalt,Central,16
1451596861,Nand Nagari Flyover,trunk,2,,asphalt,North-East,22
1451596862,Nand Nagari Flyover,trunk,2,,asphalt,North-East,34
1451610515,Ashok Vihar Flyover,secondary,,,,North-West,17
1451610516,Ashok Vihar Flyover,secondary,2,,,North-West,16
1451610517,Ashok Vihar Flyover,secondary,,,,North-West,8
1451610518,Ashok Vihar Flyover,secondary,,,,North-West,34
1451610519,,secondary,,,,North-West,24
1451611904,Britannia Road Underpass,secondary,,,,North-West,22
1451611905,Britannia Road Underpass,secondary,,,,North-West,17
1451611906,Britannia Road Underpass,secondary,,,asphalt,North-West,9
1451611907,Britannia Road Underpass,secondary,,,asphalt,North-West,13
1451616405,Mundka Underpass,secondary_link,,,,Rohini,53
1451616406,,secondary,,,,Rohini,18
1451616407,Mundka Underpass,secondary,,,,Rohini,8
1451616408,Mundka Underpass,secondary,,,,Outer,23
1451616409,Mundka Underpass,secondary,,,,Outer,23
1451871041,Benito Juarez Marg Underpass,primary_link,2,,asphalt,South-West,138
1451871042,Benito Juarez Marg Underpass,primary_link,2,,asphalt,South-West,38
1451871043,Benito Juarez Marg Underpass,primary_link,2,,asphalt,South-West,37
1451871044,Benito Juarez Marg Underpass,primary_link,2,,asphalt,South-West,21
1451871045,Benito Juarez Marg Underpass,primary_link,2,,asphalt,South-West,19
1451872464,,primary_link,,,,South-West,31
1451872465,,primary_link,,,,South-West,41
1451876795,Mangolpuri Flyover,trunk,,,,Outer,10
1451876796,Mangolpuri Flyover,trunk,,,,Outer,16
1451891902,Masoodpur Flyover,primary,2,,asphalt,South-West,33
1451891903,Masoodpur Flyover,primary,2,,asphalt,South-West,25
1451893673,,trunk_link,3,,asphalt,South-East,19
1451897494,Jangpura Road Flyover,primary,2,,asphalt,South-East,21
1451903122,AIIMS Flyover,primary,2,,asphalt,South,14
1451905213,Barapullah Road Flyover,trunk,3,,asphalt,South,199
1451905214,Barapullah Road Flyover,trunk,3,,asphalt,South,58
1451905215,,trunk,,,,South,14
1451905216,,primary_link,,,,South,45
1452253848,Maharaj Surajmal Marg,secondary,2,,asphalt,Shahdara,95
1452258071,Delhi-Dehradun Expressway,trunk,3,,asphalt,East,167
1452258072,Delhi-Dehradun Expressway,motorway,3,,asphalt,East,39
1452258073,Delhi-Dehradun Expressway,motorway,3,,asphalt,East,50
1452261802,Mayur Vihar Flyover,trunk,3,,asphalt,East,60
1452261803,Mayur Vihar Flyover,trunk,3,,asphalt,East,67
1452263017,Geeta Colony Road Flyover,secondary,2,,asphalt,North,41
1452264331,Shalimar Bagh Flyover,primary,,,asphalt,North-West,32
1452264332,Shalimar Bagh Flyover,primary,,,asphalt,North-West,32
1452265090,Club Road Flyover,primary,3,,asphalt,West,27
1452265091,Club Road Flyover,primary,3,,asphalt,West,22
1452266223,Mahatma Gandhi Marg,primary,,,asphalt,West,65
1452266224,,primary_link,,,,West,57
1452266225,Shri Hans Maharaj Flyover,primary,,,asphalt,West,24
1452266226,Shri Hans Maharaj Flyover,primary,,,asphalt,West,11
1452587944,Delhi-Dehradun Expressway,trunk,2,,asphalt,East,32
1452587945,Delhi-Dehradun Expressway,trunk,2,,asphalt,East,7
1453266359,,secondary,,,,East,18
1453820690,Indraprastha Marg,secondary,,,asphalt,Central,19
1453820691,Bahadur Shah Zafar Marg,secondary,2,,asphalt,Central,22
1454403276,Mahatma Gandhi Marg,secondary,,,asphalt,West,463
1454403277,Mahatma Gandhi Marg,secondary,,,asphalt,West,6
1454403278,Mahatma Gandhi Marg,secondary,,,asphalt,West,448
1454403279,Mahatma Gandhi Marg,secondary,,,asphalt,West,8
1454403280,Mahatma Gandhi Marg,secondary,,,asphalt,West,3
1455748790,,primary_link,,,,South-East,12
1455953515,,secondary_link,,,,Outer North,13
1456894309,,trunk_link,,,,Outer,25
1457468706,,motorway_link,,,,South-East,32
1457468707,,motorway_link,,,,South-East,30
1457468708,,motorway_link,,,,South-East,23
1457468709,,motorway_link,,,,South-East,23
1458721064,,secondary_link,,,,New Delhi,11
1458721067,,secondary_link,,,asphalt,New Delhi,10
1458937260,Chaudhary Mange Ram Marg,secondary,,,,North-West,23
1458937261,Chaudhary Mange Ram Marg,secondary,,,,North-West,13
1458937262,Chaudhary Mange Ram Marg,secondary,,,,North-West,13
1458937263,Chaudhary Mange Ram Marg,secondary,,,,North-West,143
1458939974,,secondary_link,,,,New Delhi,8
1458967126,,secondary,,,,Outer North,22
1458967127,,secondary,,,,Outer North,32
1458967128,,secondary,,,,Outer North,24
1458967129,,secondary,,,,Outer North,229
1459192051,,trunk_link,,,,Central,154
1459212951,,secondary,,,,North-East,181
1459217598,,secondary_link,,,,New Delhi,60
1459219622,,secondary,,,,New Delhi,54
1459256704,,secondary_link,,,asphalt,Dwarka,93
1459256708,,secondary,,,asphalt,Dwarka,703
1462322371,Dallupura Marg,secondary,2,,asphalt,East,266
1462322373,Dallupura Marg,secondary,2,,asphalt,East,255
1463069578,Ghazipur Road,secondary,3,,asphalt,East,1422
1463175980,,secondary,,,asphalt,East,67
1463175981,Ghazipur Road,secondary,,,asphalt,East,77
1463175982,Ghazipur Road,secondary,2,,asphalt,East,198
1463175983,DME Service Road,secondary,2,,asphalt,East,71
1463175984,Road Number 57,secondary_link,,,asphalt,East,9
1463175985,,secondary,,,asphalt,East,3
1463175986,,secondary,,,asphalt,East,8
1463175990,Khichripur Road,secondary,4,,asphalt,East,66
1463175991,Khichripur Road,secondary,4,,asphalt,East,357
1463198276,Ghazipur Road,secondary,2,,asphalt,East,157
1463198278,Ghazipur Road,secondary,,,asphalt,Shahdara,618
1463198280,,secondary_link,,,,Shahdara,13
1463225217,,secondary_link,,,,East,18
1463242686,Kotla Road,secondary,2,,asphalt,East,405
1463635679,,primary_link,,,,North-West,12
1463649370,,secondary,,,,Outer North,455
1463747345,Vir Banda Bairagi Marg,secondary,,,,North,1565
1463747346,Rohtak Road,trunk,,,,Outer,33
1463747347,Swami Narayan Marg,secondary,,,,North,94
1463747348,New Rohtak Road,primary,,,,Central,410
1463747350,Rani Jhansi Road,secondary,,,,Central,43
1463747351,,secondary,,,asphalt,Central,12
1464182202,Punjabi Bagh Chowk,primary,3,,,West,65
1465354491,,secondary,2,,asphalt,South-East,74
1465354492,,secondary,2,,asphalt,South-East,31
1465354493,,secondary,2,,asphalt,South-East,631
1465354494,,secondary,2,,asphalt,South-East,32
1465354495,,secondary,2,,asphalt,South-East,32
1466629067,Delhi-Dehradun Expressway,trunk,3,,asphalt,East,247
1467503940,,primary_link,,,,North,16
1467506920,Delhi–Dehradun Expressway,trunk,2,,asphalt,Shahdara,380
1467506921,Delhi-Dehradun Expressway,motorway,3,,asphalt,Shahdara,48
1467508094,Delhi-Dehradun Expressway,motorway,3,,asphalt,Shahdara,619
1467508095,Delhi-Dehradun Expressway,motorway,3,,asphalt,Shahdara,48
1467509128,Delhi–Dehradun Expressway,trunk,2,,asphalt,North-East,3474
1467528232,Burari road,secondary,,,,Outer North,21
1467528233,Burari road,secondary,,,,North,20
1468679445,Mahatma Gandhi Marg,primary,,,,North-West,849
1468679446,Jagdish Anand Chowk,primary,,,asphalt,North-West,11
1468679448,Jagdish Anand Chowk,primary,,,asphalt,North-West,11
1469015609,Rotary Number 2,secondary,,,asphalt,New Delhi,100
1469045159,,secondary,,,,North-East,111
1469052066,Satguru Ram Singh Marg,secondary,,,,West,864
1469052067,Lawjanti Garden Chowk,secondary,,,,West,28
1469052069,Lawjanti Garden Chowk,secondary,,,,West,26
1469430264,Shaheed Captain Vikram Batra Flyover,trunk_link,,,,Outer North,157
1472553258,Shyama Prasad Mukherji Marg,secondary,,,,North,47
1472553259,Tulsi Das Chowk,secondary,,,asphalt,North,17
1472553260,Tulsi Das Chowk,secondary,,,asphalt,North,12
1472553261,,secondary,,,,North,17
1472553263,Kela Ghat Marg,secondary,,,,North,358
1472553264,Lothiyan Road,secondary,,,,North,392
1472579830,Rohtak Road,primary,2,,,West,314
1472579831,Rampura More,primary,2,,,West,14
1472579833,Rampura More,primary,2,,,West,17
1472580267,Shri Ram Chowk,secondary,,,asphalt,West,65
1473284654,Guru Harkishan Marg,secondary,,,asphalt,North-West,1143
1473284656,Lala Jagat Narayan marg,secondary,,,,North-West,612
1473609296,,trunk_link,,,,Outer,18
1474140342,Mall Road,secondary,,,,Dwarka,155
1474140344,Mall Road,secondary,,,,Dwarka,318
1474140377,Rani Jhansi Road,secondary,,,,Central,322
1474236997,Dara Shikoh Road,secondary,,,,New Delhi,227
1474236998,Dara Shikoh Road,secondary,,,,New Delhi,126
1474391131,,trunk_link,,,,Dwarka,378
1474862452,Vikas Marg,primary,,,,East,206
1474862453,Vikas Marg,primary,3,,asphalt,East,179
1475458278,,secondary,,,,Dwarka,13
1475631705,Desh Bandhu Gupta Road,secondary,,,asphalt,Central,11
1476076767,Azad Market Road,secondary,,,,North,330
1476097805,Sardar Patel Marg,secondary,2,,asphalt,New Delhi,11
1476097806,Simon Bolivar Road,secondary,,,asphalt,New Delhi,11
1476125279,Aurangzeb Road,secondary,,8,concrete,South-East,14
1476125280,Aurangzeb Road,secondary,,8,asphalt,South-East,13
1476642845,Kanjhawala road,secondary,,,asphalt,Rohini,117
1476642848,Outer Ring Road,primary,,,,Outer,364
1476642849,Outer Ring Road,primary,,,,Outer,73
1476642850,Kanjhawala road,secondary,,,asphalt,Rohini,1347
1480040211,,secondary,2,,asphalt,North-East,6
1480571716,,secondary,,,,Dwarka,123
1480571717,,secondary,,,,Dwarka,152
1480571719,,secondary,,,,Dwarka,71
1480571720,,secondary,,,,Dwarka,153
1480571721,,secondary,,,,Dwarka,66
1480571722,,secondary,,,,Dwarka,98
1480571723,,secondary,,,,Dwarka,48
1480571724,,secondary,,,,Dwarka,68
1480571725,,secondary,,,,Dwarka,23
1480571726,,secondary,,,,Dwarka,58
1480571727,,secondary,,,,Dwarka,150
1480571728,,secondary,,,,Dwarka,69
1481047471,,secondary,,,,Outer North,666
1481047478,,secondary,,,,Outer North,11
1481047480,,secondary,,,,Outer North,10
1481047481,,secondary,,,,Outer North,143
1481047482,,secondary,,,,Outer North,11
1485949478,,trunk_link,,,,North,16
1486758029,Bhagwan mahavir marg,secondary,,,asphalt,Rohini,1047
1486758031,Bhagwan mahavir marg,secondary,,,asphalt,Rohini,1435
1486834964,GT Karnal road,secondary,,,,North,325
1486834965,Shakti Nagar Chowk,secondary,,,,North,4
1486873326,Patparganj Road,secondary,,,,East,8
1486873327,Patparganj Road,secondary,,,,East,45
1487074871,,primary_link,,,,North,13
1487882512,,secondary_link,,,,Rohini,19
1488543566,Mayapuri Chowk,secondary,,,asphalt,West,12
1488543567,Mayapuri Chowk,secondary,,,asphalt,West,32
1488543568,Satguru Ram Singh Marg,secondary,,,,West,85
1488543569,Mahatma Gandhi Marg,secondary,,,asphalt,West,359
1488543570,Mahatma Gandhi Marg,secondary,,,asphalt,West,537
1489755478,,trunk_link,,,,South,12
1489755885,Bhagwan mahavir marg,secondary,,,,Rohini,335
1490425989,Cariappa Marg,primary,,,,South-West,213
1490425991,Cariappa Marg,primary,,,,South-West,1992
1490425993,Kirby Place Junction,primary,,,asphalt,South-West,7
1491586818,Mahatma Gandhi Marg,primary,,,asphalt,South-East,259
1491586823,Mahatma Gandhi Marg,primary,,,,South-East,23
1491795717,,trunk_link,,,,Outer,5
1491819312,Safdarjung Road,secondary,,,,New Delhi,81
1491819313,Safdarjung Road,secondary,,,,New Delhi,117
1491819314,Safdarjung Road,secondary,,,,New Delhi,49
1491819315,Safdarjung Road,secondary,,,,New Delhi,48
1492081914,Rohtak Road,trunk,,,,Outer,33
1492081915,Outer Ring Road,trunk,,,,Outer,24
1492106006,,secondary,,,,South-West,696
1492106007,,secondary,,,,South-West,1429
1492106008,,secondary_link,,,,South-West,14
1493678682,Rafi Ahmed Kidwai Marg,secondary,,,asphalt,New Delhi,58
1493678683,Rafi Ahmed Kidwai Marg,secondary,,,asphalt,New Delhi,107
1493678684,Rafi Ahmed Kidwai Marg,secondary,2,,asphalt,New Delhi,68
1493678685,Rafi Ahmed Kidwai Marg,secondary,2,,asphalt,New Delhi,33
1493678687,,secondary,,,,North-West,58
1493678688,Mahatma Gandhi Road,secondary,,,asphalt,North-West,68
1493678692,Ashok Vihar Road,secondary,,,,North-West,313
1493678693,Ashok Vihar Road,secondary,,,,North-West,343
1493678694,Swami Narayan Marg,secondary,,,,North-West,15
1493678695,,secondary_link,,,,Central,9
1493678696,Babu Ram Solanki Marg,secondary,,,asphalt,Central,252
1493678697,Patel Chowk,secondary,,,asphalt,New Delhi,26
1493678698,Rotary Number 2,secondary,,,asphalt,New Delhi,47
1493678699,Raisina Road,secondary,4,,asphalt,New Delhi,192
1494513953,Shastri Park Flyover,trunk_link,,,asphalt,North-East,73
1494513954,Flyover,trunk_link,,,,North-East,42
1494513955,,motorway_link,2,,asphalt,North-East,525
1494513958,,motorway_link,,,,North-East,63
1494517968,,primary_link,2,,asphalt,North-East,279
1494517969,,primary_link,2,,asphalt,North-East,257
1494526099,,primary_link,2,,asphalt,North-East,513
1494526100,,primary_link,,,,North-East,78
1494526101,,trunk_link,,,,North-East,27
1494526102,,primary_link,2,,asphalt,North-East,643
1494526103,,primary_link,,,,North-East,53
1494526104,,trunk_link,,,,North-East,26
1494526105,,trunk_link,,,,North-East,24
1494541911,Delhi-Dehradun Expressway,motorway,3,,asphalt,North-East,882
1494541912,Delhi-Dehradun Expressway,motorway,3,,asphalt,North-East,882
1494541919,Delhi-Dehradun Expressway,motorway,3,,asphalt,North-East,303
1494541920,Delhi-Dehradun Expressway,motorway,3,,asphalt,North-East,302
1495181982,Shyama Prasad Mukherji Marg,secondary,,,asphalt,North,304
1495181983,Nityanand Marg,primary,,,asphalt,North,47
1495181984,Sham Nath Marg,secondary,2,,asphalt,North,167
1495181985,Sham Nath Marg,secondary,2,,asphalt,North,313
1495181987,Mahatma Gandhi Marg,primary,,,,North,10
1495181989,Mahatma Gandhi Marg,primary,3,,asphalt,North,133
1495181992,GT Karnal road,secondary,,,,North,26
1495181993,GT Karnal road,secondary,,,,North-West,20
1498113419,Delhi-Dehradun Expressway,motorway,3,,asphalt,North-East,1996
1498113420,Delhi-Dehradun Expressway,motorway,3,,asphalt,North-East,79
1498113421,Delhi-Dehradun Expressway,motorway,3,,asphalt,Shahdara,583
1498113422,Delhi-Dehradun Expressway,motorway,3,,asphalt,North-East,54
1498113423,Delhi-Dehradun Expressway,motorway,3,,asphalt,North-East,47
1498113424,Delhi-Dehradun Expressway,motorway,3,,asphalt,North-East,536
1498113426,Delhi-Dehradun Expressway,motorway,3,,asphalt,North-East,1162
1498113427,Delhi-Dehradun Expressway,motorway,3,,asphalt,North-East,540
1498113428,Delhi-Dehradun Expressway,motorway,3,,asphalt,Shahdara,571
1498119433,Delhi-Dehradun Expressway,trunk,3,,asphalt,East,284
1498119434,Dadri Road,trunk_link,,,,East,51
1498119435,Delhi-Dehradun Expressway,trunk,3,,asphalt,East,286
1498119436,Delhi-Dehradun Expressway,trunk,3,,asphalt,East,119
1498119437,Delhi-Dehradun Expressway,trunk,4,,asphalt,East,298
1498119438,,secondary_link,2,,asphalt,Shahdara,202
1498119439,Delhi-Dehradun Expressway,motorway,4,,asphalt,Shahdara,483
1498119441,Delhi–Dehradun Expressway,trunk,3,,asphalt,Shahdara,191
1498119442,,secondary_link,2,,asphalt,Shahdara,193
1498119443,Delhi-Dehradun Expressway,motorway,3,,asphalt,Shahdara,97
1498119444,,secondary,2,,asphalt,Shahdara,568
1498119445,,secondary_link,2,,asphalt,Shahdara,273
1498119446,,secondary_link,2,,asphalt,Shahdara,79
1498120515,Delhi-Dehradun Expressway,trunk,3,,asphalt,East,211
1498128514,,trunk_link,,,,East,42
1499142538,Ghazipur Road,secondary,2,,asphalt,East,42
1499142539,Delhi–Dehradun Expressway,trunk,2,,asphalt,North-East,95
1499142540,Delhi–Dehradun Expressway,trunk,2,,asphalt,North-East,609
1499142541,Mahatma Gandhi Marg,trunk,,,,North,187
1499142542,Mahatma Gandhi Marg,trunk,,,,North,71
1499142543,MP Road,secondary,,,,South-East,7
1499142544,Ghazipur Road,secondary,2,,asphalt,East,61
1499142545,Punjabi Bagh Chowk,primary,3,,,West,19
1499142546,Punjabi Bagh Chowk,primary,3,,,West,40
1499142547,,secondary_link,,,asphalt,East,49
1499142549,,secondary_link,,,,East,23
1499142550,,secondary_link,,,,East,49
1499142551,Anand Vihar Railway Terminal Flyover,secondary,,,asphalt,Shahdara,23
1499142552,Anand Vihar Railway Terminal Flyover,secondary,2,,asphalt,Shahdara,289
1499142553,Anand Vihar Railway Terminal Flyover,secondary,2,,asphalt,East,56
1499142554,Anand Vihar Railway Terminal Flyover,secondary,2,,asphalt,East,245
1499142555,,secondary_link,,,,East,58
1499151825,,secondary_link,,,,North-West,13
1499151826,,secondary_link,,,,North-West,11
1499151827,,secondary_link,,,,North-West,11
1499151830,,secondary_link,,,,North-West,13
1499151831,,secondary_link,,,,North-West,12
1499151834,,secondary_link,,,,North-West,22
1499151835,,secondary_link,,,,North-West,15
1499319207,,trunk_link,,,,East,15
1499990474,,trunk_link,,,,East,12
1501368606,,primary_link,,,,East,11
1501394371,,secondary_link,,,,North-West,16
1501398450,Bhagwan mahavir marg,secondary,,,,Rohini,342
1501688522,,primary_link,,,,Dwarka,74
1501688525,Najafgarh Nangloi Road,primary,,,,Dwarka,21
1501688526,Najafgarh Nangloi Road,primary,,,,Dwarka,5
1501688527,Najafgarh Nangloi Road,primary,,,,Dwarka,4
1502797497,Safdarjung Road,secondary,,,,New Delhi,23
1502797498,Safdarjung Road,secondary,2,,asphalt,New Delhi,839
1502797499,Mustafa Kemal Ataturk Marg,secondary,2,,asphalt,New Delhi,14
1502797500,Safdarjung Road,secondary,2,,,New Delhi,10
1502797501,Mustafa Kemal Ataturk Marg,secondary,,,asphalt,New Delhi,11
1502797502,Doctor A.P.J. Abdul Kalam Marg,secondary,2,,asphalt,New Delhi,326
1502820723,,secondary_link,,,asphalt,South-West,25
1503404147,Mahatma Gandhi Marg,primary,,,asphalt,West,136
1503404148,Mahatma Gandhi Marg,primary,,,asphalt,West,251
1503406153,Mahatma Gandhi Marg,primary,,,asphalt,South-West,1389
1503406154,Mahatma Gandhi Marg,primary,,,asphalt,South-West,27
1503406155,Mahatma Gandhi Marg,primary,,,asphalt,South-West,42
1503406156,Mahatma Gandhi Marg,primary,,,asphalt,South-West,1428
1504445751,,primary_link,,,,Outer,25
1508746528,,secondary_link,,,,South,16
1508748744,,primary_link,,,,South-West,17
1508749203,Delhi-Gurugram Expressway,motorway,4,,asphalt,South-West,256
1508812858,,secondary,,,asphalt,Outer,12
1508812859,,secondary,,,asphalt,Outer,12
1508812860,,primary_link,,,,Outer,31
1510242193,ITO Flyover,trunk,,,,Central,215
1510261609,,primary,2,,asphalt,Outer North,140
1510264631,,secondary,,,asphalt,South-East,464
1510331650,Vir Banda Bairagi Marg,secondary,,,,North,187
1510331651,Vir Banda Bairagi Marg,secondary,,,,North,169
1510331652,Vir Banda Bairagi Marg,secondary,,,,North,75
1510331653,Vir Banda Bairagi Marg,secondary,,,,North,239
1510332180,,primary_link,,,asphalt,North-West,167
1510332181,Mahatma Gandhi Road,primary,,,asphalt,North-West,308
1510332182,,secondary,,,,Rohini,992
1510441276,Rani Jhansi Road,secondary,,,asphalt,Central,171
1510441279,Rani Jhansi Road,secondary,,,asphalt,Central,10
1510588949,Pragati Maidan Tunnel,secondary_link,3,,,New Delhi,96
1511891099,Najafgarh Bahadurgarh Road,secondary,,,,Dwarka,251
1511891100,Najafgarh Bahadurgarh Road,secondary,,,,Dwarka,250
1511891101,Najafgarh Bahadurgarh Road,secondary,,,,Dwarka,32
1511891103,Najafgarh Bahadurgarh Road,secondary,,,,Dwarka,32
1511891104,,secondary_link,,,,Dwarka,43
1511891105,,secondary_link,,,,Dwarka,27
1511891106,,secondary_link,,,,Dwarka,29
1511891107,,secondary_link,,,,Dwarka,43
1512351945,Bhagwan mahavir marg,secondary,,,asphalt,Rohini,9
1512351947,Bhagwan mahavir marg,secondary,,,asphalt,Rohini,9
1512381487,Purana Quila Road,secondary,,,asphalt,New Delhi,312
1516045286,Bhishma Pitamah Marg,secondary,3,,asphalt,South,214
1516045287,Bhishma Pitamah Marg,secondary,3,,asphalt,South,287
1516045288,Bhishma Pitamah Marg,secondary,3,,asphalt,South,287
1516045291,Bhishma Pitamah Marg,secondary,3,,asphalt,South,215
1516404967,Kanjhawala road,secondary,,,asphalt,Outer,541
1518783167,Kotla Road,secondary,2,,,East,922
1518783168,Kotla Road,secondary,2,,asphalt,East,108
1527443417,Rajaji Marg,secondary,,,asphalt,New Delhi,66
1527443418,Rajaji Marg,secondary,,,asphalt,New Delhi,23
1527443420,Rajaji Marg,secondary,,,asphalt,New Delhi,89
1527820827,,secondary_link,,,,North-West,16
1528060550,Northern Access Road,secondary,,,asphalt,South-West,96
1528060551,Northern Access Road,secondary,,,asphalt,South-West,87
1528079573,,primary_link,,,,South,9
1529554665,,secondary,1,,asphalt,Outer North,15
1529555614,,secondary,1,,asphalt,Outer North,19
1531574263,,secondary_link,,,asphalt,Dwarka,122
1531619067,,secondary_link,,,,South-West,10
1532163684,Vikas Marg,primary,,,asphalt,East,42
1532163685,Vikas Marg,primary,,,asphalt,East,42
1532163688,Vikas Marg,primary,,,asphalt,East,8
1532163689,Vikas Marg,primary,,,asphalt,East,9
1532240307,,primary_link,,,,South-West,14
1532563564,Poorvi Marg,secondary,,,,South-West,5
1532563565,Poorvi Marg,secondary,,,,South-West,3
1532563567,Poorvi Marg,secondary,,,,South-West,528
1532649917,,secondary_link,,,,Shahdara,24
1532705720,Chandragupta Marg,secondary,,,asphalt,New Delhi,70
1533060170,Firoz Shah Road,secondary,2,,asphalt,New Delhi,10
1533060171,Kasturba Gandhi Marg,secondary,2,,asphalt,New Delhi,85
1533060172,Firoz Shah Road,secondary,2,,asphalt,New Delhi,81
1533060173,Firoz Shah Road,secondary,2,,asphalt,New Delhi,81
1533473385,,secondary_link,,,,North-West,20
1533474356,,primary_link,,,,East,18
1533523803,,primary_link,,,,West,10
1534183336,Depot Road,secondary,2,,asphalt,Rohini,16
1534262654,,primary_link,,,,North-West,18
1534635195,,secondary_link,,,,Dwarka,12
1536722572,,secondary_link,,,,Central,65
1536739165,Doctor A.P.J. Abdul Kalam Marg,secondary,2,,asphalt,New Delhi,23
1536739166,Doctor A.P.J. Abdul Kalam Marg,secondary,2,,asphalt,New Delhi,39
1536739167,Doctor A.P.J. Abdul Kalam Marg,secondary,2,,asphalt,New Delhi,16
1536770209,,secondary,,,,Shahdara,324
1536770210,,secondary,,,,Shahdara,321
1536770211,Anand Vihar Railway Terminal Flyover,secondary,,,asphalt,Shahdara,17
1536770212,,secondary,,,,Shahdara,152
1536770213,Major Somnath Marg,secondary,,,asphalt,Shahdara,9
1536770214,,secondary_link,,,,Shahdara,9
1536770215,,secondary_link,,,,Shahdara,32
1536770216,,secondary,,,,Shahdara,1423
1536770217,Anand Vihar Railway Terminal Flyover,secondary,,,asphalt,Shahdara,36
1536770218,Anand Vihar Railway Terminal Flyover,secondary,2,,asphalt,Shahdara,54
1536770219,Ghazipur Road,secondary,,,asphalt,Shahdara,75
1536770220,Ghazipur Road,secondary,,,asphalt,Shahdara,59
1536781221,,secondary_link,,,,South-West,30
1539359559,Aurobindo Marg,secondary,,,asphalt,South,86
1539359564,Aurobindo Marg,secondary,4,,asphalt,South,49
1539399705,,secondary_link,,,,South-East,9
1539399712,,secondary_link,,,,South-East,10
1539399713,,secondary_link,,,,South-East,9
1539399714,,secondary_link,,,,South-East,8
1539399715,,secondary_link,,,,South-East,9
1541306544,,secondary,,,asphalt,New Delhi,707
1542810460,Doctor A.P.J. Abdul Kalam Marg,secondary,2,,asphalt,New Delhi,8
1542810461,Doctor A.P.J. Abdul Kalam Marg,secondary,2,,asphalt,New Delhi,9
1543145110,,primary_link,1,,asphalt,Outer North,29
1546206086,Mustafa Kemal Ataturk Marg,secondary,,,asphalt,New Delhi,12
1546206088,Mustafa Kemal Ataturk Marg,secondary,2,,asphalt,New Delhi,17
1546206089,Safdarjung Road,secondary,2,,asphalt,New Delhi,7
1546206090,Mustafa Kemal Ataturk Marg,secondary,2,,asphalt,New Delhi,814
1546206091,Safdarjung Road,secondary,2,,asphalt,New Delhi,25
